{
  "type": "FeatureCollection",
  "features": [
    {
      "type": "Feature",
      "geometry": {
        "type": "Point",
        "coordinates": [
          34.586559,
          31.6690874
        ]
      },
      "properties": {
        "store_code": "car_002",
        "store_name": "מרקט אשקלון החאן",
        "chainname": "קרפור",
        "subchainname": "קרפור מרקט",
        "storeid": 2.0,
        "address": "הרצל 33",
        "city": "אשקלון",
        "zipcode": 7860132.0,
        "average_price_diff": 10.031563540662995,
        "popular_item_count": 2140
      }
    },
    {
      "type": "Feature",
      "geometry": {
        "type": "Point",
        "coordinates": [
          34.6023671,
          31.6682664
        ]
      },
      "properties": {
        "store_code": "car_004",
        "store_name": "אשקלון צפוני",
        "chainname": "קרפור",
        "subchainname": "קרפור היפר",
        "storeid": null,
        "address": "הפנינים 28",
        "city": "אשקלון",
        "zipcode": 7863636.0,
        "average_price_diff": -2.9290504310336725,
        "popular_item_count": 7104
      }
    },
    {
      "type": "Feature",
      "geometry": {
        "type": "Point",
        "coordinates": [
          34.6563563,
          31.8122249
        ]
      },
      "properties": {
        "store_code": "car_006",
        "store_name": "אשדוד אורגים",
        "chainname": "קרפור",
        "subchainname": "קרפור היפר",
        "storeid": null,
        "address": "האורגים 13",
        "city": "אשדוד",
        "zipcode": 7760924.0,
        "average_price_diff": -2.800266085778538,
        "popular_item_count": 5728
      }
    },
    {
      "type": "Feature",
      "geometry": {
        "type": "Point",
        "coordinates": [
          34.88363940000001,
          32.1958481
        ]
      },
      "properties": {
        "store_code": "car_009",
        "store_name": "היפר רעננה רמה",
        "chainname": "קרפור",
        "subchainname": "קרפור היפר",
        "storeid": 9.0,
        "address": "זרחין 12",
        "city": "רעננה",
        "zipcode": 4320906.0,
        "average_price_diff": -3.1461521209609935,
        "popular_item_count": 7764
      }
    },
    {
      "type": "Feature",
      "geometry": {
        "type": "Point",
        "coordinates": [
          34.933172,
          32.176305
        ]
      },
      "properties": {
        "store_code": "car_010",
        "store_name": "כפר סבא",
        "chainname": "קרפור",
        "subchainname": "קרפור",
        "storeid": 10.0,
        "address": "השקמה 21",
        "city": "כפר סבא",
        "zipcode": 4450012.0,
        "average_price_diff": -2.9400495610079087,
        "popular_item_count": 7074
      }
    },
    {
      "type": "Feature",
      "geometry": {
        "type": "Point",
        "coordinates": [
          34.8856478,
          32.096693
        ]
      },
      "properties": {
        "store_code": "car_012",
        "store_name": "פתח תקוה",
        "chainname": "קרפור",
        "subchainname": "קרפור מרקט",
        "storeid": 12.0,
        "address": "בר כוכבא 63",
        "city": "פתח תקווה",
        "zipcode": 4922055.0,
        "average_price_diff": -3.0031487169963054,
        "popular_item_count": 7194
      }
    },
    {
      "type": "Feature",
      "geometry": {
        "type": "Point",
        "coordinates": [
          34.8785591,
          32.3184089
        ]
      },
      "properties": {
        "store_code": "car_015",
        "store_name": "היפר נתניה הפלדה",
        "chainname": "קרפור",
        "subchainname": "קרפור היפר",
        "storeid": 15.0,
        "address": "הפלדה 13",
        "city": "נתניה",
        "zipcode": 4237823.0,
        "average_price_diff": -2.214234938542998,
        "popular_item_count": 5887
      }
    },
    {
      "type": "Feature",
      "geometry": {
        "type": "Point",
        "coordinates": [
          34.901082,
          32.261756
        ]
      },
      "properties": {
        "store_code": "car_019",
        "store_name": "תל מונד",
        "chainname": "קרפור",
        "subchainname": "קרפור",
        "storeid": null,
        "address": "בני דרור 8",
        "city": "תל נונד",
        "zipcode": 4063134.0,
        "average_price_diff": 2.680605333088647,
        "popular_item_count": 4496
      }
    },
    {
      "type": "Feature",
      "geometry": {
        "type": "Point",
        "coordinates": [
          34.9425888,
          32.1047554
        ]
      },
      "properties": {
        "store_code": "car_026",
        "store_name": "מרקט ראש העין יהושע",
        "chainname": "קרפור",
        "subchainname": "קרפור מרקט",
        "storeid": 26.0,
        "address": "יהושע בן נון 77",
        "city": "ראש העין",
        "zipcode": 4804824.0,
        "average_price_diff": 1.4823243993439492,
        "popular_item_count": 6036
      }
    },
    {
      "type": "Feature",
      "geometry": {
        "type": "Point",
        "coordinates": [
          34.954978548384084,
          29.56601874337275
        ]
      },
      "properties": {
        "store_code": "car_030",
        "store_name": "קרפור מרקט אילת",
        "chainname": "קרפור",
        "subchainname": "קרפור",
        "storeid": 30.0,
        "address": "חטיבת גולני 41",
        "city": "אילת",
        "zipcode": 8852601.0,
        "average_price_diff": -16.445966019363023,
        "popular_item_count": 4514
      }
    },
    {
      "type": "Feature",
      "geometry": {
        "type": "Point",
        "coordinates": [
          34.9902576,
          31.7564164
        ]
      },
      "properties": {
        "store_code": "car_033",
        "store_name": "היפר בית שמש",
        "chainname": "קרפור",
        "subchainname": "קרפור היפר",
        "storeid": 33.0,
        "address": "שדרות יגאל אלון ,מרכז ביג",
        "city": "בית שמש",
        "zipcode": 9906201.0,
        "average_price_diff": -3.073375559370832,
        "popular_item_count": 7254
      }
    },
    {
      "type": "Feature",
      "geometry": {
        "type": "Point",
        "coordinates": [
          34.8499789,
          32.0347675
        ]
      },
      "properties": {
        "store_code": "car_037",
        "store_name": "מרקט אור יהודה",
        "chainname": "קרפור",
        "subchainname": "קרפור מרקט",
        "storeid": 37.0,
        "address": "המפעל 13",
        "city": "אור יהודה",
        "zipcode": 0.0,
        "average_price_diff": -2.1497660686247984,
        "popular_item_count": 9252
      }
    },
    {
      "type": "Feature",
      "geometry": {
        "type": "Point",
        "coordinates": [
          34.9232696,
          32.5146179
        ]
      },
      "properties": {
        "store_code": "car_041",
        "store_name": "מרקט אור עקיבא",
        "chainname": "קרפור",
        "subchainname": "קרפור היפר",
        "storeid": 41.0,
        "address": "האילן 2 א.ת צפוני אור עקיבא",
        "city": "אור עקיבא",
        "zipcode": 3063907.0,
        "average_price_diff": -3.5870941960259684,
        "popular_item_count": 5717
      }
    },
    {
      "type": "Feature",
      "geometry": {
        "type": "Point",
        "coordinates": [
          35.2802834,
          33.0216836
        ]
      },
      "properties": {
        "store_code": "car_044",
        "store_name": "מרקט מעלות תרשיחא",
        "chainname": "קרפור",
        "subchainname": "קרפור מרקט",
        "storeid": 44.0,
        "address": "שלמה שרירא 3 מעלות תרשיחא",
        "city": "מעלות תרשיחא",
        "zipcode": 2120107.0,
        "average_price_diff": 1.2499497485287676,
        "popular_item_count": 6014
      }
    },
    {
      "type": "Feature",
      "geometry": {
        "type": "Point",
        "coordinates": [
          34.8779067,
          31.9229092
        ]
      },
      "properties": {
        "store_code": "car_046",
        "store_name": "רמלה",
        "chainname": "קרפור",
        "subchainname": "קרפור",
        "storeid": 46.0,
        "address": "קלאוזנר 10",
        "city": "רמלה",
        "zipcode": 7243224.0,
        "average_price_diff": 1.339451432805093,
        "popular_item_count": 4823
      }
    },
    {
      "type": "Feature",
      "geometry": {
        "type": "Point",
        "coordinates": [
          35.0514526,
          32.6955201
        ]
      },
      "properties": {
        "store_code": "car_055",
        "store_name": "דליית אל כרמל",
        "chainname": "קרפור",
        "subchainname": "קרפור היפר",
        "storeid": 55.0,
        "address": "דרך ראשית 672 כיכר חמוד אל-קארה",
        "city": "דלית אלכרמל",
        "zipcode": 3005600.0,
        "average_price_diff": 0.6541698606882042,
        "popular_item_count": 2776
      }
    },
    {
      "type": "Feature",
      "geometry": {
        "type": "Point",
        "coordinates": [
          35.2011827,
          31.2481659
        ]
      },
      "properties": {
        "store_code": "car_056",
        "store_name": "מרקט ערד",
        "chainname": "קרפור",
        "subchainname": "קרפור מרקט",
        "storeid": 56.0,
        "address": "התעשיה 60",
        "city": "ערד",
        "zipcode": 8909424.0,
        "average_price_diff": -3.460168625700683,
        "popular_item_count": 5924
      }
    },
    {
      "type": "Feature",
      "geometry": {
        "type": "Point",
        "coordinates": [
          35.497336,
          32.497103
        ]
      },
      "properties": {
        "store_code": "car_057",
        "store_name": "היפר בית שאן",
        "chainname": "קרפור",
        "subchainname": "קרפור היפר",
        "storeid": 57.0,
        "address": "א.ת צפוני בית שאן",
        "city": "בית שאן",
        "zipcode": 1177940.0,
        "average_price_diff": -3.3644899961171024,
        "popular_item_count": 5605
      }
    },
    {
      "type": "Feature",
      "geometry": {
        "type": "Point",
        "coordinates": [
          34.6415622,
          31.800285
        ]
      },
      "properties": {
        "store_code": "car_060",
        "store_name": "מרקט אשדוד",
        "chainname": "קרפור",
        "subchainname": "קרפור מרקט",
        "storeid": 60.0,
        "address": "השייטים 9",
        "city": "אשדוד",
        "zipcode": 7744140.0,
        "average_price_diff": 3.317050947063713,
        "popular_item_count": 3588
      }
    },
    {
      "type": "Feature",
      "geometry": {
        "type": "Point",
        "coordinates": [
          34.8565982,
          32.3119039
        ]
      },
      "properties": {
        "store_code": "car_061",
        "store_name": "נתניה בסיטי",
        "chainname": "קרפור",
        "subchainname": "קרפור",
        "storeid": 61.0,
        "address": "האר\"י 12",
        "city": "נתניה",
        "zipcode": 4628555.0,
        "average_price_diff": 1.997099815152784,
        "popular_item_count": 2762
      }
    },
    {
      "type": "Feature",
      "geometry": {
        "type": "Point",
        "coordinates": [
          35.0112568,
          31.8962796
        ]
      },
      "properties": {
        "store_code": "car_062",
        "store_name": "בסיטי מודיעין",
        "chainname": "קרפור",
        "subchainname": "קרפור סיטי",
        "storeid": 62.0,
        "address": "עמק החולה 76",
        "city": "מודיעין מכבים רעות",
        "zipcode": 7170399.0,
        "average_price_diff": 12.43335597484331,
        "popular_item_count": 2266
      }
    },
    {
      "type": "Feature",
      "geometry": {
        "type": "Point",
        "coordinates": [
          34.7832776,
          31.9696904
        ]
      },
      "properties": {
        "store_code": "car_063",
        "store_name": "קרפור קרית ראשון",
        "chainname": "קרפור",
        "subchainname": "קרפור",
        "storeid": null,
        "address": "החלמונית 29",
        "city": "ראשון לציון",
        "zipcode": 7542033.0,
        "average_price_diff": 4.623022129884055,
        "popular_item_count": 7510
      }
    },
    {
      "type": "Feature",
      "geometry": {
        "type": "Point",
        "coordinates": [
          34.8496839,
          32.153352
        ]
      },
      "properties": {
        "store_code": "car_064",
        "store_name": "סיטי הרצליה ליד הבית",
        "chainname": "קרפור",
        "subchainname": "קרפור סיטי",
        "storeid": 64.0,
        "address": "רבי עקיבא 50",
        "city": "הרצליה",
        "zipcode": 46422360.0,
        "average_price_diff": 12.417046490840912,
        "popular_item_count": 2017
      }
    },
    {
      "type": "Feature",
      "geometry": {
        "type": "Point",
        "coordinates": [
          34.56677971519415,
          31.666314018445128
        ]
      },
      "properties": {
        "store_code": "car_065",
        "store_name": "קרפור מרקט אשקלון",
        "chainname": "קרפור",
        "subchainname": "קרפור מרקט",
        "storeid": null,
        "address": "קיבוץ גלויות 5",
        "city": "אשקלון",
        "zipcode": 7834104.0,
        "average_price_diff": 0.673612579315095,
        "popular_item_count": 3116
      }
    },
    {
      "type": "Feature",
      "geometry": {
        "type": "Point",
        "coordinates": [
          34.778821579198784,
          32.00964386207322
        ]
      },
      "properties": {
        "store_code": "car_067",
        "store_name": "סיטי חולון",
        "chainname": "קרפור",
        "subchainname": "קרפור סיטי",
        "storeid": 67.0,
        "address": "המרגנית 2",
        "city": "חולון",
        "zipcode": 5845909.0,
        "average_price_diff": 13.209246530475424,
        "popular_item_count": 3803
      }
    },
    {
      "type": "Feature",
      "geometry": {
        "type": "Point",
        "coordinates": [
          34.583199940113595,
          31.69902796455685
        ]
      },
      "properties": {
        "store_code": "car_068",
        "store_name": "מרקט אשקלון ברנע",
        "chainname": "קרפור",
        "subchainname": "קרפור מרקט",
        "storeid": 68.0,
        "address": "הודית לייפר מילר 6",
        "city": "אשקלון",
        "zipcode": 7880811.0,
        "average_price_diff": 10.794245089153254,
        "popular_item_count": 1924
      }
    },
    {
      "type": "Feature",
      "geometry": {
        "type": "Point",
        "coordinates": [
          34.9458283,
          32.6960656
        ]
      },
      "properties": {
        "store_code": "car_073",
        "store_name": "קרפור מרקט עתלית",
        "chainname": "קרפור",
        "subchainname": "קרפור מרקט",
        "storeid": 73.0,
        "address": "רחוב הרדוף מרכז מסחרי",
        "city": "עתלית",
        "zipcode": 3032706.0,
        "average_price_diff": 9.710475501180131,
        "popular_item_count": 3948
      }
    },
    {
      "type": "Feature",
      "geometry": {
        "type": "Point",
        "coordinates": [
          34.8694953,
          31.9189548
        ]
      },
      "properties": {
        "store_code": "car_074",
        "store_name": "קרפור רמלה לוין",
        "chainname": "קרפור",
        "subchainname": "קרפור מרקט",
        "storeid": null,
        "address": "אבא אחימאיר 1 קרית מנחם",
        "city": "רמלה",
        "zipcode": 7228401.0,
        "average_price_diff": 1.5546471763027065,
        "popular_item_count": 2810
      }
    },
    {
      "type": "Feature",
      "geometry": {
        "type": "Point",
        "coordinates": [
          35.1201256,
          32.7116459
        ]
      },
      "properties": {
        "store_code": "car_080",
        "store_name": "טבעון",
        "chainname": "קרפור",
        "subchainname": "קרפור",
        "storeid": 80.0,
        "address": "קק\"ל 16 קרית טבעון",
        "city": "טבעון",
        "zipcode": 3608208.0,
        "average_price_diff": 11.843171376767234,
        "popular_item_count": 2170
      }
    },
    {
      "type": "Feature",
      "geometry": {
        "type": "Point",
        "coordinates": [
          34.76956833686881,
          31.97772708027238
        ]
      },
      "properties": {
        "store_code": "car_081",
        "store_name": "ראשון מערב",
        "chainname": "קרפור",
        "subchainname": "קרפור מרקט",
        "storeid": 81.0,
        "address": "השירה העברית 10",
        "city": "ראשון לציון",
        "zipcode": 7573105.0,
        "average_price_diff": 10.718099354418063,
        "popular_item_count": 2292
      }
    },
    {
      "type": "Feature",
      "geometry": {
        "type": "Point",
        "coordinates": [
          34.9972202,
          32.2415041
        ]
      },
      "properties": {
        "store_code": "car_083",
        "store_name": "סיטי צור יצחק",
        "chainname": "קרפור",
        "subchainname": "קרפור סיטי",
        "storeid": 83.0,
        "address": "א.ת מסחרי צור יצחק",
        "city": "צור יצחק",
        "zipcode": 4580800.0,
        "average_price_diff": 4.839248779210606,
        "popular_item_count": 3151
      }
    },
    {
      "type": "Feature",
      "geometry": {
        "type": "Point",
        "coordinates": [
          34.9733804,
          32.1590279
        ]
      },
      "properties": {
        "store_code": "car_084",
        "store_name": "סיטי מתן",
        "chainname": "קרפור",
        "subchainname": "קרפור סיטי",
        "storeid": 84.0,
        "address": "הדר 84",
        "city": "מתן",
        "zipcode": 4585800.0,
        "average_price_diff": 12.538065316842758,
        "popular_item_count": 3655
      }
    },
    {
      "type": "Feature",
      "geometry": {
        "type": "Point",
        "coordinates": [
          34.7950758,
          32.0794051
        ]
      },
      "properties": {
        "store_code": "car_085",
        "store_name": "סיטי מנחם בגין",
        "chainname": "קרפור",
        "subchainname": "קרפור סיטי",
        "storeid": 85.0,
        "address": "מנחם בגין 152",
        "city": "תל אביב יפו",
        "zipcode": 0.0,
        "average_price_diff": 6.9858219184696955,
        "popular_item_count": 4426
      }
    },
    {
      "type": "Feature",
      "geometry": {
        "type": "Point",
        "coordinates": [
          34.7863364,
          32.0692273
        ]
      },
      "properties": {
        "store_code": "car_089",
        "store_name": "סיטי תל אביב TLV",
        "chainname": "קרפור",
        "subchainname": "קרפור סיטי",
        "storeid": null,
        "address": "קניון גינדי - רחוב קרליבך תל אביב",
        "city": "תל אביב יפו",
        "zipcode": 6713208.0,
        "average_price_diff": 8.244972288290159,
        "popular_item_count": 6890
      }
    },
    {
      "type": "Feature",
      "geometry": {
        "type": "Point",
        "coordinates": [
          35.2481814,
          31.8408456
        ]
      },
      "properties": {
        "store_code": "car_091",
        "store_name": "קרפור מרקט ריינס",
        "chainname": "קרפור",
        "subchainname": "קרפור מרקט",
        "storeid": null,
        "address": "ריינס 6 שכונת קרית משה",
        "city": "ירושלים",
        "zipcode": 9542731.0,
        "average_price_diff": 0.3565733739686635,
        "popular_item_count": 3207
      }
    },
    {
      "type": "Feature",
      "geometry": {
        "type": "Point",
        "coordinates": [
          35.1041759,
          32.8036546
        ]
      },
      "properties": {
        "store_code": "car_092",
        "store_name": "קרית אתא קרפור מהדרי",
        "chainname": "קרפור",
        "subchainname": "קרפור מהדרין",
        "storeid": null,
        "address": "העצמאות 42",
        "city": "קרית אתא",
        "zipcode": 2807145.0,
        "average_price_diff": 2.1260641385282444,
        "popular_item_count": 4219
      }
    },
    {
      "type": "Feature",
      "geometry": {
        "type": "Point",
        "coordinates": [
          34.788861,
          32.090765
        ]
      },
      "properties": {
        "store_code": "car_108",
        "store_name": "סיטי פנקס תל אביב",
        "chainname": "קרפור",
        "subchainname": "קרפור סיטי",
        "storeid": 108.0,
        "address": "46-50 פנקס",
        "city": "תל אביב יפו",
        "zipcode": 6226112.0,
        "average_price_diff": 9.62076735417717,
        "popular_item_count": 9490
      }
    },
    {
      "type": "Feature",
      "geometry": {
        "type": "Point",
        "coordinates": [
          34.77493980000001,
          32.0983446
        ]
      },
      "properties": {
        "store_code": "car_116",
        "store_name": "סיטי ככר דיזנגוף",
        "chainname": "קרפור",
        "subchainname": "קרפור סיטי",
        "storeid": 116.0,
        "address": "9 ככר דיזנגוף",
        "city": "תל אביב יפו",
        "zipcode": 6428110.0,
        "average_price_diff": 8.599893137194787,
        "popular_item_count": 6946
      }
    },
    {
      "type": "Feature",
      "geometry": {
        "type": "Point",
        "coordinates": [
          34.799772831474684,
          31.234323996656695
        ]
      },
      "properties": {
        "store_code": "car_117",
        "store_name": "סינמה סיטי",
        "chainname": "קרפור",
        "subchainname": "קרפור היפר",
        "storeid": 117.0,
        "address": "סינמה סיטי באר שבע",
        "city": "באר שבע",
        "zipcode": 3541416.0,
        "average_price_diff": -6.418910376468951,
        "popular_item_count": 11345
      }
    },
    {
      "type": "Feature",
      "geometry": {
        "type": "Point",
        "coordinates": [
          34.9091025,
          32.4400939
        ]
      },
      "properties": {
        "store_code": "car_118",
        "store_name": "קרפור חדרה דוד אלעזר",
        "chainname": "קרפור",
        "subchainname": "קרפור",
        "storeid": null,
        "address": "דוד אלעזר 27",
        "city": "חדרה",
        "zipcode": 3833128.0,
        "average_price_diff": -1.5727178540503868,
        "popular_item_count": 7436
      }
    },
    {
      "type": "Feature",
      "geometry": {
        "type": "Point",
        "coordinates": [
          34.98856952472133,
          32.46547413534561
        ]
      },
      "properties": {
        "store_code": "car_119",
        "store_name": "מרקט כרכור",
        "chainname": "קרפור",
        "subchainname": "קרפור מרקט",
        "storeid": 119.0,
        "address": "שדרות מחנה 80, מספר 4",
        "city": "פרדס חנה כרכור",
        "zipcode": 0.0,
        "average_price_diff": -1.9548184261409072,
        "popular_item_count": 7686
      }
    },
    {
      "type": "Feature",
      "geometry": {
        "type": "Point",
        "coordinates": [
          34.629278389071956,
          31.318865510178096
        ]
      },
      "properties": {
        "store_code": "car_120",
        "store_name": "היפר אופקים",
        "chainname": "קרפור",
        "subchainname": "קרפור היפר",
        "storeid": 120.0,
        "address": "בצלאל 1",
        "city": "אופקים",
        "zipcode": null,
        "average_price_diff": -3.48450772083715,
        "popular_item_count": 5711
      }
    },
    {
      "type": "Feature",
      "geometry": {
        "type": "Point",
        "coordinates": [
          34.81596990988867,
          32.05918965714699
        ]
      },
      "properties": {
        "store_code": "car_1201",
        "store_name": "מגה יהלומים גבעתיים",
        "chainname": "קרפור",
        "subchainname": "מגה",
        "storeid": 1201.0,
        "address": "1 כורזין",
        "city": "גבעתיים",
        "zipcode": 5358301.0,
        "average_price_diff": 1.9037995429470504,
        "popular_item_count": 5390
      }
    },
    {
      "type": "Feature",
      "geometry": {
        "type": "Point",
        "coordinates": [
          35.18640762177128,
          32.85543142729637
        ]
      },
      "properties": {
        "store_code": "car_121",
        "store_name": "קרפור טמרה",
        "chainname": "קרפור",
        "subchainname": "קרפור מרקט",
        "storeid": 121.0,
        "address": "טמרה",
        "city": "טמרה",
        "zipcode": 1234456.0,
        "average_price_diff": -0.014785724644977493,
        "popular_item_count": 4265
      }
    },
    {
      "type": "Feature",
      "geometry": {
        "type": "Point",
        "coordinates": [
          34.7658227,
          32.0404773
        ]
      },
      "properties": {
        "store_code": "car_1228",
        "store_name": "תל כביר",
        "chainname": "קרפור",
        "subchainname": "קרפור",
        "storeid": 1228.0,
        "address": "גרינבאום 45 תל כביר",
        "city": "תל אביב יפו",
        "zipcode": 6810982.0,
        "average_price_diff": 2.2099363380368566,
        "popular_item_count": 3929
      }
    },
    {
      "type": "Feature",
      "geometry": {
        "type": "Point",
        "coordinates": [
          34.96692603908121,
          31.70741493158054
        ]
      },
      "properties": {
        "store_code": "car_123",
        "store_name": "מרקט בית שמש האמוראי",
        "chainname": "קרפור",
        "subchainname": "קרפור מרקט",
        "storeid": 123.0,
        "address": "שדרות האמרואים 28",
        "city": "בית שמש",
        "zipcode": 8713504.0,
        "average_price_diff": -2.2811629516990264,
        "popular_item_count": 6249
      }
    },
    {
      "type": "Feature",
      "geometry": {
        "type": "Point",
        "coordinates": [
          34.73732356642603,
          31.87436402760722
        ]
      },
      "properties": {
        "store_code": "car_124",
        "store_name": "מרקט יבנה דואני",
        "chainname": "קרפור",
        "subchainname": "קרפור מרקט",
        "storeid": 1.0,
        "address": "דואני 42",
        "city": "יבנה",
        "zipcode": 7564312.0,
        "average_price_diff": -3.425521370259775,
        "popular_item_count": 6306
      }
    },
    {
      "type": "Feature",
      "geometry": {
        "type": "Point",
        "coordinates": [
          34.72168715796869,
          31.859517459941006
        ]
      },
      "properties": {
        "store_code": "car_125",
        "store_name": "קרפור יבנה נאות שמיר",
        "chainname": "קרפור",
        "subchainname": "קרפור מרקט",
        "storeid": 1.0,
        "address": "הרצל 19",
        "city": "יבנה",
        "zipcode": 7080919.0,
        "average_price_diff": -2.4354543178807653,
        "popular_item_count": 8099
      }
    },
    {
      "type": "Feature",
      "geometry": {
        "type": "Point",
        "coordinates": [
          34.94119398083048,
          29.55571120085781
        ]
      },
      "properties": {
        "store_code": "car_1252",
        "store_name": "קרפור אילת מעלה",
        "chainname": "קרפור",
        "subchainname": "קרפור מרקט",
        "storeid": null,
        "address": "דרך יותם פינת רח ארגמן",
        "city": "אילת",
        "zipcode": 8820206.0,
        "average_price_diff": -12.676389774927426,
        "popular_item_count": 5971
      }
    },
    {
      "type": "Feature",
      "geometry": {
        "type": "Point",
        "coordinates": [
          35.29282357742796,
          32.60020237303198
        ]
      },
      "properties": {
        "store_code": "car_126",
        "store_name": "היפר עפולה",
        "chainname": "קרפור",
        "subchainname": "קרפור היפר",
        "storeid": 126.0,
        "address": "מנחם בגין 53",
        "city": "עפולה",
        "zipcode": 1871338.0,
        "average_price_diff": -6.2137234834363415,
        "popular_item_count": 11154
      }
    },
    {
      "type": "Feature",
      "geometry": {
        "type": "Point",
        "coordinates": [
          34.59509801058291,
          31.418128767771762
        ]
      },
      "properties": {
        "store_code": "car_127",
        "store_name": "היפר נתיבות מרכז",
        "chainname": "קרפור",
        "subchainname": "קרפור היפר",
        "storeid": 1.0,
        "address": "בעלי מלאכה 3",
        "city": "נתיבות",
        "zipcode": 8776202.0,
        "average_price_diff": -6.237393949506019,
        "popular_item_count": 10268
      }
    },
    {
      "type": "Feature",
      "geometry": {
        "type": "Point",
        "coordinates": [
          35.20996770874763,
          31.7507613153456
        ]
      },
      "properties": {
        "store_code": "car_128",
        "store_name": "היפר ירושלים תלפיות",
        "chainname": "קרפור",
        "subchainname": "קרפור היפר",
        "storeid": 1.0,
        "address": "האומן 14",
        "city": "ירושלים",
        "zipcode": 9342109.0,
        "average_price_diff": -6.389361895060153,
        "popular_item_count": 10829
      }
    },
    {
      "type": "Feature",
      "geometry": {
        "type": "Point",
        "coordinates": [
          35.56873232415067,
          33.21086415546926
        ]
      },
      "properties": {
        "store_code": "car_129",
        "store_name": "קרפור קרית שמונה",
        "chainname": "קרפור",
        "subchainname": "קרפור מרקט",
        "storeid": 129.0,
        "address": "טשרניחובסקי 4",
        "city": "קרית שמונה",
        "zipcode": 1103131.0,
        "average_price_diff": -7.048057041023829,
        "popular_item_count": 8835
      }
    },
    {
      "type": "Feature",
      "geometry": {
        "type": "Point",
        "coordinates": [
          34.7893552,
          32.0831251
        ]
      },
      "properties": {
        "store_code": "car_132",
        "store_name": "סיטי ויצמן תל אביב",
        "chainname": "קרפור",
        "subchainname": "קרפור סיטי",
        "storeid": 132.0,
        "address": "20 ויצמן",
        "city": "תל אביב יפו",
        "zipcode": 6423001.0,
        "average_price_diff": 8.308155274982838,
        "popular_item_count": 6582
      }
    },
    {
      "type": "Feature",
      "geometry": {
        "type": "Point",
        "coordinates": [
          34.9915007,
          32.7754412
        ]
      },
      "properties": {
        "store_code": "car_140",
        "store_name": "סיטי גרינברג חיפה",
        "chainname": "קרפור",
        "subchainname": "קרפור סיטי",
        "storeid": 140.0,
        "address": "20 א.צ גרינברג",
        "city": "חיפה",
        "zipcode": 3475712.0,
        "average_price_diff": 6.606468732845449,
        "popular_item_count": 5303
      }
    },
    {
      "type": "Feature",
      "geometry": {
        "type": "Point",
        "coordinates": [
          34.86268950000001,
          32.0556897
        ]
      },
      "properties": {
        "store_code": "car_1430",
        "store_name": "סיטי קניון קיראון",
        "chainname": "קרפור",
        "subchainname": "קרפור סיטי",
        "storeid": 1430.0,
        "address": "שלמה המלך",
        "city": "קרית אונו",
        "zipcode": 542335.0,
        "average_price_diff": 12.623823837593926,
        "popular_item_count": 4759
      }
    },
    {
      "type": "Feature",
      "geometry": {
        "type": "Point",
        "coordinates": [
          34.7707667,
          32.0182484
        ]
      },
      "properties": {
        "store_code": "car_191",
        "store_name": "מגה ויצמן חולון",
        "chainname": "קרפור",
        "subchainname": "מגה",
        "storeid": 191.0,
        "address": "48 סוקולוב",
        "city": "חולון",
        "zipcode": 5832201.0,
        "average_price_diff": -2.071003662926091,
        "popular_item_count": 6923
      }
    },
    {
      "type": "Feature",
      "geometry": {
        "type": "Point",
        "coordinates": [
          34.975196,
          32.797406
        ]
      },
      "properties": {
        "store_code": "car_2040",
        "store_name": "מגה כרמליה חיפה",
        "chainname": "קרפור",
        "subchainname": "מגה",
        "storeid": null,
        "address": "אלכסנדר ינאי 3 חיפה",
        "city": "חיפה",
        "zipcode": 3481603.0,
        "average_price_diff": 11.529686086457541,
        "popular_item_count": 2670
      }
    },
    {
      "type": "Feature",
      "geometry": {
        "type": "Point",
        "coordinates": [
          34.8012154,
          32.0589248
        ]
      },
      "properties": {
        "store_code": "car_205",
        "store_name": "מרקט לה גרדיה תא",
        "chainname": "קרפור",
        "subchainname": "קרפור מרקט",
        "storeid": 205.0,
        "address": "לה גרדיה 78",
        "city": "תל אביב יפו",
        "zipcode": 6732506.0,
        "average_price_diff": 2.4308304584137406,
        "popular_item_count": 5590
      }
    },
    {
      "type": "Feature",
      "geometry": {
        "type": "Point",
        "coordinates": [
          34.9367876,
          32.3117945
        ]
      },
      "properties": {
        "store_code": "car_2070",
        "store_name": "סיטי כפר יונה דרום",
        "chainname": "קרפור",
        "subchainname": "קרפור סיטי",
        "storeid": 2070.0,
        "address": "40 מנחם בגין",
        "city": "כפר יונה",
        "zipcode": 4035736.0,
        "average_price_diff": 12.896438308824989,
        "popular_item_count": 4152
      }
    },
    {
      "type": "Feature",
      "geometry": {
        "type": "Point",
        "coordinates": [
          34.7819586,
          32.0750419
        ]
      },
      "properties": {
        "store_code": "car_213",
        "store_name": "סיטי אבן גבירול תא",
        "chainname": "קרפור",
        "subchainname": "קרפור סיטי",
        "storeid": 213.0,
        "address": "30 אבן גבירול",
        "city": "תל אביב יפו",
        "zipcode": 6467807.0,
        "average_price_diff": 9.054016887239182,
        "popular_item_count": 9081
      }
    },
    {
      "type": "Feature",
      "geometry": {
        "type": "Point",
        "coordinates": [
          34.955755317253164,
          29.565905026747682
        ]
      },
      "properties": {
        "store_code": "car_2150",
        "store_name": "קרפור מרקט אילת",
        "chainname": "קרפור",
        "subchainname": "קרפור מרקט",
        "storeid": 2150.0,
        "address": "חטיבת גולני 43",
        "city": "אילת",
        "zipcode": 88000.0,
        "average_price_diff": -16.034551266503172,
        "popular_item_count": 5388
      }
    },
    {
      "type": "Feature",
      "geometry": {
        "type": "Point",
        "coordinates": [
          34.89067910000001,
          32.2692212
        ]
      },
      "properties": {
        "store_code": "car_2180",
        "store_name": "מגה אבן יהודה",
        "chainname": "קרפור",
        "subchainname": "מגה",
        "storeid": 2180.0,
        "address": "הדרים פינת המיסדים",
        "city": "אבן יהודה",
        "zipcode": 4051113.0,
        "average_price_diff": 12.362482584797839,
        "popular_item_count": 4125
      }
    },
    {
      "type": "Feature",
      "geometry": {
        "type": "Point",
        "coordinates": [
          34.8206734,
          31.8802184
        ]
      },
      "properties": {
        "store_code": "car_2190",
        "store_name": "מגה גני העיר רחובות",
        "chainname": "קרפור",
        "subchainname": "מגה",
        "storeid": null,
        "address": "15 דרך ירושלים",
        "city": "רחובות",
        "zipcode": 7663008.0,
        "average_price_diff": 13.439902245297764,
        "popular_item_count": 4047
      }
    },
    {
      "type": "Feature",
      "geometry": {
        "type": "Point",
        "coordinates": [
          34.7488523,
          32.0283833
        ]
      },
      "properties": {
        "store_code": "car_221",
        "store_name": "מרקט מגדל נחום בת ים",
        "chainname": "קרפור",
        "subchainname": "קרפור מרקט",
        "storeid": 221.0,
        "address": "65 שדרות העצמאות",
        "city": "בת ים",
        "zipcode": 5939552.0,
        "average_price_diff": -1.335144336068295,
        "popular_item_count": 8776
      }
    },
    {
      "type": "Feature",
      "geometry": {
        "type": "Point",
        "coordinates": [
          34.8803708,
          31.9590876
        ]
      },
      "properties": {
        "store_code": "car_2230",
        "store_name": "מרקט גני אביב לוד",
        "chainname": "קרפור",
        "subchainname": "קרפור מרקט",
        "storeid": 2230.0,
        "address": "ארבע עונות 14",
        "city": "לוד",
        "zipcode": 7145806.0,
        "average_price_diff": 1.2894373008708704,
        "popular_item_count": 5923
      }
    },
    {
      "type": "Feature",
      "geometry": {
        "type": "Point",
        "coordinates": [
          35.1027423,
          32.7983003
        ]
      },
      "properties": {
        "store_code": "car_2240",
        "store_name": "מרקט בית וגן ק.אתא",
        "chainname": "קרפור",
        "subchainname": "קרפור מרקט",
        "storeid": 2240.0,
        "address": "10 העצמאות",
        "city": "קרית אתא",
        "zipcode": 2807110.0,
        "average_price_diff": 2.531885563045054,
        "popular_item_count": 4423
      }
    },
    {
      "type": "Feature",
      "geometry": {
        "type": "Point",
        "coordinates": [
          34.7118682,
          31.7895298
        ]
      },
      "properties": {
        "store_code": "car_2310",
        "store_name": "מרקט גן יבנה",
        "chainname": "קרפור",
        "subchainname": "קרפור מרקט",
        "storeid": 2310.0,
        "address": "הרצל פ.קיבוץ גלויות",
        "city": "גן יבנה",
        "zipcode": 7080901.0,
        "average_price_diff": 1.7198380737384775,
        "popular_item_count": 3966
      }
    },
    {
      "type": "Feature",
      "geometry": {
        "type": "Point",
        "coordinates": [
          34.8109297,
          32.0663446
        ]
      },
      "properties": {
        "store_code": "car_2320",
        "store_name": "סיטי קניון גבעתיים",
        "chainname": "קרפור",
        "subchainname": "קרפור סיטי",
        "storeid": 2320.0,
        "address": "ויצמן פינת יצחק רבין",
        "city": "גבעתיים",
        "zipcode": 5346903.0,
        "average_price_diff": 13.717081533160432,
        "popular_item_count": 6703
      }
    },
    {
      "type": "Feature",
      "geometry": {
        "type": "Point",
        "coordinates": [
          34.6380512,
          31.7814535
        ]
      },
      "properties": {
        "store_code": "car_2330",
        "store_name": "סיטי אשדוד יב",
        "chainname": "קרפור",
        "subchainname": "קרפור סיטי",
        "storeid": 2330.0,
        "address": "תמוז 14 מרכז מסחרי",
        "city": "אשדוד",
        "zipcode": 7775114.0,
        "average_price_diff": 12.73786156620644,
        "popular_item_count": 4307
      }
    },
    {
      "type": "Feature",
      "geometry": {
        "type": "Point",
        "coordinates": [
          34.8470676,
          32.2791567
        ]
      },
      "properties": {
        "store_code": "car_2410",
        "store_name": "מרקט עיר ימים נתניה",
        "chainname": "קרפור",
        "subchainname": "קרפור מרקט",
        "storeid": 2410.0,
        "address": "שדרות בן גוריון",
        "city": "נתניה",
        "zipcode": 4227231.0,
        "average_price_diff": 2.5996600522957523,
        "popular_item_count": 5817
      }
    },
    {
      "type": "Feature",
      "geometry": {
        "type": "Point",
        "coordinates": [
          34.9158956,
          32.4339439
        ]
      },
      "properties": {
        "store_code": "car_2470",
        "store_name": "ש. נאות חן חדרה",
        "chainname": "קרפור",
        "subchainname": "קרפור",
        "storeid": 2470.0,
        "address": "הלל יפה 5 פינת סמילנסקי",
        "city": "חדרה",
        "zipcode": 3820308.0,
        "average_price_diff": 0.7225461511286688,
        "popular_item_count": 4409
      }
    },
    {
      "type": "Feature",
      "geometry": {
        "type": "Point",
        "coordinates": [
          34.8056166,
          32.0515996
        ]
      },
      "properties": {
        "store_code": "car_2490",
        "store_name": "מגה כפר שלם",
        "chainname": "קרפור",
        "subchainname": "מגה",
        "storeid": 2490.0,
        "address": "10 סנפיר",
        "city": "תל אביב יפו",
        "zipcode": 6729801.0,
        "average_price_diff": 13.82339180778877,
        "popular_item_count": 3581
      }
    },
    {
      "type": "Feature",
      "geometry": {
        "type": "Point",
        "coordinates": [
          34.807026,
          32.100744
        ]
      },
      "properties": {
        "store_code": "car_2518",
        "store_name": "מגה פארק הירקון",
        "chainname": "קרפור",
        "subchainname": "מגה",
        "storeid": null,
        "address": "1 שלום אש",
        "city": "תל אביב יפו",
        "zipcode": 6948307.0,
        "average_price_diff": 12.745421646222269,
        "popular_item_count": 3650
      }
    },
    {
      "type": "Feature",
      "geometry": {
        "type": "Point",
        "coordinates": [
          34.9792929,
          32.8318585
        ]
      },
      "properties": {
        "store_code": "car_2530",
        "store_name": "מגה בת גלים",
        "chainname": "קרפור",
        "subchainname": "מגה",
        "storeid": 2530.0,
        "address": "37 העליה השניה",
        "city": "חיפה",
        "zipcode": 3501601.0,
        "average_price_diff": 12.02250460211636,
        "popular_item_count": 3634
      }
    },
    {
      "type": "Feature",
      "geometry": {
        "type": "Point",
        "coordinates": [
          35.0018653,
          31.9120349
        ]
      },
      "properties": {
        "store_code": "car_2540",
        "store_name": "מרקט מודעין שמשוני",
        "chainname": "קרפור",
        "subchainname": "קרפור מרקט",
        "storeid": 2540.0,
        "address": "עמק בית שאן פינת יחזקאל הנביא",
        "city": "מודיעין מכבים רעות",
        "zipcode": 7171702.0,
        "average_price_diff": 0.9255562905749076,
        "popular_item_count": 5640
      }
    },
    {
      "type": "Feature",
      "geometry": {
        "type": "Point",
        "coordinates": [
          34.7568551,
          32.0206175
        ]
      },
      "properties": {
        "store_code": "car_256",
        "store_name": "מגה רמת יוסף בת ים",
        "chainname": "קרפור",
        "subchainname": "מגה",
        "storeid": 256.0,
        "address": "20 מבצע סיני",
        "city": "בת ים",
        "zipcode": 5951503.0,
        "average_price_diff": 7.206293258313523,
        "popular_item_count": 5577
      }
    },
    {
      "type": "Feature",
      "geometry": {
        "type": "Point",
        "coordinates": [
          34.8505542,
          32.2950621
        ]
      },
      "properties": {
        "store_code": "car_2577",
        "store_name": "מגה לב נתניה",
        "chainname": "קרפור",
        "subchainname": "מגה",
        "storeid": 2577.0,
        "address": "32 הרב קוק",
        "city": "נתניה",
        "zipcode": 4226110.0,
        "average_price_diff": 12.13979113242546,
        "popular_item_count": 4148
      }
    },
    {
      "type": "Feature",
      "geometry": {
        "type": "Point",
        "coordinates": [
          35.2373076,
          32.6823717
        ]
      },
      "properties": {
        "store_code": "car_2730",
        "store_name": "מגדל העמק",
        "chainname": "קרפור",
        "subchainname": "קרפור",
        "storeid": 2730.0,
        "address": "ניצנים 39",
        "city": "מגדל העמק",
        "zipcode": 2351330.0,
        "average_price_diff": 1.4272332779787584,
        "popular_item_count": 4065
      }
    },
    {
      "type": "Feature",
      "geometry": {
        "type": "Point",
        "coordinates": [
          34.8200824,
          31.8874564
        ]
      },
      "properties": {
        "store_code": "car_2740",
        "store_name": "מרקט שרונה רחובות",
        "chainname": "קרפור",
        "subchainname": "קרפור מרקט",
        "storeid": 2740.0,
        "address": "מדר פינת דרך ירושלים",
        "city": "רחובות",
        "zipcode": 7663101.0,
        "average_price_diff": 2.542566345893771,
        "popular_item_count": 5840
      }
    },
    {
      "type": "Feature",
      "geometry": {
        "type": "Point",
        "coordinates": [
          34.9142034,
          32.069694
        ]
      },
      "properties": {
        "store_code": "car_2750",
        "store_name": "קרפור עמישב פ\"ת",
        "chainname": "קרפור",
        "subchainname": "קרפור מהדרין",
        "storeid": null,
        "address": "דרך מנחם בגין 96",
        "city": "פתח תקווה",
        "zipcode": 4973295.0,
        "average_price_diff": 1.0087835354114532,
        "popular_item_count": 4302
      }
    },
    {
      "type": "Feature",
      "geometry": {
        "type": "Point",
        "coordinates": [
          34.6534113,
          31.7836627
        ]
      },
      "properties": {
        "store_code": "car_2840",
        "store_name": "מרקט אשדוד ח",
        "chainname": "קרפור",
        "subchainname": "קרפור מרקט",
        "storeid": 2840.0,
        "address": "הרב לוין מ.מסחרי",
        "city": "אשדוד",
        "zipcode": 7763804.0,
        "average_price_diff": 0.7166073500541964,
        "popular_item_count": 4311
      }
    },
    {
      "type": "Feature",
      "geometry": {
        "type": "Point",
        "coordinates": [
          34.9424895,
          32.5661431
        ]
      },
      "properties": {
        "store_code": "car_2960",
        "store_name": "סיטי זכרון יעקב",
        "chainname": "קרפור",
        "subchainname": "קרפור סיטי",
        "storeid": 2960.0,
        "address": ".10 חברה חשבונאית",
        "city": "זכרון יעקב",
        "zipcode": 3094089.0,
        "average_price_diff": 12.72956734837321,
        "popular_item_count": 4807
      }
    },
    {
      "type": "Feature",
      "geometry": {
        "type": "Point",
        "coordinates": [
          34.7972186,
          31.2700224
        ]
      },
      "properties": {
        "store_code": "car_2976",
        "store_name": "סיטי צפון באר שבע",
        "chainname": "קרפור",
        "subchainname": "קרפור סיטי",
        "storeid": 2976.0,
        "address": "101 אברהם אבינו",
        "city": "באר שבע",
        "zipcode": 8454001.0,
        "average_price_diff": 13.236767720339497,
        "popular_item_count": 2736
      }
    },
    {
      "type": "Feature",
      "geometry": {
        "type": "Point",
        "coordinates": [
          34.9158064,
          32.4339559
        ]
      },
      "properties": {
        "store_code": "car_3020",
        "store_name": "בית אליעזר",
        "chainname": "קרפור",
        "subchainname": "קרפור היפר",
        "storeid": null,
        "address": "חדרה",
        "city": "חדרה",
        "zipcode": 3848221.0,
        "average_price_diff": 8.722678742721005,
        "popular_item_count": 2926
      }
    },
    {
      "type": "Feature",
      "geometry": {
        "type": "Point",
        "coordinates": [
          34.9360101,
          32.3207607
        ]
      },
      "properties": {
        "store_code": "car_3050",
        "store_name": "מגה קניון כפר יונה",
        "chainname": "קרפור",
        "subchainname": "מגה",
        "storeid": 3050.0,
        "address": "6 שרת",
        "city": "כפר יונה",
        "zipcode": 4035806.0,
        "average_price_diff": 12.969712416661244,
        "popular_item_count": 3178
      }
    },
    {
      "type": "Feature",
      "geometry": {
        "type": "Point",
        "coordinates": [
          34.8457903,
          32.0679616
        ]
      },
      "properties": {
        "store_code": "car_3174",
        "store_name": "סיטי גבעת שמואל",
        "chainname": "קרפור",
        "subchainname": "קרפור סיטי",
        "storeid": 3174.0,
        "address": "האורנים",
        "city": "גבעת שמואל",
        "zipcode": 54045301.0,
        "average_price_diff": 12.224577391771907,
        "popular_item_count": 2786
      }
    },
    {
      "type": "Feature",
      "geometry": {
        "type": "Point",
        "coordinates": [
          34.830805,
          32.121315
        ]
      },
      "properties": {
        "store_code": "car_3180",
        "store_name": "מגה רמות צהלה",
        "chainname": "קרפור",
        "subchainname": "מגה",
        "storeid": 3180.0,
        "address": "4-6 גרפית",
        "city": "תל אביב יפו",
        "zipcode": 6930041.0,
        "average_price_diff": 8.533915039594849,
        "popular_item_count": 2842
      }
    },
    {
      "type": "Feature",
      "geometry": {
        "type": "Point",
        "coordinates": [
          34.55664150563116,
          31.65515009416126
        ]
      },
      "properties": {
        "store_code": "car_3210",
        "store_name": "מגה לב אשקלון",
        "chainname": "קרפור",
        "subchainname": "מגה",
        "storeid": null,
        "address": "שכונת שמשון",
        "city": "אשקלון",
        "zipcode": 7864118.0,
        "average_price_diff": 13.555547079535556,
        "popular_item_count": 3626
      }
    },
    {
      "type": "Feature",
      "geometry": {
        "type": "Point",
        "coordinates": [
          34.86910161128421,
          32.30698939271339
        ]
      },
      "properties": {
        "store_code": "car_3280",
        "store_name": "סיטי אלוני השרון",
        "chainname": "קרפור",
        "subchainname": "קרפור סיטי",
        "storeid": 3280.0,
        "address": "תום לנטוס 26 ק.השרון",
        "city": "נתניה",
        "zipcode": 4276001.0,
        "average_price_diff": 12.398155772547979,
        "popular_item_count": 3440
      }
    },
    {
      "type": "Feature",
      "geometry": {
        "type": "Point",
        "coordinates": [
          34.76472249454291,
          32.018338341531155
        ]
      },
      "properties": {
        "store_code": "car_329",
        "store_name": "סיטי נאות רחל חולון",
        "chainname": "קרפור",
        "subchainname": "קרפור סיטי",
        "storeid": 329.0,
        "address": "מגה בעיר",
        "city": "חולון",
        "zipcode": 5836111.0,
        "average_price_diff": 8.65974435062967,
        "popular_item_count": 8772
      }
    },
    {
      "type": "Feature",
      "geometry": {
        "type": "Point",
        "coordinates": [
          34.784254,
          31.261528
        ]
      },
      "properties": {
        "store_code": "car_3300",
        "store_name": "מגה שכונה ו באר שבע",
        "chainname": "קרפור",
        "subchainname": "מגה",
        "storeid": null,
        "address": "קנ.אביה שד.שאול המלך",
        "city": "באר שבע",
        "zipcode": 8479612.0,
        "average_price_diff": 1.5333793008798737,
        "popular_item_count": 4502
      }
    },
    {
      "type": "Feature",
      "geometry": {
        "type": "Point",
        "coordinates": [
          34.8203992233843,
          32.1202037931965
        ]
      },
      "properties": {
        "store_code": "car_337",
        "store_name": "מגה נאות אפקה",
        "chainname": "קרפור",
        "subchainname": "מגה",
        "storeid": null,
        "address": "15 לאה",
        "city": "תל אביב יפו",
        "zipcode": 6941215.0,
        "average_price_diff": 8.991852799793252,
        "popular_item_count": 7867
      }
    },
    {
      "type": "Feature",
      "geometry": {
        "type": "Point",
        "coordinates": [
          35.2243191828876,
          31.7554312561794
        ]
      },
      "properties": {
        "store_code": "car_3420",
        "store_name": "מגה אלנבי ירושלים",
        "chainname": "קרפור",
        "subchainname": "מגה",
        "storeid": null,
        "address": "בית\"ר פינת ינובסקי",
        "city": "ירושלים",
        "zipcode": 9338603.0,
        "average_price_diff": 1.8719883437869014,
        "popular_item_count": 4269
      }
    },
    {
      "type": "Feature",
      "geometry": {
        "type": "Point",
        "coordinates": [
          34.8422381,
          31.8544885
        ]
      },
      "properties": {
        "store_code": "car_3440",
        "store_name": "סיטי מזכרת בתיה",
        "chainname": "קרפור",
        "subchainname": "קרפור סיטי",
        "storeid": 3440.0,
        "address": "8 שדרות אליהו",
        "city": "מזכרת בתיה",
        "zipcode": 7685448.0,
        "average_price_diff": 12.553232038046742,
        "popular_item_count": 3629
      }
    },
    {
      "type": "Feature",
      "geometry": {
        "type": "Point",
        "coordinates": [
          34.7813891,
          32.0167759
        ]
      },
      "properties": {
        "store_code": "car_345",
        "store_name": "סיטי נאות שושנים חול",
        "chainname": "קרפור",
        "subchainname": "קרפור סיטי",
        "storeid": 345.0,
        "address": "הסתדרות 104",
        "city": "חולון",
        "zipcode": 5840006.0,
        "average_price_diff": 7.888937197532357,
        "popular_item_count": 6835
      }
    },
    {
      "type": "Feature",
      "geometry": {
        "type": "Point",
        "coordinates": [
          34.8686103,
          32.0570106
        ]
      },
      "properties": {
        "store_code": "car_3506",
        "store_name": "סיטי גבעת סביון",
        "chainname": "קרפור",
        "subchainname": "קרפור סיטי",
        "storeid": 3506.0,
        "address": "78 הגליל",
        "city": "גני תקווה",
        "zipcode": 5591478.0,
        "average_price_diff": 12.412806384813315,
        "popular_item_count": 4366
      }
    },
    {
      "type": "Feature",
      "geometry": {
        "type": "Point",
        "coordinates": [
          34.6429239,
          31.8041835
        ]
      },
      "properties": {
        "store_code": "car_353",
        "store_name": "סיטי הצרכנייה אשדוד",
        "chainname": "קרפור",
        "subchainname": "קרפור סיטי",
        "storeid": 353.0,
        "address": "25 רוגוזין",
        "city": "אשדוד",
        "zipcode": 7744003.0,
        "average_price_diff": 8.758381364960094,
        "popular_item_count": 7780
      }
    },
    {
      "type": "Feature",
      "geometry": {
        "type": "Point",
        "coordinates": [
          35.0130904,
          32.7732794
        ]
      },
      "properties": {
        "store_code": "car_3580",
        "store_name": "סיטי רמות אלון חיפה",
        "chainname": "קרפור",
        "subchainname": "קרפור סיטי",
        "storeid": 3580.0,
        "address": "29 יגאל אלון",
        "city": "חיפה",
        "zipcode": 3298331.0,
        "average_price_diff": 12.186131793237264,
        "popular_item_count": 4113
      }
    },
    {
      "type": "Feature",
      "geometry": {
        "type": "Point",
        "coordinates": [
          34.8902527,
          32.093471
        ]
      },
      "properties": {
        "store_code": "car_3600",
        "store_name": "מגה בעיר- שטמפפר",
        "chainname": "קרפור",
        "subchainname": "מגה",
        "storeid": null,
        "address": "שטמפפר 73, פינת אבניאל פ\"ת",
        "city": "פתח תקווה",
        "zipcode": 4929078.0,
        "average_price_diff": 9.267819114703292,
        "popular_item_count": 3423
      }
    },
    {
      "type": "Feature",
      "geometry": {
        "type": "Point",
        "coordinates": [
          35.0033715,
          32.804778
        ]
      },
      "properties": {
        "store_code": "car_3610",
        "store_name": "הרצל חיפה",
        "chainname": "קרפור",
        "subchainname": "קרפור",
        "storeid": null,
        "address": "הרצל 97",
        "city": "חיפה",
        "zipcode": 3321609.0,
        "average_price_diff": 0.8075745476647253,
        "popular_item_count": 3486
      }
    },
    {
      "type": "Feature",
      "geometry": {
        "type": "Point",
        "coordinates": [
          34.9886899,
          31.7145524
        ]
      },
      "properties": {
        "store_code": "car_3680",
        "store_name": "קרפור מרקט בית שמש",
        "chainname": "קרפור",
        "subchainname": "קרפור מרקט",
        "storeid": null,
        "address": "נחל השורק 23",
        "city": "בית שמש",
        "zipcode": 9909135.0,
        "average_price_diff": 0.9828137799343395,
        "popular_item_count": 4404
      }
    },
    {
      "type": "Feature",
      "geometry": {
        "type": "Point",
        "coordinates": [
          34.7740533,
          31.2395415
        ]
      },
      "properties": {
        "store_code": "car_3700",
        "store_name": "מרקט נווה זאב בש",
        "chainname": "קרפור",
        "subchainname": "קרפור מרקט",
        "storeid": 3700.0,
        "address": "64 יוהנה זבוטינסקי",
        "city": "באר שבע",
        "zipcode": 8425842.0,
        "average_price_diff": 2.9308409985277404,
        "popular_item_count": 5890
      }
    },
    {
      "type": "Feature",
      "geometry": {
        "type": "Point",
        "coordinates": [
          34.5753127,
          31.6778055
        ]
      },
      "properties": {
        "store_code": "car_3740",
        "store_name": "מרקט אפרידר אשקלון",
        "chainname": "קרפור",
        "subchainname": "קרפור מרקט",
        "storeid": 3740.0,
        "address": "5 שדרות ירושלים",
        "city": "אשקלון",
        "zipcode": 761719.0,
        "average_price_diff": 1.0393312311045928,
        "popular_item_count": 3632
      }
    },
    {
      "type": "Feature",
      "geometry": {
        "type": "Point",
        "coordinates": [
          35.1875994,
          31.7753984
        ]
      },
      "properties": {
        "store_code": "car_3850",
        "store_name": "סיטי בית הכרם ים",
        "chainname": "קרפור",
        "subchainname": "קרפור סיטי",
        "storeid": 3850.0,
        "address": "אבי זהר",
        "city": "ירושלים",
        "zipcode": 9626701.0,
        "average_price_diff": 12.974229016852671,
        "popular_item_count": 5540
      }
    },
    {
      "type": "Feature",
      "geometry": {
        "type": "Point",
        "coordinates": [
          34.816677,
          32.1227035
        ]
      },
      "properties": {
        "store_code": "car_3990",
        "store_name": "סיטי תל ברוך תא",
        "chainname": "קרפור",
        "subchainname": "קרפור סיטי",
        "storeid": 3990.0,
        "address": "8 בקר",
        "city": "תל אביב יפו",
        "zipcode": 6464316.0,
        "average_price_diff": 12.824115622709057,
        "popular_item_count": 4560
      }
    },
    {
      "type": "Feature",
      "geometry": {
        "type": "Point",
        "coordinates": [
          34.90361539912085,
          32.17866029246674
        ]
      },
      "properties": {
        "store_code": "car_400",
        "store_name": "רפור סיטי קניון כפר סבא (1030)",
        "chainname": "קרפור",
        "subchainname": "קרפור סיטי",
        "storeid": 400.0,
        "address": "כצנלסון 20",
        "city": "כפר סבא",
        "zipcode": 4440522.0,
        "average_price_diff": 8.811959929863837,
        "popular_item_count": 8204
      }
    },
    {
      "type": "Feature",
      "geometry": {
        "type": "Point",
        "coordinates": [
          34.887957125952326,
          32.15934863573798
        ]
      },
      "properties": {
        "store_code": "car_401",
        "store_name": "קרפור סיטי הוד השרון",
        "chainname": "קרפור",
        "subchainname": "קרפור סיטי",
        "storeid": 401.0,
        "address": "שלום עליכם 1",
        "city": "הוד השרון",
        "zipcode": 4500901.0,
        "average_price_diff": 8.436948810025164,
        "popular_item_count": 7296
      }
    },
    {
      "type": "Feature",
      "geometry": {
        "type": "Point",
        "coordinates": [
          34.774601381768896,
          32.07590257397277
        ]
      },
      "properties": {
        "store_code": "car_402",
        "store_name": "קרפור סיטי דיזנגוף",
        "chainname": "קרפור",
        "subchainname": "קרפור סיטי",
        "storeid": 402.0,
        "address": "דיזנגוף 65",
        "city": "תל אביב יפו",
        "zipcode": 6433237.0,
        "average_price_diff": 5.917058580359571,
        "popular_item_count": 9782
      }
    },
    {
      "type": "Feature",
      "geometry": {
        "type": "Point",
        "coordinates": [
          34.869324564567385,
          31.931969207144462
        ]
      },
      "properties": {
        "store_code": "car_403",
        "store_name": "קרפור סיטי הצרכנייה רמלה",
        "chainname": "קרפור",
        "subchainname": "קרפור סיטי",
        "storeid": 403.0,
        "address": "שדרות הרצל 45",
        "city": "רמלה",
        "zipcode": 7240613.0,
        "average_price_diff": -3.002648249214736,
        "popular_item_count": 6232
      }
    },
    {
      "type": "Feature",
      "geometry": {
        "type": "Point",
        "coordinates": [
          34.799095807509204,
          31.966792099340918
        ]
      },
      "properties": {
        "store_code": "car_405",
        "store_name": "קרפור סיטי נווה כרמית",
        "chainname": "קרפור",
        "subchainname": "קרפור סיטי",
        "storeid": 405.0,
        "address": "זבוטינסקי 65",
        "city": "ארשון לציון",
        "zipcode": 7521819.0,
        "average_price_diff": 9.080735472348065,
        "popular_item_count": 8131
      }
    },
    {
      "type": "Feature",
      "geometry": {
        "type": "Point",
        "coordinates": [
          34.81784746742578,
          31.881655487737174
        ]
      },
      "properties": {
        "store_code": "car_407",
        "store_name": "קרפור בעיר חפץ חיים",
        "chainname": "קרפור",
        "subchainname": "קרפור סיטי",
        "storeid": 407.0,
        "address": "הרצל 28",
        "city": "רחובות",
        "zipcode": 4943519.0,
        "average_price_diff": 8.726368577578148,
        "popular_item_count": 8666
      }
    },
    {
      "type": "Feature",
      "geometry": {
        "type": "Point",
        "coordinates": [
          34.797171246061765,
          32.08899725592976
        ]
      },
      "properties": {
        "store_code": "car_408",
        "store_name": "קרפור סיטי צמרות",
        "chainname": "קרפור",
        "subchainname": "קרפור סיטי",
        "storeid": 408.0,
        "address": "ניסים אלוני",
        "city": "תל אביב יפו",
        "zipcode": 6291924.0,
        "average_price_diff": 9.391844464758035,
        "popular_item_count": 9133
      }
    },
    {
      "type": "Feature",
      "geometry": {
        "type": "Point",
        "coordinates": [
          34.78546305293324,
          32.08148226444495
        ]
      },
      "properties": {
        "store_code": "car_411",
        "store_name": "קרפור סיטי מגדלי דוד",
        "chainname": "קרפור",
        "subchainname": "קרפור סיטי",
        "storeid": 411.0,
        "address": "אורי 12",
        "city": "תל אביב יפו",
        "zipcode": 6495410.0,
        "average_price_diff": 8.36071218149457,
        "popular_item_count": 8244
      }
    },
    {
      "type": "Feature",
      "geometry": {
        "type": "Point",
        "coordinates": [
          34.8422973,
          32.1666234
        ]
      },
      "properties": {
        "store_code": "car_4110",
        "store_name": "קרפור מרקט לב הרצליה",
        "chainname": "קרפור",
        "subchainname": "קרפור מרקט",
        "storeid": null,
        "address": "בן גוריון 2",
        "city": "הרצליה",
        "zipcode": 4678501.0,
        "average_price_diff": 2.8395564705408973,
        "popular_item_count": 5042
      }
    },
    {
      "type": "Feature",
      "geometry": {
        "type": "Point",
        "coordinates": [
          34.849346267566425,
          32.16757451108522
        ]
      },
      "properties": {
        "store_code": "car_4120",
        "store_name": "מגה הדר הרצליה",
        "chainname": "קרפור",
        "subchainname": "מגה",
        "storeid": null,
        "address": "2 הדר",
        "city": "הרצליה",
        "zipcode": 4629025.0,
        "average_price_diff": 12.625846777097685,
        "popular_item_count": 4097
      }
    },
    {
      "type": "Feature",
      "geometry": {
        "type": "Point",
        "coordinates": [
          34.86884250600394,
          32.088539758490725
        ]
      },
      "properties": {
        "store_code": "car_413",
        "store_name": "קרפור סיטי מגדלי דוד",
        "chainname": "קרפור",
        "subchainname": "קרפור סיטי",
        "storeid": 413.0,
        "address": "קפלן 13",
        "city": "קרפור סיטי בילינסון פתח תקווה",
        "zipcode": 4943712.0,
        "average_price_diff": 7.9167904097860795,
        "popular_item_count": 7322
      }
    },
    {
      "type": "Feature",
      "geometry": {
        "type": "Point",
        "coordinates": [
          34.8421088,
          32.1545039
        ]
      },
      "properties": {
        "store_code": "car_4130",
        "store_name": "סיטי נווה אמירים",
        "chainname": "קרפור",
        "subchainname": "קרפור סיטי",
        "storeid": 4130.0,
        "address": "82 בן גוריון",
        "city": "הרצליה",
        "zipcode": 4644630.0,
        "average_price_diff": 13.205538615970944,
        "popular_item_count": 4904
      }
    },
    {
      "type": "Feature",
      "geometry": {
        "type": "Point",
        "coordinates": [
          34.81612726827828,
          32.111225011416536
        ]
      },
      "properties": {
        "store_code": "car_414",
        "store_name": "קרפור סיטי מעוז אביב",
        "chainname": "קרפור",
        "subchainname": "קרפור סיטי",
        "storeid": 414.0,
        "address": "בני אפרים 209",
        "city": "תל אביב יפו",
        "zipcode": 6998421.0,
        "average_price_diff": 8.80170176272937,
        "popular_item_count": 5453
      }
    },
    {
      "type": "Feature",
      "geometry": {
        "type": "Point",
        "coordinates": [
          34.80448503759174,
          32.12482529093308
        ]
      },
      "properties": {
        "store_code": "car_415",
        "store_name": "קרפור סיטי רמת אביב",
        "chainname": "קרפור",
        "subchainname": "קרפור סיטי",
        "storeid": 415.0,
        "address": "אבא אחימאיר 35",
        "city": "תל אביב יפו",
        "zipcode": 6949219.0,
        "average_price_diff": 8.936895354402246,
        "popular_item_count": 9080
      }
    },
    {
      "type": "Feature",
      "geometry": {
        "type": "Point",
        "coordinates": [
          34.8028265,
          32.1708537
        ]
      },
      "properties": {
        "store_code": "car_4150",
        "store_name": "סיטי הרצליה פיתוח",
        "chainname": "קרפור",
        "subchainname": "קרפור סיטי",
        "storeid": 4150.0,
        "address": "34 זהר טל",
        "city": "הרצליה",
        "zipcode": 4674134.0,
        "average_price_diff": 13.191241884993037,
        "popular_item_count": 2700
      }
    },
    {
      "type": "Feature",
      "geometry": {
        "type": "Point",
        "coordinates": [
          34.60617883964183,
          31.52869307851911
        ]
      },
      "properties": {
        "store_code": "car_416",
        "store_name": "קרפור היפר שדרות",
        "chainname": "קרפור",
        "subchainname": "קרפור היפר",
        "storeid": 416.0,
        "address": "קניון פנינת הנגב שדרות",
        "city": "שדרות",
        "zipcode": 8714517.0,
        "average_price_diff": -5.61783023231932,
        "popular_item_count": 11017
      }
    },
    {
      "type": "Feature",
      "geometry": {
        "type": "Point",
        "coordinates": [
          34.8128297,
          32.1879828
        ]
      },
      "properties": {
        "store_code": "car_4160",
        "store_name": "סיטי נוף ים הרצליה",
        "chainname": "קרפור",
        "subchainname": "קרפור סיטי",
        "storeid": 4160.0,
        "address": "10 שער הים",
        "city": "הרצליה",
        "zipcode": 4660610.0,
        "average_price_diff": 12.769805827360257,
        "popular_item_count": 2135
      }
    },
    {
      "type": "Feature",
      "geometry": {
        "type": "Point",
        "coordinates": [
          34.85627551781642,
          32.16909877756077
        ]
      },
      "properties": {
        "store_code": "car_4170",
        "store_name": "מגה נוה עמל",
        "chainname": "קרפור",
        "subchainname": "מגה",
        "storeid": 4170.0,
        "address": "19 כצנלסון",
        "city": "הרצליה",
        "zipcode": 4629010.0,
        "average_price_diff": 13.049978172404572,
        "popular_item_count": 2584
      }
    },
    {
      "type": "Feature",
      "geometry": {
        "type": "Point",
        "coordinates": [
          34.8365545,
          32.141958
        ]
      },
      "properties": {
        "store_code": "car_4200",
        "store_name": "סיטי זרובבל ר.השרון",
        "chainname": "קרפור",
        "subchainname": "קרפור סיטי",
        "storeid": 4200.0,
        "address": "33 סוקולוב",
        "city": "רמת השרון",
        "zipcode": 4723602.0,
        "average_price_diff": 12.907163221867448,
        "popular_item_count": 3173
      }
    },
    {
      "type": "Feature",
      "geometry": {
        "type": "Point",
        "coordinates": [
          34.8099931,
          31.9220671
        ]
      },
      "properties": {
        "store_code": "car_4220",
        "store_name": "סיטי נס ציונה",
        "chainname": "קרפור",
        "subchainname": "קרפור סיטי",
        "storeid": 4220.0,
        "address": "1 אבנר בן נר",
        "city": "נס ציונה",
        "zipcode": 7422018.0,
        "average_price_diff": 12.531180777674868,
        "popular_item_count": 4306
      }
    },
    {
      "type": "Feature",
      "geometry": {
        "type": "Point",
        "coordinates": [
          34.9556007,
          32.0475883
        ]
      },
      "properties": {
        "store_code": "car_4270",
        "store_name": "קרפור מרקט אלעד",
        "chainname": "קרפור",
        "subchainname": "קרפור מרקט",
        "storeid": null,
        "address": "בן זכאי 32",
        "city": "אלעד",
        "zipcode": 4080041.0,
        "average_price_diff": 0.9399927391226075,
        "popular_item_count": 3566
      }
    },
    {
      "type": "Feature",
      "geometry": {
        "type": "Point",
        "coordinates": [
          34.9858779,
          32.8032646
        ]
      },
      "properties": {
        "store_code": "car_4280",
        "store_name": "מרקט אודיטוריום חיפה",
        "chainname": "קרפור",
        "subchainname": "קרפור מרקט",
        "storeid": 4280.0,
        "address": "134 שדרות הנשיא",
        "city": "חיפה",
        "zipcode": 3464502.0,
        "average_price_diff": 1.3602590762398041,
        "popular_item_count": 5109
      }
    },
    {
      "type": "Feature",
      "geometry": {
        "type": "Point",
        "coordinates": [
          34.81447435036713,
          32.087926882504064
        ]
      },
      "properties": {
        "store_code": "car_4420",
        "store_name": "מגה אואזיס רמת גן",
        "chainname": "קרפור",
        "subchainname": "מגה",
        "storeid": null,
        "address": "87 הרצל",
        "city": "רמת גן",
        "zipcode": 5244346.0,
        "average_price_diff": 10.714103097288467,
        "popular_item_count": 4312
      }
    },
    {
      "type": "Feature",
      "geometry": {
        "type": "Point",
        "coordinates": [
          34.99636820693629,
          32.80119205548193
        ]
      },
      "properties": {
        "store_code": "car_470",
        "store_name": "קרפור סיטי מגדלי כרמל",
        "chainname": "קרפור",
        "subchainname": "קרפור סיטי",
        "storeid": 470.0,
        "address": "חנה סנש 20",
        "city": "חיפה",
        "zipcode": 3385401.0,
        "average_price_diff": 10.903303452031455,
        "popular_item_count": 5313
      }
    },
    {
      "type": "Feature",
      "geometry": {
        "type": "Point",
        "coordinates": [
          34.816014094546404,
          32.08362050582349
        ]
      },
      "properties": {
        "store_code": "car_493",
        "store_name": "מגה הרוא\"ה ר\"ג",
        "chainname": "קרפור",
        "subchainname": "מגה",
        "storeid": 493.0,
        "address": "2 הרוא\"ה",
        "city": "רמת גן",
        "zipcode": 5243201.0,
        "average_price_diff": 8.642389128443542,
        "popular_item_count": 5699
      }
    },
    {
      "type": "Feature",
      "geometry": {
        "type": "Point",
        "coordinates": [
          34.82197887252382,
          32.06848391881082
        ]
      },
      "properties": {
        "store_code": "car_515",
        "store_name": "מגה רווה ר\"ג - חדש",
        "chainname": "קרפור",
        "subchainname": "מגה",
        "storeid": 515.0,
        "address": "113 עוזיאל",
        "city": "רמת גן",
        "zipcode": 5234439.0,
        "average_price_diff": 8.606129860446325,
        "popular_item_count": 7109
      }
    },
    {
      "type": "Feature",
      "geometry": {
        "type": "Point",
        "coordinates": [
          34.89124840690674,
          32.17352634870429
        ]
      },
      "properties": {
        "store_code": "car_5204",
        "store_name": "קוויק כפר סבא",
        "chainname": "קרפור",
        "subchainname": "קוויק",
        "storeid": 5204.0,
        "address": null,
        "city": "כפר סבא",
        "zipcode": null,
        "average_price_diff": 12.945335165836985,
        "popular_item_count": 1185
      }
    },
    {
      "type": "Feature",
      "geometry": {
        "type": "Point",
        "coordinates": [
          35.033363,
          31.069419
        ]
      },
      "properties": {
        "store_code": "car_523",
        "store_name": "מגה דימונה",
        "chainname": "קרפור",
        "subchainname": "מגה",
        "storeid": null,
        "address": "1 הנשיא",
        "city": "דימונה",
        "zipcode": 8603401.0,
        "average_price_diff": 8.065035445481989,
        "popular_item_count": 6495
      }
    },
    {
      "type": "Feature",
      "geometry": {
        "type": "Point",
        "coordinates": [
          34.9044103,
          32.1862357
        ]
      },
      "properties": {
        "store_code": "car_5304",
        "store_name": "כפא סבא @ קרפור",
        "chainname": "קרפור",
        "subchainname": "קרפור",
        "storeid": null,
        "address": " כפר סבא",
        "city": "כפר סבא",
        "zipcode": 4450012.0,
        "average_price_diff": 1.567963470929677,
        "popular_item_count": 5024
      }
    },
    {
      "type": "Feature",
      "geometry": {
        "type": "Point",
        "coordinates": [
          34.8356933,
          32.1141968
        ]
      },
      "properties": {
        "store_code": "car_558",
        "store_name": "סיטי רמת החייל תא",
        "chainname": "קרפור",
        "subchainname": "קרפור סיטי",
        "storeid": 558.0,
        "address": "7 ד.מ. מרכוס",
        "city": "תל אביב יפו",
        "zipcode": 6988213.0,
        "average_price_diff": 9.598700312846576,
        "popular_item_count": 6322
      }
    },
    {
      "type": "Feature",
      "geometry": {
        "type": "Point",
        "coordinates": [
          34.7989587,
          32.076308
        ]
      },
      "properties": {
        "store_code": "car_580",
        "store_name": "סיטי עמק הברכה",
        "chainname": "קרפור",
        "subchainname": "קרפור סיטי",
        "storeid": 580.0,
        "address": "עמק הברכה",
        "city": "תל אביב יפו",
        "zipcode": 6745613.0,
        "average_price_diff": 8.624538696056698,
        "popular_item_count": 5762
      }
    },
    {
      "type": "Feature",
      "geometry": {
        "type": "Point",
        "coordinates": [
          34.780067818357125,
          31.24748704184297
        ]
      },
      "properties": {
        "store_code": "car_610",
        "store_name": "סיטי באר שבע",
        "chainname": "קרפור",
        "subchainname": "קרפור סיטי",
        "storeid": 610.0,
        "address": "42 שדרות י-ם",
        "city": "באר שבע",
        "zipcode": 8477116.0,
        "average_price_diff": 7.313842631319896,
        "popular_item_count": 5748
      }
    },
    {
      "type": "Feature",
      "geometry": {
        "type": "Point",
        "coordinates": [
          34.8550983080518,
          32.3242633652502
        ]
      },
      "properties": {
        "store_code": "car_620",
        "store_name": "סיטי נתניה",
        "chainname": "קרפור",
        "subchainname": "קרפור סיטי",
        "storeid": 620.0,
        "address": "29 ירושלים",
        "city": "נתניה",
        "zipcode": 4230317.0,
        "average_price_diff": 7.070738160615313,
        "popular_item_count": 5396
      }
    },
    {
      "type": "Feature",
      "geometry": {
        "type": "Point",
        "coordinates": [
          34.8366946,
          32.0518163
        ]
      },
      "properties": {
        "store_code": "car_698",
        "store_name": "סיטי בית אבות רמת א",
        "chainname": "קרפור",
        "subchainname": "קרפור סיטי",
        "storeid": 698.0,
        "address": "2 שד.הארזים",
        "city": "רמת אפעל",
        "zipcode": 5290366.0,
        "average_price_diff": 7.212466648916822,
        "popular_item_count": 3501
      }
    },
    {
      "type": "Feature",
      "geometry": {
        "type": "Point",
        "coordinates": [
          34.8559181,
          32.0605508
        ]
      },
      "properties": {
        "store_code": "car_701",
        "store_name": "סיטי קרית אונו",
        "chainname": "קרפור",
        "subchainname": "קרפור סיטי",
        "storeid": 701.0,
        "address": "57 הנשיא",
        "city": "קרית אונו",
        "zipcode": 5557057.0,
        "average_price_diff": 8.476446252653469,
        "popular_item_count": 4845
      }
    },
    {
      "type": "Feature",
      "geometry": {
        "type": "Point",
        "coordinates": [
          34.835859,
          32.047236
        ]
      },
      "properties": {
        "store_code": "car_752",
        "store_name": "מגה רמת אפעל מרכז מ",
        "chainname": "קרפור",
        "subchainname": "מגה",
        "storeid": null,
        "address": "16 שד.האורנים",
        "city": "רמת אפעל",
        "zipcode": 5290350.0,
        "average_price_diff": 8.465352574332949,
        "popular_item_count": 7403
      }
    },
    {
      "type": "Feature",
      "geometry": {
        "type": "Point",
        "coordinates": [
          34.8699162,
          32.1818726
        ]
      },
      "properties": {
        "store_code": "car_820",
        "store_name": "מגה מרכז רעננה- חדש",
        "chainname": "קרפור",
        "subchainname": "מגה",
        "storeid": null,
        "address": "114 אחוזה",
        "city": "רעננה",
        "zipcode": 4345015.0,
        "average_price_diff": 9.253697349583275,
        "popular_item_count": 6213
      }
    },
    {
      "type": "Feature",
      "geometry": {
        "type": "Point",
        "coordinates": [
          34.8657024,
          32.1827356
        ]
      },
      "properties": {
        "store_code": "car_830",
        "store_name": "קרפור גולן רעננה",
        "chainname": "קרפור",
        "subchainname": "קרפור",
        "storeid": null,
        "address": "אחוזה 198",
        "city": "רעננה",
        "zipcode": 4355801.0,
        "average_price_diff": 1.7158967858739658,
        "popular_item_count": 3795
      }
    },
    {
      "type": "Feature",
      "geometry": {
        "type": "Point",
        "coordinates": [
          34.8745337,
          32.1923797
        ]
      },
      "properties": {
        "store_code": "car_850",
        "store_name": "מגה מרכז מסחרי קרית",
        "chainname": "קרפור",
        "subchainname": "מגה",
        "storeid": null,
        "address": "1 התקומה",
        "city": "רעננה",
        "zipcode": 4353501.0,
        "average_price_diff": 9.145857980485943,
        "popular_item_count": 6656
      }
    },
    {
      "type": "Feature",
      "geometry": {
        "type": "Point",
        "coordinates": [
          34.8763149,
          32.1860931
        ]
      },
      "properties": {
        "store_code": "car_870",
        "store_name": "סיטי ותיקים רעננה",
        "chainname": "קרפור",
        "subchainname": "קרפור סיטי",
        "storeid": 870.0,
        "address": "11 ההסתדרות",
        "city": "רעננה",
        "zipcode": 4345605.0,
        "average_price_diff": 7.5593769595286755,
        "popular_item_count": 5411
      }
    },
    {
      "type": "Feature",
      "geometry": {
        "type": "Point",
        "coordinates": [
          34.8539921,
          32.3280827
        ]
      },
      "properties": {
        "store_code": "car_906",
        "store_name": "סיטי מרכז נתניה",
        "chainname": "קרפור",
        "subchainname": "קרפור סיטי",
        "storeid": 906.0,
        "address": "שטמפר",
        "city": "נתניה",
        "zipcode": 4240223.0,
        "average_price_diff": 8.805564582721237,
        "popular_item_count": 7181
      }
    },
    {
      "type": "Feature",
      "geometry": {
        "type": "Point",
        "coordinates": [
          34.7997804,
          32.1201658
        ]
      },
      "properties": {
        "store_code": "car_914",
        "store_name": "סיטי נווה אביבים תא",
        "chainname": "קרפור",
        "subchainname": "קרפור סיטי",
        "storeid": 914.0,
        "address": "13 אופנהיימר",
        "city": "תל אביב יפו",
        "zipcode": 6939513.0,
        "average_price_diff": 9.202180204312556,
        "popular_item_count": 8836
      }
    },
    {
      "type": "Feature",
      "geometry": {
        "type": "Point",
        "coordinates": [
          34.8505542,
          32.2950621
        ]
      },
      "properties": {
        "store_code": "car_981",
        "store_name": "מגה אזורים נתניה",
        "chainname": "קרפור",
        "subchainname": "מגה",
        "storeid": null,
        "address": "14 גרינבאום יצחק",
        "city": "נתניה",
        "zipcode": 4246514.0,
        "average_price_diff": 9.065860707553037,
        "popular_item_count": 7443
      }
    },
    {
      "type": "Feature",
      "geometry": {
        "type": "Point",
        "coordinates": [
          35.2334266,
          30.6567034
        ]
      },
      "properties": {
        "store_code": "mah_011",
        "store_name": "11  עין יהב",
        "chainname": "מחסני השוק",
        "subchainname": "מחסני השוק בסיטי",
        "storeid": 11.0,
        "address": "ד.נ.ערבה 86820",
        "city": "עין יהב",
        "zipcode": null,
        "average_price_diff": -0.7899653394658391,
        "popular_item_count": 4365
      }
    },
    {
      "type": "Feature",
      "geometry": {
        "type": "Point",
        "coordinates": [
          34.771617,
          31.245752
        ]
      },
      "properties": {
        "store_code": "mah_015",
        "store_name": "15  שכונה ט ב\"ש",
        "chainname": "מחסני השוק",
        "subchainname": "מחסני השוק בסיטי",
        "storeid": 15.0,
        "address": "שד` ירושלים 10",
        "city": "באר שבע",
        "zipcode": null,
        "average_price_diff": -1.7551182399687015,
        "popular_item_count": 6143
      }
    },
    {
      "type": "Feature",
      "geometry": {
        "type": "Point",
        "coordinates": [
          34.7796984,
          31.2509597
        ]
      },
      "properties": {
        "store_code": "mah_016",
        "store_name": "16 יעלים ב\"ש",
        "chainname": "מחסני השוק",
        "subchainname": "מחסני השוק בסיטי",
        "storeid": 16.0,
        "address": " ",
        "city": "באר שבע",
        "zipcode": null,
        "average_price_diff": -3.3756587419704283,
        "popular_item_count": 4381
      }
    },
    {
      "type": "Feature",
      "geometry": {
        "type": "Point",
        "coordinates": [
          35.3186256,
          32.7035785
        ]
      },
      "properties": {
        "store_code": "mah_018",
        "store_name": "18 נוף הגליל",
        "chainname": "מחסני השוק",
        "subchainname": "מחסני השוק",
        "storeid": 18.0,
        "address": " ",
        "city": "נוף הגליל",
        "zipcode": null,
        "average_price_diff": -5.724093348705229,
        "popular_item_count": 6702
      }
    },
    {
      "type": "Feature",
      "geometry": {
        "type": "Point",
        "coordinates": [
          34.8092845,
          31.3733931
        ]
      },
      "properties": {
        "store_code": "mah_020",
        "store_name": "20 להבים",
        "chainname": "מחסני השוק",
        "subchainname": "מחסני השוק",
        "storeid": 20.0,
        "address": "מרכז מסחרי להבים ",
        "city": "להבים",
        "zipcode": null,
        "average_price_diff": -5.800825714357889,
        "popular_item_count": 6715
      }
    },
    {
      "type": "Feature",
      "geometry": {
        "type": "Point",
        "coordinates": [
          34.8041813,
          31.2804515
        ]
      },
      "properties": {
        "store_code": "mah_026",
        "store_name": "26  רמות- ב\"ש",
        "chainname": "מחסני השוק",
        "subchainname": "מחסני השוק בסיטי",
        "storeid": 26.0,
        "address": "מנחם דידנר 18",
        "city": "באר שבע",
        "zipcode": null,
        "average_price_diff": -2.4656175537500316,
        "popular_item_count": 4744
      }
    },
    {
      "type": "Feature",
      "geometry": {
        "type": "Point",
        "coordinates": [
          34.768057,
          31.23426599999999
        ]
      },
      "properties": {
        "store_code": "mah_030",
        "store_name": "30 נווה זאב- ב\"ש",
        "chainname": "מחסני השוק",
        "subchainname": "מחסני השוק בסיטי",
        "storeid": 30.0,
        "address": "מאפו 7",
        "city": "באר שבע",
        "zipcode": null,
        "average_price_diff": -0.7376657184180413,
        "popular_item_count": 4452
      }
    },
    {
      "type": "Feature",
      "geometry": {
        "type": "Point",
        "coordinates": [
          35.1450494,
          33.0754389
        ]
      },
      "properties": {
        "store_code": "mah_035",
        "store_name": "35 שלומי",
        "chainname": "מחסני השוק",
        "subchainname": "מחסני השוק בסיטי",
        "storeid": 35.0,
        "address": "ההשראה 2",
        "city": "שלומי",
        "zipcode": null,
        "average_price_diff": -3.593776327334267,
        "popular_item_count": 4559
      }
    },
    {
      "type": "Feature",
      "geometry": {
        "type": "Point",
        "coordinates": [
          35.317284101725456,
          32.621521714497554
        ]
      },
      "properties": {
        "store_code": "mah_036",
        "store_name": "36 עפולה ביהח העמק",
        "chainname": "מחסני השוק",
        "subchainname": "מחסני השוק בסיטי",
        "storeid": 36.0,
        "address": "יצחק רבין 21",
        "city": "פרדס חנה כרכור",
        "zipcode": 1834111.0,
        "average_price_diff": -6.6552967531781935,
        "popular_item_count": 2256
      }
    },
    {
      "type": "Feature",
      "geometry": {
        "type": "Point",
        "coordinates": [
          34.6247327,
          31.3152192
        ]
      },
      "properties": {
        "store_code": "mah_040",
        "store_name": "40 אופקים",
        "chainname": "מחסני השוק",
        "subchainname": "מחסני השוק",
        "storeid": 40.0,
        "address": "יהדות דרום אפריקה 14",
        "city": "אופקים",
        "zipcode": 87573.0,
        "average_price_diff": -5.7628760737454146,
        "popular_item_count": 6509
      }
    },
    {
      "type": "Feature",
      "geometry": {
        "type": "Point",
        "coordinates": [
          34.62468190467515,
          31.315346322776204
        ]
      },
      "properties": {
        "store_code": "mah_041",
        "store_name": "41 אופקים אזור תעשיה",
        "chainname": "מחסני השוק",
        "subchainname": "מחסני השוק",
        "storeid": 41.0,
        "address": "שדרות יהדות דרום אפריקה 14",
        "city": "אופקים",
        "zipcode": 0.0,
        "average_price_diff": -6.1537239535760175,
        "popular_item_count": 3755
      }
    },
    {
      "type": "Feature",
      "geometry": {
        "type": "Point",
        "coordinates": [
          35.2152179,
          31.26125469999999
        ]
      },
      "properties": {
        "store_code": "mah_044",
        "store_name": "44 ערד",
        "chainname": "מחסני השוק",
        "subchainname": "מחסני השוק",
        "storeid": null,
        "address": "שמיר 5",
        "city": "ערד",
        "zipcode": null,
        "average_price_diff": -5.362652305280396,
        "popular_item_count": 6208
      }
    },
    {
      "type": "Feature",
      "geometry": {
        "type": "Point",
        "coordinates": [
          35.0067509528218,
          31.375119581811
        ]
      },
      "properties": {
        "store_code": "mah_045",
        "store_name": "45 מיתרים",
        "chainname": "מחסני השוק",
        "subchainname": "מחסני השוק בסיטי",
        "storeid": 45.0,
        "address": "אזור תעשיה הר חרמ 1",
        "city": "מיתרים",
        "zipcode": null,
        "average_price_diff": -1.8302217287154312,
        "popular_item_count": 4480
      }
    },
    {
      "type": "Feature",
      "geometry": {
        "type": "Point",
        "coordinates": [
          34.7867691,
          31.2521018
        ]
      },
      "properties": {
        "store_code": "mah_050",
        "store_name": "50 רד\"ק- ב\"ש",
        "chainname": "מחסני השוק",
        "subchainname": "מחסני השוק בסיטי",
        "storeid": 50.0,
        "address": "רחבת רד\"ק 28",
        "city": "באר שבע",
        "zipcode": null,
        "average_price_diff": -1.2854284420237887,
        "popular_item_count": 3976
      }
    },
    {
      "type": "Feature",
      "geometry": {
        "type": "Point",
        "coordinates": [
          35.0406357,
          32.7785192
        ]
      },
      "properties": {
        "store_code": "mah_051",
        "store_name": "51 חיפה - נשר",
        "chainname": "מחסני השוק",
        "subchainname": "מחסני השוק",
        "storeid": 51.0,
        "address": "דרך בר יהודה http 147",
        "city": "נשר",
        "zipcode": null,
        "average_price_diff": -5.988151502022437,
        "popular_item_count": 5948
      }
    },
    {
      "type": "Feature",
      "geometry": {
        "type": "Point",
        "coordinates": [
          35.0209953,
          31.8991267
        ]
      },
      "properties": {
        "store_code": "mah_052",
        "store_name": "52 מודיעין",
        "chainname": "מחסני השוק",
        "subchainname": "מחסני השוק בסיטי",
        "storeid": 52.0,
        "address": "עמק דותן 24",
        "city": "מודיעין מכבים רעות",
        "zipcode": null,
        "average_price_diff": -2.7201684181573693,
        "popular_item_count": 5060
      }
    },
    {
      "type": "Feature",
      "geometry": {
        "type": "Point",
        "coordinates": [
          34.8215989,
          31.8981815
        ]
      },
      "properties": {
        "store_code": "mah_054",
        "store_name": "54 רחובות - הנשיא",
        "chainname": "מחסני השוק",
        "subchainname": "מחסני השוק בסיטי",
        "storeid": 54.0,
        "address": " ",
        "city": "רחובות",
        "zipcode": null,
        "average_price_diff": -1.0391361471922202,
        "popular_item_count": 4132
      }
    },
    {
      "type": "Feature",
      "geometry": {
        "type": "Point",
        "coordinates": [
          34.8241596,
          31.792365
        ]
      },
      "properties": {
        "store_code": "mah_055",
        "store_name": "55  יד בנימין",
        "chainname": "מחסני השוק",
        "subchainname": "מחסני השוק בסיטי",
        "storeid": 55.0,
        "address": "מרכז מסחרי 1",
        "city": "יד בנימין",
        "zipcode": null,
        "average_price_diff": -3.718992238327671,
        "popular_item_count": 4620
      }
    },
    {
      "type": "Feature",
      "geometry": {
        "type": "Point",
        "coordinates": [
          34.8183187,
          31.2543238
        ]
      },
      "properties": {
        "store_code": "mah_058",
        "store_name": "58 סניף אורגים- ב\"ש",
        "chainname": "מחסני השוק",
        "subchainname": "מחסני השוק",
        "storeid": 58.0,
        "address": "האורגים http://ww 1",
        "city": "באר שבע",
        "zipcode": null,
        "average_price_diff": -4.9318199654456105,
        "popular_item_count": 8719
      }
    },
    {
      "type": "Feature",
      "geometry": {
        "type": "Point",
        "coordinates": [
          35.1045404,
          32.6592962
        ]
      },
      "properties": {
        "store_code": "mah_059",
        "store_name": "59 יקנעם",
        "chainname": "מחסני השוק",
        "subchainname": "מחסני השוק",
        "storeid": 59.0,
        "address": "התמר 1",
        "city": "יקנעם",
        "zipcode": null,
        "average_price_diff": -6.101245684802284,
        "popular_item_count": 5048
      }
    },
    {
      "type": "Feature",
      "geometry": {
        "type": "Point",
        "coordinates": [
          35.020142038359246,
          31.060612403611987
        ]
      },
      "properties": {
        "store_code": "mah_060",
        "store_name": "60 דימונה",
        "chainname": "מחסני השוק",
        "subchainname": "מחסני השוק",
        "storeid": 60.0,
        "address": "מרכז פרץ סנטר ",
        "city": "דימונה",
        "zipcode": null,
        "average_price_diff": -5.526036914573007,
        "popular_item_count": 7297
      }
    },
    {
      "type": "Feature",
      "geometry": {
        "type": "Point",
        "coordinates": [
          35.03529194277279,
          31.060269211788118
        ]
      },
      "properties": {
        "store_code": "mah_061",
        "store_name": "61 דימונה ממשית",
        "chainname": "מחסני השוק",
        "subchainname": "מחסני השוק",
        "storeid": null,
        "address": "תל לכיש 6",
        "city": "דימונה",
        "zipcode": null,
        "average_price_diff": -6.111786446506804,
        "popular_item_count": 4944
      }
    },
    {
      "type": "Feature",
      "geometry": {
        "type": "Point",
        "coordinates": [
          35.1053976,
          32.8125999
        ]
      },
      "properties": {
        "store_code": "mah_065",
        "store_name": "65 קרית אתא",
        "chainname": "מחסני השוק",
        "subchainname": "מחסני השוק בסיטי",
        "storeid": 65.0,
        "address": "חנקין 1",
        "city": "קרית אתא",
        "zipcode": 28212.0,
        "average_price_diff": -2.7467511322318443,
        "popular_item_count": 4483
      }
    },
    {
      "type": "Feature",
      "geometry": {
        "type": "Point",
        "coordinates": [
          35.008912,
          32.197318
        ]
      },
      "properties": {
        "store_code": "mah_066",
        "store_name": "66 צופים",
        "chainname": "מחסני השוק",
        "subchainname": "מחסני השוק בסיטי",
        "storeid": 66.0,
        "address": " ",
        "city": "צופים",
        "zipcode": null,
        "average_price_diff": -1.1537768669412403,
        "popular_item_count": 3137
      }
    },
    {
      "type": "Feature",
      "geometry": {
        "type": "Point",
        "coordinates": [
          34.63994849453074,
          31.793440697338085
        ]
      },
      "properties": {
        "store_code": "mah_071",
        "store_name": "71 קריית מלאכי",
        "chainname": "מחסני השוק",
        "subchainname": "מחסני השוק בסיטי",
        "storeid": 71.0,
        "address": "צה\"ל 1",
        "city": "קרית מלאכי",
        "zipcode": null,
        "average_price_diff": -2.208202237248324,
        "popular_item_count": 4574
      }
    },
    {
      "type": "Feature",
      "geometry": {
        "type": "Point",
        "coordinates": [
          34.66238003685925,
          31.800443512273272
        ]
      },
      "properties": {
        "store_code": "mah_072",
        "store_name": "72 הפלמח (ג) אשדוד",
        "chainname": "מחסני השוק",
        "subchainname": "מחסני השוק מהדרין",
        "storeid": 72.0,
        "address": "הפלמ\"ח 20",
        "city": "אשדוד",
        "zipcode": 77376.0,
        "average_price_diff": -5.024783094214073,
        "popular_item_count": 4352
      }
    },
    {
      "type": "Feature",
      "geometry": {
        "type": "Point",
        "coordinates": [
          35.5318199,
          32.7895736
        ]
      },
      "properties": {
        "store_code": "mah_075",
        "store_name": "75 טבריה הדר",
        "chainname": "מחסני השוק",
        "subchainname": "מחסני השוק",
        "storeid": 75.0,
        "address": "יהודה הלוי 113",
        "city": "טבריה",
        "zipcode": 14246.0,
        "average_price_diff": -5.524071059911578,
        "popular_item_count": 4765
      }
    },
    {
      "type": "Feature",
      "geometry": {
        "type": "Point",
        "coordinates": [
          35.495997,
          32.964648
        ]
      },
      "properties": {
        "store_code": "mah_076",
        "store_name": "76 צפת",
        "chainname": "מחסני השוק",
        "subchainname": "מחסני השוק",
        "storeid": 76.0,
        "address": "לוחמי הגטאות 1",
        "city": "צפת",
        "zipcode": 13401.0,
        "average_price_diff": -5.30449825197919,
        "popular_item_count": 5712
      }
    },
    {
      "type": "Feature",
      "geometry": {
        "type": "Point",
        "coordinates": [
          34.7729873,
          31.6022033
        ]
      },
      "properties": {
        "store_code": "mah_077",
        "store_name": "77 קרית גת",
        "chainname": "מחסני השוק",
        "subchainname": "מחסני השוק",
        "storeid": 77.0,
        "address": "דרך הדרום http:// 1",
        "city": "קרית גת",
        "zipcode": 82021.0,
        "average_price_diff": -5.586864664371274,
        "popular_item_count": 6067
      }
    },
    {
      "type": "Feature",
      "geometry": {
        "type": "Point",
        "coordinates": [
          35.1177985,
          31.6543398
        ]
      },
      "properties": {
        "store_code": "mah_078",
        "store_name": "78 כפר עציון",
        "chainname": "מחסני השוק",
        "subchainname": "מחסני השוק",
        "storeid": 78.0,
        "address": " ",
        "city": "כפר עציון",
        "zipcode": null,
        "average_price_diff": -5.483851525714485,
        "popular_item_count": 4604
      }
    },
    {
      "type": "Feature",
      "geometry": {
        "type": "Point",
        "coordinates": [
          34.7834716,
          31.2487005
        ]
      },
      "properties": {
        "store_code": "mah_080",
        "store_name": "80 המשחררים-ב\"ש",
        "chainname": "מחסני השוק",
        "subchainname": "מחסני השוק בסיטי",
        "storeid": 80.0,
        "address": "דרך המשחררים 100",
        "city": "באר שבע",
        "zipcode": null,
        "average_price_diff": 1.6467538057991695,
        "popular_item_count": 141
      }
    },
    {
      "type": "Feature",
      "geometry": {
        "type": "Point",
        "coordinates": [
          34.78035,
          31.2596827
        ]
      },
      "properties": {
        "store_code": "mah_081",
        "store_name": "81 מבצע עובדה- ב\"ש",
        "chainname": "מחסני השוק",
        "subchainname": "מחסני השוק בסיטי",
        "storeid": 81.0,
        "address": "מבצע עובדה 2",
        "city": "באר שבע",
        "zipcode": null,
        "average_price_diff": -0.6590050040795093,
        "popular_item_count": 4205
      }
    },
    {
      "type": "Feature",
      "geometry": {
        "type": "Point",
        "coordinates": [
          34.778129334671746,
          31.267850394480696
        ]
      },
      "properties": {
        "store_code": "mah_082",
        "store_name": "82 קריה חרדית מהדרין ב\"ש",
        "chainname": "מחסני השוק",
        "subchainname": "מחסני השוק",
        "storeid": 82.0,
        "address": "טולדנו 12",
        "city": "באר שבע",
        "zipcode": 8452311.0,
        "average_price_diff": -5.1137060023799705,
        "popular_item_count": 5751
      }
    },
    {
      "type": "Feature",
      "geometry": {
        "type": "Point",
        "coordinates": [
          34.8469088,
          32.077607
        ]
      },
      "properties": {
        "store_code": "mah_083",
        "store_name": "83 גבעת שמואל",
        "chainname": "מחסני השוק",
        "subchainname": "מחסני השוק בסיטי",
        "storeid": 83.0,
        "address": " ",
        "city": "גבעת שמואל",
        "zipcode": null,
        "average_price_diff": -1.4589389362532297,
        "popular_item_count": 2749
      }
    },
    {
      "type": "Feature",
      "geometry": {
        "type": "Point",
        "coordinates": [
          34.8211636,
          32.0903051
        ]
      },
      "properties": {
        "store_code": "mah_091",
        "store_name": "91 זבוטינסקי- ת\"א",
        "chainname": "מחסני השוק",
        "subchainname": "מחסני השוק בסיטי",
        "storeid": 91.0,
        "address": "ז`בוטינסקי 128",
        "city": "רמת גן",
        "zipcode": 52602.0,
        "average_price_diff": -0.5530695521217307,
        "popular_item_count": 3485
      }
    },
    {
      "type": "Feature",
      "geometry": {
        "type": "Point",
        "coordinates": [
          34.9588279,
          29.5712356
        ]
      },
      "properties": {
        "store_code": "mah_098",
        "store_name": "98 אילת",
        "chainname": "מחסני השוק",
        "subchainname": "מחסני השוק",
        "storeid": 98.0,
        "address": "הספן 1",
        "city": "אילת",
        "zipcode": null,
        "average_price_diff": -18.81352394561529,
        "popular_item_count": 6477
      }
    },
    {
      "type": "Feature",
      "geometry": {
        "type": "Point",
        "coordinates": [
          35.1885692,
          31.7804105
        ]
      },
      "properties": {
        "store_code": "mah_202",
        "store_name": "202 בית הכרם ירושלים",
        "chainname": "מחסני השוק",
        "subchainname": "מחסני השוק בשבילך",
        "storeid": 202.0,
        "address": "כיכר דניה 1",
        "city": "ירושלים",
        "zipcode": null,
        "average_price_diff": 1.0134569946333116,
        "popular_item_count": 6168
      }
    },
    {
      "type": "Feature",
      "geometry": {
        "type": "Point",
        "coordinates": [
          35.2089708,
          31.766256
        ]
      },
      "properties": {
        "store_code": "mah_203",
        "store_name": "203 הפלמ\"ח ירושלים",
        "chainname": "מחסני השוק",
        "subchainname": "מחסני השוק בשבילך",
        "storeid": 203.0,
        "address": "הפלמח 42",
        "city": "ירושלים",
        "zipcode": null,
        "average_price_diff": 0.8406903334491466,
        "popular_item_count": 5398
      }
    },
    {
      "type": "Feature",
      "geometry": {
        "type": "Point",
        "coordinates": [
          35.16596771028976,
          31.75671343154569
        ]
      },
      "properties": {
        "store_code": "mah_205",
        "store_name": "205 קרית מנחם ירושלים",
        "chainname": "מחסני השוק",
        "subchainname": "מחסני השוק בשבילך",
        "storeid": 205.0,
        "address": "דהומי 6",
        "city": "ירושלים",
        "zipcode": null,
        "average_price_diff": 1.499708662243961,
        "popular_item_count": 3226
      }
    },
    {
      "type": "Feature",
      "geometry": {
        "type": "Point",
        "coordinates": [
          35.14872410987831,
          31.867021509040047
        ]
      },
      "properties": {
        "store_code": "mah_207",
        "store_name": "207 גבעת זאב- ירושלים",
        "chainname": "מחסני השוק",
        "subchainname": "מחסני השוק בשבילך",
        "storeid": 207.0,
        "address": "מרכז מסחרי 1",
        "city": "גבעת זאב",
        "zipcode": null,
        "average_price_diff": 0.9211413881524678,
        "popular_item_count": 4059
      }
    },
    {
      "type": "Feature",
      "geometry": {
        "type": "Point",
        "coordinates": [
          35.23439430814793,
          31.838138170183
        ]
      },
      "properties": {
        "store_code": "mah_211",
        "store_name": "211 פסגת זאב ירושלים",
        "chainname": "מחסני השוק",
        "subchainname": "מחסני השוק בשבילך",
        "storeid": 211.0,
        "address": "שדרקות משה דיין 1",
        "city": "ירושלים",
        "zipcode": null,
        "average_price_diff": 1.2096014445463448,
        "popular_item_count": 4177
      }
    },
    {
      "type": "Feature",
      "geometry": {
        "type": "Point",
        "coordinates": [
          35.236047,
          31.749309
        ]
      },
      "properties": {
        "store_code": "mah_212",
        "store_name": "212 תלפיות מזרח ירושלים",
        "chainname": "מחסני השוק",
        "subchainname": "מחסני השוק בשבילך",
        "storeid": 212.0,
        "address": "דב גרונר מרכז מסח 2",
        "city": "ירושלים",
        "zipcode": null,
        "average_price_diff": 0.6546262018026423,
        "popular_item_count": 4302
      }
    },
    {
      "type": "Feature",
      "geometry": {
        "type": "Point",
        "coordinates": [
          35.238607,
          31.805577
        ]
      },
      "properties": {
        "store_code": "mah_217",
        "store_name": "217 גבעת שפירא ירושלים",
        "chainname": "מחסני השוק",
        "subchainname": "מחסני השוק בשבילך",
        "storeid": 217.0,
        "address": "ההגנה 19",
        "city": "ירושלים",
        "zipcode": 97851.0,
        "average_price_diff": 0.9322785555161861,
        "popular_item_count": 5036
      }
    },
    {
      "type": "Feature",
      "geometry": {
        "type": "Point",
        "coordinates": [
          35.240681481028304,
          31.84122226967315
        ]
      },
      "properties": {
        "store_code": "mah_218",
        "store_name": "218 נווה יעקב ירושלים",
        "chainname": "מחסני השוק",
        "subchainname": "מחסני השוק מהדרין",
        "storeid": 218.0,
        "address": "מרכז מסחרי נווה י 1",
        "city": "ירושלים",
        "zipcode": null,
        "average_price_diff": -0.06184497966389586,
        "popular_item_count": 3930
      }
    },
    {
      "type": "Feature",
      "geometry": {
        "type": "Point",
        "coordinates": [
          35.206462,
          31.76146
        ]
      },
      "properties": {
        "store_code": "mah_220",
        "store_name": "220 גבעת אורנים ירושלים",
        "chainname": "מחסני השוק",
        "subchainname": "מחסני השוק בשבילך",
        "storeid": 220.0,
        "address": "שי עגנון 20",
        "city": "ירושלים",
        "zipcode": null,
        "average_price_diff": -0.31185640047275487,
        "popular_item_count": 4859
      }
    },
    {
      "type": "Feature",
      "geometry": {
        "type": "Point",
        "coordinates": [
          35.1660279,
          31.756478
        ]
      },
      "properties": {
        "store_code": "mah_222",
        "store_name": "222 וולפסון ירושלים",
        "chainname": "מחסני השוק",
        "subchainname": "מחסני השוק בשבילך",
        "storeid": 222.0,
        "address": " ",
        "city": "ירושלים",
        "zipcode": null,
        "average_price_diff": 1.795296541550592,
        "popular_item_count": 5152
      }
    },
    {
      "type": "Feature",
      "geometry": {
        "type": "Point",
        "coordinates": [
          35.245497,
          31.819819
        ]
      },
      "properties": {
        "store_code": "mah_223",
        "store_name": "223 פסגת זאב מזרח ירושלים",
        "chainname": "מחסני השוק",
        "subchainname": "מחסני השוק בשבילך",
        "storeid": 223.0,
        "address": "מאיר גרשון פ.יוסף 3/1",
        "city": "ירושלים",
        "zipcode": null,
        "average_price_diff": 1.3126338535164837,
        "popular_item_count": 5456
      }
    },
    {
      "type": "Feature",
      "geometry": {
        "type": "Point",
        "coordinates": [
          34.9980728,
          31.9073565
        ]
      },
      "properties": {
        "store_code": "mah_230",
        "store_name": "230 קייזר מודיעין בשבילך",
        "chainname": "מחסני השוק",
        "subchainname": "מחסני השוק בשבילך",
        "storeid": 230.0,
        "address": "גינת זבולון קייזר 24",
        "city": "מודיעין מכבים רעות",
        "zipcode": null,
        "average_price_diff": 1.5123712189887646,
        "popular_item_count": 4912
      }
    },
    {
      "type": "Feature",
      "geometry": {
        "type": "Point",
        "coordinates": [
          35.070244,
          32.851004
        ]
      },
      "properties": {
        "store_code": "mah_238",
        "store_name": "238 קריית ים שרת",
        "chainname": "מחסני השוק",
        "subchainname": "מחסני השוק בשבילך",
        "storeid": 238.0,
        "address": "משה שרת 2",
        "city": "קרית ים",
        "zipcode": null,
        "average_price_diff": 1.3137755224142367,
        "popular_item_count": 3566
      }
    },
    {
      "type": "Feature",
      "geometry": {
        "type": "Point",
        "coordinates": [
          35.690649,
          32.9938584
        ]
      },
      "properties": {
        "store_code": "mah_239",
        "store_name": "239 קצרין",
        "chainname": "מחסני השוק",
        "subchainname": "מחסני השוק בשבילך",
        "storeid": 239.0,
        "address": "קניון לב קצרין 1",
        "city": "קצרין",
        "zipcode": null,
        "average_price_diff": 0.9988810780948018,
        "popular_item_count": 4097
      }
    },
    {
      "type": "Feature",
      "geometry": {
        "type": "Point",
        "coordinates": [
          35.1605834,
          31.75494
        ]
      },
      "properties": {
        "store_code": "mah_241",
        "store_name": "241 אורה -ירושלים",
        "chainname": "מחסני השוק",
        "subchainname": "מחסני השוק בשבילך",
        "storeid": 241.0,
        "address": "הנריטה סולד 1",
        "city": "ירושלים",
        "zipcode": null,
        "average_price_diff": 1.387823564235425,
        "popular_item_count": 5263
      }
    },
    {
      "type": "Feature",
      "geometry": {
        "type": "Point",
        "coordinates": [
          35.152073,
          31.6570062
        ]
      },
      "properties": {
        "store_code": "mah_242",
        "store_name": "242 אפרת",
        "chainname": "מחסני השוק",
        "subchainname": "מחסני השוק בשבילך",
        "storeid": 242.0,
        "address": "מרכז מסחרי ג רחוב 1",
        "city": "אפרת",
        "zipcode": null,
        "average_price_diff": -3.0067030134314225,
        "popular_item_count": 2682
      }
    },
    {
      "type": "Feature",
      "geometry": {
        "type": "Point",
        "coordinates": [
          34.7350096,
          31.87535339999999
        ]
      },
      "properties": {
        "store_code": "mah_244",
        "store_name": "244 יבנה",
        "chainname": "מחסני השוק",
        "subchainname": "מחסני השוק בשבילך",
        "storeid": 244.0,
        "address": "האגוז 2",
        "city": "יבנה",
        "zipcode": null,
        "average_price_diff": -0.8619013868928782,
        "popular_item_count": 3183
      }
    },
    {
      "type": "Feature",
      "geometry": {
        "type": "Point",
        "coordinates": [
          34.7848455,
          31.80367499999999
        ]
      },
      "properties": {
        "store_code": "mah_245",
        "store_name": "245 גדרה",
        "chainname": "מחסני השוק",
        "subchainname": "מחסני השוק בשבילך",
        "storeid": 245.0,
        "address": "מנחם בגין 40",
        "city": "גדרה",
        "zipcode": null,
        "average_price_diff": 1.7656137663615012,
        "popular_item_count": 8527
      }
    },
    {
      "type": "Feature",
      "geometry": {
        "type": "Point",
        "coordinates": [
          34.845049,
          32.29564
        ]
      },
      "properties": {
        "store_code": "mah_246",
        "store_name": "246 חפץ חיים נתניה",
        "chainname": "מחסני השוק",
        "subchainname": "מחסני השוק בשבילך",
        "storeid": 246.0,
        "address": "חפץ חיים 4",
        "city": "נתניה",
        "zipcode": null,
        "average_price_diff": 1.3877145019674861,
        "popular_item_count": 3604
      }
    },
    {
      "type": "Feature",
      "geometry": {
        "type": "Point",
        "coordinates": [
          34.85369215470922,
          32.2833633823406
        ]
      },
      "properties": {
        "store_code": "mah_247",
        "store_name": "247 לב יסמין נתניה",
        "chainname": "מחסני השוק",
        "subchainname": "מחסני השוק בשבילך",
        "storeid": 247.0,
        "address": "פנחס ליבון 18",
        "city": "נתניה",
        "zipcode": null,
        "average_price_diff": 1.4801315413870375,
        "popular_item_count": 4279
      }
    },
    {
      "type": "Feature",
      "geometry": {
        "type": "Point",
        "coordinates": [
          35.3255424,
          32.6309394
        ]
      },
      "properties": {
        "store_code": "mah_250",
        "store_name": "250 עפולה מחסני השוק",
        "chainname": "מחסני השוק",
        "subchainname": "מחסני השוק בסיטי",
        "storeid": 250.0,
        "address": "קפלן 10",
        "city": "עפולה",
        "zipcode": null,
        "average_price_diff": -1.731908925434059,
        "popular_item_count": 7505
      }
    },
    {
      "type": "Feature",
      "geometry": {
        "type": "Point",
        "coordinates": [
          34.6552344,
          31.7920608
        ]
      },
      "properties": {
        "store_code": "mah_260",
        "store_name": "260 אשדוד דב גור",
        "chainname": "מחסני השוק",
        "subchainname": "מחסני השוק בשבילך",
        "storeid": 260.0,
        "address": "דב גור 27",
        "city": "אשדוד",
        "zipcode": null,
        "average_price_diff": 1.7161179192778002,
        "popular_item_count": 3516
      }
    },
    {
      "type": "Feature",
      "geometry": {
        "type": "Point",
        "coordinates": [
          34.79458462152449,
          31.963084507575793
        ]
      },
      "properties": {
        "store_code": "mah_261",
        "store_name": "261 ראשל\"צ",
        "chainname": "מחסני השוק",
        "subchainname": "מחסני השוק בשבילך",
        "storeid": 261.0,
        "address": "השדה 12",
        "city": "ראשון לציון",
        "zipcode": null,
        "average_price_diff": 1.0696807708240534,
        "popular_item_count": 3120
      }
    },
    {
      "type": "Feature",
      "geometry": {
        "type": "Point",
        "coordinates": [
          34.85523069548115,
          32.31999235476718
        ]
      },
      "properties": {
        "store_code": "mah_262",
        "store_name": "262 ויצמן נתניה",
        "chainname": "מחסני השוק",
        "subchainname": "מחסני השוק בשבילך",
        "storeid": 262.0,
        "address": "הרצוג 23",
        "city": "נתניה",
        "zipcode": null,
        "average_price_diff": 1.5001527503721341,
        "popular_item_count": 4250
      }
    },
    {
      "type": "Feature",
      "geometry": {
        "type": "Point",
        "coordinates": [
          34.8534622,
          32.283226
        ]
      },
      "properties": {
        "store_code": "mah_263",
        "store_name": "263 בנימין נתניה",
        "chainname": "מחסני השוק",
        "subchainname": "מחסני השוק בשבילך",
        "storeid": 263.0,
        "address": "שדרות בנימין 60",
        "city": "נתניה",
        "zipcode": null,
        "average_price_diff": 1.4826743537020044,
        "popular_item_count": 4799
      }
    },
    {
      "type": "Feature",
      "geometry": {
        "type": "Point",
        "coordinates": [
          34.847958303019254,
          32.274935224934374
        ]
      },
      "properties": {
        "store_code": "mah_264",
        "store_name": "264 פולג נתניה",
        "chainname": "מחסני השוק",
        "subchainname": "מחסני השוק בשבילך",
        "storeid": 264.0,
        "address": "אמנון ותמר 6",
        "city": "נתניה",
        "zipcode": null,
        "average_price_diff": 0.5595064090079785,
        "popular_item_count": 3952
      }
    },
    {
      "type": "Feature",
      "geometry": {
        "type": "Point",
        "coordinates": [
          34.821684239149995,
          31.898435209318382
        ]
      },
      "properties": {
        "store_code": "mah_265",
        "store_name": "265 רחובות - גורודצקי",
        "chainname": "מחסני השוק",
        "subchainname": "מחסני השוק בשבילך",
        "storeid": 265.0,
        "address": "גורודסקי 51",
        "city": "רחובות",
        "zipcode": null,
        "average_price_diff": 0.8777578255979258,
        "popular_item_count": 4351
      }
    },
    {
      "type": "Feature",
      "geometry": {
        "type": "Point",
        "coordinates": [
          35.09893890000001,
          31.7130181
        ]
      },
      "properties": {
        "store_code": "mah_267",
        "store_name": "267 צור הדסה-ירושלים",
        "chainname": "מחסני השוק",
        "subchainname": "מחסני השוק בשבילך",
        "storeid": 267.0,
        "address": "רכסים 2",
        "city": "צור הדסה",
        "zipcode": null,
        "average_price_diff": 0.971041710235294,
        "popular_item_count": 4442
      }
    },
    {
      "type": "Feature",
      "geometry": {
        "type": "Point",
        "coordinates": [
          35.1062362,
          33.0030477
        ]
      },
      "properties": {
        "store_code": "mah_268",
        "store_name": "268 נהריה מחסני השוק",
        "chainname": "מחסני השוק",
        "subchainname": "מחסני השוק בשבילך",
        "storeid": 268.0,
        "address": "הזמיר 63",
        "city": "נהריה",
        "zipcode": null,
        "average_price_diff": -0.6977559089086057,
        "popular_item_count": 3514
      }
    },
    {
      "type": "Feature",
      "geometry": {
        "type": "Point",
        "coordinates": [
          34.9474577,
          29.5502464
        ]
      },
      "properties": {
        "store_code": "mah_274",
        "store_name": "274 ברקת אילת מחסני השוק",
        "chainname": "מחסני השוק",
        "subchainname": "מחסני השוק בסיטי",
        "storeid": 274.0,
        "address": " ",
        "city": "אילת",
        "zipcode": null,
        "average_price_diff": -18.157798640958944,
        "popular_item_count": 4292
      }
    },
    {
      "type": "Feature",
      "geometry": {
        "type": "Point",
        "coordinates": [
          34.782646824255245,
          31.9845279685415
        ]
      },
      "properties": {
        "store_code": "mah_277",
        "store_name": "277 הראשונים ראשל\"צ",
        "chainname": "מחסני השוק",
        "subchainname": "מחסני השוק בשבילך",
        "storeid": 277.0,
        "address": "הנחשול 30",
        "city": "ראשון לציון",
        "zipcode": null,
        "average_price_diff": 1.0631352507285556,
        "popular_item_count": 4577
      }
    },
    {
      "type": "Feature",
      "geometry": {
        "type": "Point",
        "coordinates": [
          34.852049,
          32.3365629
        ]
      },
      "properties": {
        "store_code": "mah_289",
        "store_name": "289 ניצה  נתניה",
        "chainname": "מחסני השוק",
        "subchainname": "מחסני השוק בשבילך",
        "storeid": 289.0,
        "address": "שדרות ניצה 8",
        "city": "נתניה",
        "zipcode": null,
        "average_price_diff": 0.12718249146598068,
        "popular_item_count": 2362
      }
    },
    {
      "type": "Feature",
      "geometry": {
        "type": "Point",
        "coordinates": [
          35.2368042,
          32.6696574
        ]
      },
      "properties": {
        "store_code": "osh_001",
        "store_name": "מגדל העמק",
        "chainname": "אושר עד",
        "subchainname": "אושר עד",
        "storeid": 1.0,
        "address": "האיצטדיון 11",
        "city": "מגדל העמק",
        "zipcode": 2303401.0,
        "average_price_diff": -8.312487366695892,
        "popular_item_count": 6552
      }
    },
    {
      "type": "Feature",
      "geometry": {
        "type": "Point",
        "coordinates": [
          35.1828468,
          31.7852087
        ]
      },
      "properties": {
        "store_code": "osh_003",
        "store_name": "גבעת שאול",
        "chainname": "אושר עד",
        "subchainname": "אושר עד",
        "storeid": 3.0,
        "address": "בית הדפוס 29",
        "city": "ירושלים",
        "zipcode": 9548334.0,
        "average_price_diff": -7.7535366248974045,
        "popular_item_count": 6846
      }
    },
    {
      "type": "Feature",
      "geometry": {
        "type": "Point",
        "coordinates": [
          35.098291,
          32.8618235
        ]
      },
      "properties": {
        "store_code": "osh_005",
        "store_name": "קרית ביאליק",
        "chainname": "אושר עד",
        "subchainname": "אושר עד",
        "storeid": 5.0,
        "address": "הנס מולר 6, צור שלום",
        "city": "קרית ביאליק",
        "zipcode": 2751206.0,
        "average_price_diff": -7.139111427254693,
        "popular_item_count": 6566
      }
    },
    {
      "type": "Feature",
      "geometry": {
        "type": "Point",
        "coordinates": [
          34.7675852,
          31.8113771
        ]
      },
      "properties": {
        "store_code": "osh_006",
        "store_name": "כנות",
        "chainname": "אושר עד",
        "subchainname": "אושר עד",
        "storeid": 6.0,
        "address": "אדום 24 פארק התעשיות כנות",
        "city": "כנות",
        "zipcode": 7982500.0,
        "average_price_diff": -8.214542550656754,
        "popular_item_count": 6151
      }
    },
    {
      "type": "Feature",
      "geometry": {
        "type": "Point",
        "coordinates": [
          34.6635063,
          31.8123216
        ]
      },
      "properties": {
        "store_code": "osh_009",
        "store_name": "אשדוד",
        "chainname": "אושר עד",
        "subchainname": "אושר עד",
        "storeid": 9.0,
        "address": "בעלי המלאכה 4",
        "city": "אשדוד",
        "zipcode": 7761205.0,
        "average_price_diff": -8.814362542840486,
        "popular_item_count": 6672
      }
    },
    {
      "type": "Feature",
      "geometry": {
        "type": "Point",
        "coordinates": [
          34.8919915,
          32.1056568
        ]
      },
      "properties": {
        "store_code": "osh_010",
        "store_name": "פתח תקווה - סגולה",
        "chainname": "אושר עד",
        "subchainname": "אושר עד",
        "storeid": 10.0,
        "address": "בן ציון גליס 30",
        "city": "פתח תקווה",
        "zipcode": 4927930.0,
        "average_price_diff": -10.171380491910591,
        "popular_item_count": 6894
      }
    },
    {
      "type": "Feature",
      "geometry": {
        "type": "Point",
        "coordinates": [
          34.8300771,
          32.0989129
        ]
      },
      "properties": {
        "store_code": "osh_011",
        "store_name": "בני ברק",
        "chainname": "אושר עד",
        "subchainname": "אושר עד",
        "storeid": 11.0,
        "address": "הקישון 11",
        "city": "בני ברק",
        "zipcode": 5120314.0,
        "average_price_diff": -9.769335326638574,
        "popular_item_count": 6556
      }
    },
    {
      "type": "Feature",
      "geometry": {
        "type": "Point",
        "coordinates": [
          34.810774460109904,
          31.213135783007726
        ]
      },
      "properties": {
        "store_code": "osh_013",
        "store_name": "באר שבע",
        "chainname": "אושר עד",
        "subchainname": "אושר עד",
        "storeid": 13.0,
        "address": "הקוצר 15 אזור תעשיה עמק שרה",
        "city": "באר שבע",
        "zipcode": 8480904.0,
        "average_price_diff": -6.9902253432652905,
        "popular_item_count": 6502
      }
    },
    {
      "type": "Feature",
      "geometry": {
        "type": "Point",
        "coordinates": [
          34.914005,
          32.4493907
        ]
      },
      "properties": {
        "store_code": "osh_014",
        "store_name": "חדרה",
        "chainname": "אושר עד",
        "subchainname": "אושר עד",
        "storeid": 14.0,
        "address": "המסגר 22 אזה\"ת הצפוני",
        "city": "חדרה",
        "zipcode": 3850169.0,
        "average_price_diff": -7.441046627869982,
        "popular_item_count": 6484
      }
    },
    {
      "type": "Feature",
      "geometry": {
        "type": "Point",
        "coordinates": [
          34.990749,
          31.747651
        ]
      },
      "properties": {
        "store_code": "osh_016",
        "store_name": "בית שמש - גליל",
        "chainname": "אושר עד",
        "subchainname": "אושר עד",
        "storeid": 16.0,
        "address": "מורדי הגיטאות 6",
        "city": "בית שמש",
        "zipcode": 9958206.0,
        "average_price_diff": -8.099850884986182,
        "popular_item_count": 6802
      }
    },
    {
      "type": "Feature",
      "geometry": {
        "type": "Point",
        "coordinates": [
          35.1165733934329,
          31.704385684599483
        ]
      },
      "properties": {
        "store_code": "osh_018",
        "store_name": "ביתר עילית",
        "chainname": "אושר עד",
        "subchainname": "אושר עד",
        "storeid": 18.0,
        "address": "ביתר עילית",
        "city": "ביתר עילית",
        "zipcode": 0.0,
        "average_price_diff": -8.420219223193389,
        "popular_item_count": 6513
      }
    },
    {
      "type": "Feature",
      "geometry": {
        "type": "Point",
        "coordinates": [
          35.31467838100988,
          32.62501598837555
        ]
      },
      "properties": {
        "store_code": "osh_019",
        "store_name": "עפולה",
        "chainname": "אושר עד",
        "subchainname": "אושר עד",
        "storeid": 19.0,
        "address": "לסקוב",
        "city": "עפולה",
        "zipcode": 0.0,
        "average_price_diff": -10.356027551783153,
        "popular_item_count": 6263
      }
    },
    {
      "type": "Feature",
      "geometry": {
        "type": "Point",
        "coordinates": [
          34.8917808,
          31.9533935
        ]
      },
      "properties": {
        "store_code": "osh_020",
        "store_name": "לוד",
        "chainname": "אושר עד",
        "subchainname": "אושר עד",
        "storeid": 20.0,
        "address": "בת שבע 1 מתחם טלרד",
        "city": "לוד",
        "zipcode": 7120101.0,
        "average_price_diff": -6.752081102875849,
        "popular_item_count": 6436
      }
    },
    {
      "type": "Feature",
      "geometry": {
        "type": "Point",
        "coordinates": [
          34.597146,
          31.648125
        ]
      },
      "properties": {
        "store_code": "osh_022",
        "store_name": "אשקלון בת הדר",
        "chainname": "אושר עד",
        "subchainname": "אושר עד",
        "storeid": 22.0,
        "address": "בת הדר",
        "city": "אשקלון",
        "zipcode": 7910300.0,
        "average_price_diff": -6.869697251296578,
        "popular_item_count": 6188
      }
    },
    {
      "type": "Feature",
      "geometry": {
        "type": "Point",
        "coordinates": [
          34.8696287,
          32.3036425
        ]
      },
      "properties": {
        "store_code": "osh_023",
        "store_name": "נתניה",
        "chainname": "אושר עד",
        "subchainname": "אושר עד",
        "storeid": 23.0,
        "address": "שדרות תום לנטוס",
        "city": "נתניה",
        "zipcode": 4276019.0,
        "average_price_diff": -6.861134015300793,
        "popular_item_count": 6723
      }
    },
    {
      "type": "Feature",
      "geometry": {
        "type": "Point",
        "coordinates": [
          34.7936383,
          32.067096
        ]
      },
      "properties": {
        "store_code": "osh_024",
        "store_name": "תל אביב",
        "chainname": "אושר עד",
        "subchainname": "אושר עד",
        "storeid": 24.0,
        "address": "קרמינצקי 3",
        "city": "תל אביב יפו",
        "zipcode": 6789903.0,
        "average_price_diff": -7.212547255578448,
        "popular_item_count": 6508
      }
    },
    {
      "type": "Feature",
      "geometry": {
        "type": "Point",
        "coordinates": [
          34.8093139,
          31.9722597
        ]
      },
      "properties": {
        "store_code": "osh_025",
        "store_name": "ראשון לציון",
        "chainname": "אושר עד",
        "subchainname": "אושר עד",
        "storeid": 25.0,
        "address": "אצל 26",
        "city": "ראשון לציון",
        "zipcode": 7570630.0,
        "average_price_diff": -7.7469957020643605,
        "popular_item_count": 6373
      }
    },
    {
      "type": "Feature",
      "geometry": {
        "type": "Point",
        "coordinates": [
          35.213897,
          31.7534343
        ]
      },
      "properties": {
        "store_code": "osh_026",
        "store_name": "תלפיות",
        "chainname": "אושר עד",
        "subchainname": "אושר עד",
        "storeid": 26.0,
        "address": "פייר קניג 26 קניון הדר",
        "city": "ירושלים",
        "zipcode": 9346934.0,
        "average_price_diff": -7.540007572090184,
        "popular_item_count": 6905
      }
    },
    {
      "type": "Feature",
      "geometry": {
        "type": "Point",
        "coordinates": [
          35.208407,
          31.7947479
        ]
      },
      "properties": {
        "store_code": "osh_028",
        "store_name": "שמגר",
        "chainname": "אושר עד",
        "subchainname": "אושר עד",
        "storeid": 28.0,
        "address": "שמגר 16",
        "city": "ירושלים",
        "zipcode": 9446116.0,
        "average_price_diff": -8.317009114109917,
        "popular_item_count": 5972
      }
    },
    {
      "type": "Feature",
      "geometry": {
        "type": "Point",
        "coordinates": [
          35.0776785,
          32.8560183
        ]
      },
      "properties": {
        "store_code": "osh_029",
        "store_name": "קרית ים",
        "chainname": "אושר עד",
        "subchainname": "אושר עד",
        "storeid": 29.0,
        "address": "גולדה מאיר 2",
        "city": "קרית ים",
        "zipcode": 2905737.0,
        "average_price_diff": -6.6252117593748965,
        "popular_item_count": 6416
      }
    },
    {
      "type": "Feature",
      "geometry": {
        "type": "Point",
        "coordinates": [
          35.013511,
          32.8009038
        ]
      },
      "properties": {
        "store_code": "osh_030",
        "store_name": "חיפה",
        "chainname": "אושר עד",
        "subchainname": "אושר עד",
        "storeid": 30.0,
        "address": "דרך בר יהודה 31",
        "city": "חיפה",
        "zipcode": 3262724.0,
        "average_price_diff": -7.738276049495816,
        "popular_item_count": 6613
      }
    },
    {
      "type": "Feature",
      "geometry": {
        "type": "Point",
        "coordinates": [
          34.953063,
          32.18499
        ]
      },
      "properties": {
        "store_code": "osh_031",
        "store_name": "כפר סבא",
        "chainname": "אושר עד",
        "subchainname": "אושר עד",
        "storeid": 31.0,
        "address": "דרך הים 9",
        "city": "כפר סבא",
        "zipcode": 4418001.0,
        "average_price_diff": -9.111671983593595,
        "popular_item_count": 6719
      }
    },
    {
      "type": "Feature",
      "geometry": {
        "type": "Point",
        "coordinates": [
          34.864173,
          32.035023
        ]
      },
      "properties": {
        "store_code": "osh_032",
        "store_name": "קרית אונו",
        "chainname": "אושר עד",
        "subchainname": "אושר עד",
        "storeid": 32.0,
        "address": "שמירה אימבר גדיש 9",
        "city": "קרית אונו",
        "zipcode": 5510101.0,
        "average_price_diff": -6.976996830909294,
        "popular_item_count": 6678
      }
    },
    {
      "type": "Feature",
      "geometry": {
        "type": "Point",
        "coordinates": [
          35.2153716,
          31.7510508
        ]
      },
      "properties": {
        "store_code": "ram_002",
        "store_name": "בזק מחסני מזון",
        "chainname": "רמי לוי",
        "subchainname": "רמי לוי",
        "storeid": 2.0,
        "address": "יד חרוצים 18",
        "city": "ירושלים",
        "zipcode": 0.0,
        "average_price_diff": -9.563509792276244,
        "popular_item_count": 6915
      }
    },
    {
      "type": "Feature",
      "geometry": {
        "type": "Point",
        "coordinates": [
          35.1941519,
          31.8092121
        ]
      },
      "properties": {
        "store_code": "ram_003",
        "store_name": "רמי לוי בשכונה",
        "chainname": "רמי לוי",
        "subchainname": "רמי לוי",
        "storeid": 3.0,
        "address": "90 דרך החורש",
        "city": "ירושלים",
        "zipcode": 0.0,
        "average_price_diff": -10.104944207057482,
        "popular_item_count": 4198
      }
    },
    {
      "type": "Feature",
      "geometry": {
        "type": "Point",
        "coordinates": [
          35.2091884,
          31.7520269
        ]
      },
      "properties": {
        "store_code": "ram_005",
        "store_name": "רב מכר",
        "chainname": "רמי לוי",
        "subchainname": "רמי לוי",
        "storeid": 5.0,
        "address": "הפרסה 3",
        "city": "ירושלים",
        "zipcode": 0.0,
        "average_price_diff": -8.782394467040284,
        "popular_item_count": 8818
      }
    },
    {
      "type": "Feature",
      "geometry": {
        "type": "Point",
        "coordinates": [
          35.334513115197595,
          31.793032568625936
        ]
      },
      "properties": {
        "store_code": "ram_006",
        "store_name": "מישור אדומים",
        "chainname": "רמי לוי",
        "subchainname": "רמי לוי",
        "storeid": 6.0,
        "address": "איתם 1",
        "city": "מישור אדומים",
        "zipcode": 0.0,
        "average_price_diff": -8.773959038423287,
        "popular_item_count": 9400
      }
    },
    {
      "type": "Feature",
      "geometry": {
        "type": "Point",
        "coordinates": [
          35.1465644,
          31.7964782
        ]
      },
      "properties": {
        "store_code": "ram_007",
        "store_name": "מבשרת",
        "chainname": "רמי לוי",
        "subchainname": "רמי לוי",
        "storeid": 7.0,
        "address": "החוצבים 10",
        "city": "מבשרת ציון",
        "zipcode": 0.0,
        "average_price_diff": -8.572463150598582,
        "popular_item_count": 8556
      }
    },
    {
      "type": "Feature",
      "geometry": {
        "type": "Point",
        "coordinates": [
          35.2596698516709,
          31.8657346800454
        ]
      },
      "properties": {
        "store_code": "ram_008",
        "store_name": "שער בנימין",
        "chainname": "רמי לוי",
        "subchainname": "רמי לוי",
        "storeid": 8.0,
        "address": "מרכז מסחרי מטה בנמין",
        "city": "ירושלים",
        "zipcode": 0.0,
        "average_price_diff": -8.7144576147313,
        "popular_item_count": 8114
      }
    },
    {
      "type": "Feature",
      "geometry": {
        "type": "Point",
        "coordinates": [
          34.754139,
          31.7278229
        ]
      },
      "properties": {
        "store_code": "ram_009",
        "store_name": "קסיטנה",
        "chainname": "רמי לוי",
        "subchainname": "רמי לוי",
        "storeid": 9.0,
        "address": "א.ת באר טוביה",
        "city": "קרית מלאכי",
        "zipcode": 0.0,
        "average_price_diff": -8.879343464761384,
        "popular_item_count": 8665
      }
    },
    {
      "type": "Feature",
      "geometry": {
        "type": "Point",
        "coordinates": [
          35.014572,
          31.921173
        ]
      },
      "properties": {
        "store_code": "ram_010",
        "store_name": "מודיעין חדש",
        "chainname": "רמי לוי",
        "subchainname": "רמי לוי",
        "storeid": 10.0,
        "address": "א.ת שילת",
        "city": "מודיעין מכבים רעות",
        "zipcode": 0.0,
        "average_price_diff": -8.585799136750769,
        "popular_item_count": 8596
      }
    },
    {
      "type": "Feature",
      "geometry": {
        "type": "Point",
        "coordinates": [
          35.2930192,
          32.6036284
        ]
      },
      "properties": {
        "store_code": "ram_011",
        "store_name": "עפולה",
        "chainname": "רמי לוי",
        "subchainname": "רמי לוי",
        "storeid": 11.0,
        "address": "יהושוע חנקין 14",
        "city": "עפולה",
        "zipcode": 0.0,
        "average_price_diff": -9.981963633611414,
        "popular_item_count": 8526
      }
    },
    {
      "type": "Feature",
      "geometry": {
        "type": "Point",
        "coordinates": [
          35.107769,
          31.69984809999999
        ]
      },
      "properties": {
        "store_code": "ram_012",
        "store_name": "ביתר עלית",
        "chainname": "רמי לוי",
        "subchainname": "רמי לוי",
        "storeid": 12.0,
        "address": "ביתר עלית",
        "city": "ירושלים",
        "zipcode": 0.0,
        "average_price_diff": -9.134202613104835,
        "popular_item_count": 6300
      }
    },
    {
      "type": "Feature",
      "geometry": {
        "type": "Point",
        "coordinates": [
          35.1873851,
          31.7857605
        ]
      },
      "properties": {
        "store_code": "ram_013",
        "store_name": "גבעת שאול",
        "chainname": "רמי לוי",
        "subchainname": "רמי לוי",
        "storeid": 13.0,
        "address": "בית הדפוס 13",
        "city": "ירושלים",
        "zipcode": 0.0,
        "average_price_diff": -9.650110609553192,
        "popular_item_count": 6455
      }
    },
    {
      "type": "Feature",
      "geometry": {
        "type": "Point",
        "coordinates": [
          35.4986223,
          32.7844835
        ]
      },
      "properties": {
        "store_code": "ram_014",
        "store_name": "טבריה",
        "chainname": "רמי לוי",
        "subchainname": "רמי לוי",
        "storeid": 14.0,
        "address": "צומת פוריה ביג",
        "city": "טבריה",
        "zipcode": 0.0,
        "average_price_diff": -8.770201331308101,
        "popular_item_count": 8660
      }
    },
    {
      "type": "Feature",
      "geometry": {
        "type": "Point",
        "coordinates": [
          35.0473851,
          32.7701955
        ]
      },
      "properties": {
        "store_code": "ram_015",
        "store_name": "נשר",
        "chainname": "רמי לוי",
        "subchainname": "רמי לוי",
        "storeid": 15.0,
        "address": "דרך השלום 13",
        "city": "חיפה",
        "zipcode": 0.0,
        "average_price_diff": -9.245413912854195,
        "popular_item_count": 8413
      }
    },
    {
      "type": "Feature",
      "geometry": {
        "type": "Point",
        "coordinates": [
          34.8311958,
          32.1013984
        ]
      },
      "properties": {
        "store_code": "ram_016",
        "store_name": "רמת גן איילון",
        "chainname": "רמי לוי",
        "subchainname": "רמי לוי",
        "storeid": 16.0,
        "address": "מבצע קדש 68",
        "city": "בני ברק",
        "zipcode": 0.0,
        "average_price_diff": -8.35075997280952,
        "popular_item_count": 8057
      }
    },
    {
      "type": "Feature",
      "geometry": {
        "type": "Point",
        "coordinates": [
          34.9555511,
          32.1072425
        ]
      },
      "properties": {
        "store_code": "ram_017",
        "store_name": "ראש העין",
        "chainname": "רמי לוי",
        "subchainname": "רמי לוי",
        "storeid": 17.0,
        "address": "א.ת לב הארץ",
        "city": "ראש העין",
        "zipcode": 0.0,
        "average_price_diff": -8.804623490725325,
        "popular_item_count": 8465
      }
    },
    {
      "type": "Feature",
      "geometry": {
        "type": "Point",
        "coordinates": [
          35.0536682,
          32.8187067
        ]
      },
      "properties": {
        "store_code": "ram_019",
        "store_name": "אדמרליטי",
        "chainname": "רמי לוי",
        "subchainname": "רמי לוי",
        "storeid": 19.0,
        "address": "חלוצי התעשיה 73",
        "city": "חיפה",
        "zipcode": 0.0,
        "average_price_diff": -9.747649567343808,
        "popular_item_count": 7816
      }
    },
    {
      "type": "Feature",
      "geometry": {
        "type": "Point",
        "coordinates": [
          34.93345,
          32.569352
        ]
      },
      "properties": {
        "store_code": "ram_020",
        "store_name": "זכרון יעקב",
        "chainname": "רמי לוי",
        "subchainname": "רמי לוי",
        "storeid": 20.0,
        "address": "מול זכרון",
        "city": "זכרון יעקב",
        "zipcode": 0.0,
        "average_price_diff": -9.482027843609293,
        "popular_item_count": 8708
      }
    },
    {
      "type": "Feature",
      "geometry": {
        "type": "Point",
        "coordinates": [
          35.1850293,
          31.7882871
        ]
      },
      "properties": {
        "store_code": "ram_022",
        "store_name": "כנפי נשרים",
        "chainname": "רמי לוי",
        "subchainname": "רמי לוי",
        "storeid": 22.0,
        "address": "כנפי נשרים 26",
        "city": "ירושלים",
        "zipcode": 0.0,
        "average_price_diff": -8.430643673533533,
        "popular_item_count": 7605
      }
    },
    {
      "type": "Feature",
      "geometry": {
        "type": "Point",
        "coordinates": [
          35.15158,
          31.6425423
        ]
      },
      "properties": {
        "store_code": "ram_023",
        "store_name": "גוש עציון",
        "chainname": "רמי לוי",
        "subchainname": "רמי לוי",
        "storeid": 23.0,
        "address": "צומת גוש עציון",
        "city": "גוש עציון",
        "zipcode": 0.0,
        "average_price_diff": -9.28266772743841,
        "popular_item_count": 8584
      }
    },
    {
      "type": "Feature",
      "geometry": {
        "type": "Point",
        "coordinates": [
          34.8623046,
          32.2927627
        ]
      },
      "properties": {
        "store_code": "ram_024",
        "store_name": "נתניה",
        "chainname": "רמי לוי",
        "subchainname": "רמי לוי",
        "storeid": 24.0,
        "address": "המחקר 3",
        "city": "נתניה",
        "zipcode": 0.0,
        "average_price_diff": -8.940838042597706,
        "popular_item_count": 8972
      }
    },
    {
      "type": "Feature",
      "geometry": {
        "type": "Point",
        "coordinates": [
          34.96044549373903,
          31.889053458316987
        ]
      },
      "properties": {
        "store_code": "ram_025",
        "store_name": "מודעין ישפרו",
        "chainname": "רמי לוי",
        "subchainname": "רמי לוי",
        "storeid": 25.0,
        "address": "מתחם ישפרו",
        "city": "מודיעין מכבים רעות",
        "zipcode": 0.0,
        "average_price_diff": -9.035829232989585,
        "popular_item_count": 8652
      }
    },
    {
      "type": "Feature",
      "geometry": {
        "type": "Point",
        "coordinates": [
          34.6595852,
          31.8142964
        ]
      },
      "properties": {
        "store_code": "ram_026",
        "store_name": "אשדוד",
        "chainname": "רמי לוי",
        "subchainname": "רמי לוי",
        "storeid": 26.0,
        "address": "היהלומים 8",
        "city": "אשדוד",
        "zipcode": 0.0,
        "average_price_diff": -9.702542434247967,
        "popular_item_count": 8902
      }
    },
    {
      "type": "Feature",
      "geometry": {
        "type": "Point",
        "coordinates": [
          34.799941899372875,
          31.23328170126853
        ]
      },
      "properties": {
        "store_code": "ram_027",
        "store_name": "באר שבע",
        "chainname": "רמי לוי",
        "subchainname": "רמי לוי",
        "storeid": 27.0,
        "address": "הע.ל עמק שרה",
        "city": "באר שבע",
        "zipcode": 0.0,
        "average_price_diff": -9.087618779019426,
        "popular_item_count": 8447
      }
    },
    {
      "type": "Feature",
      "geometry": {
        "type": "Point",
        "coordinates": [
          35.0914497,
          32.8990325
        ]
      },
      "properties": {
        "store_code": "ram_028",
        "store_name": "עכו",
        "chainname": "רמי לוי",
        "subchainname": "רמי לוי",
        "storeid": 28.0,
        "address": "בוליטמור 2",
        "city": "עכו",
        "zipcode": 0.0,
        "average_price_diff": -9.21519459699274,
        "popular_item_count": 7976
      }
    },
    {
      "type": "Feature",
      "geometry": {
        "type": "Point",
        "coordinates": [
          34.9705182,
          32.4888176
        ]
      },
      "properties": {
        "store_code": "ram_029",
        "store_name": "פרדס חנה ביג",
        "chainname": "רמי לוי",
        "subchainname": "רמי לוי",
        "storeid": 29.0,
        "address": "תדהר 1",
        "city": "פרדס חנה כרכור",
        "zipcode": 0.0,
        "average_price_diff": -8.961349038205723,
        "popular_item_count": 8595
      }
    },
    {
      "type": "Feature",
      "geometry": {
        "type": "Point",
        "coordinates": [
          34.9204034,
          32.2762888
        ]
      },
      "properties": {
        "store_code": "ram_030",
        "store_name": "קדימה",
        "chainname": "רמי לוי",
        "subchainname": "רמי לוי",
        "storeid": 30.0,
        "address": "הזרם 2",
        "city": "קדימה",
        "zipcode": 0.0,
        "average_price_diff": -8.936445867312964,
        "popular_item_count": 8219
      }
    },
    {
      "type": "Feature",
      "geometry": {
        "type": "Point",
        "coordinates": [
          34.607878,
          31.422839
        ]
      },
      "properties": {
        "store_code": "ram_031",
        "store_name": "נתיבות",
        "chainname": "רמי לוי",
        "subchainname": "רמי לוי",
        "storeid": 31.0,
        "address": "צומת בית הגדי",
        "city": "נתיבות",
        "zipcode": 0.0,
        "average_price_diff": -8.958358255109168,
        "popular_item_count": 7815
      }
    },
    {
      "type": "Feature",
      "geometry": {
        "type": "Point",
        "coordinates": [
          35.1034588,
          33.0327904
        ]
      },
      "properties": {
        "store_code": "ram_032",
        "store_name": "נהריה",
        "chainname": "רמי לוי",
        "subchainname": "רמי לוי",
        "storeid": 32.0,
        "address": "היוצרים א.ת צפוני",
        "city": "נהריה",
        "zipcode": 0.0,
        "average_price_diff": -9.00844477890707,
        "popular_item_count": 8690
      }
    },
    {
      "type": "Feature",
      "geometry": {
        "type": "Point",
        "coordinates": [
          34.9275245,
          32.1728401
        ]
      },
      "properties": {
        "store_code": "ram_033",
        "store_name": "כפר סבא",
        "chainname": "רמי לוי",
        "subchainname": "רמי לוי",
        "storeid": 33.0,
        "address": "גלגלי פלדה 2",
        "city": "כפר סבא",
        "zipcode": 0.0,
        "average_price_diff": -8.722901062742153,
        "popular_item_count": 8586
      }
    },
    {
      "type": "Feature",
      "geometry": {
        "type": "Point",
        "coordinates": [
          34.8573341,
          32.0877037
        ]
      },
      "properties": {
        "store_code": "ram_034",
        "store_name": "פתח תקווה",
        "chainname": "רמי לוי",
        "subchainname": "רמי לוי",
        "storeid": 34.0,
        "address": "הסיבים 37",
        "city": "פתח תקווה",
        "zipcode": 0.0,
        "average_price_diff": -9.013286483992168,
        "popular_item_count": 8717
      }
    },
    {
      "type": "Feature",
      "geometry": {
        "type": "Point",
        "coordinates": [
          34.5528526,
          31.6355114
        ]
      },
      "properties": {
        "store_code": "ram_035",
        "store_name": "אשקלון",
        "chainname": "רמי לוי",
        "subchainname": "רמי לוי",
        "storeid": 35.0,
        "address": "המתכנן 8",
        "city": "אשקלון",
        "zipcode": 0.0,
        "average_price_diff": -8.925047566815737,
        "popular_item_count": 7760
      }
    },
    {
      "type": "Feature",
      "geometry": {
        "type": "Point",
        "coordinates": [
          35.3080062,
          32.9235
        ]
      },
      "properties": {
        "store_code": "ram_036",
        "store_name": "כרמיאל",
        "chainname": "רמי לוי",
        "subchainname": "רמי לוי",
        "storeid": 36.0,
        "address": "היוצרים 7",
        "city": "כרמיאל",
        "zipcode": 2165233.0,
        "average_price_diff": -9.06570893318471,
        "popular_item_count": 9124
      }
    },
    {
      "type": "Feature",
      "geometry": {
        "type": "Point",
        "coordinates": [
          34.87136195739262,
          32.322118237156204
        ]
      },
      "properties": {
        "store_code": "ram_037",
        "store_name": "נתניה חדש",
        "chainname": "רמי לוי",
        "subchainname": "רמי לוי",
        "storeid": 37.0,
        "address": "האורזים 8",
        "city": "נתניה",
        "zipcode": 0.0,
        "average_price_diff": -8.850824203365958,
        "popular_item_count": 8173
      }
    },
    {
      "type": "Feature",
      "geometry": {
        "type": "Point",
        "coordinates": [
          35.587746,
          33.216187
        ]
      },
      "properties": {
        "store_code": "ram_038",
        "store_name": "קרית שמונה",
        "chainname": "רמי לוי",
        "subchainname": "רמי לוי",
        "storeid": 38.0,
        "address": "איזור תעשיה צפוני קרית שמונה",
        "city": "קרית שמונה",
        "zipcode": 0.0,
        "average_price_diff": -9.243094721780235,
        "popular_item_count": 7772
      }
    },
    {
      "type": "Feature",
      "geometry": {
        "type": "Point",
        "coordinates": [
          34.7338294,
          31.885868
        ]
      },
      "properties": {
        "store_code": "ram_040",
        "store_name": "יבנה",
        "chainname": "רמי לוי",
        "subchainname": "רמי לוי",
        "storeid": 40.0,
        "address": "הקישון 9 קניון G",
        "city": "יבנה",
        "zipcode": 0.0,
        "average_price_diff": -9.114044415909236,
        "popular_item_count": 7857
      }
    },
    {
      "type": "Feature",
      "geometry": {
        "type": "Point",
        "coordinates": [
          34.7865316,
          31.89335419999999
        ]
      },
      "properties": {
        "store_code": "ram_041",
        "store_name": "רחובות",
        "chainname": "רמי לוי",
        "subchainname": "רמי לוי",
        "storeid": 41.0,
        "address": "מוטי קינד 1",
        "city": "רחובות",
        "zipcode": 7638507.0,
        "average_price_diff": -9.418770182593093,
        "popular_item_count": 7710
      }
    },
    {
      "type": "Feature",
      "geometry": {
        "type": "Point",
        "coordinates": [
          34.8917808,
          31.94530289999999
        ]
      },
      "properties": {
        "store_code": "ram_042",
        "store_name": "לוד",
        "chainname": "רמי לוי",
        "subchainname": "רמי לוי",
        "storeid": 42.0,
        "address": "שד הציונות 1",
        "city": "לוד",
        "zipcode": 7127710.0,
        "average_price_diff": -9.013592905837747,
        "popular_item_count": 7131
      }
    },
    {
      "type": "Feature",
      "geometry": {
        "type": "Point",
        "coordinates": [
          34.76957949454104,
          31.98476377570436
        ]
      },
      "properties": {
        "store_code": "ram_043",
        "store_name": "ראשון לציון",
        "chainname": "רמי לוי",
        "subchainname": "רמי לוי",
        "storeid": 43.0,
        "address": "שד משה דיין",
        "city": "ראשון לציון",
        "zipcode": 7565839.0,
        "average_price_diff": -8.959284612658234,
        "popular_item_count": 7600
      }
    },
    {
      "type": "Feature",
      "geometry": {
        "type": "Point",
        "coordinates": [
          34.9052124,
          32.4555358
        ]
      },
      "properties": {
        "store_code": "ram_044",
        "store_name": "חדרה",
        "chainname": "רמי לוי",
        "subchainname": "רמי לוי",
        "storeid": 44.0,
        "address": "השלום 1",
        "city": "חדרה",
        "zipcode": 3846201.0,
        "average_price_diff": -8.973746243168662,
        "popular_item_count": 8914
      }
    },
    {
      "type": "Feature",
      "geometry": {
        "type": "Point",
        "coordinates": [
          34.7475226,
          32.0045095
        ]
      },
      "properties": {
        "store_code": "ram_045",
        "store_name": "בת ים",
        "chainname": "רמי לוי",
        "subchainname": "רמי לוי",
        "storeid": 45.0,
        "address": "העמל 20",
        "city": "בת ים",
        "zipcode": 5960705.0,
        "average_price_diff": -9.067434175514162,
        "popular_item_count": 7873
      }
    },
    {
      "type": "Feature",
      "geometry": {
        "type": "Point",
        "coordinates": [
          34.8812187,
          32.194741
        ]
      },
      "properties": {
        "store_code": "ram_046",
        "store_name": "רעננה",
        "chainname": "רמי לוי",
        "subchainname": "רמי לוי",
        "storeid": 46.0,
        "address": "החרושת 12",
        "city": "רעננה",
        "zipcode": 4365706.0,
        "average_price_diff": -8.7592758526229,
        "popular_item_count": 8762
      }
    },
    {
      "type": "Feature",
      "geometry": {
        "type": "Point",
        "coordinates": [
          35.2175129,
          31.8534787
        ]
      },
      "properties": {
        "store_code": "ram_048",
        "store_name": "עטרות",
        "chainname": "רמי לוי",
        "subchainname": "רמי לוי",
        "storeid": 48.0,
        "address": "קניון עטרות",
        "city": "ירושלים",
        "zipcode": 0.0,
        "average_price_diff": -8.885249217982206,
        "popular_item_count": 8633
      }
    },
    {
      "type": "Feature",
      "geometry": {
        "type": "Point",
        "coordinates": [
          34.986640894528605,
          31.756019391952368
        ]
      },
      "properties": {
        "store_code": "ram_049",
        "store_name": "בית שמש",
        "chainname": "רמי לוי",
        "subchainname": "רמי לוי",
        "storeid": 49.0,
        "address": "יגאל אלון 4",
        "city": "בית שמש",
        "zipcode": 9906204.0,
        "average_price_diff": -8.947091971772487,
        "popular_item_count": 7840
      }
    },
    {
      "type": "Feature",
      "geometry": {
        "type": "Point",
        "coordinates": [
          34.7983618,
          32.0239698
        ]
      },
      "properties": {
        "store_code": "ram_050",
        "store_name": "חולון",
        "chainname": "רמי לוי",
        "subchainname": "רמי לוי",
        "storeid": 50.0,
        "address": "תמנע 6",
        "city": "חולון",
        "zipcode": 5881213.0,
        "average_price_diff": -8.816603955853015,
        "popular_item_count": 9322
      }
    },
    {
      "type": "Feature",
      "geometry": {
        "type": "Point",
        "coordinates": [
          35.1701331,
          32.1007198
        ]
      },
      "properties": {
        "store_code": "ram_053",
        "store_name": "אריאל",
        "chainname": "רמי לוי",
        "subchainname": "רמי לוי",
        "storeid": 53.0,
        "address": "הבנאי 6",
        "city": "אריאל",
        "zipcode": 0.0,
        "average_price_diff": -8.396523128713742,
        "popular_item_count": 8884
      }
    },
    {
      "type": "Feature",
      "geometry": {
        "type": "Point",
        "coordinates": [
          34.7722626,
          31.6038516
        ]
      },
      "properties": {
        "store_code": "ram_054",
        "store_name": "קרית גת",
        "chainname": "רמי לוי",
        "subchainname": "רמי לוי",
        "storeid": 54.0,
        "address": "דרך הדרום 3 מרכז ביג",
        "city": "קרית גת",
        "zipcode": 0.0,
        "average_price_diff": -9.082090359969728,
        "popular_item_count": 8035
      }
    },
    {
      "type": "Feature",
      "geometry": {
        "type": "Point",
        "coordinates": [
          34.8425025,
          32.1130943
        ]
      },
      "properties": {
        "store_code": "ram_055",
        "store_name": "רמת החייל",
        "chainname": "רמי לוי",
        "subchainname": "רמי לוי",
        "storeid": 55.0,
        "address": "דבורה הנביאה 127",
        "city": "תל אביב יפו",
        "zipcode": 8424408.0,
        "average_price_diff": -9.040266376432765,
        "popular_item_count": 9148
      }
    },
    {
      "type": "Feature",
      "geometry": {
        "type": "Point",
        "coordinates": [
          34.5945205,
          31.6619129
        ]
      },
      "properties": {
        "store_code": "ram_056",
        "store_name": "אשקלון צפון",
        "chainname": "רמי לוי",
        "subchainname": "רמי לוי",
        "storeid": 56.0,
        "address": "צהל 99",
        "city": "אשקלון",
        "zipcode": 0.0,
        "average_price_diff": -9.32713400296652,
        "popular_item_count": 7103
      }
    },
    {
      "type": "Feature",
      "geometry": {
        "type": "Point",
        "coordinates": [
          34.9656482,
          32.7896594
        ]
      },
      "properties": {
        "store_code": "ram_057",
        "store_name": "עזריאלי חיפה",
        "chainname": "רמי לוי",
        "subchainname": "רמי לוי",
        "storeid": 57.0,
        "address": "משה פלימן 4",
        "city": "חיפה",
        "zipcode": 3508416.0,
        "average_price_diff": -9.285877220995692,
        "popular_item_count": 8062
      }
    },
    {
      "type": "Feature",
      "geometry": {
        "type": "Point",
        "coordinates": [
          34.9254335,
          32.4368339
        ]
      },
      "properties": {
        "store_code": "ram_058",
        "store_name": "חדרה ויוה",
        "chainname": "רמי לוי",
        "subchainname": "רמי לוי",
        "storeid": 58.0,
        "address": "תרנא 20",
        "city": "חדרה",
        "zipcode": 0.0,
        "average_price_diff": -9.249356456416944,
        "popular_item_count": 5122
      }
    },
    {
      "type": "Feature",
      "geometry": {
        "type": "Point",
        "coordinates": [
          34.876961,
          31.9263512
        ]
      },
      "properties": {
        "store_code": "ram_059",
        "store_name": "רמלה",
        "chainname": "רמי לוי",
        "subchainname": "רמי לוי",
        "storeid": 59.0,
        "address": "שדרות הרצל 91",
        "city": "רמלה",
        "zipcode": 7243003.0,
        "average_price_diff": -9.810890308896894,
        "popular_item_count": 4742
      }
    },
    {
      "type": "Feature",
      "geometry": {
        "type": "Point",
        "coordinates": [
          34.7722625952482,
          31.604080015409
        ]
      },
      "properties": {
        "store_code": "ram_061",
        "store_name": "כרמי גת",
        "chainname": "רמי לוי",
        "subchainname": "רמי לוי",
        "storeid": 61.0,
        "address": "כרמי גת",
        "city": "קרית גת",
        "zipcode": null,
        "average_price_diff": -9.294776040831646,
        "popular_item_count": 7991
      }
    },
    {
      "type": "Feature",
      "geometry": {
        "type": "Point",
        "coordinates": [
          35.0478477,
          32.7705497
        ]
      },
      "properties": {
        "store_code": "ram_062",
        "store_name": "צק פוסט",
        "chainname": "רמי לוי",
        "subchainname": "רמי לוי",
        "storeid": 62.0,
        "address": "בר יהודה ישראל 111",
        "city": "חיפה",
        "zipcode": 0.0,
        "average_price_diff": -9.119226605697056,
        "popular_item_count": 8193
      }
    },
    {
      "type": "Feature",
      "geometry": {
        "type": "Point",
        "coordinates": [
          34.8144199480922,
          31.243032289663315
        ]
      },
      "properties": {
        "store_code": "ram_063",
        "store_name": "ביג באר שבע החדש",
        "chainname": "רמי לוי",
        "subchainname": "רמי לוי",
        "storeid": 63.0,
        "address": "דרך חברון 21",
        "city": "באר שבע",
        "zipcode": 8424408.0,
        "average_price_diff": -9.034749201218064,
        "popular_item_count": 8132
      }
    },
    {
      "type": "Feature",
      "geometry": {
        "type": "Point",
        "coordinates": [
          34.9164170712881,
          32.5180022290255
        ]
      },
      "properties": {
        "store_code": "ram_064",
        "store_name": "אור עקיבא",
        "chainname": "רמי לוי",
        "subchainname": "רמי לוי",
        "storeid": 64.0,
        "address": "הכרמל 1",
        "city": "אור עקיבא",
        "zipcode": 0.0,
        "average_price_diff": -9.47044504025461,
        "popular_item_count": 5710
      }
    },
    {
      "type": "Feature",
      "geometry": {
        "type": "Point",
        "coordinates": [
          35.2315663738441,
          32.6958230414412
        ]
      },
      "properties": {
        "store_code": "ram_066",
        "store_name": "מגדל העמק",
        "chainname": "רמי לוי",
        "subchainname": "רמי לוי",
        "storeid": 66.0,
        "address": "כפר החורש",
        "city": "מגדל העמק",
        "zipcode": null,
        "average_price_diff": -9.674025076771063,
        "popular_item_count": 7942
      }
    },
    {
      "type": "Feature",
      "geometry": {
        "type": "Point",
        "coordinates": [
          34.86044690214812,
          32.3290985063897
        ]
      },
      "properties": {
        "store_code": "ram_068",
        "store_name": "רמי לוי יהלום נתניה",
        "chainname": "רמי לוי",
        "subchainname": " רמי לוי לעסקים",
        "storeid": 68.0,
        "address": "יהלום",
        "city": "נתניה",
        "zipcode": 0.0,
        "average_price_diff": -8.398003064453727,
        "popular_item_count": 7083
      }
    },
    {
      "type": "Feature",
      "geometry": {
        "type": "Point",
        "coordinates": [
          34.843866481768934,
          31.849837621937873
        ]
      },
      "properties": {
        "store_code": "ram_069",
        "store_name": "אופקים",
        "chainname": "רמי לוי",
        "subchainname": "רמי לוי",
        "storeid": 69.0,
        "address": "מנחם בגין 2",
        "city": "אופקים",
        "zipcode": 87585.0,
        "average_price_diff": -8.95697761703057,
        "popular_item_count": 7909
      }
    },
    {
      "type": "Feature",
      "geometry": {
        "type": "Point",
        "coordinates": [
          34.60206307307781,
          31.526816295544855
        ]
      },
      "properties": {
        "store_code": "ram_070",
        "store_name": "שדרות",
        "chainname": "רמי לוי",
        "subchainname": "רמי לוי",
        "storeid": 70.0,
        "address": "משעול הלה 4",
        "city": "שדרות",
        "zipcode": 0.0,
        "average_price_diff": -9.641576839010732,
        "popular_item_count": 8765
      }
    },
    {
      "type": "Feature",
      "geometry": {
        "type": "Point",
        "coordinates": [
          34.9994121,
          31.7074303
        ]
      },
      "properties": {
        "store_code": "ram_071",
        "store_name": "רמת בית שמש",
        "chainname": "רמי לוי",
        "subchainname": "רמי לוי",
        "storeid": 71.0,
        "address": "שדרות נהר הירקון 38",
        "city": "בית שמש",
        "zipcode": 0.0,
        "average_price_diff": -8.514280643236571,
        "popular_item_count": 6473
      }
    },
    {
      "type": "Feature",
      "geometry": {
        "type": "Point",
        "coordinates": [
          35.50451942226555,
          32.49803100835091
        ]
      },
      "properties": {
        "store_code": "ram_074",
        "store_name": "רמי לוי בית שאן",
        "chainname": "רמי לוי",
        "subchainname": "רמי לוי",
        "storeid": 74.0,
        "address": "בית שאן",
        "city": "בית שאן",
        "zipcode": 0.0,
        "average_price_diff": -9.554865612186905,
        "popular_item_count": 4763
      }
    },
    {
      "type": "Feature",
      "geometry": {
        "type": "Point",
        "coordinates": [
          34.9612922,
          29.5698833
        ]
      },
      "properties": {
        "store_code": "ram_203",
        "store_name": "אילת",
        "chainname": "רמי לוי",
        "subchainname": "רמי לוי",
        "storeid": 203.0,
        "address": "הזגג 11",
        "city": "אילת",
        "zipcode": 8850713.0,
        "average_price_diff": -22.608309283391907,
        "popular_item_count": 7505
      }
    },
    {
      "type": "Feature",
      "geometry": {
        "type": "Point",
        "coordinates": [
          35.200415,
          31.7323116
        ]
      },
      "properties": {
        "store_code": "ram_700",
        "store_name": "בית הפירות פסגת זאב",
        "chainname": "רמי לוי",
        "subchainname": "רמי לוי",
        "storeid": 700.0,
        "address": "הרוזמרין 33",
        "city": "ירושלים",
        "zipcode": 0.0,
        "average_price_diff": 8.762741328695782,
        "popular_item_count": 1912
      }
    },
    {
      "type": "Feature",
      "geometry": {
        "type": "Point",
        "coordinates": [
          35.1978327989126,
          31.7488339422687
        ]
      },
      "properties": {
        "store_code": "ram_703",
        "store_name": "בית הפירות פת",
        "chainname": "רמי לוי",
        "subchainname": "רמי לוי",
        "storeid": 703.0,
        "address": "(כתובת לא מצוינת)",
        "city": "ירושלים",
        "zipcode": 0.0,
        "average_price_diff": 7.880594686023042,
        "popular_item_count": 1954
      }
    },
    {
      "type": "Feature",
      "geometry": {
        "type": "Point",
        "coordinates": [
          34.98618402336423,
          31.748987925058373
        ]
      },
      "properties": {
        "store_code": "ram_704",
        "store_name": "בית הפירות בית שמש",
        "chainname": "רמי לוי",
        "subchainname": "רמי לוי",
        "storeid": 704.0,
        "address": "unknown",
        "city": "בית שמש",
        "zipcode": 0.0,
        "average_price_diff": 8.547647232955532,
        "popular_item_count": 2217
      }
    },
    {
      "type": "Feature",
      "geometry": {
        "type": "Point",
        "coordinates": [
          35.1754852443161,
          31.7610863760781
        ]
      },
      "properties": {
        "store_code": "ram_705",
        "store_name": "בית הפירות קרית יובל",
        "chainname": "רמי לוי",
        "subchainname": "רמי לוי",
        "storeid": 705.0,
        "address": "אורוגוואי 1",
        "city": "ירושלים",
        "zipcode": 0.0,
        "average_price_diff": 8.126826406381307,
        "popular_item_count": 1843
      }
    },
    {
      "type": "Feature",
      "geometry": {
        "type": "Point",
        "coordinates": [
          34.858117,
          32.025119
        ]
      },
      "properties": {
        "store_code": "ram_708",
        "store_name": "עזריאלי אור יהודה",
        "chainname": "רמי לוי",
        "subchainname": "רמי לוי",
        "storeid": 708.0,
        "address": "קניון עזריאלי אור יהודה מינוס 1",
        "city": "אור יהודה",
        "zipcode": 0.0,
        "average_price_diff": 6.563746504021885,
        "popular_item_count": 1787
      }
    },
    {
      "type": "Feature",
      "geometry": {
        "type": "Point",
        "coordinates": [
          34.636615,
          31.7778244
        ]
      },
      "properties": {
        "store_code": "ram_709",
        "store_name": "שבט לוי אשדוד",
        "chainname": "רמי לוי",
        "subchainname": "רמי לוי בשכונה",
        "storeid": 709.0,
        "address": "שבט לוי 14 רובע יב",
        "city": "אשדוד",
        "zipcode": 0.0,
        "average_price_diff": 7.398612503700534,
        "popular_item_count": 2360
      }
    },
    {
      "type": "Feature",
      "geometry": {
        "type": "Point",
        "coordinates": [
          34.582204,
          31.669926
        ]
      },
      "properties": {
        "store_code": "ram_710",
        "store_name": "אלי כהן אשקלון",
        "chainname": "רמי לוי",
        "subchainname": "רמי לוי בשכונה",
        "storeid": 710.0,
        "address": "אלי כהן 43",
        "city": "אשקלון",
        "zipcode": 0.0,
        "average_price_diff": 7.172843520573472,
        "popular_item_count": 1512
      }
    },
    {
      "type": "Feature",
      "geometry": {
        "type": "Point",
        "coordinates": [
          34.79755862431955,
          31.254603
        ]
      },
      "properties": {
        "store_code": "ram_711",
        "store_name": "רגר באר שבע",
        "chainname": "רמי לוי",
        "subchainname": "רמי לוי בשכונה",
        "storeid": 711.0,
        "address": "יעקב כהן 12",
        "city": "באר שבע",
        "zipcode": 0.0,
        "average_price_diff": 6.484769038888652,
        "popular_item_count": 1586
      }
    },
    {
      "type": "Feature",
      "geometry": {
        "type": "Point",
        "coordinates": [
          34.85361,
          32.07756
        ]
      },
      "properties": {
        "store_code": "ram_712",
        "store_name": "מנחם בגין גבעת שמואל",
        "chainname": "רמי לוי",
        "subchainname": "רמי לוי בשכונה",
        "storeid": 712.0,
        "address": "מנחם בגין 23",
        "city": "גבעת שמואל",
        "zipcode": 0.0,
        "average_price_diff": 6.049874788170631,
        "popular_item_count": 1115
      }
    },
    {
      "type": "Feature",
      "geometry": {
        "type": "Point",
        "coordinates": [
          34.8183712,
          32.0750352
        ]
      },
      "properties": {
        "store_code": "ram_713",
        "store_name": "בן גוריון גבעתיים",
        "chainname": "רמי לוי",
        "subchainname": "רמי לוי בשכונה",
        "storeid": 713.0,
        "address": "בן גוריון 182",
        "city": "גבעתיים",
        "zipcode": 0.0,
        "average_price_diff": 8.089969002085011,
        "popular_item_count": 3839
      }
    },
    {
      "type": "Feature",
      "geometry": {
        "type": "Point",
        "coordinates": [
          34.90185185,
          32.1595098
        ]
      },
      "properties": {
        "store_code": "ram_714",
        "store_name": "מגדיאל הוד השרון",
        "chainname": "רמי לוי",
        "subchainname": "רמי לוי בשכונה",
        "storeid": 714.0,
        "address": "מגדיאל 57",
        "city": "הוד השרון",
        "zipcode": 0.0,
        "average_price_diff": 6.9025058511277395,
        "popular_item_count": 2386
      }
    },
    {
      "type": "Feature",
      "geometry": {
        "type": "Point",
        "coordinates": [
          34.846248,
          32.1670426
        ]
      },
      "properties": {
        "store_code": "ram_715",
        "store_name": "סוקולוב הרצליה",
        "chainname": "רמי לוי",
        "subchainname": "רמי לוי בשכונה",
        "storeid": 715.0,
        "address": "סוקולוב 56",
        "city": "הרצליה",
        "zipcode": 0.0,
        "average_price_diff": 6.567941331280614,
        "popular_item_count": 2268
      }
    },
    {
      "type": "Feature",
      "geometry": {
        "type": "Point",
        "coordinates": [
          34.9190038,
          32.437384322
        ]
      },
      "properties": {
        "store_code": "ram_716",
        "store_name": "הרצל חדרה",
        "chainname": "רמי לוי",
        "subchainname": "רמי לוי בשכונה",
        "storeid": 716.0,
        "address": "הרצל 27",
        "city": "חדרה",
        "zipcode": 0.0,
        "average_price_diff": 7.626362938741228,
        "popular_item_count": 2041
      }
    },
    {
      "type": "Feature",
      "geometry": {
        "type": "Point",
        "coordinates": [
          34.91499,
          32.440883
        ]
      },
      "properties": {
        "store_code": "ram_717",
        "store_name": "הנשיא חדרה",
        "chainname": "רמי לוי",
        "subchainname": "רמי לוי בשכונה",
        "storeid": 717.0,
        "address": "הנשיא 2",
        "city": "חדרה",
        "zipcode": 0.0,
        "average_price_diff": 6.075261491521329,
        "popular_item_count": 1744
      }
    },
    {
      "type": "Feature",
      "geometry": {
        "type": "Point",
        "coordinates": [
          34.77825519,
          32.0226326
        ]
      },
      "properties": {
        "store_code": "ram_718",
        "store_name": "שוויצריה סוקולוב",
        "chainname": "רמי לוי",
        "subchainname": "שוויצריה הקטנה",
        "storeid": 718.0,
        "address": "סוקולוב 84",
        "city": "חולון",
        "zipcode": 0.0,
        "average_price_diff": 5.520985960703184,
        "popular_item_count": 1242
      }
    },
    {
      "type": "Feature",
      "geometry": {
        "type": "Point",
        "coordinates": [
          34.90785819,
          32.1743881
        ]
      },
      "properties": {
        "store_code": "ram_719",
        "store_name": "רוטשילד כפר סבא",
        "chainname": "רמי לוי",
        "subchainname": "רמי לוי בשכונה",
        "storeid": 719.0,
        "address": "רוטשילד 39",
        "city": "כפר סבא",
        "zipcode": 0.0,
        "average_price_diff": 7.080301317760541,
        "popular_item_count": 2057
      }
    },
    {
      "type": "Feature",
      "geometry": {
        "type": "Point",
        "coordinates": [
          34.87186989,
          32.3105188
        ]
      },
      "properties": {
        "store_code": "ram_720",
        "store_name": "הרטום נתניה",
        "chainname": "רמי לוי",
        "subchainname": "רמי לוי בשכונה",
        "storeid": 720.0,
        "address": "הרטום 40",
        "city": "נתניה",
        "zipcode": 0.0,
        "average_price_diff": 5.406763986362631,
        "popular_item_count": 2133
      }
    },
    {
      "type": "Feature",
      "geometry": {
        "type": "Point",
        "coordinates": [
          34.859164426,
          32.329873159
        ]
      },
      "properties": {
        "store_code": "ram_721",
        "store_name": "שוויצריה ויצמן נתניה",
        "chainname": "רמי לוי",
        "subchainname": "שוויצריה הקטנה",
        "storeid": 721.0,
        "address": "וייצמן 14",
        "city": "נתניה",
        "zipcode": 0.0,
        "average_price_diff": 7.44960345519688,
        "popular_item_count": 3522
      }
    },
    {
      "type": "Feature",
      "geometry": {
        "type": "Point",
        "coordinates": [
          35.288221368,
          32.611977947
        ]
      },
      "properties": {
        "store_code": "ram_722",
        "store_name": "חטיבה תשע עפולה",
        "chainname": "רמי לוי",
        "subchainname": "סופר קופיקס",
        "storeid": 722.0,
        "address": "חטיבה תשע 34",
        "city": 7700,
        "zipcode": 0.0,
        "average_price_diff": 6.168163590201047,
        "popular_item_count": 1565
      }
    },
    {
      "type": "Feature",
      "geometry": {
        "type": "Point",
        "coordinates": [
          34.90780931643254,
          32.30571776866573
        ]
      },
      "properties": {
        "store_code": "ram_723",
        "store_name": "רמי לוי פרדסיה",
        "chainname": "רמי לוי",
        "subchainname": "רמי לוי בשכונה",
        "storeid": 723.0,
        "address": "הארז 32",
        "city": "פרדסיה",
        "zipcode": 0.0,
        "average_price_diff": 7.033775135927106,
        "popular_item_count": 2154
      }
    },
    {
      "type": "Feature",
      "geometry": {
        "type": "Point",
        "coordinates": [
          34.8654668,
          32.09309438
        ]
      },
      "properties": {
        "store_code": "ram_724",
        "store_name": "קניון אבנת פתח תקווה",
        "chainname": "רמי לוי",
        "subchainname": "שוויצריה הקטנה",
        "storeid": 724.0,
        "address": "זבוטינסקי 72",
        "city": "פתח תקווה",
        "zipcode": 0.0,
        "average_price_diff": 7.024851758138387,
        "popular_item_count": 2194
      }
    },
    {
      "type": "Feature",
      "geometry": {
        "type": "Point",
        "coordinates": [
          34.88715995,
          32.0914146638
        ]
      },
      "properties": {
        "store_code": "ram_725",
        "store_name": "שטמפפר פתח תקווה",
        "chainname": "רמי לוי",
        "subchainname": "רמי לוי בשכונה",
        "storeid": 725.0,
        "address": "שטמפפר 37",
        "city": "פתח תקווה",
        "zipcode": 0.0,
        "average_price_diff": 6.917939313841974,
        "popular_item_count": 1597
      }
    },
    {
      "type": "Feature",
      "geometry": {
        "type": "Point",
        "coordinates": [
          34.8854813,
          32.0759584767
        ]
      },
      "properties": {
        "store_code": "ram_726",
        "store_name": "רוטשילד פתח תקווה",
        "chainname": "רמי לוי",
        "subchainname": "רמי לוי בשכונה",
        "storeid": 726.0,
        "address": "רוטשילד 182",
        "city": "פתח תקווה",
        "zipcode": 0.0,
        "average_price_diff": 7.190838716422409,
        "popular_item_count": 1783
      }
    },
    {
      "type": "Feature",
      "geometry": {
        "type": "Point",
        "coordinates": [
          35.0923142,
          32.8429886
        ]
      },
      "properties": {
        "store_code": "ram_727",
        "store_name": "קיריון קרית ביאליק",
        "chainname": "רמי לוי",
        "subchainname": "רמי לוי בשכונה",
        "storeid": 727.0,
        "address": "דרך עכו 192",
        "city": "קרית ביאליק",
        "zipcode": 0.0,
        "average_price_diff": 6.85821892221283,
        "popular_item_count": 1626
      }
    },
    {
      "type": "Feature",
      "geometry": {
        "type": "Point",
        "coordinates": [
          34.9409454,
          32.0978894
        ]
      },
      "properties": {
        "store_code": "ram_728",
        "store_name": "שבזי ראש העין",
        "chainname": "רמי לוי",
        "subchainname": "רמי לוי בשכונה",
        "storeid": 728.0,
        "address": "שבזי 12",
        "city": 2640,
        "zipcode": 0.0,
        "average_price_diff": 6.377903908328822,
        "popular_item_count": 1445
      }
    },
    {
      "type": "Feature",
      "geometry": {
        "type": "Point",
        "coordinates": [
          34.77402106570462,
          31.975858685645637
        ]
      },
      "properties": {
        "store_code": "ram_729",
        "store_name": "קניון הבאר",
        "chainname": "רמי לוי",
        "subchainname": "רמי לוי בשכונה",
        "storeid": 729.0,
        "address": "קניון הבאר",
        "city": "ראשון לציון",
        "zipcode": 0.0,
        "average_price_diff": -11.366777906751443,
        "popular_item_count": 2747
      }
    },
    {
      "type": "Feature",
      "geometry": {
        "type": "Point",
        "coordinates": [
          34.80152142594321,
          31.963593884931356
        ]
      },
      "properties": {
        "store_code": "ram_730",
        "store_name": "רמי לוי רוטשילד ראשון לציון",
        "chainname": "רמי לוי",
        "subchainname": "רמי לוי בשכונה",
        "storeid": 730.0,
        "address": "רוטשילד 45",
        "city": "ראשון לציון",
        "zipcode": 0.0,
        "average_price_diff": 7.226698789817926,
        "popular_item_count": 2292
      }
    },
    {
      "type": "Feature",
      "geometry": {
        "type": "Point",
        "coordinates": [
          34.81007812224632,
          32.08595115438999
        ]
      },
      "properties": {
        "store_code": "ram_731",
        "store_name": "ביאליק רמת גן",
        "chainname": "רמי לוי",
        "subchainname": "רמי לוי בשכונה",
        "storeid": 731.0,
        "address": "ביאליק 79",
        "city": "רמת גן",
        "zipcode": 0.0,
        "average_price_diff": 6.879738168397487,
        "popular_item_count": 2388
      }
    },
    {
      "type": "Feature",
      "geometry": {
        "type": "Point",
        "coordinates": [
          34.87857854504146,
          32.17979178887613
        ]
      },
      "properties": {
        "store_code": "ram_732",
        "store_name": "רמי לוי אחוזה",
        "chainname": "רמי לוי",
        "subchainname": "רמי לוי בשכונה",
        "storeid": 732.0,
        "address": " 83 אחוזה",
        "city": "רעננה",
        "zipcode": 0.0,
        "average_price_diff": 7.6162033628322625,
        "popular_item_count": 2262
      }
    },
    {
      "type": "Feature",
      "geometry": {
        "type": "Point",
        "coordinates": [
          34.7679687,
          32.0762671
        ]
      },
      "properties": {
        "store_code": "ram_733",
        "store_name": "בן יהודה תל אביב",
        "chainname": "רמי לוי",
        "subchainname": "רמי לוי בשכונה",
        "storeid": 733.0,
        "address": "בן יהודה 23",
        "city": "תל אביב",
        "zipcode": 0.0,
        "average_price_diff": 5.961475023117263,
        "popular_item_count": 2441
      }
    },
    {
      "type": "Feature",
      "geometry": {
        "type": "Point",
        "coordinates": [
          34.7744319,
          32.0790473
        ]
      },
      "properties": {
        "store_code": "ram_734",
        "store_name": "אסתר המלכה תל אביב",
        "chainname": "רמי לוי",
        "subchainname": "רמי לוי בשכונה",
        "storeid": 734.0,
        "address": "אסתר המלכה 4",
        "city": "תל אביב",
        "zipcode": 0.0,
        "average_price_diff": 6.638255896354538,
        "popular_item_count": 2523
      }
    },
    {
      "type": "Feature",
      "geometry": {
        "type": "Point",
        "coordinates": [
          34.786733,
          32.0692075
        ]
      },
      "properties": {
        "store_code": "ram_735",
        "store_name": "החשמונאים תל אביב",
        "chainname": "רמי לוי",
        "subchainname": "רמי לוי בשכונה",
        "storeid": 735.0,
        "address": "חשמונאים 100",
        "city": "תל אביב",
        "zipcode": 0.0,
        "average_price_diff": 6.67930245488017,
        "popular_item_count": 2223
      }
    },
    {
      "type": "Feature",
      "geometry": {
        "type": "Point",
        "coordinates": [
          34.7722382,
          32.0547148
        ]
      },
      "properties": {
        "store_code": "ram_736",
        "store_name": "שוקן תל אביב",
        "chainname": "רמי לוי",
        "subchainname": "רמי לוי בשכונה",
        "storeid": 736.0,
        "address": "שוקן 1",
        "city": "תל אביב",
        "zipcode": 0.0,
        "average_price_diff": 7.724445409035877,
        "popular_item_count": 2984
      }
    },
    {
      "type": "Feature",
      "geometry": {
        "type": "Point",
        "coordinates": [
          34.7704048,
          32.0813121
        ]
      },
      "properties": {
        "store_code": "shu_001",
        "store_name": "שלי ת\"א- בן יהודה",
        "chainname": "שופרסל",
        "subchainname": "שופרסל שלי",
        "storeid": 1.0,
        "address": "בן יהודה 79",
        "city": "תל אביב יפו",
        "zipcode": 6343504.0,
        "average_price_diff": 6.267042152907371,
        "popular_item_count": 4746
      }
    },
    {
      "type": "Feature",
      "geometry": {
        "type": "Point",
        "coordinates": [
          34.8154036,
          32.0783522
        ]
      },
      "properties": {
        "store_code": "shu_003",
        "store_name": "שלי גבעתיים- סירקין",
        "chainname": "שופרסל",
        "subchainname": "שופרסל שלי",
        "storeid": 3.0,
        "address": "סירקין 17",
        "city": "גבעתיים",
        "zipcode": 5325101.0,
        "average_price_diff": 6.488242303277114,
        "popular_item_count": 3991
      }
    },
    {
      "type": "Feature",
      "geometry": {
        "type": "Point",
        "coordinates": [
          34.983837,
          32.80263
        ]
      },
      "properties": {
        "store_code": "shu_004",
        "store_name": "שלי חיפה- כרמל",
        "chainname": "שופרסל",
        "subchainname": "שופרסל שלי",
        "storeid": 4.0,
        "address": "שד' הנשיא 124 מר",
        "city": "חיפה",
        "zipcode": 3463305.0,
        "average_price_diff": 6.526731026182634,
        "popular_item_count": 4929
      }
    },
    {
      "type": "Feature",
      "geometry": {
        "type": "Point",
        "coordinates": [
          35.17664214055967,
          31.760715229964752
        ]
      },
      "properties": {
        "store_code": "shu_005",
        "store_name": "שלי ירושלים- יובל",
        "chainname": "שופרסל",
        "subchainname": "שופרסל שלי",
        "storeid": 5.0,
        "address": "אורוגאי 3",
        "city": "ירושלים",
        "zipcode": 9670102.0,
        "average_price_diff": 6.727390926698472,
        "popular_item_count": 4964
      }
    },
    {
      "type": "Feature",
      "geometry": {
        "type": "Point",
        "coordinates": [
          34.7787596,
          32.0860627
        ]
      },
      "properties": {
        "store_code": "shu_007",
        "store_name": "שלי ת\"א- ארלוזורוב",
        "chainname": "שופרסל",
        "subchainname": "שופרסל שלי",
        "storeid": 7.0,
        "address": "ארלוזרוב 53",
        "city": "תל אביב יפו",
        "zipcode": 6264605.0,
        "average_price_diff": 6.45833060230816,
        "popular_item_count": 4882
      }
    },
    {
      "type": "Feature",
      "geometry": {
        "type": "Point",
        "coordinates": [
          34.8586214,
          32.3314167
        ]
      },
      "properties": {
        "store_code": "shu_009",
        "store_name": "שלי נתניה- ויצמן",
        "chainname": "שופרסל",
        "subchainname": "שופרסל שלי",
        "storeid": 9.0,
        "address": "שד' ויצמן 27",
        "city": "נתניה",
        "zipcode": 4225012.0,
        "average_price_diff": 6.6633035962855836,
        "popular_item_count": 4091
      }
    },
    {
      "type": "Feature",
      "geometry": {
        "type": "Point",
        "coordinates": [
          34.7825578835811,
          32.0915815108724
        ]
      },
      "properties": {
        "store_code": "shu_011",
        "store_name": "שלי ת\"א- נורדאו",
        "chainname": "שופרסל",
        "subchainname": "שופרסל שלי",
        "storeid": 11.0,
        "address": "אבן גבירול 157",
        "city": "תל אביב יפו",
        "zipcode": 6203719.0,
        "average_price_diff": 6.385221049520188,
        "popular_item_count": 3819
      }
    },
    {
      "type": "Feature",
      "geometry": {
        "type": "Point",
        "coordinates": [
          34.8262388,
          32.0830544
        ]
      },
      "properties": {
        "store_code": "shu_012",
        "store_name": "יש בני ברק- ירושלים",
        "chainname": "שופרסל",
        "subchainname": "יש בשכונה",
        "storeid": 12.0,
        "address": "ירושלים  70",
        "city": "בני ברק",
        "zipcode": 5144404.0,
        "average_price_diff": 0.3571135848221651,
        "popular_item_count": 3806
      }
    },
    {
      "type": "Feature",
      "geometry": {
        "type": "Point",
        "coordinates": [
          34.986746,
          31.7526603
        ]
      },
      "properties": {
        "store_code": "shu_013",
        "store_name": "דיל בית שמש- העליה",
        "chainname": "שופרסל",
        "subchainname": "שופרסל דיל",
        "storeid": 13.0,
        "address": "העליה 1",
        "city": "בית שמש",
        "zipcode": 9902101.0,
        "average_price_diff": -1.8170805779880428,
        "popular_item_count": 6138
      }
    },
    {
      "type": "Feature",
      "geometry": {
        "type": "Point",
        "coordinates": [
          34.572634,
          31.688549
        ]
      },
      "properties": {
        "store_code": "shu_014",
        "store_name": "דיל ברנע אשקלון",
        "chainname": "שופרסל",
        "subchainname": "שופרסל דיל",
        "storeid": 14.0,
        "address": "שדרות ירושלים 122",
        "city": "אשקלון",
        "zipcode": 0.0,
        "average_price_diff": -1.0700897058842764,
        "popular_item_count": 5598
      }
    },
    {
      "type": "Feature",
      "geometry": {
        "type": "Point",
        "coordinates": [
          34.8822187,
          32.0863037
        ]
      },
      "properties": {
        "store_code": "shu_015",
        "store_name": "יש פ\"ת- רוטשילד",
        "chainname": "שופרסל",
        "subchainname": "יש בשכונה",
        "storeid": 15.0,
        "address": "רוטשילד 79",
        "city": "פתח תקווה",
        "zipcode": 4947352.0,
        "average_price_diff": 0.5903556377906696,
        "popular_item_count": 3862
      }
    },
    {
      "type": "Feature",
      "geometry": {
        "type": "Point",
        "coordinates": [
          34.9870127,
          32.7843377
        ]
      },
      "properties": {
        "store_code": "shu_017",
        "store_name": "שלי חיפה- חורב",
        "chainname": "שופרסל",
        "subchainname": "שופרסל שלי",
        "storeid": 17.0,
        "address": "חורב 15",
        "city": "חיפה",
        "zipcode": 3434119.0,
        "average_price_diff": 6.612049885726339,
        "popular_item_count": 5262
      }
    },
    {
      "type": "Feature",
      "geometry": {
        "type": "Point",
        "coordinates": [
          34.7912443,
          32.0082068
        ]
      },
      "properties": {
        "store_code": "shu_018",
        "store_name": "דיל חולון-קרן היסוד",
        "chainname": "שופרסל",
        "subchainname": "שופרסל דיל",
        "storeid": 18.0,
        "address": "קרן היסוד 1 ק.שר",
        "city": "חולון",
        "zipcode": 5848930.0,
        "average_price_diff": -1.2366561955664055,
        "popular_item_count": 5304
      }
    },
    {
      "type": "Feature",
      "geometry": {
        "type": "Point",
        "coordinates": [
          35.017019,
          32.78046500000001
        ]
      },
      "properties": {
        "store_code": "shu_019",
        "store_name": "שלי חיפה- זיו",
        "chainname": "שופרסל",
        "subchainname": "שופרסל שלי",
        "storeid": 19.0,
        "address": "כצנלסון/מנדל 67",
        "city": "חיפה",
        "zipcode": 3276617.0,
        "average_price_diff": 6.6786883547893385,
        "popular_item_count": 4815
      }
    },
    {
      "type": "Feature",
      "geometry": {
        "type": "Point",
        "coordinates": [
          34.8099711,
          31.8989977
        ]
      },
      "properties": {
        "store_code": "shu_020",
        "store_name": "שלי רחובות- הרצל",
        "chainname": "שופרסל",
        "subchainname": "שופרסל שלי",
        "storeid": 20.0,
        "address": "הרצל 183",
        "city": "רחובות",
        "zipcode": 7626902.0,
        "average_price_diff": 6.532046749223763,
        "popular_item_count": 4284
      }
    },
    {
      "type": "Feature",
      "geometry": {
        "type": "Point",
        "coordinates": [
          35.228641,
          31.8006054
        ]
      },
      "properties": {
        "store_code": "shu_021",
        "store_name": "יש מרים ירושלים-  פארן",
        "chainname": "שופרסל",
        "subchainname": "יש בשכונה",
        "storeid": 21.0,
        "address": "פארן 7 רמת אשכול",
        "city": "ירושלים",
        "zipcode": 9780209.0,
        "average_price_diff": 0.8258685947658746,
        "popular_item_count": 3564
      }
    },
    {
      "type": "Feature",
      "geometry": {
        "type": "Point",
        "coordinates": [
          34.8550823,
          32.3272194
        ]
      },
      "properties": {
        "store_code": "shu_022",
        "store_name": "שלי נתניה- סמילנסקי",
        "chainname": "שופרסל",
        "subchainname": "שופרסל שלי",
        "storeid": 22.0,
        "address": "סמילנסקי 13",
        "city": "נתניה",
        "zipcode": 4243111.0,
        "average_price_diff": 6.466659993613072,
        "popular_item_count": 4601
      }
    },
    {
      "type": "Feature",
      "geometry": {
        "type": "Point",
        "coordinates": [
          34.9391288,
          31.327465
        ]
      },
      "properties": {
        "store_code": "shu_023",
        "store_name": "שלי מיתר",
        "chainname": "שופרסל",
        "subchainname": "שופרסל שלי",
        "storeid": 23.0,
        "address": "מרכז מסחרי מיתר",
        "city": "מיתר",
        "zipcode": 8502500.0,
        "average_price_diff": 6.435619700221184,
        "popular_item_count": 4799
      }
    },
    {
      "type": "Feature",
      "geometry": {
        "type": "Point",
        "coordinates": [
          34.6474636,
          31.7835101
        ]
      },
      "properties": {
        "store_code": "shu_024",
        "store_name": "שלי אשדוד- הנביאים",
        "chainname": "שופרסל",
        "subchainname": "שופרסל שלי",
        "storeid": 24.0,
        "address": "הנביאים 3 רובע י",
        "city": "אשדוד",
        "zipcode": 7747303.0,
        "average_price_diff": 6.750968945418945,
        "popular_item_count": 4270
      }
    },
    {
      "type": "Feature",
      "geometry": {
        "type": "Point",
        "coordinates": [
          34.8791798,
          32.1797063
        ]
      },
      "properties": {
        "store_code": "shu_027",
        "store_name": "שלי רעננה- אחוזה",
        "chainname": "שופרסל",
        "subchainname": "שופרסל שלי",
        "storeid": 27.0,
        "address": "אחוזה 82",
        "city": "רעננה",
        "zipcode": 4320945.0,
        "average_price_diff": 6.109775187288804,
        "popular_item_count": 3114
      }
    },
    {
      "type": "Feature",
      "geometry": {
        "type": "Point",
        "coordinates": [
          34.8295488,
          32.1227143
        ]
      },
      "properties": {
        "store_code": "shu_028",
        "store_name": "שלי ת\"א- צה\"ל",
        "chainname": "שופרסל",
        "subchainname": "שופרסל שלי",
        "storeid": 28.0,
        "address": "צה\"ל 71, מרכ",
        "city": "תל אביב יפו",
        "zipcode": 6935139.0,
        "average_price_diff": 6.35491494278339,
        "popular_item_count": 3453
      }
    },
    {
      "type": "Feature",
      "geometry": {
        "type": "Point",
        "coordinates": [
          35.041493028267894,
          32.46726065097
        ]
      },
      "properties": {
        "store_code": "shu_029",
        "store_name": "אקספרס האודם חריש",
        "chainname": "שופרסל",
        "subchainname": "שופרסל אקספרס",
        "storeid": 29.0,
        "address": "האודם",
        "city": "חריש",
        "zipcode": 0.0,
        "average_price_diff": 10.987024774705112,
        "popular_item_count": 2764
      }
    },
    {
      "type": "Feature",
      "geometry": {
        "type": "Point",
        "coordinates": [
          34.84955919400675,
          32.05577321333753
        ]
      },
      "properties": {
        "store_code": "shu_030",
        "store_name": "שלי רמת גן- קריניצי",
        "chainname": "שופרסל",
        "subchainname": "שופרסל שלי",
        "storeid": 30.0,
        "address": "יוסף ספיר 9",
        "city": "רמת גן",
        "zipcode": 5262209.0,
        "average_price_diff": 6.305068748260928,
        "popular_item_count": 2880
      }
    },
    {
      "type": "Feature",
      "geometry": {
        "type": "Point",
        "coordinates": [
          34.82813629551786,
          32.06140799872491
        ]
      },
      "properties": {
        "store_code": "shu_032",
        "store_name": "שלי רמת גן- קסם",
        "chainname": "שופרסל",
        "subchainname": "שופרסל שלי",
        "storeid": 32.0,
        "address": "הירדן 90",
        "city": "רמת גן",
        "zipcode": 5224701.0,
        "average_price_diff": 6.368534724920826,
        "popular_item_count": 4097
      }
    },
    {
      "type": "Feature",
      "geometry": {
        "type": "Point",
        "coordinates": [
          34.989571,
          32.7940463
        ]
      },
      "properties": {
        "store_code": "shu_033",
        "store_name": "שלי חיפה- סטלה",
        "chainname": "שופרסל",
        "subchainname": "שופרסל שלי",
        "storeid": 33.0,
        "address": "טשרניחובסקי/35",
        "city": "חיפה",
        "zipcode": 3570323.0,
        "average_price_diff": 6.581349305428578,
        "popular_item_count": 4410
      }
    },
    {
      "type": "Feature",
      "geometry": {
        "type": "Point",
        "coordinates": [
          34.8378613,
          32.1436352
        ]
      },
      "properties": {
        "store_code": "shu_034",
        "store_name": "שלי רמת השרון- סוקולוב",
        "chainname": "שופרסל",
        "subchainname": "שופרסל שלי",
        "storeid": 34.0,
        "address": "סוקולוב 48",
        "city": "רמת השרון",
        "zipcode": 4723514.0,
        "average_price_diff": 6.37454064067632,
        "popular_item_count": 4104
      }
    },
    {
      "type": "Feature",
      "geometry": {
        "type": "Point",
        "coordinates": [
          34.8034019,
          31.2220096
        ]
      },
      "properties": {
        "store_code": "shu_035",
        "store_name": "דיל אקסטרה באר-שבע ולפסו",
        "chainname": "שופרסל",
        "subchainname": "שופרסל דיל",
        "storeid": 35.0,
        "address": "רח' וולפסון 13",
        "city": "באר שבע",
        "zipcode": 8489721.0,
        "average_price_diff": -1.6723047303283824,
        "popular_item_count": 6554
      }
    },
    {
      "type": "Feature",
      "geometry": {
        "type": "Point",
        "coordinates": [
          34.9080277,
          32.1737383
        ]
      },
      "properties": {
        "store_code": "shu_036",
        "store_name": "שלי כ\"ס- רוטשילד",
        "chainname": "שופרסל",
        "subchainname": "שופרסל שלי",
        "storeid": 36.0,
        "address": "רוטשילד 65",
        "city": "כפר סבא",
        "zipcode": 4420131.0,
        "average_price_diff": 6.645411426436487,
        "popular_item_count": 4009
      }
    },
    {
      "type": "Feature",
      "geometry": {
        "type": "Point",
        "coordinates": [
          35.005274,
          32.768007
        ]
      },
      "properties": {
        "store_code": "shu_038",
        "store_name": "שלי חיפה- דניה",
        "chainname": "שופרסל",
        "subchainname": "שופרסל שלי",
        "storeid": 38.0,
        "address": "ליבריה 2 דניה",
        "city": "חיפה",
        "zipcode": 3491370.0,
        "average_price_diff": 6.2088709054003095,
        "popular_item_count": 3344
      }
    },
    {
      "type": "Feature",
      "geometry": {
        "type": "Point",
        "coordinates": [
          34.7963370541252,
          32.11181132483824
        ]
      },
      "properties": {
        "store_code": "shu_039",
        "store_name": "שלי ת\"א- ברזיל",
        "chainname": "שופרסל",
        "subchainname": "שופרסל שלי",
        "storeid": 39.0,
        "address": "ברזיל 15",
        "city": "תל אביב יפו",
        "zipcode": 6946025.0,
        "average_price_diff": 6.779166785323062,
        "popular_item_count": 6292
      }
    },
    {
      "type": "Feature",
      "geometry": {
        "type": "Point",
        "coordinates": [
          34.8505942,
          31.264479
        ]
      },
      "properties": {
        "store_code": "shu_040",
        "store_name": "שלי ב\"ש- עומר",
        "chainname": "שופרסל",
        "subchainname": "שופרסל שלי",
        "storeid": 40.0,
        "address": "רותם מרכ מסחרי ע",
        "city": "עומר",
        "zipcode": 8496500.0,
        "average_price_diff": 6.48649538648796,
        "popular_item_count": 3450
      }
    },
    {
      "type": "Feature",
      "geometry": {
        "type": "Point",
        "coordinates": [
          35.202846,
          31.768303
        ]
      },
      "properties": {
        "store_code": "shu_042",
        "store_name": "שלי ירושלים- ניות",
        "chainname": "שופרסל",
        "subchainname": "שופרסל שלי",
        "storeid": 42.0,
        "address": "בורלא 1 שכ.ניות",
        "city": "ירושלים",
        "zipcode": 9371401.0,
        "average_price_diff": 6.688758016831881,
        "popular_item_count": 4577
      }
    },
    {
      "type": "Feature",
      "geometry": {
        "type": "Point",
        "coordinates": [
          34.8922831,
          32.156077
        ]
      },
      "properties": {
        "store_code": "shu_043",
        "store_name": "שלי הוד השרון- הבנים",
        "chainname": "שופרסל",
        "subchainname": "שופרסל שלי",
        "storeid": 43.0,
        "address": "הבנים 12",
        "city": "הוד השרון",
        "zipcode": 4526814.0,
        "average_price_diff": 6.583216635992734,
        "popular_item_count": 4185
      }
    },
    {
      "type": "Feature",
      "geometry": {
        "type": "Point",
        "coordinates": [
          35.21500114426202,
          31.753757040940155
        ]
      },
      "properties": {
        "store_code": "shu_045",
        "store_name": "דיל ירושלים- תלפיות",
        "chainname": "שופרסל",
        "subchainname": "שופרסל דיל",
        "storeid": 45.0,
        "address": "פייר קניג 35",
        "city": "ירושלים",
        "zipcode": 9346943.0,
        "average_price_diff": -1.0169591194776015,
        "popular_item_count": 6167
      }
    },
    {
      "type": "Feature",
      "geometry": {
        "type": "Point",
        "coordinates": [
          34.8105409,
          31.2726101
        ]
      },
      "properties": {
        "store_code": "shu_049",
        "store_name": "דיל ב\"ש- הר בוקר",
        "chainname": "שופרסל",
        "subchainname": "שופרסל דיל",
        "storeid": 49.0,
        "address": "הר בוקר  17",
        "city": "באר שבע",
        "zipcode": 8489819.0,
        "average_price_diff": -1.6854746780163012,
        "popular_item_count": 4013
      }
    },
    {
      "type": "Feature",
      "geometry": {
        "type": "Point",
        "coordinates": [
          35.1551013,
          31.8041219
        ]
      },
      "properties": {
        "store_code": "shu_050",
        "store_name": "שלי מבשרת ציון",
        "chainname": "שופרסל",
        "subchainname": "שופרסל שלי",
        "storeid": 50.0,
        "address": "שלום 75 שכונה ג",
        "city": "מבשרת ציון",
        "zipcode": 9071425.0,
        "average_price_diff": 6.581923735542302,
        "popular_item_count": 4256
      }
    },
    {
      "type": "Feature",
      "geometry": {
        "type": "Point",
        "coordinates": [
          34.844675,
          32.162413
        ]
      },
      "properties": {
        "store_code": "shu_051",
        "store_name": "אקספרס הרצליה",
        "chainname": "שופרסל",
        "subchainname": "שופרסל אקספרס",
        "storeid": 51.0,
        "address": "צמרות 2",
        "city": "הרצליה",
        "zipcode": 0.0,
        "average_price_diff": 11.074827156233258,
        "popular_item_count": 1723
      }
    },
    {
      "type": "Feature",
      "geometry": {
        "type": "Point",
        "coordinates": [
          35.04421448071977,
          32.459159742005724
        ]
      },
      "properties": {
        "store_code": "shu_056",
        "store_name": "אקספרס  חריש הרימון",
        "chainname": "שופרסל",
        "subchainname": "שופרסל אקספרס",
        "storeid": 56.0,
        "address": "האורן 47",
        "city": "חריש",
        "zipcode": 0.0,
        "average_price_diff": 10.96750658656956,
        "popular_item_count": 1914
      }
    },
    {
      "type": "Feature",
      "geometry": {
        "type": "Point",
        "coordinates": [
          34.8413326,
          32.1384018
        ]
      },
      "properties": {
        "store_code": "shu_057",
        "store_name": "שלי רמת השרון- אוסישקין",
        "chainname": "שופרסל",
        "subchainname": "שופרסל שלי",
        "storeid": 57.0,
        "address": "אוסישקין 5",
        "city": "רמת השרון",
        "zipcode": 4721005.0,
        "average_price_diff": 6.580142860487904,
        "popular_item_count": 4931
      }
    },
    {
      "type": "Feature",
      "geometry": {
        "type": "Point",
        "coordinates": [
          34.9104653,
          32.2999732
        ]
      },
      "properties": {
        "store_code": "shu_061",
        "store_name": "אקספרס צור משה",
        "chainname": "שופרסל",
        "subchainname": "שופרסל אקספרס",
        "storeid": 61.0,
        "address": "הערבה",
        "city": "צור משה",
        "zipcode": null,
        "average_price_diff": 11.542913483414175,
        "popular_item_count": 2084
      }
    },
    {
      "type": "Feature",
      "geometry": {
        "type": "Point",
        "coordinates": [
          35.1034611,
          32.7547372
        ]
      },
      "properties": {
        "store_code": "shu_062",
        "store_name": "יש חסד רכסים",
        "chainname": "שופרסל",
        "subchainname": "יש חסד",
        "storeid": 62.0,
        "address": "הכלניות 49",
        "city": "רכסים",
        "zipcode": 0.0,
        "average_price_diff": -8.53143482008926,
        "popular_item_count": 3703
      }
    },
    {
      "type": "Feature",
      "geometry": {
        "type": "Point",
        "coordinates": [
          34.8148199,
          31.2539529
        ]
      },
      "properties": {
        "store_code": "shu_065",
        "store_name": "דיל ב\"ש- צ'ורלי",
        "chainname": "שופרסל",
        "subchainname": "שופרסל דיל",
        "storeid": 65.0,
        "address": "אורגים פינת ב.ג",
        "city": "באר שבע",
        "zipcode": 84105.0,
        "average_price_diff": -1.0490168204730435,
        "popular_item_count": 6028
      }
    },
    {
      "type": "Feature",
      "geometry": {
        "type": "Point",
        "coordinates": [
          35.0928376822774,
          32.8590833060804
        ]
      },
      "properties": {
        "store_code": "shu_068",
        "store_name": "דיל כורדני",
        "chainname": "שופרסל",
        "subchainname": "שופרסל דיל",
        "storeid": 68.0,
        "address": "ירושלים 1",
        "city": "קרית מוצקין",
        "zipcode": 0.0,
        "average_price_diff": -1.1965301573030558,
        "popular_item_count": 5144
      }
    },
    {
      "type": "Feature",
      "geometry": {
        "type": "Point",
        "coordinates": [
          34.795951,
          32.107476
        ]
      },
      "properties": {
        "store_code": "shu_069",
        "store_name": "שלי ת\"א- רמת אביב ב",
        "chainname": "שופרסל",
        "subchainname": "שופרסל שלי",
        "storeid": 69.0,
        "address": "טאגור 38",
        "city": "תל אביב יפו",
        "zipcode": 6920340.0,
        "average_price_diff": 6.708599199065033,
        "popular_item_count": 5564
      }
    },
    {
      "type": "Feature",
      "geometry": {
        "type": "Point",
        "coordinates": [
          34.830577,
          32.071648
        ]
      },
      "properties": {
        "store_code": "shu_070",
        "store_name": "שלי רמת גן- מרום נווה",
        "chainname": "שופרסל",
        "subchainname": "שופרסל שלי",
        "storeid": 70.0,
        "address": "תרצה 19 ר\"ג",
        "city": "רמת גן",
        "zipcode": 5236431.0,
        "average_price_diff": 6.903299778147577,
        "popular_item_count": 5865
      }
    },
    {
      "type": "Feature",
      "geometry": {
        "type": "Point",
        "coordinates": [
          35.0380194,
          32.7804467
        ]
      },
      "properties": {
        "store_code": "shu_071",
        "store_name": "יוניברס תל חנן  נשר",
        "chainname": "שופרסל",
        "subchainname": "יוניברס",
        "storeid": 71.0,
        "address": "בר יהודה 147",
        "city": "נשר",
        "zipcode": 3688306.0,
        "average_price_diff": -1.4767530447331545,
        "popular_item_count": 7525
      }
    },
    {
      "type": "Feature",
      "geometry": {
        "type": "Point",
        "coordinates": [
          35.018523115256244,
          31.887127426466417
        ]
      },
      "properties": {
        "store_code": "shu_072",
        "store_name": "שלי רעות",
        "chainname": "שופרסל",
        "subchainname": "שופרסל שלי",
        "storeid": 72.0,
        "address": "חבל מודיעין",
        "city": "מודיעין מכבים רעות",
        "zipcode": 71908.0,
        "average_price_diff": 6.4306657382526975,
        "popular_item_count": 5033
      }
    },
    {
      "type": "Feature",
      "geometry": {
        "type": "Point",
        "coordinates": [
          34.6623938,
          31.7998277
        ]
      },
      "properties": {
        "store_code": "shu_073",
        "store_name": "יש חסד אשדוד",
        "chainname": "שופרסל",
        "subchainname": "יש חסד",
        "storeid": 73.0,
        "address": "חנה סנש 9",
        "city": "אשדוד",
        "zipcode": 7747303.0,
        "average_price_diff": -8.191566740225428,
        "popular_item_count": 4405
      }
    },
    {
      "type": "Feature",
      "geometry": {
        "type": "Point",
        "coordinates": [
          35.2061426,
          32.10235580000001
        ]
      },
      "properties": {
        "store_code": "shu_076",
        "store_name": "דיל אריאל",
        "chainname": "שופרסל",
        "subchainname": "שופרסל דיל",
        "storeid": 76.0,
        "address": "רח' מוריה",
        "city": "אריאל",
        "zipcode": 0.0,
        "average_price_diff": -1.1769195011264195,
        "popular_item_count": 5489
      }
    },
    {
      "type": "Feature",
      "geometry": {
        "type": "Point",
        "coordinates": [
          35.03926815409079,
          32.470755701829056
        ]
      },
      "properties": {
        "store_code": "shu_077",
        "store_name": "דיל  חריש",
        "chainname": "שופרסל",
        "subchainname": "שופרסל דיל",
        "storeid": 77.0,
        "address": "דרך ארץ",
        "city": "חריש",
        "zipcode": 0.0,
        "average_price_diff": -0.7761187090995616,
        "popular_item_count": 6878
      }
    },
    {
      "type": "Feature",
      "geometry": {
        "type": "Point",
        "coordinates": [
          35.1737005,
          31.7861401
        ]
      },
      "properties": {
        "store_code": "shu_078",
        "store_name": "יש הר נוף ירושלים-שאולזו",
        "chainname": "שופרסל",
        "subchainname": "יש בשכונה",
        "storeid": 78.0,
        "address": "שאולזון 56",
        "city": "ירושלים",
        "zipcode": 9540057.0,
        "average_price_diff": 0.9915571600121798,
        "popular_item_count": 3574
      }
    },
    {
      "type": "Feature",
      "geometry": {
        "type": "Point",
        "coordinates": [
          35.046575814361255,
          32.4625603287282
        ]
      },
      "properties": {
        "store_code": "shu_079",
        "store_name": "אקספרס חריש",
        "chainname": "שופרסל",
        "subchainname": "שופרסל אקספרס",
        "storeid": 79.0,
        "address": "נחשול 30",
        "city": "חריש",
        "zipcode": 3786100.0,
        "average_price_diff": 11.21501393236379,
        "popular_item_count": 1955
      }
    },
    {
      "type": "Feature",
      "geometry": {
        "type": "Point",
        "coordinates": [
          34.817174,
          31.960039
        ]
      },
      "properties": {
        "store_code": "shu_080",
        "store_name": "שלי ראשל\"צ- נווה הדרים",
        "chainname": "שופרסל",
        "subchainname": "שופרסל שלי",
        "storeid": 80.0,
        "address": "ברנשטיין 2",
        "city": "ראשון לציון",
        "zipcode": 7550302.0,
        "average_price_diff": 6.8000402517617236,
        "popular_item_count": 4514
      }
    },
    {
      "type": "Feature",
      "geometry": {
        "type": "Point",
        "coordinates": [
          35.03835288104565,
          31.927326714471672
        ]
      },
      "properties": {
        "store_code": "shu_081",
        "store_name": "יש חסד מודיעין עלית דרום",
        "chainname": "שופרסל",
        "subchainname": "יש חסד",
        "storeid": 81.0,
        "address": "שערי תשובה 3",
        "city": "מודיעין עילית",
        "zipcode": 0.0,
        "average_price_diff": -8.194884068354668,
        "popular_item_count": 4151
      }
    },
    {
      "type": "Feature",
      "geometry": {
        "type": "Point",
        "coordinates": [
          34.7706369,
          32.0180655
        ]
      },
      "properties": {
        "store_code": "shu_082",
        "store_name": "אקספרס חולון",
        "chainname": "שופרסל",
        "subchainname": "שופרסל אקספרס",
        "storeid": 82.0,
        "address": "שמריהו לוין 2",
        "city": "חולון",
        "zipcode": 0.0,
        "average_price_diff": 11.755782915079989,
        "popular_item_count": 2764
      }
    },
    {
      "type": "Feature",
      "geometry": {
        "type": "Point",
        "coordinates": [
          34.776395,
          31.2621396
        ]
      },
      "properties": {
        "store_code": "shu_083",
        "store_name": "דיל ב\"ש- שאול המלך",
        "chainname": "שופרסל",
        "subchainname": "שופרסל דיל",
        "storeid": 83.0,
        "address": "קניון שאול המלך",
        "city": "באר שבע",
        "zipcode": 8446811.0,
        "average_price_diff": -1.44088950293345,
        "popular_item_count": 4803
      }
    },
    {
      "type": "Feature",
      "geometry": {
        "type": "Point",
        "coordinates": [
          34.9173131,
          31.889624
        ]
      },
      "properties": {
        "store_code": "shu_084",
        "store_name": "אקספרס בית חשמונאי",
        "chainname": "שופרסל",
        "subchainname": "שופרסל אקספרס",
        "storeid": 84.0,
        "address": "אקספרס בית חשמונאי",
        "city": "ביתחשמונאי",
        "zipcode": 0.0,
        "average_price_diff": 11.208017597351674,
        "popular_item_count": 1770
      }
    },
    {
      "type": "Feature",
      "geometry": {
        "type": "Point",
        "coordinates": [
          34.8816089,
          32.1931117
        ]
      },
      "properties": {
        "store_code": "shu_087",
        "store_name": "דיל רעננה- החרושת",
        "chainname": "שופרסל",
        "subchainname": "שופרסל דיל",
        "storeid": 87.0,
        "address": "החרושת 8",
        "city": "רעננה",
        "zipcode": 4365704.0,
        "average_price_diff": -1.1926083997164514,
        "popular_item_count": 6059
      }
    },
    {
      "type": "Feature",
      "geometry": {
        "type": "Point",
        "coordinates": [
          34.8638844,
          31.9257367
        ]
      },
      "properties": {
        "store_code": "shu_089",
        "store_name": "דיל עזריאלי - רמלה",
        "chainname": "שופרסל",
        "subchainname": "שופרסל דיל",
        "storeid": 89.0,
        "address": "שמשון הגיבור 32",
        "city": "רמלה",
        "zipcode": 72500.0,
        "average_price_diff": -1.3157366542337254,
        "popular_item_count": 5144
      }
    },
    {
      "type": "Feature",
      "geometry": {
        "type": "Point",
        "coordinates": [
          34.8112207,
          31.2636026
        ]
      },
      "properties": {
        "store_code": "shu_090",
        "store_name": "אקספרס גב ים באר שבע",
        "chainname": "שופרסל",
        "subchainname": "שופרסל אקספרס",
        "storeid": 90.0,
        "address": "האנרגיה 77",
        "city": "באר שבע",
        "zipcode": 0.0,
        "average_price_diff": 11.092523987552358,
        "popular_item_count": 1874
      }
    },
    {
      "type": "Feature",
      "geometry": {
        "type": "Point",
        "coordinates": [
          34.9019444,
          32.4013889
        ]
      },
      "properties": {
        "store_code": "shu_091",
        "store_name": "דיל עמק חפר- אזור תעשיה",
        "chainname": "שופרסל",
        "subchainname": "שופרסל דיל",
        "storeid": 91.0,
        "address": "א.ת. עמק חפר",
        "city": "חדרה",
        "zipcode": 3877701.0,
        "average_price_diff": -1.589442489524834,
        "popular_item_count": 7068
      }
    },
    {
      "type": "Feature",
      "geometry": {
        "type": "Point",
        "coordinates": [
          34.6356393,
          31.778083
        ]
      },
      "properties": {
        "store_code": "shu_092",
        "store_name": "דיל אשדוד- שבט לוי",
        "chainname": "שופרסל",
        "subchainname": "שופרסל דיל",
        "storeid": 92.0,
        "address": "שבט לוי 12",
        "city": "אשדוד",
        "zipcode": 0.0,
        "average_price_diff": -1.1190564310856057,
        "popular_item_count": 5096
      }
    },
    {
      "type": "Feature",
      "geometry": {
        "type": "Point",
        "coordinates": [
          34.8782129,
          32.0303568
        ]
      },
      "properties": {
        "store_code": "shu_093",
        "store_name": "שלי יהוד- סביונים",
        "chainname": "שופרסל",
        "subchainname": "שופרסל שלי",
        "storeid": 93.0,
        "address": "דרך משה דיין 7",
        "city": "יהוד מונוסון",
        "zipcode": 5645001.0,
        "average_price_diff": 6.655138979012119,
        "popular_item_count": 4305
      }
    },
    {
      "type": "Feature",
      "geometry": {
        "type": "Point",
        "coordinates": [
          34.9270172,
          32.501976
        ]
      },
      "properties": {
        "store_code": "shu_095",
        "store_name": "דיל חדרה- קניון אורות",
        "chainname": "שופרסל",
        "subchainname": "שופרסל דיל",
        "storeid": 95.0,
        "address": "1ניון אורות",
        "city": "אור עקיבא",
        "zipcode": 3060000.0,
        "average_price_diff": -1.09292882484313,
        "popular_item_count": 5787
      }
    },
    {
      "type": "Feature",
      "geometry": {
        "type": "Point",
        "coordinates": [
          34.95187903689265,
          32.41586814403237
        ]
      },
      "properties": {
        "store_code": "shu_096",
        "store_name": "דיל חדרה- הפרדס",
        "chainname": "שופרסל",
        "subchainname": "שופרסל דיל",
        "storeid": 96.0,
        "address": "קניון גני הדרים",
        "city": "חדרה",
        "zipcode": 3849207.0,
        "average_price_diff": -1.8108575622620784,
        "popular_item_count": 4286
      }
    },
    {
      "type": "Feature",
      "geometry": {
        "type": "Point",
        "coordinates": [
          35.5707447,
          33.19169979999999
        ]
      },
      "properties": {
        "store_code": "shu_097",
        "store_name": "דיל קרית שמונה- מתחם ביג",
        "chainname": "שופרסל",
        "subchainname": "שופרסל דיל",
        "storeid": 97.0,
        "address": "מתחם ביג",
        "city": "קרית שמונה",
        "zipcode": 1162401.0,
        "average_price_diff": -1.099504274247169,
        "popular_item_count": 5723
      }
    },
    {
      "type": "Feature",
      "geometry": {
        "type": "Point",
        "coordinates": [
          35.1252205,
          32.7146161
        ]
      },
      "properties": {
        "store_code": "shu_098",
        "store_name": "דיל קרית טבעון- אלונים",
        "chainname": "שופרסל",
        "subchainname": "שופרסל דיל",
        "storeid": 98.0,
        "address": "חוצות אלונים",
        "city": "טבעון",
        "zipcode": 3604701.0,
        "average_price_diff": -1.2366601080041897,
        "popular_item_count": 5359
      }
    },
    {
      "type": "Feature",
      "geometry": {
        "type": "Point",
        "coordinates": [
          34.892095081057384,
          32.14339427602499
        ]
      },
      "properties": {
        "store_code": "shu_101",
        "store_name": "שלי הוד השרון- ק מרגלית",
        "chainname": "שופרסל",
        "subchainname": "שופרסל שלי",
        "storeid": 101.0,
        "address": "נחליאלי 2",
        "city": "הוד השרון",
        "zipcode": 4535502.0,
        "average_price_diff": 6.576144873106443,
        "popular_item_count": 5381
      }
    },
    {
      "type": "Feature",
      "geometry": {
        "type": "Point",
        "coordinates": [
          34.903248,
          32.3044377
        ]
      },
      "properties": {
        "store_code": "shu_102",
        "store_name": "שלי פרדסיה- הנשיא",
        "chainname": "שופרסל",
        "subchainname": "שופרסל שלי",
        "storeid": 102.0,
        "address": "הנשיא 1 צ.פרדסיה",
        "city": "פרדסיה",
        "zipcode": 4281500.0,
        "average_price_diff": 6.460636905673801,
        "popular_item_count": 4012
      }
    },
    {
      "type": "Feature",
      "geometry": {
        "type": "Point",
        "coordinates": [
          34.9472744,
          31.9991264
        ]
      },
      "properties": {
        "store_code": "shu_103",
        "store_name": "שלי שוהם- מרכז מסחרי",
        "chainname": "שופרסל",
        "subchainname": "שופרסל שלי",
        "storeid": 103.0,
        "address": "מרכז מסחרי",
        "city": "שוהם",
        "zipcode": 6083530.0,
        "average_price_diff": 6.769467332781275,
        "popular_item_count": 5265
      }
    },
    {
      "type": "Feature",
      "geometry": {
        "type": "Point",
        "coordinates": [
          34.886727,
          32.077118
        ]
      },
      "properties": {
        "store_code": "shu_104",
        "store_name": "שלי פ\"ת- גד מכנס",
        "chainname": "שופרסל",
        "subchainname": "שופרסל שלי",
        "storeid": 104.0,
        "address": "רוטשילד 180",
        "city": "פתח תקווה",
        "zipcode": 9435700.0,
        "average_price_diff": 6.470032486124423,
        "popular_item_count": 4080
      }
    },
    {
      "type": "Feature",
      "geometry": {
        "type": "Point",
        "coordinates": [
          34.9023987,
          32.0798866
        ]
      },
      "properties": {
        "store_code": "shu_105",
        "store_name": "דיל פ\"ת- אליעזר פרדימן",
        "chainname": "שופרסל",
        "subchainname": "שופרסל דיל",
        "storeid": 105.0,
        "address": "אליעזר פרידמן 9",
        "city": "פתח תקווה",
        "zipcode": 4941916.0,
        "average_price_diff": -1.216103583290412,
        "popular_item_count": 5734
      }
    },
    {
      "type": "Feature",
      "geometry": {
        "type": "Point",
        "coordinates": [
          34.7928326,
          31.9218546
        ]
      },
      "properties": {
        "store_code": "shu_106",
        "store_name": "יוניברס נס ציונה - הפטיש",
        "chainname": "שופרסל",
        "subchainname": "יוניברס",
        "storeid": 106.0,
        "address": "הפטיש 8,א.ת.",
        "city": "נס ציונה",
        "zipcode": 7404730.0,
        "average_price_diff": -1.448451472425569,
        "popular_item_count": 7623
      }
    },
    {
      "type": "Feature",
      "geometry": {
        "type": "Point",
        "coordinates": [
          34.9662017,
          32.0925903
        ]
      },
      "properties": {
        "store_code": "shu_109",
        "store_name": "שלי ראש העין- ז'בוטינסקי",
        "chainname": "שופרסל",
        "subchainname": "שופרסל שלי",
        "storeid": 109.0,
        "address": "גבעת טל",
        "city": "ראש העין",
        "zipcode": 4857301.0,
        "average_price_diff": 6.773089081590967,
        "popular_item_count": 5871
      }
    },
    {
      "type": "Feature",
      "geometry": {
        "type": "Point",
        "coordinates": [
          34.8230902,
          31.2307493
        ]
      },
      "properties": {
        "store_code": "shu_110",
        "store_name": "דיל הפארק ב\"ש",
        "chainname": "שופרסל",
        "subchainname": "שופרסל דיל",
        "storeid": 110.0,
        "address": "20 נחל פרת",
        "city": "באר שבע",
        "zipcode": null,
        "average_price_diff": -1.3810489979264635,
        "popular_item_count": 4656
      }
    },
    {
      "type": "Feature",
      "geometry": {
        "type": "Point",
        "coordinates": [
          35.51695309999999,
          32.7795991
        ]
      },
      "properties": {
        "store_code": "shu_111",
        "store_name": "יש חסד טבריה עלית-לב האג",
        "chainname": "שופרסל",
        "subchainname": "יש חסד",
        "storeid": 111.0,
        "address": "לב האגם 10",
        "city": "טבריה",
        "zipcode": 14431.0,
        "average_price_diff": -8.284258099800414,
        "popular_item_count": 4114
      }
    },
    {
      "type": "Feature",
      "geometry": {
        "type": "Point",
        "coordinates": [
          34.7852707,
          31.967552
        ]
      },
      "properties": {
        "store_code": "shu_113",
        "store_name": "דיל ראשל\"צ- גולדה מאיר",
        "chainname": "שופרסל",
        "subchainname": "שופרסל דיל",
        "storeid": 113.0,
        "address": "גולדה מאיר 1",
        "city": "ראשון לציון",
        "zipcode": 7549050.0,
        "average_price_diff": -1.2023430916641153,
        "popular_item_count": 5432
      }
    },
    {
      "type": "Feature",
      "geometry": {
        "type": "Point",
        "coordinates": [
          35.186812,
          31.73148
        ]
      },
      "properties": {
        "store_code": "shu_114",
        "store_name": "דיל ירושלים-גילה",
        "chainname": "שופרסל",
        "subchainname": "שופרסל דיל",
        "storeid": 114.0,
        "address": "צביה ויצחק 17",
        "city": "ירושלים",
        "zipcode": 9384014.0,
        "average_price_diff": -0.9538152444196698,
        "popular_item_count": 6259
      }
    },
    {
      "type": "Feature",
      "geometry": {
        "type": "Point",
        "coordinates": [
          34.80999527078125,
          32.07962235584178
        ]
      },
      "properties": {
        "store_code": "shu_116",
        "store_name": "שלי גבעתיים- מכתש",
        "chainname": "שופרסל",
        "subchainname": "שופרסל שלי",
        "storeid": 116.0,
        "address": "בורוכוב 54",
        "city": "גבעתיים",
        "zipcode": 5322205.0,
        "average_price_diff": 6.630733385292653,
        "popular_item_count": 5251
      }
    },
    {
      "type": "Feature",
      "geometry": {
        "type": "Point",
        "coordinates": [
          34.790138601474546,
          32.08066989803344
        ]
      },
      "properties": {
        "store_code": "shu_117",
        "store_name": "שלי תל אביב-איכילוב",
        "chainname": "שופרסל",
        "subchainname": "שופרסל שלי",
        "storeid": 117.0,
        "address": "ויצמן 6",
        "city": "תל אביב יפו",
        "zipcode": 6423914.0,
        "average_price_diff": 6.5088713771715,
        "popular_item_count": 5385
      }
    },
    {
      "type": "Feature",
      "geometry": {
        "type": "Point",
        "coordinates": [
          34.9597588,
          29.5683498
        ]
      },
      "properties": {
        "store_code": "shu_118",
        "store_name": "דיל אילת  הסתת",
        "chainname": "שופרסל",
        "subchainname": "שופרסל דיל",
        "storeid": 118.0,
        "address": "הסתת 15 א תעשיה",
        "city": "אילת",
        "zipcode": 8850415.0,
        "average_price_diff": -15.191886713511188,
        "popular_item_count": 6945
      }
    },
    {
      "type": "Feature",
      "geometry": {
        "type": "Point",
        "coordinates": [
          35.0171739,
          31.9060575
        ]
      },
      "properties": {
        "store_code": "shu_119",
        "store_name": "דיל מודיעין- סנטר",
        "chainname": "שופרסל",
        "subchainname": "שופרסל דיל",
        "storeid": 119.0,
        "address": "צאלון   21",
        "city": "מודיעין מכבים רעות",
        "zipcode": 0.0,
        "average_price_diff": -1.554739800485094,
        "popular_item_count": 4318
      }
    },
    {
      "type": "Feature",
      "geometry": {
        "type": "Point",
        "coordinates": [
          35.09698059999999,
          33.0011199
        ]
      },
      "properties": {
        "store_code": "shu_121",
        "store_name": "דיל נהריה- לוחמי הגטאות",
        "chainname": "שופרסל",
        "subchainname": "שופרסל דיל",
        "storeid": 121.0,
        "address": "לוחמי הגטאות 36",
        "city": "נהריה",
        "zipcode": 2244744.0,
        "average_price_diff": -1.7836748324842464,
        "popular_item_count": 6332
      }
    },
    {
      "type": "Feature",
      "geometry": {
        "type": "Point",
        "coordinates": [
          34.7264833,
          31.8643673
        ]
      },
      "properties": {
        "store_code": "shu_122",
        "store_name": "דיל יבנה- ברוש דרך הים",
        "chainname": "שופרסל",
        "subchainname": "שופרסל דיל",
        "storeid": 122.0,
        "address": "דרך הים 3",
        "city": "יבנה",
        "zipcode": 8157014.0,
        "average_price_diff": -0.8821168679478107,
        "popular_item_count": 6209
      }
    },
    {
      "type": "Feature",
      "geometry": {
        "type": "Point",
        "coordinates": [
          34.7790294,
          32.0128283
        ]
      },
      "properties": {
        "store_code": "shu_123",
        "store_name": "דיל חולון- גולדה",
        "chainname": "שופרסל",
        "subchainname": "שופרסל דיל",
        "storeid": 123.0,
        "address": "גולדה מאיר  7",
        "city": "חולון",
        "zipcode": 5839101.0,
        "average_price_diff": -1.0581355100124379,
        "popular_item_count": 5992
      }
    },
    {
      "type": "Feature",
      "geometry": {
        "type": "Point",
        "coordinates": [
          34.746448,
          32.00892
        ]
      },
      "properties": {
        "store_code": "shu_124",
        "store_name": "דיל בת ים- אורט ישראל",
        "chainname": "שופרסל",
        "subchainname": "שופרסל דיל",
        "storeid": 124.0,
        "address": "אורט ישראל 25",
        "city": "בת ים",
        "zipcode": 5959036.0,
        "average_price_diff": -1.8001329326152797,
        "popular_item_count": 6253
      }
    },
    {
      "type": "Feature",
      "geometry": {
        "type": "Point",
        "coordinates": [
          34.97298,
          32.762127
        ]
      },
      "properties": {
        "store_code": "shu_127",
        "store_name": "אקספרס טירת הכרמל",
        "chainname": "שופרסל",
        "subchainname": "שופרסל אקספרס",
        "storeid": 127.0,
        "address": "הדולפין 1",
        "city": "טירת הכרמל",
        "zipcode": 0.0,
        "average_price_diff": 10.384424605380197,
        "popular_item_count": 1360
      }
    },
    {
      "type": "Feature",
      "geometry": {
        "type": "Point",
        "coordinates": [
          34.9601418,
          32.7830105
        ]
      },
      "properties": {
        "store_code": "shu_128",
        "store_name": "דיל טירת הכרמל- נחום חת",
        "chainname": "שופרסל",
        "subchainname": "שופרסל דיל",
        "storeid": 128.0,
        "address": "נחום חת 5",
        "city": "טירת הכרמל",
        "zipcode": 35085.0,
        "average_price_diff": -1.3546565383775806,
        "popular_item_count": 7698
      }
    },
    {
      "type": "Feature",
      "geometry": {
        "type": "Point",
        "coordinates": [
          34.860423865721465,
          32.28540284693322
        ]
      },
      "properties": {
        "store_code": "shu_129",
        "store_name": "דיל אקסטרה נתניה- המלאכה",
        "chainname": "שופרסל",
        "subchainname": "שופרסל דיל אקסטרא",
        "storeid": 129.0,
        "address": "רח' המלאכה 32",
        "city": "נתניה",
        "zipcode": 4250567.0,
        "average_price_diff": -1.861959907994578,
        "popular_item_count": 6425
      }
    },
    {
      "type": "Feature",
      "geometry": {
        "type": "Point",
        "coordinates": [
          34.875715239875355,
          32.30877746903207
        ]
      },
      "properties": {
        "store_code": "shu_130",
        "store_name": "דיל נתניה- קלאוזנר עמליה",
        "chainname": "שופרסל",
        "subchainname": "שופרסל דיל",
        "storeid": 130.0,
        "address": "קלאוזנר 1",
        "city": "נתניה",
        "zipcode": 0.0,
        "average_price_diff": -1.2598032281659455,
        "popular_item_count": 5278
      }
    },
    {
      "type": "Feature",
      "geometry": {
        "type": "Point",
        "coordinates": [
          34.90176208105864,
          32.16571225904715
        ]
      },
      "properties": {
        "store_code": "shu_131",
        "store_name": "אקספרס הוד השרון",
        "chainname": "שופרסל",
        "subchainname": "שופרסל אקספרס",
        "storeid": 131.0,
        "address": "סוקולוב 37",
        "city": "הוד השרון",
        "zipcode": 0.0,
        "average_price_diff": 10.549239651642866,
        "popular_item_count": 1600
      }
    },
    {
      "type": "Feature",
      "geometry": {
        "type": "Point",
        "coordinates": [
          35.1175965,
          31.7043471
        ]
      },
      "properties": {
        "store_code": "shu_133",
        "store_name": "יש חסד ביתר עילית-  הר\"ן",
        "chainname": "שופרסל",
        "subchainname": "יש חסד",
        "storeid": 133.0,
        "address": "הר\"ן 6 פינת פנים המאירים",
        "city": "ביתר עילית",
        "zipcode": 9056506.0,
        "average_price_diff": -8.17346497842976,
        "popular_item_count": 4069
      }
    },
    {
      "type": "Feature",
      "geometry": {
        "type": "Point",
        "coordinates": [
          34.96250670987946,
          31.889990997218607
        ]
      },
      "properties": {
        "store_code": "shu_134",
        "store_name": "יוניברס מודיעין- ישפרו סנטר",
        "chainname": "שופרסל",
        "subchainname": "יוניברס",
        "storeid": 134.0,
        "address": "ישפרו סנטר",
        "city": "מודיעין מכבים רעות",
        "zipcode": 0.0,
        "average_price_diff": -1.723430587734708,
        "popular_item_count": 6518
      }
    },
    {
      "type": "Feature",
      "geometry": {
        "type": "Point",
        "coordinates": [
          34.6060214,
          31.6748007
        ]
      },
      "properties": {
        "store_code": "shu_135",
        "store_name": "יוניברס אשקלון- פאור סנטר",
        "chainname": "שופרסל",
        "subchainname": "יוניברס",
        "storeid": 135.0,
        "address": "צומת כפר סילבר",
        "city": "אשקלון",
        "zipcode": 7929500.0,
        "average_price_diff": -1.5050878080888395,
        "popular_item_count": 7380
      }
    },
    {
      "type": "Feature",
      "geometry": {
        "type": "Point",
        "coordinates": [
          35.4979823,
          32.9576669
        ]
      },
      "properties": {
        "store_code": "shu_139",
        "store_name": "דיל צפת-  דובק ויצמן",
        "chainname": "שופרסל",
        "subchainname": "שופרסל דיל",
        "storeid": 139.0,
        "address": "ויצמן 20",
        "city": "צפת",
        "zipcode": 1321736.0,
        "average_price_diff": -1.1469368457177689,
        "popular_item_count": 5635
      }
    },
    {
      "type": "Feature",
      "geometry": {
        "type": "Point",
        "coordinates": [
          34.77626703687426,
          32.07699716489422
        ]
      },
      "properties": {
        "store_code": "shu_140",
        "store_name": "אקספרס תל חי",
        "chainname": "שופרסל",
        "subchainname": "שופרסל אקספרס",
        "storeid": 140.0,
        "address": "תל חי 40",
        "city": "תל אביב יפו",
        "zipcode": 0.0,
        "average_price_diff": 10.899162151040553,
        "popular_item_count": 1845
      }
    },
    {
      "type": "Feature",
      "geometry": {
        "type": "Point",
        "coordinates": [
          35.0924242,
          32.6424195
        ]
      },
      "properties": {
        "store_code": "shu_141",
        "store_name": "דיל יוקנעם- שדרות רבין",
        "chainname": "שופרסל",
        "subchainname": "שופרסל דיל",
        "storeid": 141.0,
        "address": "שדרות רבין 9",
        "city": "יקנעם",
        "zipcode": 2060000.0,
        "average_price_diff": -0.8240047302682649,
        "popular_item_count": 6326
      }
    },
    {
      "type": "Feature",
      "geometry": {
        "type": "Point",
        "coordinates": [
          34.9540304,
          32.5730214
        ]
      },
      "properties": {
        "store_code": "shu_142",
        "store_name": "דיל זכרון- המייסדים",
        "chainname": "שופרסל",
        "subchainname": "שופרסל דיל",
        "storeid": 142.0,
        "address": "המייסדים",
        "city": "זכרון יעקב",
        "zipcode": 3095067.0,
        "average_price_diff": -0.9412191995500585,
        "popular_item_count": 6361
      }
    },
    {
      "type": "Feature",
      "geometry": {
        "type": "Point",
        "coordinates": [
          34.8916444,
          32.1920475
        ]
      },
      "properties": {
        "store_code": "shu_144",
        "store_name": "דיל שבירו כפר סבא",
        "chainname": "שופרסל",
        "subchainname": "שופרסל דיל",
        "storeid": 144.0,
        "address": "רפפורט 6",
        "city": "כפר סבא",
        "zipcode": null,
        "average_price_diff": -1.0479323053048946,
        "popular_item_count": 6741
      }
    },
    {
      "type": "Feature",
      "geometry": {
        "type": "Point",
        "coordinates": [
          34.9551162,
          32.5686035
        ]
      },
      "properties": {
        "store_code": "shu_147",
        "store_name": "אקספרס זכרון",
        "chainname": "שופרסל",
        "subchainname": "שופרסל אקספרס",
        "storeid": 147.0,
        "address": "ההנפה",
        "city": "זכרון יעקב",
        "zipcode": 0.0,
        "average_price_diff": 10.991154568449975,
        "popular_item_count": 2307
      }
    },
    {
      "type": "Feature",
      "geometry": {
        "type": "Point",
        "coordinates": [
          34.82667939524262,
          31.90295469240869
        ]
      },
      "properties": {
        "store_code": "shu_148",
        "store_name": "אקספרס מלצר רחובות",
        "chainname": "שופרסל",
        "subchainname": "שופרסל אקספרס",
        "storeid": 148.0,
        "address": "מלצר 20",
        "city": "רחובות",
        "zipcode": 0.0,
        "average_price_diff": 10.324963721235706,
        "popular_item_count": 1897
      }
    },
    {
      "type": "Feature",
      "geometry": {
        "type": "Point",
        "coordinates": [
          34.7927823,
          32.1206979
        ]
      },
      "properties": {
        "store_code": "shu_150",
        "store_name": "אקספרס רודנסקי ת\"א",
        "chainname": "שופרסל",
        "subchainname": "שופרסל אקספרס",
        "storeid": 150.0,
        "address": "רודנסקי 5",
        "city": "תל אביב יפו",
        "zipcode": null,
        "average_price_diff": 10.908932160202902,
        "popular_item_count": 2131
      }
    },
    {
      "type": "Feature",
      "geometry": {
        "type": "Point",
        "coordinates": [
          34.8791319,
          32.1974692
        ]
      },
      "properties": {
        "store_code": "shu_151",
        "store_name": "דיל רעננה- קניון רננים",
        "chainname": "שופרסל",
        "subchainname": "שופרסל דיל",
        "storeid": 151.0,
        "address": "רח.המלאכה 2",
        "city": "רעננה",
        "zipcode": 4366101.0,
        "average_price_diff": -0.8886431232580304,
        "popular_item_count": 6872
      }
    },
    {
      "type": "Feature",
      "geometry": {
        "type": "Point",
        "coordinates": [
          35.1958045,
          31.2482662
        ]
      },
      "properties": {
        "store_code": "shu_152",
        "store_name": "דיל ערד-ישפרו המנוף",
        "chainname": "שופרסל",
        "subchainname": "שופרסל דיל",
        "storeid": 152.0,
        "address": "המנוף 7",
        "city": "ערד",
        "zipcode": 8909460.0,
        "average_price_diff": -1.1612333123970138,
        "popular_item_count": 5593
      }
    },
    {
      "type": "Feature",
      "geometry": {
        "type": "Point",
        "coordinates": [
          34.6253776,
          31.3182278
        ]
      },
      "properties": {
        "store_code": "shu_153",
        "store_name": "דיל אופקים- ז'בוטינסקי",
        "chainname": "שופרסל",
        "subchainname": "שופרסל דיל",
        "storeid": 153.0,
        "address": "זבוטינסקי 25",
        "city": "אופקים",
        "zipcode": 8759908.0,
        "average_price_diff": -1.1690452522367196,
        "popular_item_count": 5360
      }
    },
    {
      "type": "Feature",
      "geometry": {
        "type": "Point",
        "coordinates": [
          34.9815343,
          32.2189326
        ]
      },
      "properties": {
        "store_code": "shu_155",
        "store_name": "דיל צור יגאל- מרכז מסחרי",
        "chainname": "שופרסל",
        "subchainname": "שופרסל דיל",
        "storeid": 155.0,
        "address": "מרכז מסחרי",
        "city": "צור יגאל",
        "zipcode": 4486400.0,
        "average_price_diff": -0.783313321163666,
        "popular_item_count": 7084
      }
    },
    {
      "type": "Feature",
      "geometry": {
        "type": "Point",
        "coordinates": [
          34.9608358,
          32.8124983
        ]
      },
      "properties": {
        "store_code": "shu_159",
        "store_name": "דיל רמת הנשיא חיפה",
        "chainname": "שופרסל",
        "subchainname": "שופרסל דיל",
        "storeid": 159.0,
        "address": "שלמה המלך 55",
        "city": "חיפה",
        "zipcode": 0.0,
        "average_price_diff": -1.1714845905980502,
        "popular_item_count": 5791
      }
    },
    {
      "type": "Feature",
      "geometry": {
        "type": "Point",
        "coordinates": [
          34.66168908205065,
          31.82112871642435
        ]
      },
      "properties": {
        "store_code": "shu_161",
        "store_name": "המפיץ סיטונאות אשדוד",
        "chainname": "שופרסל",
        "subchainname": "סיטונאות",
        "storeid": 161.0,
        "address": "הבושם 16",
        "city": "אשדוד",
        "zipcode": null,
        "average_price_diff": -20.956768474634575,
        "popular_item_count": 1819
      }
    },
    {
      "type": "Feature",
      "geometry": {
        "type": "Point",
        "coordinates": [
          34.594066,
          31.5207301
        ]
      },
      "properties": {
        "store_code": "shu_163",
        "store_name": "דיל שדרות- הפלדה",
        "chainname": "שופרסל",
        "subchainname": "שופרסל דיל",
        "storeid": 163.0,
        "address": "הפלדה קניון אחים",
        "city": "שדרות",
        "zipcode": 80100.0,
        "average_price_diff": -1.0311155893183823,
        "popular_item_count": 5553
      }
    },
    {
      "type": "Feature",
      "geometry": {
        "type": "Point",
        "coordinates": [
          34.8115272,
          32.0857925
        ]
      },
      "properties": {
        "store_code": "shu_164",
        "store_name": "שלי רמתגן- ביאליק",
        "chainname": "שופרסל",
        "subchainname": "שופרסל שלי",
        "storeid": 164.0,
        "address": "רח. ביאליק 76",
        "city": "רמת גן",
        "zipcode": 5244136.0,
        "average_price_diff": 6.24655219204391,
        "popular_item_count": 3665
      }
    },
    {
      "type": "Feature",
      "geometry": {
        "type": "Point",
        "coordinates": [
          34.6622085,
          31.8180465
        ]
      },
      "properties": {
        "store_code": "shu_166",
        "store_name": "דיל אקסטרה  אשדוד- הבושם",
        "chainname": "שופרסל",
        "subchainname": "שופרסל דיל אקסטרא",
        "storeid": 166.0,
        "address": "הבושם 7 א.ת. קלה",
        "city": "אשדוד",
        "zipcode": 7761007.0,
        "average_price_diff": -1.519553228983189,
        "popular_item_count": 7119
      }
    },
    {
      "type": "Feature",
      "geometry": {
        "type": "Point",
        "coordinates": [
          34.6340866,
          31.7844314
        ]
      },
      "properties": {
        "store_code": "shu_168",
        "store_name": "שלי אשדוד- כינרת",
        "chainname": "שופרסל",
        "subchainname": "שופרסל שלי",
        "storeid": 168.0,
        "address": "שכונת י\"א כנרת",
        "city": "אשדוד",
        "zipcode": 7770071.0,
        "average_price_diff": 6.739946922018749,
        "popular_item_count": 4531
      }
    },
    {
      "type": "Feature",
      "geometry": {
        "type": "Point",
        "coordinates": [
          34.767196173445065,
          31.231108299883353
        ]
      },
      "properties": {
        "store_code": "shu_169",
        "store_name": "אקספרס באר שבע",
        "chainname": "שופרסל",
        "subchainname": "שופרסל אקספרס",
        "storeid": 169.0,
        "address": "אפרים לרון 20",
        "city": "באר שבע",
        "zipcode": 0.0,
        "average_price_diff": 11.496152267652905,
        "popular_item_count": 2308
      }
    },
    {
      "type": "Feature",
      "geometry": {
        "type": "Point",
        "coordinates": [
          34.9043166,
          32.1722128
        ]
      },
      "properties": {
        "store_code": "shu_171",
        "store_name": "אקספרס אוסטשינסקי",
        "chainname": "שופרסל",
        "subchainname": "שופרסל אקספרס",
        "storeid": 171.0,
        "address": "אוסטשינסקי 15",
        "city": "כפר סבא",
        "zipcode": 0.0,
        "average_price_diff": 11.368667401191209,
        "popular_item_count": 2185
      }
    },
    {
      "type": "Feature",
      "geometry": {
        "type": "Point",
        "coordinates": [
          34.93599,
          32.320644
        ]
      },
      "properties": {
        "store_code": "shu_173",
        "store_name": "דיל כפר יונה",
        "chainname": "שופרסל",
        "subchainname": "שופרסל דיל",
        "storeid": 173.0,
        "address": "נעמישמר",
        "city": "כפר יונה",
        "zipcode": 0.0,
        "average_price_diff": -1.0640762609000716,
        "popular_item_count": 5739
      }
    },
    {
      "type": "Feature",
      "geometry": {
        "type": "Point",
        "coordinates": [
          35.2088394,
          31.2597999
        ]
      },
      "properties": {
        "store_code": "shu_174",
        "store_name": "דיל ערד- קניון",
        "chainname": "שופרסל",
        "subchainname": "שופרסל דיל",
        "storeid": 174.0,
        "address": "הקנאים 29",
        "city": "ערד",
        "zipcode": 8902342.0,
        "average_price_diff": -0.9920494661805928,
        "popular_item_count": 6104
      }
    },
    {
      "type": "Feature",
      "geometry": {
        "type": "Point",
        "coordinates": [
          35.2099448,
          31.79217
        ]
      },
      "properties": {
        "store_code": "shu_176",
        "store_name": "שערי רווחה ירושלים",
        "chainname": "שופרסל",
        "subchainname": "שערי רווחה",
        "storeid": 176.0,
        "address": "לואיס ברנדס 3",
        "city": "ירושלים",
        "zipcode": null,
        "average_price_diff": -8.20922633519785,
        "popular_item_count": 4693
      }
    },
    {
      "type": "Feature",
      "geometry": {
        "type": "Point",
        "coordinates": [
          34.802429,
          30.612762
        ]
      },
      "properties": {
        "store_code": "shu_177",
        "store_name": "דיל מצפה רמון- בן גוריון",
        "chainname": "שופרסל",
        "subchainname": "שופרסל דיל",
        "storeid": 177.0,
        "address": "מרכז מסחרי",
        "city": "מצפה רמון",
        "zipcode": 8060000.0,
        "average_price_diff": -1.4359546017463924,
        "popular_item_count": 4517
      }
    },
    {
      "type": "Feature",
      "geometry": {
        "type": "Point",
        "coordinates": [
          34.82492058105363,
          32.074360359422805
        ]
      },
      "properties": {
        "store_code": "shu_179",
        "store_name": "שופרסל אקספרס הרוא\"ה רמת גן",
        "chainname": "שופרסל",
        "subchainname": "שופרסל אקספרס",
        "storeid": 179.0,
        "address": "רח' הרוא\"ה 152",
        "city": "רמת גן",
        "zipcode": null,
        "average_price_diff": 11.299768510967299,
        "popular_item_count": 1846
      }
    },
    {
      "type": "Feature",
      "geometry": {
        "type": "Point",
        "coordinates": [
          35.0804138,
          32.8406715
        ]
      },
      "properties": {
        "store_code": "shu_180",
        "store_name": "דיל ק.מוצקין- בן גוריון",
        "chainname": "שופרסל",
        "subchainname": "שופרסל דיל",
        "storeid": 180.0,
        "address": "שד' בן גוריון 84",
        "city": "קרית מוצקין",
        "zipcode": 2642439.0,
        "average_price_diff": -0.8398260049487446,
        "popular_item_count": 6805
      }
    },
    {
      "type": "Feature",
      "geometry": {
        "type": "Point",
        "coordinates": [
          34.5827367,
          31.668009
        ]
      },
      "properties": {
        "store_code": "shu_181",
        "store_name": "דיל אשקלון- רמז",
        "chainname": "שופרסל",
        "subchainname": "שופרסל דיל",
        "storeid": 181.0,
        "address": "דוד רמז 39",
        "city": "אשקלון",
        "zipcode": 7853339.0,
        "average_price_diff": -0.9834145630283088,
        "popular_item_count": 6432
      }
    },
    {
      "type": "Feature",
      "geometry": {
        "type": "Point",
        "coordinates": [
          35.032371,
          31.074295
        ]
      },
      "properties": {
        "store_code": "shu_182",
        "store_name": "דיל דימונה- גולדה מאיר",
        "chainname": "שופרסל",
        "subchainname": "שופרסל דיל",
        "storeid": 182.0,
        "address": "גולדה מאיר 1",
        "city": "דימונה",
        "zipcode": 86000.0,
        "average_price_diff": -1.633210297463427,
        "popular_item_count": 6504
      }
    },
    {
      "type": "Feature",
      "geometry": {
        "type": "Point",
        "coordinates": [
          34.64089420000001,
          31.7936909
        ]
      },
      "properties": {
        "store_code": "shu_183",
        "store_name": "דיל אשדוד- הרצל",
        "chainname": "שופרסל",
        "subchainname": "שופרסל דיל",
        "storeid": 183.0,
        "address": "1 רח' הרצל",
        "city": "אשדוד",
        "zipcode": 7745401.0,
        "average_price_diff": -1.340344950333292,
        "popular_item_count": 5384
      }
    },
    {
      "type": "Feature",
      "geometry": {
        "type": "Point",
        "coordinates": [
          34.800662,
          31.9615072
        ]
      },
      "properties": {
        "store_code": "shu_184",
        "store_name": "דיל ראשל\"צ- זבוטינסקי",
        "chainname": "שופרסל",
        "subchainname": "שופרסל דיל",
        "storeid": 184.0,
        "address": "זבוטינסקי 16",
        "city": "ראשון לציון",
        "zipcode": null,
        "average_price_diff": -1.4313169498516187,
        "popular_item_count": 5321
      }
    },
    {
      "type": "Feature",
      "geometry": {
        "type": "Point",
        "coordinates": [
          34.9778335,
          32.81601250000001
        ]
      },
      "properties": {
        "store_code": "shu_186",
        "store_name": "אקספרס התשבי",
        "chainname": "שופרסל",
        "subchainname": "שופרסל אקספרס",
        "storeid": 186.0,
        "address": "התשבי 9",
        "city": "חיפה",
        "zipcode": 0.0,
        "average_price_diff": 10.580013635948687,
        "popular_item_count": 1666
      }
    },
    {
      "type": "Feature",
      "geometry": {
        "type": "Point",
        "coordinates": [
          35.29840181084888,
          31.771535222294382
        ]
      },
      "properties": {
        "store_code": "shu_187",
        "store_name": "דיל קניון מעלה אדומים",
        "chainname": "שופרסל",
        "subchainname": "שופרסל דיל",
        "storeid": 187.0,
        "address": "דרך קדם 5",
        "city": "מעלה אדומים",
        "zipcode": 0.0,
        "average_price_diff": -0.9294906527997834,
        "popular_item_count": 6454
      }
    },
    {
      "type": "Feature",
      "geometry": {
        "type": "Point",
        "coordinates": [
          34.9272665,
          30.9883432
        ]
      },
      "properties": {
        "store_code": "shu_188",
        "store_name": "דיל ירוחם- צבי בורנשטיין",
        "chainname": "שופרסל",
        "subchainname": "שופרסל דיל",
        "storeid": 188.0,
        "address": "צבי בורנשטין",
        "city": "ירוחם",
        "zipcode": 8050000.0,
        "average_price_diff": -1.3237426028675336,
        "popular_item_count": 4890
      }
    },
    {
      "type": "Feature",
      "geometry": {
        "type": "Point",
        "coordinates": [
          34.9742001,
          32.4728028
        ]
      },
      "properties": {
        "store_code": "shu_189",
        "store_name": "דיל פרדס חנה",
        "chainname": "שופרסל",
        "subchainname": "שופרסל דיל",
        "storeid": 189.0,
        "address": "14 רחוב הבנים",
        "city": "פרדס חנה כרכור",
        "zipcode": 0.0,
        "average_price_diff": -1.1894043225404942,
        "popular_item_count": 5499
      }
    },
    {
      "type": "Feature",
      "geometry": {
        "type": "Point",
        "coordinates": [
          35.5561111,
          32.9813889
        ]
      },
      "properties": {
        "store_code": "shu_190",
        "store_name": "דיל חצור- הגלילית",
        "chainname": "שופרסל",
        "subchainname": "שופרסל דיל",
        "storeid": 190.0,
        "address": "קניון גליל עליון",
        "city": "חצור",
        "zipcode": 1030000.0,
        "average_price_diff": -1.1509304218810932,
        "popular_item_count": 5529
      }
    },
    {
      "type": "Feature",
      "geometry": {
        "type": "Point",
        "coordinates": [
          34.8020886,
          31.95908129999999
        ]
      },
      "properties": {
        "store_code": "shu_193",
        "store_name": "שלי ראשל\"צ- מזרח",
        "chainname": "שופרסל",
        "subchainname": "שופרסל שלי",
        "storeid": 193.0,
        "address": "שד' יעקב 50",
        "city": "ראשון לציון",
        "zipcode": 7550903.0,
        "average_price_diff": 6.7623232457145,
        "popular_item_count": 4354
      }
    },
    {
      "type": "Feature",
      "geometry": {
        "type": "Point",
        "coordinates": [
          35.09225064900311,
          32.842769822419335
        ]
      },
      "properties": {
        "store_code": "shu_195",
        "store_name": "יוניברס קריון- דרך עכו",
        "chainname": "שופרסל",
        "subchainname": "יוניברס",
        "storeid": 195.0,
        "address": "דרך עכו  192",
        "city": "קרית ביאליק",
        "zipcode": 2723211.0,
        "average_price_diff": -1.4960460950071852,
        "popular_item_count": 7399
      }
    },
    {
      "type": "Feature",
      "geometry": {
        "type": "Point",
        "coordinates": [
          34.745195,
          32.0290122
        ]
      },
      "properties": {
        "store_code": "shu_199",
        "store_name": "דיל בת ים- בלפור",
        "chainname": "שופרסל",
        "subchainname": "שופרסל דיל",
        "storeid": 199.0,
        "address": "בלפור 25",
        "city": "בת ים",
        "zipcode": 0.0,
        "average_price_diff": 12.086063793131599,
        "popular_item_count": 5691
      }
    },
    {
      "type": "Feature",
      "geometry": {
        "type": "Point",
        "coordinates": [
          34.8890965,
          31.932199
        ]
      },
      "properties": {
        "store_code": "shu_203",
        "store_name": "דיל רמלה לוד- הצופית",
        "chainname": "שופרסל",
        "subchainname": "שופרסל דיל",
        "storeid": 203.0,
        "address": "הצופית 40",
        "city": "רמלה",
        "zipcode": 0.0,
        "average_price_diff": -1.5326425564249504,
        "popular_item_count": 7093
      }
    },
    {
      "type": "Feature",
      "geometry": {
        "type": "Point",
        "coordinates": [
          34.9009857,
          32.0257949
        ]
      },
      "properties": {
        "store_code": "shu_205",
        "store_name": "דיל יהוד- אלטלף",
        "chainname": "שופרסל",
        "subchainname": "שופרסל דיל",
        "storeid": 205.0,
        "address": "אלטלף 4 א.ת יהוד",
        "city": "יהוד מונוסון",
        "zipcode": 5621604.0,
        "average_price_diff": -1.7479673573648808,
        "popular_item_count": 7085
      }
    },
    {
      "type": "Feature",
      "geometry": {
        "type": "Point",
        "coordinates": [
          34.859212,
          32.0257793
        ]
      },
      "properties": {
        "store_code": "shu_207",
        "store_name": "יש אור יהודה - אליהו סעדו",
        "chainname": "שופרסל",
        "subchainname": "יש בשכונה",
        "storeid": 207.0,
        "address": "אליהו סעדון 128",
        "city": "אור יהודה",
        "zipcode": 6039727.0,
        "average_price_diff": -0.4785769510000448,
        "popular_item_count": 2923
      }
    },
    {
      "type": "Feature",
      "geometry": {
        "type": "Point",
        "coordinates": [
          34.94564769017903,
          29.564247303079448
        ]
      },
      "properties": {
        "store_code": "shu_208",
        "store_name": "דיל אילת נחל אורה",
        "chainname": "שופרסל",
        "subchainname": "שופרסל דיל",
        "storeid": 208.0,
        "address": "ירושלים השלמה 52",
        "city": "אילת",
        "zipcode": 0.0,
        "average_price_diff": -15.626104413527447,
        "popular_item_count": 4521
      }
    },
    {
      "type": "Feature",
      "geometry": {
        "type": "Point",
        "coordinates": [
          34.57894650736695,
          31.687853873915714
        ]
      },
      "properties": {
        "store_code": "shu_209",
        "store_name": "דיל אשקלון- רוטשילד",
        "chainname": "שופרסל",
        "subchainname": "שופרסל דיל",
        "storeid": 209.0,
        "address": "אדמונד רוטשילד 8",
        "city": "אשקלון",
        "zipcode": 7822602.0,
        "average_price_diff": -1.246474114312457,
        "popular_item_count": 4558
      }
    },
    {
      "type": "Feature",
      "geometry": {
        "type": "Point",
        "coordinates": [
          34.8121871,
          31.9764175
        ]
      },
      "properties": {
        "store_code": "shu_210",
        "store_name": "יוניברס ראשל\"צ- שמוטקין",
        "chainname": "שופרסל",
        "subchainname": "יוניברס",
        "storeid": 210.0,
        "address": "שמוטקין 30",
        "city": "ראשון לציון",
        "zipcode": 7536333.0,
        "average_price_diff": -1.5444808834348056,
        "popular_item_count": 7303
      }
    },
    {
      "type": "Feature",
      "geometry": {
        "type": "Point",
        "coordinates": [
          35.325641428071066,
          32.92901620038814
        ]
      },
      "properties": {
        "store_code": "shu_211",
        "store_name": "דיל כרמיאל- אזור התעשיה",
        "chainname": "שופרסל",
        "subchainname": "שופרסל דיל",
        "storeid": 211.0,
        "address": "א.ת חוצות כרמיאל",
        "city": "כרמיאל",
        "zipcode": 2165006.0,
        "average_price_diff": -1.542472868280061,
        "popular_item_count": 7039
      }
    },
    {
      "type": "Feature",
      "geometry": {
        "type": "Point",
        "coordinates": [
          34.9963889,
          32.7949865
        ]
      },
      "properties": {
        "store_code": "shu_212",
        "store_name": "שלי חיפה- ורדיה",
        "chainname": "שופרסל",
        "subchainname": "שופרסל שלי",
        "storeid": 212.0,
        "address": "ורדיה 10",
        "city": "חיפה",
        "zipcode": 3465710.0,
        "average_price_diff": 6.340114537301237,
        "popular_item_count": 3607
      }
    },
    {
      "type": "Feature",
      "geometry": {
        "type": "Point",
        "coordinates": [
          34.75683013181416,
          31.603493329908446
        ]
      },
      "properties": {
        "store_code": "shu_214",
        "store_name": "דיל קרית גת- מלכי ישראל",
        "chainname": "שופרסל",
        "subchainname": "שופרסל דיל",
        "storeid": 214.0,
        "address": "מלכי ישראל 178",
        "city": "קרית גת",
        "zipcode": 8205002.0,
        "average_price_diff": -1.5551681009442622,
        "popular_item_count": 7070
      }
    },
    {
      "type": "Feature",
      "geometry": {
        "type": "Point",
        "coordinates": [
          35.4972484,
          32.4953548
        ]
      },
      "properties": {
        "store_code": "shu_215",
        "store_name": "דיל בית שאן-ירושלים הביר",
        "chainname": "שופרסל",
        "subchainname": "שופרסל דיל",
        "storeid": 215.0,
        "address": "ירושלים הבירה",
        "city": "בית שאן",
        "zipcode": 10900.0,
        "average_price_diff": -1.645296635984315,
        "popular_item_count": 4372
      }
    },
    {
      "type": "Feature",
      "geometry": {
        "type": "Point",
        "coordinates": [
          34.90719852153541,
          32.16455867150475
        ]
      },
      "properties": {
        "store_code": "shu_216",
        "store_name": "שלי הודהשרון",
        "chainname": "שופרסל",
        "subchainname": "שופרסל שלי",
        "storeid": 216.0,
        "address": "2 הנשיאים",
        "city": "הוד השרון",
        "zipcode": 0.0,
        "average_price_diff": 6.545856001254167,
        "popular_item_count": 3623
      }
    },
    {
      "type": "Feature",
      "geometry": {
        "type": "Point",
        "coordinates": [
          35.3154373,
          32.6229362
        ]
      },
      "properties": {
        "store_code": "shu_218",
        "store_name": "דיל עפולה- יצחק רבין",
        "chainname": "שופרסל",
        "subchainname": "שופרסל דיל",
        "storeid": 218.0,
        "address": "שד' יצחק רבין 5",
        "city": "עפולה",
        "zipcode": 1834171.0,
        "average_price_diff": -1.7350685710817904,
        "popular_item_count": 6528
      }
    },
    {
      "type": "Feature",
      "geometry": {
        "type": "Point",
        "coordinates": [
          34.83843575221792,
          32.07937035994891
        ]
      },
      "properties": {
        "store_code": "shu_219",
        "store_name": "יש חסד בני ברק- עזרא",
        "chainname": "שופרסל",
        "subchainname": "יש חסד",
        "storeid": 219.0,
        "address": "עזרה בני ברק",
        "city": "בני ברק",
        "zipcode": 5155103.0,
        "average_price_diff": -7.9950035080398125,
        "popular_item_count": 4639
      }
    },
    {
      "type": "Feature",
      "geometry": {
        "type": "Point",
        "coordinates": [
          34.80047930000001,
          31.2822648
        ]
      },
      "properties": {
        "store_code": "shu_222",
        "store_name": "דיל רמות ב\"ש ב'",
        "chainname": "שופרסל",
        "subchainname": "שופרסל דיל",
        "storeid": 222.0,
        "address": "הערים התאומות 28",
        "city": "באר שבע",
        "zipcode": null,
        "average_price_diff": -0.9215509923040179,
        "popular_item_count": 5999
      }
    },
    {
      "type": "Feature",
      "geometry": {
        "type": "Point",
        "coordinates": [
          34.7610407,
          31.9793122
        ]
      },
      "properties": {
        "store_code": "shu_224",
        "store_name": "אקספרס ראשל\"צ-נווה דקלים",
        "chainname": "שופרסל",
        "subchainname": "שופרסל אקספרס",
        "storeid": 224.0,
        "address": "נווה דקלים 44",
        "city": "ראשון לציון",
        "zipcode": null,
        "average_price_diff": 10.388906469035932,
        "popular_item_count": 1637
      }
    },
    {
      "type": "Feature",
      "geometry": {
        "type": "Point",
        "coordinates": [
          35.281619728131595,
          32.905123868823516
        ]
      },
      "properties": {
        "store_code": "shu_226",
        "store_name": "דיל כרמיאל",
        "chainname": "שופרסל",
        "subchainname": "שופרסל דיל",
        "storeid": 226.0,
        "address": "ההגנה 2",
        "city": "כרמיאל",
        "zipcode": 0.0,
        "average_price_diff": -1.4851100436984344,
        "popular_item_count": 4884
      }
    },
    {
      "type": "Feature",
      "geometry": {
        "type": "Point",
        "coordinates": [
          35.075575,
          32.808657
        ]
      },
      "properties": {
        "store_code": "shu_227",
        "store_name": "דיל-איקאה קרית אתא",
        "chainname": "שופרסל",
        "subchainname": "שופרסל דיל",
        "storeid": 227.0,
        "address": "דרך חיפה 52",
        "city": "קרית אתא",
        "zipcode": 0.0,
        "average_price_diff": -0.8378800766215297,
        "popular_item_count": 6718
      }
    },
    {
      "type": "Feature",
      "geometry": {
        "type": "Point",
        "coordinates": [
          34.9403751,
          32.5175279
        ]
      },
      "properties": {
        "store_code": "shu_228",
        "store_name": "שלי בנימינה - הגביע",
        "chainname": "שופרסל",
        "subchainname": "שופרסל שלי",
        "storeid": 228.0,
        "address": "הגביע 1",
        "city": "בנימינה",
        "zipcode": 3056601.0,
        "average_price_diff": 6.34206268776961,
        "popular_item_count": 3615
      }
    },
    {
      "type": "Feature",
      "geometry": {
        "type": "Point",
        "coordinates": [
          34.793731,
          32.0654728
        ]
      },
      "properties": {
        "store_code": "shu_229",
        "store_name": "דיל ת\"א- יגאל אלון",
        "chainname": "שופרסל",
        "subchainname": "שופרסל דיל",
        "storeid": 229.0,
        "address": "יגאל אלון 76",
        "city": "תל אביב יפו",
        "zipcode": 6706701.0,
        "average_price_diff": -1.0172470611791584,
        "popular_item_count": 6241
      }
    },
    {
      "type": "Feature",
      "geometry": {
        "type": "Point",
        "coordinates": [
          34.9117835,
          32.1744564
        ]
      },
      "properties": {
        "store_code": "shu_230",
        "store_name": "שלי כ\"ס- ויצמן",
        "chainname": "שופרסל",
        "subchainname": "שופרסל שלי",
        "storeid": 230.0,
        "address": "ויצמן 29",
        "city": "כפר סבא",
        "zipcode": 4435227.0,
        "average_price_diff": 6.2881003515412806,
        "popular_item_count": 2660
      }
    },
    {
      "type": "Feature",
      "geometry": {
        "type": "Point",
        "coordinates": [
          34.8503227,
          32.1939468
        ]
      },
      "properties": {
        "store_code": "shu_231",
        "store_name": "אקספרס רעננה- רבקה גרובר",
        "chainname": "שופרסל",
        "subchainname": "שופרסל אקספרס",
        "storeid": 231.0,
        "address": "רבקה גובר  7",
        "city": "רעננה",
        "zipcode": 0.0,
        "average_price_diff": 10.500376511084797,
        "popular_item_count": 2052
      }
    },
    {
      "type": "Feature",
      "geometry": {
        "type": "Point",
        "coordinates": [
          35.498291,
          32.9580793
        ]
      },
      "properties": {
        "store_code": "shu_232",
        "store_name": "שלי צפת- מ.מסחר רמת רזים",
        "chainname": "שופרסל",
        "subchainname": "שופרסל שלי",
        "storeid": 232.0,
        "address": "מרכז מסחרי רמת",
        "city": "צפת",
        "zipcode": 1341219.0,
        "average_price_diff": 6.322116450637818,
        "popular_item_count": 2944
      }
    },
    {
      "type": "Feature",
      "geometry": {
        "type": "Point",
        "coordinates": [
          34.9929427,
          31.73639069999999
        ]
      },
      "properties": {
        "store_code": "shu_234",
        "store_name": "יש חסד רסידו",
        "chainname": "שופרסל",
        "subchainname": "יש חסד",
        "storeid": 234.0,
        "address": "נהר הירדן",
        "city": "בית שמש",
        "zipcode": 9902101.0,
        "average_price_diff": -8.100703316450874,
        "popular_item_count": 3434
      }
    },
    {
      "type": "Feature",
      "geometry": {
        "type": "Point",
        "coordinates": [
          34.935701,
          29.547332
        ]
      },
      "properties": {
        "store_code": "shu_236",
        "store_name": "אקספרס אילת שחמון",
        "chainname": "שופרסל",
        "subchainname": "שופרסל אקספרס",
        "storeid": 236.0,
        "address": "ששת הימים 310",
        "city": "אילת",
        "zipcode": 0.0,
        "average_price_diff": -6.413355151866075,
        "popular_item_count": 3408
      }
    },
    {
      "type": "Feature",
      "geometry": {
        "type": "Point",
        "coordinates": [
          34.8339142712638,
          31.9419763693318
        ]
      },
      "properties": {
        "store_code": "shu_238",
        "store_name": "דיל באר יעקב",
        "chainname": "שופרסל",
        "subchainname": "שופרסל דיל",
        "storeid": 238.0,
        "address": "רח' שא - נס 17",
        "city": "באר יעקב",
        "zipcode": 0.0,
        "average_price_diff": -1.375556495055706,
        "popular_item_count": 4968
      }
    },
    {
      "type": "Feature",
      "geometry": {
        "type": "Point",
        "coordinates": [
          34.753867681052334,
          32.051084683019006
        ]
      },
      "properties": {
        "store_code": "shu_239",
        "store_name": "אקספרס יפו- הדרור",
        "chainname": "שופרסל",
        "subchainname": "שופרסל אקספרס",
        "storeid": 239.0,
        "address": "הדרור 2",
        "city": "תל אביב יפו",
        "zipcode": 0.0,
        "average_price_diff": 10.345340664866844,
        "popular_item_count": 1644
      }
    },
    {
      "type": "Feature",
      "geometry": {
        "type": "Point",
        "coordinates": [
          34.7538711,
          31.39467
        ]
      },
      "properties": {
        "store_code": "shu_240",
        "store_name": "דיל רהט",
        "chainname": "שופרסל",
        "subchainname": "שופרסל דיל",
        "storeid": 240.0,
        "address": "מרכז מסחרי רהט",
        "city": "רהט",
        "zipcode": 8535700.0,
        "average_price_diff": -0.8081319881064383,
        "popular_item_count": 3677
      }
    },
    {
      "type": "Feature",
      "geometry": {
        "type": "Point",
        "coordinates": [
          34.83670992523469,
          32.1029795757971
        ]
      },
      "properties": {
        "store_code": "shu_241",
        "store_name": "דיל בני ברק איילון",
        "chainname": "שופרסל",
        "subchainname": "שופרסל דיל",
        "storeid": 241.0,
        "address": "הלח\"י 28",
        "city": "בני ברק",
        "zipcode": 5120045.0,
        "average_price_diff": -1.5489090660597786,
        "popular_item_count": 6958
      }
    },
    {
      "type": "Feature",
      "geometry": {
        "type": "Point",
        "coordinates": [
          34.8041896,
          32.1464078
        ]
      },
      "properties": {
        "store_code": "shu_244",
        "store_name": "דיל גלילות רמת השרון",
        "chainname": "שופרסל",
        "subchainname": "שופרסל דיל",
        "storeid": 244.0,
        "address": "צומת גלילות",
        "city": "רמת השרון",
        "zipcode": 47100.0,
        "average_price_diff": -1.6256104653255565,
        "popular_item_count": 7045
      }
    },
    {
      "type": "Feature",
      "geometry": {
        "type": "Point",
        "coordinates": [
          35.23726816754773,
          31.824335677432572
        ]
      },
      "properties": {
        "store_code": "shu_245",
        "store_name": "דיל ירושלים- פסגת זאב",
        "chainname": "שופרסל",
        "subchainname": "שופרסל דיל",
        "storeid": 245.0,
        "address": "שד' משה דין 106",
        "city": "ירושלים",
        "zipcode": 9783701.0,
        "average_price_diff": -1.4032111637591413,
        "popular_item_count": 4723
      }
    },
    {
      "type": "Feature",
      "geometry": {
        "type": "Point",
        "coordinates": [
          34.773446,
          31.9970439
        ]
      },
      "properties": {
        "store_code": "shu_247",
        "store_name": "שלי חולון- רבינוביץ",
        "chainname": "שופרסל",
        "subchainname": "שופרסל שלי",
        "storeid": 247.0,
        "address": "רבינוביץ 58",
        "city": "חולון",
        "zipcode": 5867256.0,
        "average_price_diff": 6.423875335521173,
        "popular_item_count": 3898
      }
    },
    {
      "type": "Feature",
      "geometry": {
        "type": "Point",
        "coordinates": [
          34.760164,
          31.26761
        ]
      },
      "properties": {
        "store_code": "shu_248",
        "store_name": "דיל ב\"ש- נווה מנחם",
        "chainname": "שופרסל",
        "subchainname": "שופרסל דיל",
        "storeid": 248.0,
        "address": "החשמונאים 15",
        "city": "באר שבע",
        "zipcode": 8452015.0,
        "average_price_diff": -1.0095846212112753,
        "popular_item_count": 6000
      }
    },
    {
      "type": "Feature",
      "geometry": {
        "type": "Point",
        "coordinates": [
          34.853196,
          32.321458
        ]
      },
      "properties": {
        "store_code": "shu_249",
        "store_name": "דיל נתניה- פולג",
        "chainname": "שופרסל",
        "subchainname": "שופרסל דיל",
        "storeid": 249.0,
        "address": "גיבורי ישראל 5",
        "city": "נתניה",
        "zipcode": 4250409.0,
        "average_price_diff": -0.7472785165607695,
        "popular_item_count": 6775
      }
    },
    {
      "type": "Feature",
      "geometry": {
        "type": "Point",
        "coordinates": [
          35.576867,
          33.22297820000001
        ]
      },
      "properties": {
        "store_code": "shu_250",
        "store_name": "קריית שמונה",
        "chainname": "שופרסל",
        "subchainname": "שופרסל דיל",
        "storeid": 250.0,
        "address": "צומת המצודות, קריית שמונה",
        "city": "קרית שמונה",
        "zipcode": 1162401.0,
        "average_price_diff": -1.2081073754868716,
        "popular_item_count": 5424
      }
    },
    {
      "type": "Feature",
      "geometry": {
        "type": "Point",
        "coordinates": [
          35.2937306,
          32.6099152
        ]
      },
      "properties": {
        "store_code": "shu_251",
        "store_name": "דיל עפולה- כורש",
        "chainname": "שופרסל",
        "subchainname": "שופרסל דיל",
        "storeid": 251.0,
        "address": "כורש 5",
        "city": "עפולה",
        "zipcode": 1831007.0,
        "average_price_diff": -1.8942295612724702,
        "popular_item_count": 5946
      }
    },
    {
      "type": "Feature",
      "geometry": {
        "type": "Point",
        "coordinates": [
          34.7761371119927,
          31.6250003420226
        ]
      },
      "properties": {
        "store_code": "shu_254",
        "store_name": "דיל כרמי גת",
        "chainname": "שופרסל",
        "subchainname": "שופרסל דיל",
        "storeid": 254.0,
        "address": "1 אבני חושן",
        "city": "קרית גת",
        "zipcode": 0.0,
        "average_price_diff": -1.6642021505698983,
        "popular_item_count": 3629
      }
    },
    {
      "type": "Feature",
      "geometry": {
        "type": "Point",
        "coordinates": [
          35.41860580000001,
          32.6949958
        ]
      },
      "properties": {
        "store_code": "shu_255",
        "store_name": "דיל כפר תבור",
        "chainname": "שופרסל",
        "subchainname": "שופרסל דיל",
        "storeid": 255.0,
        "address": "4 רחוב הבזלת",
        "city": "כפר תבור",
        "zipcode": 0.0,
        "average_price_diff": -1.4863283686072402,
        "popular_item_count": 4694
      }
    },
    {
      "type": "Feature",
      "geometry": {
        "type": "Point",
        "coordinates": [
          34.9295905,
          32.1725965
        ]
      },
      "properties": {
        "store_code": "shu_259",
        "store_name": "דיל גזית כ\"ס- ויצמן",
        "chainname": "שופרסל",
        "subchainname": "שופרסל דיל",
        "storeid": 259.0,
        "address": "ויצמן 300 מתחם G",
        "city": "כפר סבא",
        "zipcode": 4439656.0,
        "average_price_diff": -1.7222554998822215,
        "popular_item_count": 6810
      }
    },
    {
      "type": "Feature",
      "geometry": {
        "type": "Point",
        "coordinates": [
          35.20910448658995,
          31.75080622236997
        ]
      },
      "properties": {
        "store_code": "shu_260",
        "store_name": "דיל ירושלים-קניון תלפיות",
        "chainname": "שופרסל",
        "subchainname": "שופרסל דיל",
        "storeid": 260.0,
        "address": "האומן 17",
        "city": "ירושלים",
        "zipcode": 9342111.0,
        "average_price_diff": -0.9145833765774376,
        "popular_item_count": 6170
      }
    },
    {
      "type": "Feature",
      "geometry": {
        "type": "Point",
        "coordinates": [
          34.8405332,
          31.8501486
        ]
      },
      "properties": {
        "store_code": "shu_262",
        "store_name": "שלי מזכרת בתיה- בגין",
        "chainname": "שופרסל",
        "subchainname": "שופרסל שלי",
        "storeid": 262.0,
        "address": "שד' מנחם בגין 2",
        "city": "מזכרת בתיה",
        "zipcode": 7680400.0,
        "average_price_diff": 6.6093529393866355,
        "popular_item_count": 4151
      }
    },
    {
      "type": "Feature",
      "geometry": {
        "type": "Point",
        "coordinates": [
          34.8299441,
          32.1269193
        ]
      },
      "properties": {
        "store_code": "shu_263",
        "store_name": "שופרסלאקספרס מקס ברוד",
        "chainname": "שופרסל",
        "subchainname": "שופרסל אקספרס",
        "storeid": 263.0,
        "address": "רח' מקס ברוד 34",
        "city": "תל אביב יפו",
        "zipcode": 0.0,
        "average_price_diff": 10.865412582164259,
        "popular_item_count": 2613
      }
    },
    {
      "type": "Feature",
      "geometry": {
        "type": "Point",
        "coordinates": [
          34.7679239,
          32.0202794
        ]
      },
      "properties": {
        "store_code": "shu_265",
        "store_name": "אקספרס חולון - זלמן ארן",
        "chainname": "שופרסל",
        "subchainname": "שופרסל אקספרס",
        "storeid": 265.0,
        "address": "זלמן ארן 1",
        "city": "חולון",
        "zipcode": 0.0,
        "average_price_diff": 10.67158020329729,
        "popular_item_count": 1734
      }
    },
    {
      "type": "Feature",
      "geometry": {
        "type": "Point",
        "coordinates": [
          34.951925,
          29.557669
        ]
      },
      "properties": {
        "store_code": "shu_266",
        "store_name": "שלי רזין אילת",
        "chainname": "שופרסל",
        "subchainname": "שופרסל שלי",
        "storeid": 266.0,
        "address": "רח' שדרות התמרים 37",
        "city": "אילת",
        "zipcode": 0.0,
        "average_price_diff": -9.147498310392681,
        "popular_item_count": 4568
      }
    },
    {
      "type": "Feature",
      "geometry": {
        "type": "Point",
        "coordinates": [
          35.7086193,
          32.99083
        ]
      },
      "properties": {
        "store_code": "shu_267",
        "store_name": "דיל קצרין- חרמון",
        "chainname": "שופרסל",
        "subchainname": "שופרסל דיל",
        "storeid": 267.0,
        "address": "חרמון 7 א ת.",
        "city": "קצרין",
        "zipcode": 1290000.0,
        "average_price_diff": -0.9597609973485863,
        "popular_item_count": 6154
      }
    },
    {
      "type": "Feature",
      "geometry": {
        "type": "Point",
        "coordinates": [
          34.89518450000001,
          32.0999994
        ]
      },
      "properties": {
        "store_code": "shu_269",
        "store_name": "יוניברס פ\"ת- סגולה",
        "chainname": "שופרסל",
        "subchainname": "יוניברס",
        "storeid": 269.0,
        "address": "הרב מסעוד אשר20א",
        "city": "פתח תקווה",
        "zipcode": 4900519.0,
        "average_price_diff": -1.4454073629416668,
        "popular_item_count": 7496
      }
    },
    {
      "type": "Feature",
      "geometry": {
        "type": "Point",
        "coordinates": [
          34.8147164,
          31.8820899
        ]
      },
      "properties": {
        "store_code": "shu_271",
        "store_name": "שלי רחובות- יעקובי",
        "chainname": "שופרסל",
        "subchainname": "שופרסל שלי",
        "storeid": 271.0,
        "address": "פנחס יעקובי 1",
        "city": "רחובות",
        "zipcode": 0.0,
        "average_price_diff": 6.726995383163367,
        "popular_item_count": 4489
      }
    },
    {
      "type": "Feature",
      "geometry": {
        "type": "Point",
        "coordinates": [
          34.8083823,
          32.0741055
        ]
      },
      "properties": {
        "store_code": "shu_272",
        "store_name": "שלי גבעתיים- ויצמן",
        "chainname": "שופרסל",
        "subchainname": "שופרסל שלי",
        "storeid": 272.0,
        "address": "ויצמן 20",
        "city": "גבעתיים",
        "zipcode": 5339005.0,
        "average_price_diff": 6.447925748796489,
        "popular_item_count": 4362
      }
    },
    {
      "type": "Feature",
      "geometry": {
        "type": "Point",
        "coordinates": [
          34.7697156,
          32.0562844
        ]
      },
      "properties": {
        "store_code": "shu_274",
        "store_name": "אקספרס ת\"א- פלורנטין",
        "chainname": "שופרסל",
        "subchainname": "שופרסל אקספרס",
        "storeid": 274.0,
        "address": "פלורנטין 27",
        "city": "תל אביב יפו",
        "zipcode": null,
        "average_price_diff": 10.533620619485008,
        "popular_item_count": 2326
      }
    },
    {
      "type": "Feature",
      "geometry": {
        "type": "Point",
        "coordinates": [
          34.78972419823861,
          31.892102268699436
        ]
      },
      "properties": {
        "store_code": "shu_276",
        "store_name": "יוניברס אמט\"ל רחובות",
        "chainname": "שופרסל",
        "subchainname": "יוניברס",
        "storeid": 276.0,
        "address": "רח משה יתום  46",
        "city": "רחובות",
        "zipcode": 76396.0,
        "average_price_diff": -1.4419349466603262,
        "popular_item_count": 7117
      }
    },
    {
      "type": "Feature",
      "geometry": {
        "type": "Point",
        "coordinates": [
          34.8405805,
          32.1722076
        ]
      },
      "properties": {
        "store_code": "shu_277",
        "store_name": "אקספרס.בני בנימין הרצליה",
        "chainname": "שופרסל",
        "subchainname": "שופרסל אקספרס",
        "storeid": 277.0,
        "address": "בני בנימין 23",
        "city": "הרצליה",
        "zipcode": null,
        "average_price_diff": 11.029523846722244,
        "popular_item_count": 2131
      }
    },
    {
      "type": "Feature",
      "geometry": {
        "type": "Point",
        "coordinates": [
          34.8696498,
          32.074364
        ]
      },
      "properties": {
        "store_code": "shu_278",
        "store_name": "שלי פ\"ת -העצמאות",
        "chainname": "שופרסל",
        "subchainname": "שופרסל שלי",
        "storeid": 278.0,
        "address": "העצמאות 65",
        "city": "פתח תקווה",
        "zipcode": 4937999.0,
        "average_price_diff": 6.799561697366375,
        "popular_item_count": 4662
      }
    },
    {
      "type": "Feature",
      "geometry": {
        "type": "Point",
        "coordinates": [
          34.771436,
          32.076927
        ]
      },
      "properties": {
        "store_code": "shu_279",
        "store_name": "אקספרס-ת\"א דרויאנוב",
        "chainname": "שופרסל",
        "subchainname": "שופרסל אקספרס",
        "storeid": 279.0,
        "address": "רח' דרויאנוב 5",
        "city": "תל אביב יפו",
        "zipcode": null,
        "average_price_diff": 10.506032154376898,
        "popular_item_count": 2349
      }
    },
    {
      "type": "Feature",
      "geometry": {
        "type": "Point",
        "coordinates": [
          35.24339289457904,
          32.678340618715644
        ]
      },
      "properties": {
        "store_code": "shu_281",
        "store_name": "דיל מגדל העמק- המדע",
        "chainname": "שופרסל",
        "subchainname": "שופרסל דיל",
        "storeid": 281.0,
        "address": "שד' מדע 77",
        "city": "מגדל העמק",
        "zipcode": 0.0,
        "average_price_diff": -1.6307992110958733,
        "popular_item_count": 4695
      }
    },
    {
      "type": "Feature",
      "geometry": {
        "type": "Point",
        "coordinates": [
          35.1946045677783,
          31.7662887672684
        ]
      },
      "properties": {
        "store_code": "shu_282",
        "store_name": "דיל צומת גבעת מרדכי",
        "chainname": "שופרסל",
        "subchainname": "שופרסל דיל",
        "storeid": 282.0,
        "address": "רח' שחר 79, ירושלים.",
        "city": "ירושלים",
        "zipcode": 7692000.0,
        "average_price_diff": -1.0115472864655952,
        "popular_item_count": 6250
      }
    },
    {
      "type": "Feature",
      "geometry": {
        "type": "Point",
        "coordinates": [
          34.817667,
          31.86123199999999
        ]
      },
      "properties": {
        "store_code": "shu_283",
        "store_name": "דיל קרית עקרון- ביל\"ו",
        "chainname": "שופרסל",
        "subchainname": "שופרסל דיל",
        "storeid": 283.0,
        "address": "מ.תדיראן,ק.עקרון",
        "city": "רחובות",
        "zipcode": 7692000.0,
        "average_price_diff": -1.7997705965891715,
        "popular_item_count": 6595
      }
    },
    {
      "type": "Feature",
      "geometry": {
        "type": "Point",
        "coordinates": [
          34.9180425,
          32.2535587
        ]
      },
      "properties": {
        "store_code": "shu_284",
        "store_name": "שלי תל מונד- הדקל",
        "chainname": "שופרסל",
        "subchainname": "שופרסל שלי",
        "storeid": 284.0,
        "address": "הדקל 49",
        "city": "תל מונד",
        "zipcode": 4060049.0,
        "average_price_diff": 6.439751310296728,
        "popular_item_count": 3404
      }
    },
    {
      "type": "Feature",
      "geometry": {
        "type": "Point",
        "coordinates": [
          34.8933094,
          32.0913108
        ]
      },
      "properties": {
        "store_code": "shu_285",
        "store_name": "אקספרס סוקולוב פ\"ת",
        "chainname": "שופרסל",
        "subchainname": "שופרסל אקספרס",
        "storeid": 285.0,
        "address": "סוקולוב 26",
        "city": "פתח תקווה",
        "zipcode": null,
        "average_price_diff": 11.385385370227553,
        "popular_item_count": 2337
      }
    },
    {
      "type": "Feature",
      "geometry": {
        "type": "Point",
        "coordinates": [
          34.80641679454527,
          32.061882315062036
        ]
      },
      "properties": {
        "store_code": "shu_287",
        "store_name": "שלי גבעתיים-שביט",
        "chainname": "שופרסל",
        "subchainname": "שופרסל שלי",
        "storeid": 287.0,
        "address": "עמישב 45",
        "city": "גבעתיים",
        "zipcode": 5348832.0,
        "average_price_diff": 6.503107515116773,
        "popular_item_count": 3715
      }
    },
    {
      "type": "Feature",
      "geometry": {
        "type": "Point",
        "coordinates": [
          34.8215304,
          31.8933255
        ]
      },
      "properties": {
        "store_code": "shu_288",
        "store_name": "יש רחובות- סירני",
        "chainname": "שופרסל",
        "subchainname": "יש בשכונה",
        "storeid": 288.0,
        "address": "חיים סרני 1",
        "city": "רחובות",
        "zipcode": 7626902.0,
        "average_price_diff": 0.6785477140026351,
        "popular_item_count": 3286
      }
    },
    {
      "type": "Feature",
      "geometry": {
        "type": "Point",
        "coordinates": [
          34.8597884,
          32.0878644
        ]
      },
      "properties": {
        "store_code": "shu_290",
        "store_name": "דיל  פ\"ת- יכין סנטר",
        "chainname": "שופרסל",
        "subchainname": "שופרסל דיל",
        "storeid": 290.0,
        "address": "יצחק רבין 17",
        "city": "פתח תקווה",
        "zipcode": 4951711.0,
        "average_price_diff": -0.6962884136769534,
        "popular_item_count": 7431
      }
    },
    {
      "type": "Feature",
      "geometry": {
        "type": "Point",
        "coordinates": [
          34.840556679202564,
          32.0788954720735
        ]
      },
      "properties": {
        "store_code": "shu_295",
        "store_name": "יש חסד בני ברק-שלמה המלך",
        "chainname": "שופרסל",
        "subchainname": "יש חסד",
        "storeid": 295.0,
        "address": "שלמה המלך   12",
        "city": "בני ברק",
        "zipcode": 5155205.0,
        "average_price_diff": -8.242950898364281,
        "popular_item_count": 4119
      }
    },
    {
      "type": "Feature",
      "geometry": {
        "type": "Point",
        "coordinates": [
          34.8954469,
          32.0841111
        ]
      },
      "properties": {
        "store_code": "shu_296",
        "store_name": "אקספרס פ\"ת רחל המשוררת",
        "chainname": "שופרסל",
        "subchainname": "שופרסל אקספרס",
        "storeid": 296.0,
        "address": "רחל המשוררת 29",
        "city": "פתח תקווה",
        "zipcode": null,
        "average_price_diff": 10.34985043991035,
        "popular_item_count": 1985
      }
    },
    {
      "type": "Feature",
      "geometry": {
        "type": "Point",
        "coordinates": [
          34.90872722155019,
          32.435374045372974
        ]
      },
      "properties": {
        "store_code": "shu_297",
        "store_name": "יוניברס חדרה- ארבע האגודות",
        "chainname": "שופרסל",
        "subchainname": "יוניברס",
        "storeid": 297.0,
        "address": "ארבע אגודות 1",
        "city": "חדרה",
        "zipcode": 3843101.0,
        "average_price_diff": -1.6042813781417053,
        "popular_item_count": 6846
      }
    },
    {
      "type": "Feature",
      "geometry": {
        "type": "Point",
        "coordinates": [
          34.90509873687872,
          32.159863731409594
        ]
      },
      "properties": {
        "store_code": "shu_299",
        "store_name": "אקספרס הוד השרון",
        "chainname": "שופרסל",
        "subchainname": "שופרסל אקספרס",
        "storeid": 299.0,
        "address": "חנקין 12",
        "city": "הוד השרון",
        "zipcode": 0.0,
        "average_price_diff": 11.022579371805202,
        "popular_item_count": 1799
      }
    },
    {
      "type": "Feature",
      "geometry": {
        "type": "Point",
        "coordinates": [
          34.90857150000001,
          32.0468299
        ]
      },
      "properties": {
        "store_code": "shu_300",
        "store_name": "יש חסד בארות יצחק- פאוור",
        "chainname": "שופרסל",
        "subchainname": "יש חסד",
        "storeid": 300.0,
        "address": "בארות יצחק",
        "city": "בארות יצחק",
        "zipcode": 0.0,
        "average_price_diff": -8.204575413364235,
        "popular_item_count": 5389
      }
    },
    {
      "type": "Feature",
      "geometry": {
        "type": "Point",
        "coordinates": [
          34.7984514,
          32.1253734
        ]
      },
      "properties": {
        "store_code": "shu_301",
        "store_name": "אקספרס אחי מאיר",
        "chainname": "שופרסל",
        "subchainname": "שופרסל אקספרס",
        "storeid": 301.0,
        "address": "1 אחי מאיר",
        "city": "תל אביב יפו",
        "zipcode": 0.0,
        "average_price_diff": 12.697350198664102,
        "popular_item_count": 2846
      }
    },
    {
      "type": "Feature",
      "geometry": {
        "type": "Point",
        "coordinates": [
          34.9831698,
          32.802313
        ]
      },
      "properties": {
        "store_code": "shu_302",
        "store_name": "שלי חיפה- קלר",
        "chainname": "שופרסל",
        "subchainname": "שופרסל שלי",
        "storeid": 302.0,
        "address": "קלר 7",
        "city": "חיפה",
        "zipcode": 3448314.0,
        "average_price_diff": 6.462398936840136,
        "popular_item_count": 4447
      }
    },
    {
      "type": "Feature",
      "geometry": {
        "type": "Point",
        "coordinates": [
          35.1252205,
          32.7146161
        ]
      },
      "properties": {
        "store_code": "shu_303",
        "store_name": "אקספרס טבעון - יהודה הנשיא",
        "chainname": "שופרסל",
        "subchainname": "שופרסל אקספרס",
        "storeid": 303.0,
        "address": "יהודה הנשיא",
        "city": "קרית טבעון",
        "zipcode": 3604701.0,
        "average_price_diff": 10.974694692909924,
        "popular_item_count": 2658
      }
    },
    {
      "type": "Feature",
      "geometry": {
        "type": "Point",
        "coordinates": [
          34.7928439,
          32.094182
        ]
      },
      "properties": {
        "store_code": "shu_305",
        "store_name": "אקספרס ת\"א- יהודה המכבי",
        "chainname": "שופרסל",
        "subchainname": "שופרסל אקספרס",
        "storeid": 305.0,
        "address": "יהודה מכבי 81",
        "city": "תל אביב יפו",
        "zipcode": null,
        "average_price_diff": 11.779185716024154,
        "popular_item_count": 2619
      }
    },
    {
      "type": "Feature",
      "geometry": {
        "type": "Point",
        "coordinates": [
          35.0136973,
          32.7900282
        ]
      },
      "properties": {
        "store_code": "shu_306",
        "store_name": "יש נוה שאנן חיפה- חניתה",
        "chainname": "שופרסל",
        "subchainname": "יש בשכונה",
        "storeid": 306.0,
        "address": "רח' חניתה 64",
        "city": "חיפה",
        "zipcode": 3244411.0,
        "average_price_diff": -0.20447391166175716,
        "popular_item_count": 3339
      }
    },
    {
      "type": "Feature",
      "geometry": {
        "type": "Point",
        "coordinates": [
          35.1030579,
          32.805805
        ]
      },
      "properties": {
        "store_code": "shu_307",
        "store_name": "יש קרית אתא- זבולון",
        "chainname": "שופרסל",
        "subchainname": "יש בשכונה",
        "storeid": 307.0,
        "address": "רח.זבולון 4",
        "city": "קרית אתא",
        "zipcode": 2806007.0,
        "average_price_diff": -0.11328517214021475,
        "popular_item_count": 3487
      }
    },
    {
      "type": "Feature",
      "geometry": {
        "type": "Point",
        "coordinates": [
          35.119773,
          32.809144
        ]
      },
      "properties": {
        "store_code": "shu_308",
        "store_name": "שלי קרית אתא- איינשטין",
        "chainname": "שופרסל",
        "subchainname": "שופרסל שלי",
        "storeid": 308.0,
        "address": "איינשטיין 20",
        "city": "קרית אתא",
        "zipcode": 2805152.0,
        "average_price_diff": 6.137071132737507,
        "popular_item_count": 3421
      }
    },
    {
      "type": "Feature",
      "geometry": {
        "type": "Point",
        "coordinates": [
          35.0601773,
          32.8287419
        ]
      },
      "properties": {
        "store_code": "shu_310",
        "store_name": "שלי קרית חיים- דגניה",
        "chainname": "שופרסל",
        "subchainname": "שופרסל שלי",
        "storeid": 310.0,
        "address": "ד.דגניה 14",
        "city": "קרית חיים",
        "zipcode": 2621019.0,
        "average_price_diff": 6.008104948382185,
        "popular_item_count": 2392
      }
    },
    {
      "type": "Feature",
      "geometry": {
        "type": "Point",
        "coordinates": [
          34.8122607,
          31.9035165
        ]
      },
      "properties": {
        "store_code": "shu_311",
        "store_name": "אקספרס רחובות- בוסתנאי",
        "chainname": "שופרסל",
        "subchainname": "שופרסל אקספרס",
        "storeid": 311.0,
        "address": "בוסתנאי 14",
        "city": "רחובות",
        "zipcode": 0.0,
        "average_price_diff": 11.450073867807669,
        "popular_item_count": 2032
      }
    },
    {
      "type": "Feature",
      "geometry": {
        "type": "Point",
        "coordinates": [
          34.982659,
          32.827336
        ]
      },
      "properties": {
        "store_code": "shu_312",
        "store_name": "דיל חיפה- קרית אליעזר",
        "chainname": "שופרסל",
        "subchainname": "שופרסל דיל",
        "storeid": 312.0,
        "address": "ככר מאירהוף",
        "city": "חיפה",
        "zipcode": 35154.0,
        "average_price_diff": -1.1177752423979501,
        "popular_item_count": 6010
      }
    },
    {
      "type": "Feature",
      "geometry": {
        "type": "Point",
        "coordinates": [
          35.069351,
          32.821635
        ]
      },
      "properties": {
        "store_code": "shu_313",
        "store_name": "שלי קרית חיים-אח\"י אילת",
        "chainname": "שופרסל",
        "subchainname": "שופרסל שלי",
        "storeid": 313.0,
        "address": "שד.אח\"י אילת 20",
        "city": "קרית חיים",
        "zipcode": 2626907.0,
        "average_price_diff": 6.500000748166166,
        "popular_item_count": 3832
      }
    },
    {
      "type": "Feature",
      "geometry": {
        "type": "Point",
        "coordinates": [
          34.9593184,
          32.8204746
        ]
      },
      "properties": {
        "store_code": "shu_314",
        "store_name": "יש חיפה- צרפת",
        "chainname": "שופרסל",
        "subchainname": "יש בשכונה",
        "storeid": 314.0,
        "address": "דרך צרפת 11",
        "city": "חיפה",
        "zipcode": 3559602.0,
        "average_price_diff": -0.24788441421390672,
        "popular_item_count": 2683
      }
    },
    {
      "type": "Feature",
      "geometry": {
        "type": "Point",
        "coordinates": [
          34.8740584,
          32.2735829
        ]
      },
      "properties": {
        "store_code": "shu_315",
        "store_name": "אקספרס כפר נטר",
        "chainname": "שופרסל",
        "subchainname": "שופרסל אקספרס",
        "storeid": 315.0,
        "address": "ההדרים 17",
        "city": "כפר נטר",
        "zipcode": 0.0,
        "average_price_diff": 11.184914841402579,
        "popular_item_count": 1656
      }
    },
    {
      "type": "Feature",
      "geometry": {
        "type": "Point",
        "coordinates": [
          35.0738389,
          32.8334852
        ]
      },
      "properties": {
        "store_code": "shu_316",
        "store_name": "שלי קרית מוצקין-שד ויצמן",
        "chainname": "שופרסל",
        "subchainname": "שופרסל שלי",
        "storeid": 316.0,
        "address": "ד.ויצמן 1",
        "city": "קרית מוצקין",
        "zipcode": 2635101.0,
        "average_price_diff": 6.530474227202596,
        "popular_item_count": 3723
      }
    },
    {
      "type": "Feature",
      "geometry": {
        "type": "Point",
        "coordinates": [
          35.0065338,
          32.5172326
        ]
      },
      "properties": {
        "store_code": "shu_317",
        "store_name": "אקספרס גבעת עדה",
        "chainname": "שופרסל",
        "subchainname": "שופרסל אקספרס",
        "storeid": 317.0,
        "address": "חי 67",
        "city": "גבעת עדה",
        "zipcode": 0.0,
        "average_price_diff": 10.791689825492252,
        "popular_item_count": 2007
      }
    },
    {
      "type": "Feature",
      "geometry": {
        "type": "Point",
        "coordinates": [
          34.7620058,
          32.0362056
        ]
      },
      "properties": {
        "store_code": "shu_318",
        "store_name": "אקספרס חולון - וולפסון",
        "chainname": "שופרסל",
        "subchainname": "שופרסל אקספרס",
        "storeid": 318.0,
        "address": "הלוחמים 62",
        "city": "חולון",
        "zipcode": 0.0,
        "average_price_diff": 9.885602634795037,
        "popular_item_count": 1614
      }
    },
    {
      "type": "Feature",
      "geometry": {
        "type": "Point",
        "coordinates": [
          35.082678,
          32.933052
        ]
      },
      "properties": {
        "store_code": "shu_319",
        "store_name": "שלי עכו- שפירא",
        "chainname": "שופרסל",
        "subchainname": "שופרסל שלי",
        "storeid": 319.0,
        "address": "רח.משה שפירא 28",
        "city": "עכו",
        "zipcode": 2440929.0,
        "average_price_diff": 6.223262236079848,
        "popular_item_count": 3666
      }
    },
    {
      "type": "Feature",
      "geometry": {
        "type": "Point",
        "coordinates": [
          34.63870361059071,
          31.771243919412953
        ]
      },
      "properties": {
        "store_code": "shu_320",
        "store_name": "דיל האגס",
        "chainname": "שופרסל",
        "subchainname": "שופרסל דיל",
        "storeid": 320.0,
        "address": "מנגו 2",
        "city": "אשדוד",
        "zipcode": null,
        "average_price_diff": -1.7640524822863926,
        "popular_item_count": 4170
      }
    },
    {
      "type": "Feature",
      "geometry": {
        "type": "Point",
        "coordinates": [
          34.7964159,
          31.936063
        ]
      },
      "properties": {
        "store_code": "shu_325",
        "store_name": "אקספרס ששת הימים נס ציונ",
        "chainname": "שופרסל",
        "subchainname": "שופרסל אקספרס",
        "storeid": 325.0,
        "address": "ששת הימים 1",
        "city": "נס ציונה",
        "zipcode": 0.0,
        "average_price_diff": 11.049358428759403,
        "popular_item_count": 2200
      }
    },
    {
      "type": "Feature",
      "geometry": {
        "type": "Point",
        "coordinates": [
          35.0964972,
          33.0067252
        ]
      },
      "properties": {
        "store_code": "shu_326",
        "store_name": "שלי נהריה- הגעתון",
        "chainname": "שופרסל",
        "subchainname": "שופרסל שלי",
        "storeid": 326.0,
        "address": "רח.הרצל-שד.הגעתו",
        "city": "נהריה",
        "zipcode": 2240029.0,
        "average_price_diff": 6.588512144969268,
        "popular_item_count": 4255
      }
    },
    {
      "type": "Feature",
      "geometry": {
        "type": "Point",
        "coordinates": [
          34.9851863,
          32.7797806
        ]
      },
      "properties": {
        "store_code": "shu_327",
        "store_name": "אקספרס חיפה- ראול ולנברג",
        "chainname": "שופרסל",
        "subchainname": "שופרסל אקספרס",
        "storeid": 327.0,
        "address": "ראול וולנברג 9",
        "city": "חיפה",
        "zipcode": 3499009.0,
        "average_price_diff": 10.701318186558236,
        "popular_item_count": 1684
      }
    },
    {
      "type": "Feature",
      "geometry": {
        "type": "Point",
        "coordinates": [
          35.104606,
          32.660225
        ]
      },
      "properties": {
        "store_code": "shu_329",
        "store_name": "יש  יוקנעם עילית- היובלים",
        "chainname": "שופרסל",
        "subchainname": "יש בשכונה",
        "storeid": 329.0,
        "address": "מ.מסחרי יקנעם על",
        "city": "יוקנעם",
        "zipcode": 20692.0,
        "average_price_diff": -0.4383885082528028,
        "popular_item_count": 2761
      }
    },
    {
      "type": "Feature",
      "geometry": {
        "type": "Point",
        "coordinates": [
          35.0099278,
          32.7959783
        ]
      },
      "properties": {
        "store_code": "shu_330",
        "store_name": "שלי חיפה- נתיב חן",
        "chainname": "שופרסל",
        "subchainname": "שופרסל שלי",
        "storeid": 330.0,
        "address": "נתיב חן 1,נוה שא",
        "city": "חיפה",
        "zipcode": 3224001.0,
        "average_price_diff": 6.775595864410579,
        "popular_item_count": 4129
      }
    },
    {
      "type": "Feature",
      "geometry": {
        "type": "Point",
        "coordinates": [
          34.9965532,
          32.7848302
        ]
      },
      "properties": {
        "store_code": "shu_333",
        "store_name": "שלי חיפה- אורן",
        "chainname": "שופרסל",
        "subchainname": "שופרסל שלי",
        "storeid": 333.0,
        "address": "רח.אורן 25 רוממה",
        "city": "חיפה",
        "zipcode": 3473402.0,
        "average_price_diff": 6.588174694370279,
        "popular_item_count": 3873
      }
    },
    {
      "type": "Feature",
      "geometry": {
        "type": "Point",
        "coordinates": [
          34.88719255221802,
          32.08055875140699
        ]
      },
      "properties": {
        "store_code": "shu_334",
        "store_name": "אקספרס פ\"ת - שפירא",
        "chainname": "שופרסל",
        "subchainname": "שופרסל אקספרס",
        "storeid": 334.0,
        "address": "קק\"ל 35",
        "city": "פתח תקווה",
        "zipcode": null,
        "average_price_diff": 11.014998607888636,
        "popular_item_count": 2235
      }
    },
    {
      "type": "Feature",
      "geometry": {
        "type": "Point",
        "coordinates": [
          34.907165994551235,
          32.17279784361976
        ]
      },
      "properties": {
        "store_code": "shu_335",
        "store_name": "אקספרס כ\"ס- בן גוריון",
        "chainname": "שופרסל",
        "subchainname": "שופרסל אקספרס",
        "storeid": 335.0,
        "address": "בן גוריון 35",
        "city": "כפר סבא",
        "zipcode": null,
        "average_price_diff": 10.311073995498072,
        "popular_item_count": 1491
      }
    },
    {
      "type": "Feature",
      "geometry": {
        "type": "Point",
        "coordinates": [
          35.0046155,
          32.7860722
        ]
      },
      "properties": {
        "store_code": "shu_336",
        "store_name": "שלי חיפה- רמות ספיר",
        "chainname": "שופרסל",
        "subchainname": "שופרסל שלי",
        "storeid": 336.0,
        "address": "רח' גוט לוין 48",
        "city": "חיפה",
        "zipcode": 3292240.0,
        "average_price_diff": 6.5750142334466295,
        "popular_item_count": 4351
      }
    },
    {
      "type": "Feature",
      "geometry": {
        "type": "Point",
        "coordinates": [
          34.785787,
          32.101499
        ]
      },
      "properties": {
        "store_code": "shu_338",
        "store_name": "אקספרס כוכב הצפון",
        "chainname": "שופרסל",
        "subchainname": "שופרסל אקספרס",
        "storeid": 338.0,
        "address": "בוני העיר 9",
        "city": "תל אביב יפו",
        "zipcode": 0.0,
        "average_price_diff": 12.299898109230934,
        "popular_item_count": 2499
      }
    },
    {
      "type": "Feature",
      "geometry": {
        "type": "Point",
        "coordinates": [
          35.5351425,
          32.7892614
        ]
      },
      "properties": {
        "store_code": "shu_339",
        "store_name": "דיל טבריה- העמקים",
        "chainname": "שופרסל",
        "subchainname": "שופרסל דיל",
        "storeid": 339.0,
        "address": "העמקים 1",
        "city": "טבריה",
        "zipcode": 1420401.0,
        "average_price_diff": -1.1978906811996182,
        "popular_item_count": 6290
      }
    },
    {
      "type": "Feature",
      "geometry": {
        "type": "Point",
        "coordinates": [
          34.7912523,
          32.1144509
        ]
      },
      "properties": {
        "store_code": "shu_340",
        "store_name": "אקספרס ת\"א- זריצקי",
        "chainname": "שופרסל",
        "subchainname": "שופרסל אקספרס",
        "storeid": 340.0,
        "address": "זריצקי 4",
        "city": "תל אביב יפו",
        "zipcode": null,
        "average_price_diff": 10.757807256940254,
        "popular_item_count": 2707
      }
    },
    {
      "type": "Feature",
      "geometry": {
        "type": "Point",
        "coordinates": [
          34.82516803268583,
          32.079230311202544
        ]
      },
      "properties": {
        "store_code": "shu_341",
        "store_name": "אקספרס רמת גן- הרוא\"ה",
        "chainname": "שופרסל",
        "subchainname": "שופרסל אקספרס",
        "storeid": 341.0,
        "address": "הרוא\"ה 131",
        "city": "רמת גן",
        "zipcode": null,
        "average_price_diff": 10.838674711548387,
        "popular_item_count": 2737
      }
    },
    {
      "type": "Feature",
      "geometry": {
        "type": "Point",
        "coordinates": [
          35.29371733536555,
          32.908214463079375
        ]
      },
      "properties": {
        "store_code": "shu_342",
        "store_name": "דיל כרמיאל- קניון לב",
        "chainname": "שופרסל",
        "subchainname": "שופרסל דיל",
        "storeid": 342.0,
        "address": "מורד הגיא 100",
        "city": "כרמיאל",
        "zipcode": 2192401.0,
        "average_price_diff": -1.5198189818563472,
        "popular_item_count": 4967
      }
    },
    {
      "type": "Feature",
      "geometry": {
        "type": "Point",
        "coordinates": [
          34.9738092,
          32.09353830000001
        ]
      },
      "properties": {
        "store_code": "shu_343",
        "store_name": "שלי ראש העין- ברקן",
        "chainname": "שופרסל",
        "subchainname": "שופרסל שלי",
        "storeid": 343.0,
        "address": "בזק 1 פינת ברקן",
        "city": "ראש העין",
        "zipcode": 4863016.0,
        "average_price_diff": 6.652990973996664,
        "popular_item_count": 4042
      }
    },
    {
      "type": "Feature",
      "geometry": {
        "type": "Point",
        "coordinates": [
          35.2829704,
          33.0191612
        ]
      },
      "properties": {
        "store_code": "shu_344",
        "store_name": "דיל מעלות- דרך האלוף עוז",
        "chainname": "שופרסל",
        "subchainname": "שופרסל דיל",
        "storeid": 344.0,
        "address": "קניון כוכב הצפון",
        "city": "מעלות תרשיחא",
        "zipcode": 21020.0,
        "average_price_diff": -1.1145120821834362,
        "popular_item_count": 5673
      }
    },
    {
      "type": "Feature",
      "geometry": {
        "type": "Point",
        "coordinates": [
          34.78448505220345,
          31.809980934806497
        ]
      },
      "properties": {
        "store_code": "shu_347",
        "store_name": "אקספרס גדרה- דרך הפרחים",
        "chainname": "שופרסל",
        "subchainname": "שופרסל אקספרס",
        "storeid": 347.0,
        "address": "דרך הפרחים 38",
        "city": "גדרה",
        "zipcode": 0.0,
        "average_price_diff": 10.947436766081987,
        "popular_item_count": 2122
      }
    },
    {
      "type": "Feature",
      "geometry": {
        "type": "Point",
        "coordinates": [
          34.882942424751185,
          32.079448353771184
        ]
      },
      "properties": {
        "store_code": "shu_348",
        "store_name": "אקספרס פ\"ת- קק\"ל",
        "chainname": "שופרסל",
        "subchainname": "שופרסל אקספרס",
        "storeid": 348.0,
        "address": "קק\"ל 2",
        "city": "פתח תקווה",
        "zipcode": null,
        "average_price_diff": 10.337566033837405,
        "popular_item_count": 1747
      }
    },
    {
      "type": "Feature",
      "geometry": {
        "type": "Point",
        "coordinates": [
          35.5050237,
          32.9715869
        ]
      },
      "properties": {
        "store_code": "shu_349",
        "store_name": "יש חסד צפת- כנען",
        "chainname": "שופרסל",
        "subchainname": "יש חסד",
        "storeid": 349.0,
        "address": "הר כנען",
        "city": "צפת",
        "zipcode": 13200.0,
        "average_price_diff": -8.165214976523064,
        "popular_item_count": 4269
      }
    },
    {
      "type": "Feature",
      "geometry": {
        "type": "Point",
        "coordinates": [
          34.8832403579008,
          32.440414912915884
        ]
      },
      "properties": {
        "store_code": "shu_350",
        "store_name": "דיל גבעת אולגה-הרב ניסים",
        "chainname": "שופרסל",
        "subchainname": "שופרסל דיל",
        "storeid": 350.0,
        "address": "שד' ברוך בוארון1",
        "city": "גבעת אולגה",
        "zipcode": 0.0,
        "average_price_diff": -1.196688226709167,
        "popular_item_count": 4946
      }
    },
    {
      "type": "Feature",
      "geometry": {
        "type": "Point",
        "coordinates": [
          34.9879275,
          32.7924878
        ]
      },
      "properties": {
        "store_code": "shu_353",
        "store_name": "אקספרס יותם",
        "chainname": "שופרסל",
        "subchainname": "שופרסל אקספרס",
        "storeid": 353.0,
        "address": "יותם 20",
        "city": "חיפה",
        "zipcode": 0.0,
        "average_price_diff": 10.660226145708917,
        "popular_item_count": 1303
      }
    },
    {
      "type": "Feature",
      "geometry": {
        "type": "Point",
        "coordinates": [
          34.7763521,
          32.0752118
        ]
      },
      "properties": {
        "store_code": "shu_354",
        "store_name": "'אקספרס ת\"א- קינג ג'ורג",
        "chainname": "שופרסל",
        "subchainname": "שופרסל אקספרס",
        "storeid": 354.0,
        "address": "קינג ג'ורג' 58",
        "city": "תל אביב יפו",
        "zipcode": null,
        "average_price_diff": 10.853182643989449,
        "popular_item_count": 1119
      }
    },
    {
      "type": "Feature",
      "geometry": {
        "type": "Point",
        "coordinates": [
          34.9458451,
          32.2879702
        ]
      },
      "properties": {
        "store_code": "shu_357",
        "store_name": "שלי צורן קדימה- לב השרון",
        "chainname": "שופרסל",
        "subchainname": "שופרסל שלי",
        "storeid": 357.0,
        "address": "דרך לב השרון 422",
        "city": "צורן",
        "zipcode": 4282300.0,
        "average_price_diff": 11.545603137265783,
        "popular_item_count": 6287
      }
    },
    {
      "type": "Feature",
      "geometry": {
        "type": "Point",
        "coordinates": [
          35.0088946,
          32.789635
        ]
      },
      "properties": {
        "store_code": "shu_359",
        "store_name": "דיל חיפה- גרנד קניון",
        "chainname": "שופרסל",
        "subchainname": "שופרסל דיל",
        "storeid": 359.0,
        "address": "שמחה גולן 54",
        "city": "חיפה",
        "zipcode": 3299001.0,
        "average_price_diff": -0.8103092241379533,
        "popular_item_count": 6523
      }
    },
    {
      "type": "Feature",
      "geometry": {
        "type": "Point",
        "coordinates": [
          34.8083768,
          31.9586614
        ]
      },
      "properties": {
        "store_code": "shu_360",
        "store_name": "אקספרס מאירוביץ ראשל\"צ",
        "chainname": "שופרסל",
        "subchainname": "שופרסל אקספרס",
        "storeid": 360.0,
        "address": "מאירוביץ 17",
        "city": "ראשון לציון",
        "zipcode": null,
        "average_price_diff": 10.582073088077212,
        "popular_item_count": 2461
      }
    },
    {
      "type": "Feature",
      "geometry": {
        "type": "Point",
        "coordinates": [
          35.2433929,
          32.6782684
        ]
      },
      "properties": {
        "store_code": "shu_361",
        "store_name": "דיל מגדל העמק- א ת דרומי",
        "chainname": "שופרסל",
        "subchainname": "שופרסל דיל",
        "storeid": 361.0,
        "address": "אזור התעשייה ב",
        "city": "מגדל העמק",
        "zipcode": 2353021.0,
        "average_price_diff": -1.1632740816068954,
        "popular_item_count": 5582
      }
    },
    {
      "type": "Feature",
      "geometry": {
        "type": "Point",
        "coordinates": [
          35.2201442,
          31.77341109999999
        ]
      },
      "properties": {
        "store_code": "shu_362",
        "store_name": "אקספרס קרן היסוד ירושלים",
        "chainname": "שופרסל",
        "subchainname": "שופרסל אקספרס",
        "storeid": 362.0,
        "address": "קרן היסוד 27",
        "city": "ירושלים",
        "zipcode": 0.0,
        "average_price_diff": 10.811910260253363,
        "popular_item_count": 2016
      }
    },
    {
      "type": "Feature",
      "geometry": {
        "type": "Point",
        "coordinates": [
          35.1789844,
          31.76797599999999
        ]
      },
      "properties": {
        "store_code": "shu_364",
        "store_name": "יש חסד בית וגן",
        "chainname": "שופרסל",
        "subchainname": "יש חסד",
        "storeid": 364.0,
        "address": "1 זנגוויל",
        "city": "ירושלים",
        "zipcode": null,
        "average_price_diff": -8.42631722760723,
        "popular_item_count": 4580
      }
    },
    {
      "type": "Feature",
      "geometry": {
        "type": "Point",
        "coordinates": [
          34.9976808,
          32.4748111
        ]
      },
      "properties": {
        "store_code": "shu_365",
        "store_name": "שלי פרדס חנה כרכור- קדמה",
        "chainname": "שופרסל",
        "subchainname": "שופרסל שלי",
        "storeid": 365.0,
        "address": "דרך הקידמה צמרת",
        "city": "פרדס חנה כרכור",
        "zipcode": 3707307.0,
        "average_price_diff": 6.289451215681906,
        "popular_item_count": 2727
      }
    },
    {
      "type": "Feature",
      "geometry": {
        "type": "Point",
        "coordinates": [
          35.2755959,
          32.9955566
        ]
      },
      "properties": {
        "store_code": "shu_366",
        "store_name": "שלי כפר ורדים- מרכז מסחר",
        "chainname": "שופרסל",
        "subchainname": "שופרסל שלי",
        "storeid": 366.0,
        "address": "מרכז מסחרי כפר ו",
        "city": "כפר ורדים",
        "zipcode": 2451700.0,
        "average_price_diff": 6.255709982833067,
        "popular_item_count": 2681
      }
    },
    {
      "type": "Feature",
      "geometry": {
        "type": "Point",
        "coordinates": [
          35.045039,
          32.7721793
        ]
      },
      "properties": {
        "store_code": "shu_368",
        "store_name": "אקספרס-נשר מרגנית",
        "chainname": "שופרסל",
        "subchainname": "שופרסל אקספרס",
        "storeid": 368.0,
        "address": "נשר המרגנית 1",
        "city": "חיפה",
        "zipcode": 0.0,
        "average_price_diff": 11.21536214435522,
        "popular_item_count": 1805
      }
    },
    {
      "type": "Feature",
      "geometry": {
        "type": "Point",
        "coordinates": [
          34.9458434,
          31.9938747
        ]
      },
      "properties": {
        "store_code": "shu_369",
        "store_name": "שלי שוהם- תרשיש",
        "chainname": "שופרסל",
        "subchainname": "שופרסל שלי",
        "storeid": 369.0,
        "address": "עמק איילון פינת",
        "city": "שוהם",
        "zipcode": 6080001.0,
        "average_price_diff": 6.391578299821109,
        "popular_item_count": 3631
      }
    },
    {
      "type": "Feature",
      "geometry": {
        "type": "Point",
        "coordinates": [
          34.7994432,
          31.9589758
        ]
      },
      "properties": {
        "store_code": "shu_371",
        "store_name": "שלי ברניצקי",
        "chainname": "שופרסל",
        "subchainname": "שופרסל שלי",
        "storeid": 371.0,
        "address": "נתן ברניצקי 13",
        "city": "ראשון לציון",
        "zipcode": 0.0,
        "average_price_diff": 6.8026901737680285,
        "popular_item_count": 4585
      }
    },
    {
      "type": "Feature",
      "geometry": {
        "type": "Point",
        "coordinates": [
          34.7511524,
          32.0184307
        ]
      },
      "properties": {
        "store_code": "shu_372",
        "store_name": "אקספרס בת ים- חשמונאים",
        "chainname": "שופרסל",
        "subchainname": "שופרסל אקספרס",
        "storeid": 372.0,
        "address": "החשמונאים 41",
        "city": "בת ים",
        "zipcode": 0.0,
        "average_price_diff": 11.212159151272397,
        "popular_item_count": 3141
      }
    },
    {
      "type": "Feature",
      "geometry": {
        "type": "Point",
        "coordinates": [
          34.8505207,
          32.1629121
        ]
      },
      "properties": {
        "store_code": "shu_374",
        "store_name": "שלי הרצליה- הבנים",
        "chainname": "שופרסל",
        "subchainname": "שופרסל שלי",
        "storeid": 374.0,
        "address": "הבנים 46",
        "city": "הרצליה",
        "zipcode": 4637948.0,
        "average_price_diff": 6.259654899062072,
        "popular_item_count": 2642
      }
    },
    {
      "type": "Feature",
      "geometry": {
        "type": "Point",
        "coordinates": [
          34.9188273528995,
          32.1791943235464
        ]
      },
      "properties": {
        "store_code": "shu_375",
        "store_name": "אקספרס כ\"ס- הגליל",
        "chainname": "שופרסל",
        "subchainname": "שופרסל אקספרס",
        "storeid": 375.0,
        "address": "הגליל 58",
        "city": "כפר סבא",
        "zipcode": null,
        "average_price_diff": 11.255732990973945,
        "popular_item_count": 2687
      }
    },
    {
      "type": "Feature",
      "geometry": {
        "type": "Point",
        "coordinates": [
          34.8630715,
          32.1816708
        ]
      },
      "properties": {
        "store_code": "shu_376",
        "store_name": "אקספרס רעננה- משה דיין",
        "chainname": "שופרסל",
        "subchainname": "שופרסל אקספרס",
        "storeid": 376.0,
        "address": "משה דיין 8",
        "city": "רעננה",
        "zipcode": 0.0,
        "average_price_diff": 11.401719468603318,
        "popular_item_count": 2645
      }
    },
    {
      "type": "Feature",
      "geometry": {
        "type": "Point",
        "coordinates": [
          35.1477105,
          31.766161
        ]
      },
      "properties": {
        "store_code": "shu_377",
        "store_name": "אקספרס ירושלים- הדסה",
        "chainname": "שופרסל",
        "subchainname": "שופרסל אקספרס",
        "storeid": 377.0,
        "address": "בית חולים הדסה",
        "city": "ירושלים",
        "zipcode": 0.0,
        "average_price_diff": 10.807855566406143,
        "popular_item_count": 2335
      }
    },
    {
      "type": "Feature",
      "geometry": {
        "type": "Point",
        "coordinates": [
          34.8037801,
          32.0754177
        ]
      },
      "properties": {
        "store_code": "shu_379",
        "store_name": "אקספרס גבעתיים- כצנלסון",
        "chainname": "שופרסל",
        "subchainname": "שופרסל אקספרס",
        "storeid": 379.0,
        "address": "כצנלסון 19",
        "city": "גבעתיים",
        "zipcode": 0.0,
        "average_price_diff": 11.049763672330448,
        "popular_item_count": 1731
      }
    },
    {
      "type": "Feature",
      "geometry": {
        "type": "Point",
        "coordinates": [
          34.7798863,
          32.0715654
        ]
      },
      "properties": {
        "store_code": "shu_380",
        "store_name": "אקספרס ת\"א- מרמורק",
        "chainname": "שופרסל",
        "subchainname": "שופרסל אקספרס",
        "storeid": 380.0,
        "address": "מרמורק 10",
        "city": "תל אביב יפו",
        "zipcode": null,
        "average_price_diff": 10.22414139009444,
        "popular_item_count": 1759
      }
    },
    {
      "type": "Feature",
      "geometry": {
        "type": "Point",
        "coordinates": [
          34.8753501,
          32.0801654
        ]
      },
      "properties": {
        "store_code": "shu_382",
        "store_name": "אקספרס פ\"ת- היבנר",
        "chainname": "שופרסל",
        "subchainname": "שופרסל אקספרס",
        "storeid": 382.0,
        "address": "היבנר 29",
        "city": "פתח תקווה",
        "zipcode": null,
        "average_price_diff": 11.454462951564562,
        "popular_item_count": 2865
      }
    },
    {
      "type": "Feature",
      "geometry": {
        "type": "Point",
        "coordinates": [
          35.081455223423,
          32.82382747365335
        ]
      },
      "properties": {
        "store_code": "shu_384",
        "store_name": "אקספרס קרית ביאליק",
        "chainname": "שופרסל",
        "subchainname": "שופרסל אקספרס",
        "storeid": 384.0,
        "address": "שדרות ירושלים 15",
        "city": "קרית ביאליק",
        "zipcode": 0.0,
        "average_price_diff": 11.547013607053714,
        "popular_item_count": 2142
      }
    },
    {
      "type": "Feature",
      "geometry": {
        "type": "Point",
        "coordinates": [
          34.7888717,
          32.1000821
        ]
      },
      "properties": {
        "store_code": "shu_385",
        "store_name": "אקספרס מאיר יערי תל אביב",
        "chainname": "שופרסל",
        "subchainname": "שופרסל אקספרס",
        "storeid": 385.0,
        "address": "מאיר יערי 19",
        "city": "תל אביב יפו",
        "zipcode": 0.0,
        "average_price_diff": 12.176652263950155,
        "popular_item_count": 2607
      }
    },
    {
      "type": "Feature",
      "geometry": {
        "type": "Point",
        "coordinates": [
          35.0133399,
          32.7669868
        ]
      },
      "properties": {
        "store_code": "shu_388",
        "store_name": "אקספרס דניה",
        "chainname": "שופרסל",
        "subchainname": "שופרסל אקספרס",
        "storeid": 388.0,
        "address": "חיים הזז 5",
        "city": "חיפה",
        "zipcode": 0.0,
        "average_price_diff": 11.107064823450214,
        "popular_item_count": 2197
      }
    },
    {
      "type": "Feature",
      "geometry": {
        "type": "Point",
        "coordinates": [
          34.88080126756258,
          32.09828313966387
        ]
      },
      "properties": {
        "store_code": "shu_390",
        "store_name": "שופרסל אקספרס אם המושבות",
        "chainname": "שופרסל",
        "subchainname": "שופרסל אקספרס",
        "storeid": 390.0,
        "address": "יעל רום 8",
        "city": "פתח תקווה",
        "zipcode": 0.0,
        "average_price_diff": 10.979136732107587,
        "popular_item_count": 3429
      }
    },
    {
      "type": "Feature",
      "geometry": {
        "type": "Point",
        "coordinates": [
          35.0359992054912,
          32.1114006079443
        ]
      },
      "properties": {
        "store_code": "shu_391",
        "store_name": "אקספרס אלקנה",
        "chainname": "שופרסל",
        "subchainname": "שופרסל אקספרס",
        "storeid": 391.0,
        "address": "אלנקווה",
        "city": "אלנקווה",
        "zipcode": 0.0,
        "average_price_diff": 10.463809528408484,
        "popular_item_count": 1785
      }
    },
    {
      "type": "Feature",
      "geometry": {
        "type": "Point",
        "coordinates": [
          34.80024987934792,
          31.286821474663146
        ]
      },
      "properties": {
        "store_code": "shu_393",
        "store_name": "אקספרס להבים באר שבע",
        "chainname": "שופרסל",
        "subchainname": "שופרסל אקספרס",
        "storeid": 393.0,
        "address": "שדרות הרימון",
        "city": "באר שבע",
        "zipcode": 0.0,
        "average_price_diff": 9.741532031210095,
        "popular_item_count": 1439
      }
    },
    {
      "type": "Feature",
      "geometry": {
        "type": "Point",
        "coordinates": [
          34.9070416,
          32.178432
        ]
      },
      "properties": {
        "store_code": "shu_394",
        "store_name": "אקספרס הכרמל כפר סבא",
        "chainname": "שופרסל",
        "subchainname": "שופרסל אקספרס",
        "storeid": 394.0,
        "address": "הגליל 31",
        "city": "כפר סבא",
        "zipcode": 0.0,
        "average_price_diff": 10.783632404066333,
        "popular_item_count": 2521
      }
    },
    {
      "type": "Feature",
      "geometry": {
        "type": "Point",
        "coordinates": [
          34.8734588,
          32.3226356
        ]
      },
      "properties": {
        "store_code": "shu_396",
        "store_name": "דיל הקדר נתניה",
        "chainname": "שופרסל",
        "subchainname": "שופרסל דיל",
        "storeid": 396.0,
        "address": "האורזים 2",
        "city": "נתניה",
        "zipcode": 0.0,
        "average_price_diff": -1.079520870202015,
        "popular_item_count": 5879
      }
    },
    {
      "type": "Feature",
      "geometry": {
        "type": "Point",
        "coordinates": [
          35.3088978,
          32.6169255
        ]
      },
      "properties": {
        "store_code": "shu_397",
        "store_name": "אקספרס פארק עפולה",
        "chainname": "שופרסל",
        "subchainname": "שופרסל אקספרס",
        "storeid": 397.0,
        "address": "רובע יזרעאל",
        "city": "עפולה",
        "zipcode": 0.0,
        "average_price_diff": 10.914918942091878,
        "popular_item_count": 2986
      }
    },
    {
      "type": "Feature",
      "geometry": {
        "type": "Point",
        "coordinates": [
          34.5694450700742,
          31.6512292362506
        ]
      },
      "properties": {
        "store_code": "shu_398",
        "store_name": "אקספרס אגמים",
        "chainname": "שופרסל",
        "subchainname": "שופרסל אקספרס",
        "storeid": 398.0,
        "address": "73 עמק יזרעאל",
        "city": "אשקלון",
        "zipcode": null,
        "average_price_diff": 11.08981910432129,
        "popular_item_count": 1986
      }
    },
    {
      "type": "Feature",
      "geometry": {
        "type": "Point",
        "coordinates": [
          34.947393,
          32.090304
        ]
      },
      "properties": {
        "store_code": "shu_400",
        "store_name": "אקספרס שבזי ראש העין",
        "chainname": "שופרסל",
        "subchainname": "שופרסל אקספרס",
        "storeid": 400.0,
        "address": "שלמה שבזי 172",
        "city": "ראש העין",
        "zipcode": 0.0,
        "average_price_diff": 10.857953784415068,
        "popular_item_count": 2037
      }
    },
    {
      "type": "Feature",
      "geometry": {
        "type": "Point",
        "coordinates": [
          34.797660267517294,
          31.253941682893537
        ]
      },
      "properties": {
        "store_code": "shu_444",
        "store_name": "אקספרס.ב\"ש אביסרור",
        "chainname": "שופרסל",
        "subchainname": "שופרסל אקספרס",
        "storeid": 444.0,
        "address": "רח' יעקב כהן 8",
        "city": "באר שבע",
        "zipcode": null,
        "average_price_diff": 11.184354134674773,
        "popular_item_count": 2860
      }
    },
    {
      "type": "Feature",
      "geometry": {
        "type": "Point",
        "coordinates": [
          34.8115292,
          31.8943652
        ]
      },
      "properties": {
        "store_code": "shu_445",
        "store_name": "אקספרס רחובות",
        "chainname": "שופרסל",
        "subchainname": "שופרסל אקספרס",
        "storeid": 445.0,
        "address": "רח' יעקב 41",
        "city": "רחובות",
        "zipcode": 0.0,
        "average_price_diff": 10.994602131029119,
        "popular_item_count": 2038
      }
    },
    {
      "type": "Feature",
      "geometry": {
        "type": "Point",
        "coordinates": [
          35.2045525,
          31.7919167
        ]
      },
      "properties": {
        "store_code": "shu_448",
        "store_name": "שערי רווחה",
        "chainname": "שופרסל",
        "subchainname": "שערי רווחה",
        "storeid": 448.0,
        "address": "25 ירמיהו",
        "city": "ירושלים",
        "zipcode": 9446710.0,
        "average_price_diff": -8.6155378211884,
        "popular_item_count": 4496
      }
    },
    {
      "type": "Feature",
      "geometry": {
        "type": "Point",
        "coordinates": [
          34.9964661,
          31.8960237
        ]
      },
      "properties": {
        "store_code": "shu_477",
        "store_name": "אקספרס הציפורים מודיעין",
        "chainname": "שופרסל",
        "subchainname": "שופרסל אקספרס",
        "storeid": 477.0,
        "address": "2 החסידה",
        "city": "מודיעין מכבים רעות",
        "zipcode": 0.0,
        "average_price_diff": 11.278551220087413,
        "popular_item_count": 2027
      }
    },
    {
      "type": "Feature",
      "geometry": {
        "type": "Point",
        "coordinates": [
          34.790687765695445,
          31.80472766049253
        ]
      },
      "properties": {
        "store_code": "shu_478",
        "store_name": "אקספרס גדרה",
        "chainname": "שופרסל",
        "subchainname": "שופרסל אקספרס",
        "storeid": 478.0,
        "address": "דרך האילנות 41",
        "city": "גדרה",
        "zipcode": 0.0,
        "average_price_diff": 10.32251292764084,
        "popular_item_count": 1562
      }
    },
    {
      "type": "Feature",
      "geometry": {
        "type": "Point",
        "coordinates": [
          34.8430876,
          32.0691989
        ]
      },
      "properties": {
        "store_code": "shu_479",
        "store_name": "אקספרס בר אילן",
        "chainname": "שופרסל",
        "subchainname": "שופרסל אקספרס",
        "storeid": 479.0,
        "address": "בר אילן 24",
        "city": "רעננה",
        "zipcode": 0.0,
        "average_price_diff": 10.479890803360362,
        "popular_item_count": 1584
      }
    },
    {
      "type": "Feature",
      "geometry": {
        "type": "Point",
        "coordinates": [
          34.98647625220851,
          31.904468370543306
        ]
      },
      "properties": {
        "store_code": "shu_489",
        "store_name": "אקספרס מודיעין",
        "chainname": "שופרסל",
        "subchainname": "שופרסל אקספרס",
        "storeid": 489.0,
        "address": "26 חיים ויצמן",
        "city": "מודיעין מכבים רעות",
        "zipcode": 0.0,
        "average_price_diff": 10.670375261249596,
        "popular_item_count": 1491
      }
    },
    {
      "type": "Feature",
      "geometry": {
        "type": "Point",
        "coordinates": [
          35.1864330945304,
          31.788167067102385
        ]
      },
      "properties": {
        "store_code": "shu_496",
        "store_name": "יש חסד כנפי נשרים",
        "chainname": "שופרסל",
        "subchainname": "יש חסד",
        "storeid": 496.0,
        "address": "כנפי נשרים 24",
        "city": "ירושלים",
        "zipcode": 0.0,
        "average_price_diff": -8.361831179949693,
        "popular_item_count": 4518
      }
    },
    {
      "type": "Feature",
      "geometry": {
        "type": "Point",
        "coordinates": [
          35.325233,
          32.6328414
        ]
      },
      "properties": {
        "store_code": "shu_499",
        "store_name": "יש חסד עפולה עילית",
        "chainname": "שופרסל",
        "subchainname": "יש חסד",
        "storeid": 499.0,
        "address": "24 פנחס רוזן",
        "city": "עפולה",
        "zipcode": 0.0,
        "average_price_diff": -0.29591993038286923,
        "popular_item_count": 5547
      }
    },
    {
      "type": "Feature",
      "geometry": {
        "type": "Point",
        "coordinates": [
          35.32491528608056,
          32.708921802513444
        ]
      },
      "properties": {
        "store_code": "shu_511",
        "store_name": "אקספרס רסקו נצרת",
        "chainname": "שופרסל",
        "subchainname": "שופרסל אקספרס",
        "storeid": 511.0,
        "address": "מרכז רסקו רח' עצמון",
        "city": "נוף הגליל",
        "zipcode": null,
        "average_price_diff": 10.74677342495346,
        "popular_item_count": 2386
      }
    },
    {
      "type": "Feature",
      "geometry": {
        "type": "Point",
        "coordinates": [
          34.875514,
          32.0494274
        ]
      },
      "properties": {
        "store_code": "shu_579",
        "store_name": "אקספרס סביון",
        "chainname": "שופרסל",
        "subchainname": "שופרסל אקספרס",
        "storeid": 579.0,
        "address": "1 השיקמה",
        "city": "סביון",
        "zipcode": 0.0,
        "average_price_diff": 12.358647738885201,
        "popular_item_count": 3548
      }
    },
    {
      "type": "Feature",
      "geometry": {
        "type": "Point",
        "coordinates": [
          34.7480523,
          31.7250778
        ]
      },
      "properties": {
        "store_code": "shu_593",
        "store_name": "יש חסד באר טוביה",
        "chainname": "שופרסל",
        "subchainname": "יש חסד",
        "storeid": 593.0,
        "address": "אזור התעשייה",
        "city": "באר טוביה",
        "zipcode": null,
        "average_price_diff": -8.643424041352864,
        "popular_item_count": 4368
      }
    },
    {
      "type": "Feature",
      "geometry": {
        "type": "Point",
        "coordinates": [
          35.0127258,
          32.335781
        ]
      },
      "properties": {
        "store_code": "shu_595",
        "store_name": "אקספרס בת חפר",
        "chainname": "שופרסל",
        "subchainname": "שופרסל אקספרס",
        "storeid": 595.0,
        "address": "שדרות עמק חפר",
        "city": "בת חפר",
        "zipcode": null,
        "average_price_diff": 10.777512055641292,
        "popular_item_count": 2857
      }
    },
    {
      "type": "Feature",
      "geometry": {
        "type": "Point",
        "coordinates": [
          34.7825374,
          32.0867596
        ]
      },
      "properties": {
        "store_code": "shu_596",
        "store_name": "אקספרס אבן גבירול",
        "chainname": "שופרסל",
        "subchainname": "שופרסל אקספרס",
        "storeid": 596.0,
        "address": "124 אבן גבירול",
        "city": "תל אביב יפו",
        "zipcode": null,
        "average_price_diff": 10.826961921297345,
        "popular_item_count": 2294
      }
    },
    {
      "type": "Feature",
      "geometry": {
        "type": "Point",
        "coordinates": [
          34.82872183969157,
          32.066218553953874
        ]
      },
      "properties": {
        "store_code": "shu_598",
        "store_name": "אקספרס הירדן",
        "chainname": "שופרסל",
        "subchainname": "שופרסל אקספרס",
        "storeid": 598.0,
        "address": "רמת גן הירדן 29",
        "city": "רמת גן",
        "zipcode": 0.0,
        "average_price_diff": 10.76370338547715,
        "popular_item_count": 3506
      }
    },
    {
      "type": "Feature",
      "geometry": {
        "type": "Point",
        "coordinates": [
          34.811789,
          32.06134670000001
        ]
      },
      "properties": {
        "store_code": "shu_599",
        "store_name": "אקספרס ההסתדרות",
        "chainname": "שופרסל",
        "subchainname": "שופרסל אקספרס",
        "storeid": 599.0,
        "address": "27 ההסתדרות",
        "city": "גבעתיים",
        "zipcode": null,
        "average_price_diff": 10.369511906044108,
        "popular_item_count": 2162
      }
    },
    {
      "type": "Feature",
      "geometry": {
        "type": "Point",
        "coordinates": [
          34.98834739999999,
          31.7133116
        ]
      },
      "properties": {
        "store_code": "shu_606",
        "store_name": "יש חסד ביתשמש- מ. מסחרי",
        "chainname": "שופרסל",
        "subchainname": "יש חסד",
        "storeid": 606.0,
        "address": "מרכז מסחרי רמה א",
        "city": "בית שמש",
        "zipcode": 99090.0,
        "average_price_diff": -7.895199710316143,
        "popular_item_count": 4233
      }
    },
    {
      "type": "Feature",
      "geometry": {
        "type": "Point",
        "coordinates": [
          35.038802594538126,
          31.93049477403838
        ]
      },
      "properties": {
        "store_code": "shu_607",
        "store_name": "יש חסד מודיעין עלי-ק.ספר",
        "chainname": "שופרסל",
        "subchainname": "יש חסד",
        "storeid": 607.0,
        "address": "אבני נזר 46",
        "city": "מודיעין עילית",
        "zipcode": 0.0,
        "average_price_diff": -8.153068904489643,
        "popular_item_count": 5010
      }
    },
    {
      "type": "Feature",
      "geometry": {
        "type": "Point",
        "coordinates": [
          35.17420437135221,
          31.78635334371882
        ]
      },
      "properties": {
        "store_code": "shu_608",
        "store_name": "יש חסד ירושלים-קרית שאול",
        "chainname": "שופרסל",
        "subchainname": "יש חסד",
        "storeid": 608.0,
        "address": "נאג'רה 2",
        "city": "ירושלים",
        "zipcode": 0.0,
        "average_price_diff": -8.13325193651545,
        "popular_item_count": 4438
      }
    },
    {
      "type": "Feature",
      "geometry": {
        "type": "Point",
        "coordinates": [
          34.9512194,
          32.052559
        ]
      },
      "properties": {
        "store_code": "shu_609",
        "store_name": "יש חסד אלעד-ניסים גאון",
        "chainname": "שופרסל",
        "subchainname": "יש חסד",
        "storeid": 609.0,
        "address": "ניסים גאון 79",
        "city": "אלעד",
        "zipcode": 0.0,
        "average_price_diff": -8.631522220608307,
        "popular_item_count": 4087
      }
    },
    {
      "type": "Feature",
      "geometry": {
        "type": "Point",
        "coordinates": [
          35.21672,
          31.811922
        ]
      },
      "properties": {
        "store_code": "shu_610",
        "store_name": "יש חסד ירושלים- רמת שלמה",
        "chainname": "שופרסל",
        "subchainname": "יש חסד",
        "storeid": 610.0,
        "address": "ברכת אברהם 22",
        "city": "ירושלים",
        "zipcode": 0.0,
        "average_price_diff": -8.107615463345503,
        "popular_item_count": 4462
      }
    },
    {
      "type": "Feature",
      "geometry": {
        "type": "Point",
        "coordinates": [
          34.8221120657104,
          32.081311688428755
        ]
      },
      "properties": {
        "store_code": "shu_611",
        "store_name": "יש חסד בני ברק- השומר",
        "chainname": "שופרסל",
        "subchainname": "יש חסד",
        "storeid": 611.0,
        "address": "השומר 10",
        "city": "בני ברק",
        "zipcode": 5137705.0,
        "average_price_diff": -7.944245473527735,
        "popular_item_count": 4804
      }
    },
    {
      "type": "Feature",
      "geometry": {
        "type": "Point",
        "coordinates": [
          34.997742,
          32.803091
        ]
      },
      "properties": {
        "store_code": "shu_734",
        "store_name": "גוד מרקט גאולה חיפה",
        "chainname": "שופרסל",
        "subchainname": "גוד מרקט",
        "storeid": 734.0,
        "address": "28 גאולה",
        "city": "חיפה",
        "zipcode": 0.0,
        "average_price_diff": 3.16098927435755,
        "popular_item_count": 1900
      }
    },
    {
      "type": "Feature",
      "geometry": {
        "type": "Point",
        "coordinates": [
          34.803866724064996,
          31.223794819150186
        ]
      },
      "properties": {
        "store_code": "shu_737",
        "store_name": "המפיץ סיטונאות באר שבע",
        "chainname": "שופרסל",
        "subchainname": "סיטונאות",
        "storeid": 737.0,
        "address": "סולל בונה 11",
        "city": "באר שבע",
        "zipcode": 8413301.0,
        "average_price_diff": -21.215178431979215,
        "popular_item_count": 1815
      }
    },
    {
      "type": "Feature",
      "geometry": {
        "type": "Point",
        "coordinates": [
          34.8592106,
          32.0541195
        ]
      },
      "properties": {
        "store_code": "shu_740",
        "store_name": "אקספרס שלמה המלך",
        "chainname": "שופרסל",
        "subchainname": "שופרסל אקספרס",
        "storeid": 740.0,
        "address": "2 שלמה המלך",
        "city": "קרית אונו",
        "zipcode": null,
        "average_price_diff": 10.949549779067807,
        "popular_item_count": 2283
      }
    },
    {
      "type": "Feature",
      "geometry": {
        "type": "Point",
        "coordinates": [
          34.86149928877057,
          32.06453790711851
        ]
      },
      "properties": {
        "store_code": "shu_741",
        "store_name": "אקספרס יצחק רבין",
        "chainname": "שופרסל",
        "subchainname": "שופרסל אקספרס",
        "storeid": 741.0,
        "address": "34 יצחק רבין",
        "city": "קרית אונו",
        "zipcode": null,
        "average_price_diff": 11.159758847808622,
        "popular_item_count": 1680
      }
    },
    {
      "type": "Feature",
      "geometry": {
        "type": "Point",
        "coordinates": [
          34.75734010986436,
          31.607389496658673
        ]
      },
      "properties": {
        "store_code": "shu_743",
        "store_name": "אקספרס קריית גת",
        "chainname": "שופרסל",
        "subchainname": "שופרסל אקספרס",
        "storeid": 743.0,
        "address": "28 הגבורה",
        "city": "קרית גת",
        "zipcode": null,
        "average_price_diff": 10.388545962976803,
        "popular_item_count": 1159
      }
    },
    {
      "type": "Feature",
      "geometry": {
        "type": "Point",
        "coordinates": [
          34.56171775477493,
          31.648012474139758
        ]
      },
      "properties": {
        "store_code": "shu_744",
        "store_name": "אקספרס אשקלון",
        "chainname": "שופרסל",
        "subchainname": "שופרסל אקספרס",
        "storeid": 744.0,
        "address": "עמק האלה 2",
        "city": "אשקלון",
        "zipcode": 7888945.0,
        "average_price_diff": 10.178131905995551,
        "popular_item_count": 997
      }
    },
    {
      "type": "Feature",
      "geometry": {
        "type": "Point",
        "coordinates": [
          35.2002417,
          31.817648
        ]
      },
      "properties": {
        "store_code": "shu_750",
        "store_name": "גוד מרקט שירת הים",
        "chainname": "שופרסל",
        "subchainname": "גוד מרקט",
        "storeid": 750.0,
        "address": "10 שירת הים",
        "city": "ירושלים",
        "zipcode": null,
        "average_price_diff": 11.592491896267827,
        "popular_item_count": 3035
      }
    },
    {
      "type": "Feature",
      "geometry": {
        "type": "Point",
        "coordinates": [
          34.929354702553866,
          32.18498595594647
        ]
      },
      "properties": {
        "store_code": "shu_752",
        "store_name": "אקספרס כפר סבא דוכיפת",
        "chainname": "שופרסל",
        "subchainname": "שופרסל אקספרס",
        "storeid": 752.0,
        "address": "5 דוכיפת",
        "city": "כפר סבא",
        "zipcode": 0.0,
        "average_price_diff": 25.453564848315523,
        "popular_item_count": 2947
      }
    },
    {
      "type": "Feature",
      "geometry": {
        "type": "Point",
        "coordinates": [
          35.2126548,
          31.7877827
        ]
      },
      "properties": {
        "store_code": "shu_753",
        "store_name": "גוד מרקט רש\"י ירושלים",
        "chainname": "שופרסל",
        "subchainname": "גוד מרקט",
        "storeid": 753.0,
        "address": "53 רש\"י",
        "city": "ירושלים",
        "zipcode": null,
        "average_price_diff": 3.4291938551204018,
        "popular_item_count": 1602
      }
    },
    {
      "type": "Feature",
      "geometry": {
        "type": "Point",
        "coordinates": [
          34.841867198932086,
          31.953968128794696
        ]
      },
      "properties": {
        "store_code": "shu_756",
        "store_name": "שלי באר יעקב",
        "chainname": "שופרסל",
        "subchainname": "שופרסל שלי",
        "storeid": 1.0,
        "address": "יצחק שמיר 17",
        "city": "באר יעקב",
        "zipcode": 0.0,
        "average_price_diff": 6.335094535709683,
        "popular_item_count": 2848
      }
    },
    {
      "type": "Feature",
      "geometry": {
        "type": "Point",
        "coordinates": [
          34.8475653,
          32.0657036
        ]
      },
      "properties": {
        "store_code": "shu_757",
        "store_name": "אקספרס קריית אונו",
        "chainname": "שופרסל",
        "subchainname": "שופרסל אקספרס",
        "storeid": 757.0,
        "address": "2 יצחק נבון",
        "city": "קרית אונו",
        "zipcode": 0.0,
        "average_price_diff": 10.34421317831147,
        "popular_item_count": 1435
      }
    },
    {
      "type": "Feature",
      "geometry": {
        "type": "Point",
        "coordinates": [
          35.000494,
          31.747513
        ]
      },
      "properties": {
        "store_code": "shu_765",
        "store_name": "יש חסד בן איש חי",
        "chainname": "שופרסל",
        "subchainname": "יש חסד",
        "storeid": 765.0,
        "address": "43 בן איש חי",
        "city": "בית שמש",
        "zipcode": null,
        "average_price_diff": -8.503168703310644,
        "popular_item_count": 3454
      }
    },
    {
      "type": "Feature",
      "geometry": {
        "type": "Point",
        "coordinates": [
          34.81934136571052,
          32.08427572701742
        ]
      },
      "properties": {
        "store_code": "shu_768",
        "store_name": "אקספרס קרניצי רמת גן",
        "chainname": "שופרסל",
        "subchainname": "שופרסל אקספרס",
        "storeid": 768.0,
        "address": "קריניצי 61",
        "city": "רמת גן",
        "zipcode": 0.0,
        "average_price_diff": 10.677892631229797,
        "popular_item_count": 2049
      }
    },
    {
      "type": "Feature",
      "geometry": {
        "type": "Point",
        "coordinates": [
          34.8407225,
          32.0830437
        ]
      },
      "properties": {
        "store_code": "shu_771",
        "store_name": "גוד מרקט בני ברק",
        "chainname": "שופרסל",
        "subchainname": "גוד מרקט",
        "storeid": 771.0,
        "address": "הרב כהנמן 64",
        "city": "בני ברק",
        "zipcode": 0.0,
        "average_price_diff": 3.4422229173630217,
        "popular_item_count": 2491
      }
    },
    {
      "type": "Feature",
      "geometry": {
        "type": "Point",
        "coordinates": [
          35.2184496,
          31.7883061
        ]
      },
      "properties": {
        "store_code": "shu_772",
        "store_name": "גוד מרקט מאה שערים",
        "chainname": "שופרסל",
        "subchainname": "גוד מרקט",
        "storeid": 772.0,
        "address": "מאה שערים 42",
        "city": "ירושלים",
        "zipcode": 0.0,
        "average_price_diff": 3.417534897769493,
        "popular_item_count": 1120
      }
    },
    {
      "type": "Feature",
      "geometry": {
        "type": "Point",
        "coordinates": [
          34.58601843685368,
          31.696132388723946
        ]
      },
      "properties": {
        "store_code": "shu_773",
        "store_name": "GOOD MARKET אהבת שלום בית שמש",
        "chainname": "שופרסל",
        "subchainname": "גוד מרקט",
        "storeid": 773.0,
        "address": "אהבת שלום 9",
        "city": "בית שמש",
        "zipcode": 0.0,
        "average_price_diff": 3.8321470404692275,
        "popular_item_count": 2559
      }
    },
    {
      "type": "Feature",
      "geometry": {
        "type": "Point",
        "coordinates": [
          34.8286849124125,
          31.9601333067769
        ]
      },
      "properties": {
        "store_code": "shu_777",
        "store_name": "אקספרס נרקיסים",
        "chainname": "שופרסל",
        "subchainname": "שופרסל אקספרס",
        "storeid": 777.0,
        "address": "121 שדרות ירושליים",
        "city": "ראשון לציון",
        "zipcode": 0.0,
        "average_price_diff": 11.338274897699273,
        "popular_item_count": 2676
      }
    },
    {
      "type": "Feature",
      "geometry": {
        "type": "Point",
        "coordinates": [
          35.2006912,
          31.791268
        ]
      },
      "properties": {
        "store_code": "shu_778",
        "store_name": "GOOD MARKET אהליאב ירושלים",
        "chainname": "שופרסל",
        "subchainname": "גוד מרקט",
        "storeid": 778.0,
        "address": "אהליאב 21",
        "city": "ירושלים",
        "zipcode": 2420531.0,
        "average_price_diff": 3.563796438167178,
        "popular_item_count": 2257
      }
    },
    {
      "type": "Feature",
      "geometry": {
        "type": "Point",
        "coordinates": [
          34.7387102,
          31.8850261
        ]
      },
      "properties": {
        "store_code": "shu_779",
        "store_name": "אקספרס יבנה",
        "chainname": "שופרסל",
        "subchainname": "שופרסל אקספרס",
        "storeid": 779.0,
        "address": "דרך ז'בוטינסקי",
        "city": "יבנה",
        "zipcode": 0.0,
        "average_price_diff": 11.562260464842076,
        "popular_item_count": 2206
      }
    },
    {
      "type": "Feature",
      "geometry": {
        "type": "Point",
        "coordinates": [
          34.816317,
          32.0899328
        ]
      },
      "properties": {
        "store_code": "shu_780",
        "store_name": "אקספרס המעפיל רמת גן",
        "chainname": "שופרסל",
        "subchainname": "שופרסל אקספרס",
        "storeid": 780.0,
        "address": "המעפיל",
        "city": "רמת גן",
        "zipcode": 0.0,
        "average_price_diff": 11.630813577464659,
        "popular_item_count": 2184
      }
    },
    {
      "type": "Feature",
      "geometry": {
        "type": "Point",
        "coordinates": [
          34.6191484,
          31.301025
        ]
      },
      "properties": {
        "store_code": "shu_789",
        "store_name": "גוד מרקט אופקים",
        "chainname": "שופרסל",
        "subchainname": "גוד מרקט",
        "storeid": 789.0,
        "address": "עובדיה יוסף 10",
        "city": "אופקים",
        "zipcode": 0.0,
        "average_price_diff": 3.140013805998659,
        "popular_item_count": 2342
      }
    },
    {
      "type": "Feature",
      "geometry": {
        "type": "Point",
        "coordinates": [
          34.85036447616337,
          31.932001462317743
        ]
      },
      "properties": {
        "store_code": "shu_790",
        "store_name": "דיל רמלה",
        "chainname": "שופרסל",
        "subchainname": "שופרסל דיל",
        "storeid": 790.0,
        "address": "10 משה לוי",
        "city": "רמלה",
        "zipcode": 0.0,
        "average_price_diff": -1.5614113176623337,
        "popular_item_count": 4123
      }
    },
    {
      "type": "Feature",
      "geometry": {
        "type": "Point",
        "coordinates": [
          35.03822626645664,
          32.466111546030156
        ]
      },
      "properties": {
        "store_code": "shu_840",
        "store_name": "גוד מרקט חריש",
        "chainname": "שופרסל",
        "subchainname": "גוד מרקט",
        "storeid": 840.0,
        "address": "אלה 1",
        "city": "חריש",
        "zipcode": 3760218.0,
        "average_price_diff": 3.062604309674797,
        "popular_item_count": 1704
      }
    },
    {
      "type": "Feature",
      "geometry": {
        "type": "Point",
        "coordinates": [
          34.8267762,
          32.1106072
        ]
      },
      "properties": {
        "store_code": "shu_842",
        "store_name": "אקספרס מטודלה תל אביב",
        "chainname": "שופרסל",
        "subchainname": "שופרסל אקספרס",
        "storeid": 842.0,
        "address": "30 מטודלה",
        "city": "תל אביב יפו",
        "zipcode": 0.0,
        "average_price_diff": 10.877926672912091,
        "popular_item_count": 1682
      }
    },
    {
      "type": "Feature",
      "geometry": {
        "type": "Point",
        "coordinates": [
          34.96980181242474,
          31.70280763489975
        ]
      },
      "properties": {
        "store_code": "shu_843",
        "store_name": "גוד מרקט בית שמש",
        "chainname": "שופרסל",
        "subchainname": "גוד מרקט",
        "storeid": 843.0,
        "address": "55 המוראים",
        "city": "בית שמש",
        "zipcode": 0.0,
        "average_price_diff": 3.8468368131554724,
        "popular_item_count": 1884
      }
    },
    {
      "type": "Feature",
      "geometry": {
        "type": "Point",
        "coordinates": [
          34.8235178,
          32.0704448
        ]
      },
      "properties": {
        "store_code": "shu_844",
        "store_name": "אקספרס נגבה רמת גן",
        "chainname": "שופרסל",
        "subchainname": "שופרסל אקספרס",
        "storeid": 844.0,
        "address": "נגבה 8",
        "city": "רמת גן",
        "zipcode": 0.0,
        "average_price_diff": 10.917969599787366,
        "popular_item_count": 2617
      }
    },
    {
      "type": "Feature",
      "geometry": {
        "type": "Point",
        "coordinates": [
          34.9057509,
          32.1747937
        ]
      },
      "properties": {
        "store_code": "shu_845",
        "store_name": "אקספרס נחשון כפר סבא",
        "chainname": "שופרסל",
        "subchainname": "שופרסל אקספרס",
        "storeid": 845.0,
        "address": "נחשון 10",
        "city": "כפר סבא",
        "zipcode": 0.0,
        "average_price_diff": 11.632754323389479,
        "popular_item_count": 1362
      }
    },
    {
      "type": "Feature",
      "geometry": {
        "type": "Point",
        "coordinates": [
          34.9202669004772,
          32.4931195640387
        ]
      },
      "properties": {
        "store_code": "shu_846",
        "store_name": "אקספרס אור ים",
        "chainname": "שופרסל",
        "subchainname": "שופרסל אקספרס",
        "storeid": 846.0,
        "address": "34 דוד המלך",
        "city": "אור עקיבא",
        "zipcode": null,
        "average_price_diff": 11.459008306536836,
        "popular_item_count": 1214
      }
    },
    {
      "type": "Feature",
      "geometry": {
        "type": "Point",
        "coordinates": [
          35.140975,
          32.813905
        ]
      },
      "properties": {
        "store_code": "shu_854",
        "store_name": "דיל גבעת אלונים",
        "chainname": "שופרסל",
        "subchainname": "שופרסל דיל",
        "storeid": 854.0,
        "address": "1 דוכיפת",
        "city": "קרית אתא",
        "zipcode": null,
        "average_price_diff": -1.5749163949768994,
        "popular_item_count": 3833
      }
    },
    {
      "type": "Feature",
      "geometry": {
        "type": "Point",
        "coordinates": [
          34.8625877,
          32.274064
        ]
      },
      "properties": {
        "store_code": "tiv_002",
        "store_name": "נתניה",
        "chainname": "טיב טעם",
        "subchainname": "טיב טעם",
        "storeid": 2.0,
        "address": "בני גאון 2 נתניה",
        "city": "נתניה",
        "zipcode": 4250489.0,
        "average_price_diff": 16.028207041171544,
        "popular_item_count": 12710
      }
    },
    {
      "type": "Feature",
      "geometry": {
        "type": "Point",
        "coordinates": [
          34.5888061,
          31.6575908
        ]
      },
      "properties": {
        "store_code": "tiv_007",
        "store_name": "אשקלון",
        "chainname": "טיב טעם",
        "subchainname": "טיב טעם",
        "storeid": 7.0,
        "address": "התחיה 1 אשקלון",
        "city": "אשקלון",
        "zipcode": 7858201.0,
        "average_price_diff": 5.94732475657039,
        "popular_item_count": 7090
      }
    },
    {
      "type": "Feature",
      "geometry": {
        "type": "Point",
        "coordinates": [
          35.3225302,
          32.9269497
        ]
      },
      "properties": {
        "store_code": "tiv_010",
        "store_name": "כרמיאל",
        "chainname": "טיב טעם",
        "subchainname": "טיב טעם",
        "storeid": 10.0,
        "address": "מעלה כמון 3 מתחם ביג;\n",
        "city": "כרמיאל",
        "zipcode": 0.0,
        "average_price_diff": 4.849860562920924,
        "popular_item_count": 4727
      }
    },
    {
      "type": "Feature",
      "geometry": {
        "type": "Point",
        "coordinates": [
          35.0548125,
          32.8073578
        ]
      },
      "properties": {
        "store_code": "tiv_012",
        "store_name": "חוצות המפרץ (קריות)",
        "chainname": "טיב טעם",
        "subchainname": "טיב טעם",
        "storeid": 12.0,
        "address": "חרושת 10, מתחם חוצות המפרץ;\n",
        "city": "קריות",
        "zipcode": 2620114.0,
        "average_price_diff": 5.2033623853042625,
        "popular_item_count": 6237
      }
    },
    {
      "type": "Feature",
      "geometry": {
        "type": "Point",
        "coordinates": [
          34.821606,
          32.000366
        ]
      },
      "properties": {
        "store_code": "tiv_014",
        "store_name": "ראשון מזרח",
        "chainname": "טיב טעם",
        "subchainname": "טיב טעם",
        "storeid": 14.0,
        "address": "המכבים 62 צומת בית דגן",
        "city": "ראשון לציון",
        "zipcode": 7534503.0,
        "average_price_diff": 6.875493814741818,
        "popular_item_count": 9728
      }
    },
    {
      "type": "Feature",
      "geometry": {
        "type": "Point",
        "coordinates": [
          34.8119871,
          31.247881
        ]
      },
      "properties": {
        "store_code": "tiv_015",
        "store_name": "באר שבע חדש",
        "chainname": "טיב טעם",
        "subchainname": "טיב טעם",
        "storeid": 15.0,
        "address": "יצחק נפחא 25 מתחם מבנה",
        "city": "באר שבע",
        "zipcode": 8424403.0,
        "average_price_diff": 6.922347852161901,
        "popular_item_count": 8698
      }
    },
    {
      "type": "Feature",
      "geometry": {
        "type": "Point",
        "coordinates": [
          34.96430879453595,
          31.890607696425178
        ]
      },
      "properties": {
        "store_code": "tiv_017",
        "store_name": "מודיעין ישפרו",
        "chainname": "טיב טעם",
        "subchainname": "טיב טעם",
        "storeid": 17.0,
        "address": "שדרות המלאכות 12 מודיעין",
        "city": "מודיעין מכבים רעות",
        "zipcode": 7177870.0,
        "average_price_diff": 4.5537048615519415,
        "popular_item_count": 3299
      }
    },
    {
      "type": "Feature",
      "geometry": {
        "type": "Point",
        "coordinates": [
          34.8052219,
          31.9093234
        ]
      },
      "properties": {
        "store_code": "tiv_018",
        "store_name": "רחובות",
        "chainname": "טיב טעם",
        "subchainname": "טיב טעם",
        "storeid": 18.0,
        "address": "אופנהימר 2 רחובות",
        "city": "רחובות",
        "zipcode": 7670102.0,
        "average_price_diff": 6.169176690464475,
        "popular_item_count": 8364
      }
    },
    {
      "type": "Feature",
      "geometry": {
        "type": "Point",
        "coordinates": [
          34.8413772,
          32.1137123
        ]
      },
      "properties": {
        "store_code": "tiv_019",
        "store_name": "רמת החייל",
        "chainname": "טיב טעם",
        "subchainname": "טיב טעם",
        "storeid": 19.0,
        "address": "דבורה הנביאה 122",
        "city": "תל אביב יפו",
        "zipcode": 6944019.0,
        "average_price_diff": 7.040761817706853,
        "popular_item_count": 9185
      }
    },
    {
      "type": "Feature",
      "geometry": {
        "type": "Point",
        "coordinates": [
          34.7987551,
          32.0077686
        ]
      },
      "properties": {
        "store_code": "tiv_020",
        "store_name": "חולון עזריאלי",
        "chainname": "טיב טעם",
        "subchainname": "טיב טעם",
        "storeid": 20.0,
        "address": "רחוב הרוקמים 26 , חולון",
        "city": "חולון",
        "zipcode": 5885849.0,
        "average_price_diff": 4.55105676637749,
        "popular_item_count": 4552
      }
    },
    {
      "type": "Feature",
      "geometry": {
        "type": "Point",
        "coordinates": [
          34.89845620000001,
          32.0261789
        ]
      },
      "properties": {
        "store_code": "tiv_021",
        "store_name": "יהוד",
        "chainname": "טיב טעם",
        "subchainname": "טיב טעם",
        "storeid": 21.0,
        "address": "אלטלף 1",
        "city": "יהוד מונוסון",
        "zipcode": 5621601.0,
        "average_price_diff": 4.965535163354605,
        "popular_item_count": 3713
      }
    },
    {
      "type": "Feature",
      "geometry": {
        "type": "Point",
        "coordinates": [
          34.8940356,
          32.2604802
        ]
      },
      "properties": {
        "store_code": "tiv_022",
        "store_name": "קניון דרורים",
        "chainname": "טיב טעם",
        "subchainname": "טיב טעם",
        "storeid": 22.0,
        "address": "קניון דרורים",
        "city": "בני דרור",
        "zipcode": 4581500.0,
        "average_price_diff": 5.999788712833276,
        "popular_item_count": 6534
      }
    },
    {
      "type": "Feature",
      "geometry": {
        "type": "Point",
        "coordinates": [
          34.905156,
          32.5127785
        ]
      },
      "properties": {
        "store_code": "tiv_023",
        "store_name": "קיסריה",
        "chainname": "טיב טעם",
        "subchainname": "טיב טעם",
        "storeid": 23.0,
        "address": "דולב 14",
        "city": "קיסריה",
        "zipcode": 3099514.0,
        "average_price_diff": 5.950623684841293,
        "popular_item_count": 5887
      }
    },
    {
      "type": "Feature",
      "geometry": {
        "type": "Point",
        "coordinates": [
          34.9019432,
          32.1687202
        ]
      },
      "properties": {
        "store_code": "tiv_024",
        "store_name": "הוד השרון",
        "chainname": "טיב טעם",
        "subchainname": "טיב טעם",
        "storeid": 24.0,
        "address": "סוקולוב 46, כיכר המושבה",
        "city": "הוד השרון",
        "zipcode": 4528476.0,
        "average_price_diff": 5.678694563530148,
        "popular_item_count": 6035
      }
    },
    {
      "type": "Feature",
      "geometry": {
        "type": "Point",
        "coordinates": [
          34.86504,
          32.035899
        ]
      },
      "properties": {
        "store_code": "tiv_025",
        "store_name": "צומת סביון",
        "chainname": "טיב טעם",
        "subchainname": "טיב טעם",
        "storeid": 25.0,
        "address": "השדרה האקדמית 4, בקעת אונו",
        "city": "סביון",
        "zipcode": 0.0,
        "average_price_diff": 5.922776213969641,
        "popular_item_count": 5908
      }
    },
    {
      "type": "Feature",
      "geometry": {
        "type": "Point",
        "coordinates": [
          35.286404,
          32.649879
        ]
      },
      "properties": {
        "store_code": "tiv_030",
        "store_name": "מפגש מזרע",
        "chainname": "טיב טעם",
        "subchainname": "טיב טעם",
        "storeid": 30.0,
        "address": "קיבוץ מזרע 19312",
        "city": "עפולה",
        "zipcode": 1931200.0,
        "average_price_diff": 5.383590272275443,
        "popular_item_count": 4335
      }
    },
    {
      "type": "Feature",
      "geometry": {
        "type": "Point",
        "coordinates": [
          34.8530601,
          32.1836543
        ]
      },
      "properties": {
        "store_code": "tiv_051",
        "store_name": "דלי רעננה",
        "chainname": "טיב טעם",
        "subchainname": "טיב טעם",
        "storeid": 51.0,
        "address": "אחוזה 269 פארק מול רעננה",
        "city": "רעננה",
        "zipcode": 4355741.0,
        "average_price_diff": 16.372386894891452,
        "popular_item_count": 6444
      }
    },
    {
      "type": "Feature",
      "geometry": {
        "type": "Point",
        "coordinates": [
          34.8419268,
          32.1579238
        ]
      },
      "properties": {
        "store_code": "tiv_052",
        "store_name": "הרצליה",
        "chainname": "טיב טעם",
        "subchainname": "טיב טעם",
        "storeid": 52.0,
        "address": "בן גוריון 56 פינת בר כוכבא",
        "city": "הרצליה",
        "zipcode": 4644612.0,
        "average_price_diff": 6.040176674017172,
        "popular_item_count": 6401
      }
    },
    {
      "type": "Feature",
      "geometry": {
        "type": "Point",
        "coordinates": [
          34.8263703,
          32.1147225
        ]
      },
      "properties": {
        "store_code": "tiv_056",
        "store_name": "טופ דן",
        "chainname": "טיב טעם",
        "subchainname": "טיב טעם",
        "storeid": 56.0,
        "address": "פנחס רוזן 72",
        "city": "תל אביב יפו",
        "zipcode": 6951294.0,
        "average_price_diff": 15.132452050666164,
        "popular_item_count": 3066
      }
    },
    {
      "type": "Feature",
      "geometry": {
        "type": "Point",
        "coordinates": [
          34.7766338817315,
          32.0661436859079
        ]
      },
      "properties": {
        "store_code": "tiv_057",
        "store_name": "מאז\"ה",
        "chainname": "טיב טעם",
        "subchainname": "טיב טעם",
        "storeid": 57.0,
        "address": "מאז\"ה 40, ת\"א",
        "city": "תל אביב יפו",
        "zipcode": 6521423.0,
        "average_price_diff": 14.407441559631797,
        "popular_item_count": 2632
      }
    },
    {
      "type": "Feature",
      "geometry": {
        "type": "Point",
        "coordinates": [
          34.7726424,
          32.0849868
        ]
      },
      "properties": {
        "store_code": "tiv_058",
        "store_name": "בן-יהודה 130",
        "chainname": "טיב טעם",
        "subchainname": "טיב טעם",
        "storeid": 58.0,
        "address": "בן יהודה 130 פינת בן גוריון",
        "city": "תל אביב יפו",
        "zipcode": 6340144.0,
        "average_price_diff": 13.9139840327591,
        "popular_item_count": 2364
      }
    },
    {
      "type": "Feature",
      "geometry": {
        "type": "Point",
        "coordinates": [
          34.7739418,
          32.0904228
        ]
      },
      "properties": {
        "store_code": "tiv_059",
        "store_name": "בן יהודה 181",
        "chainname": "טיב טעם",
        "subchainname": "טיב טעם",
        "storeid": 59.0,
        "address": "בן יהודה 181",
        "city": "תל אביב יפו",
        "zipcode": 6347210.0,
        "average_price_diff": 14.026723577473183,
        "popular_item_count": 2224
      }
    },
    {
      "type": "Feature",
      "geometry": {
        "type": "Point",
        "coordinates": [
          34.7833787,
          32.0697233
        ]
      },
      "properties": {
        "store_code": "tiv_061",
        "store_name": "חשמונאים 91",
        "chainname": "טיב טעם",
        "subchainname": "טיב טעם",
        "storeid": 61.0,
        "address": "חשמונאים 91",
        "city": "תל אביב יפו",
        "zipcode": 6713308.0,
        "average_price_diff": 14.617892589234026,
        "popular_item_count": 3420
      }
    },
    {
      "type": "Feature",
      "geometry": {
        "type": "Point",
        "coordinates": [
          34.7815765,
          32.0797764
        ]
      },
      "properties": {
        "store_code": "tiv_063",
        "store_name": "אבן גבירול 64",
        "chainname": "טיב טעם",
        "subchainname": "טיב טעם",
        "storeid": 63.0,
        "address": "אבן גבירול 64",
        "city": "תל אביב יפו",
        "zipcode": 6495201.0,
        "average_price_diff": 14.398381045615858,
        "popular_item_count": 2716
      }
    },
    {
      "type": "Feature",
      "geometry": {
        "type": "Point",
        "coordinates": [
          34.8146964,
          32.0780044
        ]
      },
      "properties": {
        "store_code": "tiv_068",
        "store_name": "סירקין 13",
        "chainname": "טיב טעם",
        "subchainname": "טיב טעם",
        "storeid": 68.0,
        "address": "סירקין 13",
        "city": "גבעתיים",
        "zipcode": 5325007.0,
        "average_price_diff": 14.552717631490186,
        "popular_item_count": 3316
      }
    },
    {
      "type": "Feature",
      "geometry": {
        "type": "Point",
        "coordinates": [
          34.7596358,
          32.0564932
        ]
      },
      "properties": {
        "store_code": "tiv_070",
        "store_name": "יפו",
        "chainname": "טיב טעם",
        "subchainname": "טיב טעם",
        "storeid": 70.0,
        "address": "שדרות ירושלים 4",
        "city": "תל אביב יפו",
        "zipcode": 6802102.0,
        "average_price_diff": 14.265753347046509,
        "popular_item_count": 3055
      }
    },
    {
      "type": "Feature",
      "geometry": {
        "type": "Point",
        "coordinates": [
          34.7693294,
          32.07999780000001
        ]
      },
      "properties": {
        "store_code": "tiv_071",
        "store_name": "פרישמן 13 תל אביב",
        "chainname": "טיב טעם",
        "subchainname": "טיב טעם",
        "storeid": 71.0,
        "address": "פרישמן 13",
        "city": "תל אביב יפו",
        "zipcode": 6357813.0,
        "average_price_diff": 14.025654174854111,
        "popular_item_count": 2793
      }
    },
    {
      "type": "Feature",
      "geometry": {
        "type": "Point",
        "coordinates": [
          34.7815765,
          32.0797764
        ]
      },
      "properties": {
        "store_code": "tiv_073",
        "store_name": "פנקס 2",
        "chainname": "טיב טעם",
        "subchainname": "טיב טעם",
        "storeid": 73.0,
        "address": "אבן גבירול 164, ת\"א;\n",
        "city": "תל אביב יפו",
        "zipcode": 6296615.0,
        "average_price_diff": 13.62871493024067,
        "popular_item_count": 2391
      }
    },
    {
      "type": "Feature",
      "geometry": {
        "type": "Point",
        "coordinates": [
          34.7929363,
          32.0831578
        ]
      },
      "properties": {
        "store_code": "tiv_074",
        "store_name": "ארלוזורוב",
        "chainname": "טיב טעם",
        "subchainname": "טיב טעם",
        "storeid": 74.0,
        "address": "ארלוזורוב 149",
        "city": "תל אביב יפו",
        "zipcode": 6299502.0,
        "average_price_diff": 13.752997001371558,
        "popular_item_count": 2045
      }
    },
    {
      "type": "Feature",
      "geometry": {
        "type": "Point",
        "coordinates": [
          34.7918134,
          32.0940317
        ]
      },
      "properties": {
        "store_code": "tiv_075",
        "store_name": "יהודה מכבי",
        "chainname": "טיב טעם",
        "subchainname": "טיב טעם",
        "storeid": 75.0,
        "address": "יהודה מכבי 69",
        "city": "תל אביב יפו",
        "zipcode": 6230024.0,
        "average_price_diff": 14.53268532053786,
        "popular_item_count": 2723
      }
    },
    {
      "type": "Feature",
      "geometry": {
        "type": "Point",
        "coordinates": [
          34.775143,
          32.0331352
        ]
      },
      "properties": {
        "store_code": "tiv_079",
        "store_name": "חולון סיטי קוגל",
        "chainname": "טיב טעם",
        "subchainname": "טיב טעם",
        "storeid": 79.0,
        "address": "שדרות לוי אשכול 30",
        "city": "חולון",
        "zipcode": 5825901.0,
        "average_price_diff": 14.591126415746494,
        "popular_item_count": 2829
      }
    },
    {
      "type": "Feature",
      "geometry": {
        "type": "Point",
        "coordinates": [
          34.7948052,
          32.0683632
        ]
      },
      "properties": {
        "store_code": "tiv_080",
        "store_name": "יגאל אלון דלי",
        "chainname": "טיב טעם",
        "subchainname": "טיב טעם",
        "storeid": 80.0,
        "address": "יגאל אלון 94",
        "city": "תל אביב יפו",
        "zipcode": 6789139.0,
        "average_price_diff": 15.108633241767992,
        "popular_item_count": 4540
      }
    },
    {
      "type": "Feature",
      "geometry": {
        "type": "Point",
        "coordinates": [
          34.8147344,
          32.0598632
        ]
      },
      "properties": {
        "store_code": "tiv_082",
        "store_name": "דלי כורזין גבעתיים",
        "chainname": "טיב טעם",
        "subchainname": "טיב טעם",
        "storeid": 82.0,
        "address": "תפוצות ישראל 6 גבעתיים",
        "city": "גבעתיים",
        "zipcode": 5358323.0,
        "average_price_diff": 14.642775576920842,
        "popular_item_count": 3739
      }
    },
    {
      "type": "Feature",
      "geometry": {
        "type": "Point",
        "coordinates": [
          34.8250777,
          32.1143404
        ]
      },
      "properties": {
        "store_code": "tiv_083",
        "store_name": "מרכז כיתן",
        "chainname": "טיב טעם",
        "subchainname": "טיב טעם",
        "storeid": 83.0,
        "address": "רחוב פנחס רוזן 65-67",
        "city": "תל אביב יפו",
        "zipcode": 0.0,
        "average_price_diff": 14.737011385779203,
        "popular_item_count": 2904
      }
    },
    {
      "type": "Feature",
      "geometry": {
        "type": "Point",
        "coordinates": [
          34.7872142,
          32.1120215
        ]
      },
      "properties": {
        "store_code": "tiv_084",
        "store_name": "דלי איינשטיין",
        "chainname": "טיב טעם",
        "subchainname": "טיב טעם",
        "storeid": 84.0,
        "address": "איינשטיין 10 תל אביב",
        "city": "תל אביב יפו",
        "zipcode": 6910110.0,
        "average_price_diff": 14.820797035962174,
        "popular_item_count": 3483
      }
    },
    {
      "type": "Feature",
      "geometry": {
        "type": "Point",
        "coordinates": [
          34.8645057,
          32.068757
        ]
      },
      "properties": {
        "store_code": "tiv_085",
        "store_name": "בית הדובדבן - אונו",
        "chainname": "טיב טעם",
        "subchainname": "טיב טעם",
        "storeid": 85.0,
        "address": "רחוב הדובדבן 7-9 קרית אונו",
        "city": "קרית אונו",
        "zipcode": 0.0,
        "average_price_diff": 4.436122712259194,
        "popular_item_count": 3314
      }
    },
    {
      "type": "Feature",
      "geometry": {
        "type": "Point",
        "coordinates": [
          34.8812585,
          32.0893762
        ]
      },
      "properties": {
        "store_code": "tiv_087",
        "store_name": "מונטיפיורטי פתח תקוה",
        "chainname": "טיב טעם",
        "subchainname": "טיב טעם",
        "storeid": 87.0,
        "address": "רחוב רוטישילד 57",
        "city": "פתח תקווה",
        "zipcode": 6416202.0,
        "average_price_diff": 3.397785797066575,
        "popular_item_count": 2191
      }
    },
    {
      "type": "Feature",
      "geometry": {
        "type": "Point",
        "coordinates": [
          34.8401689,
          32.0510148
        ]
      },
      "properties": {
        "store_code": "tiv_088",
        "store_name": "רמת אפעל",
        "chainname": "טיב טעם",
        "subchainname": "טיב טעם",
        "storeid": 88.0,
        "address": "דרך שיבא 16",
        "city": "רמת אפעל",
        "zipcode": 0.0,
        "average_price_diff": 15.052791947918362,
        "popular_item_count": 3239
      }
    },
    {
      "type": "Feature",
      "geometry": {
        "type": "Point",
        "coordinates": [
          34.7717569,
          32.0705158
        ]
      },
      "properties": {
        "store_code": "tiv_089",
        "store_name": "קינג גורג",
        "chainname": "טיב טעם",
        "subchainname": "טיב טעם",
        "storeid": 89.0,
        "address": "קינג גורג 8",
        "city": "תל אביב יפו",
        "zipcode": 6357808.0,
        "average_price_diff": 14.626918543214197,
        "popular_item_count": 2533
      }
    },
    {
      "type": "Feature",
      "geometry": {
        "type": "Point",
        "coordinates": [
          34.785848,
          32.0652137
        ]
      },
      "properties": {
        "store_code": "tiv_091",
        "store_name": "המסגר",
        "chainname": "טיב טעם",
        "subchainname": "טיב טעם",
        "storeid": 91.0,
        "address": "המסגר 37",
        "city": "תל אביב יפו",
        "zipcode": 6721426.0,
        "average_price_diff": 14.438525695798978,
        "popular_item_count": 3023
      }
    },
    {
      "type": "Feature",
      "geometry": {
        "type": "Point",
        "coordinates": [
          34.9862052,
          32.8035359
        ]
      },
      "properties": {
        "store_code": "tiv_092",
        "store_name": "מחניים",
        "chainname": "טיב טעם",
        "subchainname": "טיב טעם",
        "storeid": 92.0,
        "address": "מחניים 4",
        "city": "חיפה",
        "zipcode": 0.0,
        "average_price_diff": 3.7708182439743543,
        "popular_item_count": 2878
      }
    },
    {
      "type": "Feature",
      "geometry": {
        "type": "Point",
        "coordinates": [
          34.7815765,
          32.0797764
        ]
      },
      "properties": {
        "store_code": "tiv_156",
        "store_name": "עדן גן העיר",
        "chainname": "טיב טעם",
        "subchainname": "טיב טעם",
        "storeid": 156.0,
        "address": "אבן גבירול 71",
        "city": "תל אביב יפו",
        "zipcode": 6416202.0,
        "average_price_diff": 4.610458845183866,
        "popular_item_count": 4580
      }
    },
    {
      "type": "Feature",
      "geometry": {
        "type": "Point",
        "coordinates": [
          34.853196,
          32.321458
        ]
      },
      "properties": {
        "store_code": "tiv_502",
        "store_name": "ליקוט נתניה",
        "chainname": "טיב טעם",
        "subchainname": "טיב טעם",
        "storeid": 502.0,
        "address": "https://www.tivtaam.co.il/",
        "city": "נתניה",
        "zipcode": 0.0,
        "average_price_diff": 6.498220534777488,
        "popular_item_count": 6115
      }
    },
    {
      "type": "Feature",
      "geometry": {
        "type": "Point",
        "coordinates": [
          34.6561539,
          31.8103602
        ]
      },
      "properties": {
        "store_code": "tiv_503",
        "store_name": "ליקוט טיב טעם אשדוד",
        "chainname": "טיב טעם",
        "subchainname": "טיב טעם",
        "storeid": 503.0,
        "address": "https://www.tivtaam.co.il/",
        "city": "אשדוד",
        "zipcode": 0.0,
        "average_price_diff": 5.970307699436016,
        "popular_item_count": 5134
      }
    },
    {
      "type": "Feature",
      "geometry": {
        "type": "Point",
        "coordinates": [
          35.0548125,
          32.8073578
        ]
      },
      "properties": {
        "store_code": "tiv_512",
        "store_name": "ליקוט טיב טעם קריות",
        "chainname": "טיב טעם",
        "subchainname": "טיב טעם",
        "storeid": 512.0,
        "address": "https://www.tivtaam.co.il/",
        "city": "חיפה",
        "zipcode": 0.0,
        "average_price_diff": 5.700460247519354,
        "popular_item_count": 4630
      }
    },
    {
      "type": "Feature",
      "geometry": {
        "type": "Point",
        "coordinates": [
          34.8020886,
          31.95908129999999
        ]
      },
      "properties": {
        "store_code": "tiv_514",
        "store_name": "ליקוט ראשון מזרח",
        "chainname": "טיב טעם",
        "subchainname": "טיב טעם",
        "storeid": 514.0,
        "address": "https://www.tivtaam.co.il/",
        "city": "ראשון לציון",
        "zipcode": 0.0,
        "average_price_diff": 6.631168737623103,
        "popular_item_count": 8030
      }
    },
    {
      "type": "Feature",
      "geometry": {
        "type": "Point",
        "coordinates": [
          34.7867691,
          31.2521018
        ]
      },
      "properties": {
        "store_code": "tiv_515",
        "store_name": "ליקוט טיב באר שבע",
        "chainname": "טיב טעם",
        "subchainname": "טיב טעם",
        "storeid": 515.0,
        "address": "https://www.tivtaam.co.il/",
        "city": "באר שבע",
        "zipcode": 0.0,
        "average_price_diff": 5.789092512684268,
        "popular_item_count": 3598
      }
    },
    {
      "type": "Feature",
      "geometry": {
        "type": "Point",
        "coordinates": [
          34.8366371,
          32.1133727
        ]
      },
      "properties": {
        "store_code": "tiv_519",
        "store_name": "ליקוט רמת החייל",
        "chainname": "טיב טעם",
        "subchainname": "טיב טעם",
        "storeid": 519.0,
        "address": "https://www.tivtaam.co.il/",
        "city": "רמת החייל",
        "zipcode": 0.0,
        "average_price_diff": 7.125530991015979,
        "popular_item_count": 7287
      }
    },
    {
      "type": "Feature",
      "geometry": {
        "type": "Point",
        "coordinates": [
          34.9062798,
          32.5154686
        ]
      },
      "properties": {
        "store_code": "tiv_523",
        "store_name": "ליקוט קיסריה",
        "chainname": "טיב טעם",
        "subchainname": "טיב טעם",
        "storeid": 523.0,
        "address": "https://www.tivtaam.co.il/",
        "city": "קיסריה",
        "zipcode": 0.0,
        "average_price_diff": -30.6122440548049,
        "popular_item_count": 1
      }
    },
    {
      "type": "Feature",
      "geometry": {
        "type": "Point",
        "coordinates": [
          34.7042045,
          31.7754364
        ]
      },
      "properties": {
        "store_code": "vic_001",
        "store_name": "גן-יבנה",
        "chainname": "ויקטורי",
        "subchainname": "ויקטורי",
        "storeid": 1.0,
        "address": "הכישור 8",
        "city": "גן יבנה",
        "zipcode": 7080000.0,
        "average_price_diff": 2.6946464950925306,
        "popular_item_count": 9193
      }
    },
    {
      "type": "Feature",
      "geometry": {
        "type": "Point",
        "coordinates": [
          34.7777441,
          31.8165241
        ]
      },
      "properties": {
        "store_code": "vic_002",
        "store_name": "גדרה",
        "chainname": "ויקטורי",
        "subchainname": "ויקטורי",
        "storeid": 2.0,
        "address": "פינס 3",
        "city": "גדרה",
        "zipcode": 7056502.0,
        "average_price_diff": 2.8555472194793805,
        "popular_item_count": 8409
      }
    },
    {
      "type": "Feature",
      "geometry": {
        "type": "Point",
        "coordinates": [
          34.5947348,
          31.5213336
        ]
      },
      "properties": {
        "store_code": "vic_003",
        "store_name": "שדרות",
        "chainname": "ויקטורי",
        "subchainname": "ויקטורי",
        "storeid": 3.0,
        "address": "סמטת הפלדה 3",
        "city": "שדרות",
        "zipcode": 8710446.0,
        "average_price_diff": 2.5457681061451587,
        "popular_item_count": 7856
      }
    },
    {
      "type": "Feature",
      "geometry": {
        "type": "Point",
        "coordinates": [
          34.995119,
          32.1298842
        ]
      },
      "properties": {
        "store_code": "vic_005",
        "store_name": "אורנית",
        "chainname": "ויקטורי",
        "subchainname": "ויקטורי",
        "storeid": 5.0,
        "address": "הערבה 10",
        "city": "אורנית",
        "zipcode": 4481300.0,
        "average_price_diff": 4.1968577178760125,
        "popular_item_count": 8000
      }
    },
    {
      "type": "Feature",
      "geometry": {
        "type": "Point",
        "coordinates": [
          34.6417835,
          31.7760173
        ]
      },
      "properties": {
        "store_code": "vic_008",
        "store_name": "אשדוד",
        "chainname": "ויקטורי",
        "subchainname": "ויקטורי",
        "storeid": 8.0,
        "address": "דוד המלך 18",
        "city": "אשדוד",
        "zipcode": 7748109.0,
        "average_price_diff": 2.387075851327892,
        "popular_item_count": 4490
      }
    },
    {
      "type": "Feature",
      "geometry": {
        "type": "Point",
        "coordinates": [
          34.7831746,
          32.0703364
        ]
      },
      "properties": {
        "store_code": "vic_009",
        "store_name": "הארבעה תא",
        "chainname": "ויקטורי",
        "subchainname": "ויקטורי",
        "storeid": 9.0,
        "address": "הארבעה 6",
        "city": "תל אביב יפו",
        "zipcode": 6473906.0,
        "average_price_diff": 3.181134732633049,
        "popular_item_count": 7227
      }
    },
    {
      "type": "Feature",
      "geometry": {
        "type": "Point",
        "coordinates": [
          34.8794005,
          31.9463438
        ]
      },
      "properties": {
        "store_code": "vic_010",
        "store_name": "לוד",
        "chainname": "ויקטורי",
        "subchainname": "ויקטורי",
        "storeid": 10.0,
        "address": "יוספטל 23",
        "city": "לוד",
        "zipcode": 7136823.0,
        "average_price_diff": 2.9678676084600846,
        "popular_item_count": 8404
      }
    },
    {
      "type": "Feature",
      "geometry": {
        "type": "Point",
        "coordinates": [
          34.987559,
          31.7494502
        ]
      },
      "properties": {
        "store_code": "vic_014",
        "store_name": "בית שמש",
        "chainname": "ויקטורי",
        "subchainname": "ויקטורי",
        "storeid": 14.0,
        "address": "הרצל 7",
        "city": "בית שמש",
        "zipcode": 9903113.0,
        "average_price_diff": 3.1436119799105886,
        "popular_item_count": 7488
      }
    },
    {
      "type": "Feature",
      "geometry": {
        "type": "Point",
        "coordinates": [
          34.7672519,
          32.0551334
        ]
      },
      "properties": {
        "store_code": "vic_016",
        "store_name": "פלורנטין",
        "chainname": "ויקטורי",
        "subchainname": "ויקטורי",
        "storeid": 16.0,
        "address": "סלמה 53",
        "city": "תל אביב יפו",
        "zipcode": 6606034.0,
        "average_price_diff": 13.70158147287777,
        "popular_item_count": 5522
      }
    },
    {
      "type": "Feature",
      "geometry": {
        "type": "Point",
        "coordinates": [
          34.8540757,
          31.9334559
        ]
      },
      "properties": {
        "store_code": "vic_021",
        "store_name": "רמלה הולצברג",
        "chainname": "ויקטורי",
        "subchainname": "ויקטורי",
        "storeid": 21.0,
        "address": "שמחה הולצברג 16",
        "city": "רמלה",
        "zipcode": 72276.0,
        "average_price_diff": 2.8293832480399397,
        "popular_item_count": 7903
      }
    },
    {
      "type": "Feature",
      "geometry": {
        "type": "Point",
        "coordinates": [
          34.93264,
          32.4279153
        ]
      },
      "properties": {
        "store_code": "vic_022",
        "store_name": "חדרה בפארק",
        "chainname": "ויקטורי",
        "subchainname": "ויקטורי",
        "storeid": 22.0,
        "address": "משמר הגבול",
        "city": "חדרה",
        "zipcode": 3825104.0,
        "average_price_diff": 2.7927078107791172,
        "popular_item_count": 8454
      }
    },
    {
      "type": "Feature",
      "geometry": {
        "type": "Point",
        "coordinates": [
          34.763876,
          31.9682049
        ]
      },
      "properties": {
        "store_code": "vic_023",
        "store_name": "ראשון פרס נובל",
        "chainname": "ויקטורי",
        "subchainname": "ויקטורי",
        "storeid": 23.0,
        "address": "שמעון פרס 33",
        "city": "ראשון לציון",
        "zipcode": 7579932.0,
        "average_price_diff": 3.7572903600226377,
        "popular_item_count": 7735
      }
    },
    {
      "type": "Feature",
      "geometry": {
        "type": "Point",
        "coordinates": [
          34.9216738,
          32.4376562
        ]
      },
      "properties": {
        "store_code": "vic_024",
        "store_name": "חדרה בקניון",
        "chainname": "ויקטורי",
        "subchainname": "ויקטורי",
        "storeid": 24.0,
        "address": "שד רוטשילד 40",
        "city": "חדרה",
        "zipcode": 3826850.0,
        "average_price_diff": 2.861111323856808,
        "popular_item_count": 7650
      }
    },
    {
      "type": "Feature",
      "geometry": {
        "type": "Point",
        "coordinates": [
          35.0929603,
          32.9201965
        ]
      },
      "properties": {
        "store_code": "vic_025",
        "store_name": "עכו",
        "chainname": "ויקטורי",
        "subchainname": "ויקטורי",
        "storeid": 25.0,
        "address": "שלום הגליל 1",
        "city": "עכו",
        "zipcode": 2455301.0,
        "average_price_diff": 2.721973750005087,
        "popular_item_count": 8753
      }
    },
    {
      "type": "Feature",
      "geometry": {
        "type": "Point",
        "coordinates": [
          34.9428615,
          32.0965466
        ]
      },
      "properties": {
        "store_code": "vic_026",
        "store_name": "ראש העין",
        "chainname": "ויקטורי",
        "subchainname": "ויקטורי",
        "storeid": 26.0,
        "address": "שבזי 26",
        "city": "ראש העין",
        "zipcode": 4802126.0,
        "average_price_diff": 2.902718579809919,
        "popular_item_count": 8144
      }
    },
    {
      "type": "Feature",
      "geometry": {
        "type": "Point",
        "coordinates": [
          34.9586672,
          32.8173664
        ]
      },
      "properties": {
        "store_code": "vic_027",
        "store_name": "שער העליה",
        "chainname": "ויקטורי",
        "subchainname": "ויקטורי",
        "storeid": 27.0,
        "address": "שלוסברג 1",
        "city": "חיפה",
        "zipcode": 3584001.0,
        "average_price_diff": 2.9373238658514067,
        "popular_item_count": 8289
      }
    },
    {
      "type": "Feature",
      "geometry": {
        "type": "Point",
        "coordinates": [
          34.8797378,
          32.0592765
        ]
      },
      "properties": {
        "store_code": "vic_028",
        "store_name": "גני תקווה",
        "chainname": "ויקטורי",
        "subchainname": "ויקטורי",
        "storeid": 28.0,
        "address": "הכרמל 20",
        "city": "גני תקווה",
        "zipcode": 5591620.0,
        "average_price_diff": 3.151227034800064,
        "popular_item_count": 8980
      }
    },
    {
      "type": "Feature",
      "geometry": {
        "type": "Point",
        "coordinates": [
          34.815928,
          32.0834004
        ]
      },
      "properties": {
        "store_code": "vic_029",
        "store_name": "רמת גן",
        "chainname": "ויקטורי",
        "subchainname": "ויקטורי",
        "storeid": 29.0,
        "address": "הרצל 42",
        "city": "רמת גן",
        "zipcode": 5243130.0,
        "average_price_diff": 3.832867460014535,
        "popular_item_count": 8938
      }
    },
    {
      "type": "Feature",
      "geometry": {
        "type": "Point",
        "coordinates": [
          35.0274226,
          32.1132236
        ]
      },
      "properties": {
        "store_code": "vic_030",
        "store_name": "אלקנה",
        "chainname": "ויקטורי",
        "subchainname": "ויקטורי",
        "storeid": 30.0,
        "address": "שיר השירים 75/1",
        "city": "אלקנה",
        "zipcode": 4481400.0,
        "average_price_diff": 3.966966179780722,
        "popular_item_count": 7400
      }
    },
    {
      "type": "Feature",
      "geometry": {
        "type": "Point",
        "coordinates": [
          34.7709504,
          32.062815
        ]
      },
      "properties": {
        "store_code": "vic_031",
        "store_name": "סיטי רוטשילד",
        "chainname": "ויקטורי",
        "subchainname": "ויקטורי סיטי",
        "storeid": 31.0,
        "address": "שד` רוטשילד 14",
        "city": "תל אביב יפו",
        "zipcode": 66881.0,
        "average_price_diff": 12.523341043418954,
        "popular_item_count": 4434
      }
    },
    {
      "type": "Feature",
      "geometry": {
        "type": "Point",
        "coordinates": [
          35.1058408,
          32.8040805
        ]
      },
      "properties": {
        "store_code": "vic_034",
        "store_name": "מוצקין",
        "chainname": "ויקטורי",
        "subchainname": "ויקטורי",
        "storeid": 34.0,
        "address": "שד ירושלים 1",
        "city": "קרית מוצקין",
        "zipcode": 2623804.0,
        "average_price_diff": 2.6507409818852556,
        "popular_item_count": 8954
      }
    },
    {
      "type": "Feature",
      "geometry": {
        "type": "Point",
        "coordinates": [
          34.7741588,
          32.0645392
        ]
      },
      "properties": {
        "store_code": "vic_035",
        "store_name": "סיטי אחד העם",
        "chainname": "ויקטורי",
        "subchainname": "ויקטורי סיטי",
        "storeid": 35.0,
        "address": "אחד העם 54",
        "city": "תל אביב יפו",
        "zipcode": 65202.0,
        "average_price_diff": 12.133624479287983,
        "popular_item_count": 4255
      }
    },
    {
      "type": "Feature",
      "geometry": {
        "type": "Point",
        "coordinates": [
          34.6409568,
          31.8105983
        ]
      },
      "properties": {
        "store_code": "vic_037",
        "store_name": "קניון אשדוד",
        "chainname": "ויקטורי",
        "subchainname": "ויקטורי",
        "storeid": 37.0,
        "address": "הטיילת 20",
        "city": "אשדוד",
        "zipcode": 7722218.0,
        "average_price_diff": 2.8094767559628586,
        "popular_item_count": 8989
      }
    },
    {
      "type": "Feature",
      "geometry": {
        "type": "Point",
        "coordinates": [
          35.149033,
          31.8002473
        ]
      },
      "properties": {
        "store_code": "vic_038",
        "store_name": "מבשרת ציון",
        "chainname": "ויקטורי",
        "subchainname": "ויקטורי",
        "storeid": 38.0,
        "address": "הראל 1",
        "city": "מבשרת ציון",
        "zipcode": 9079129.0,
        "average_price_diff": 2.8995583914255088,
        "popular_item_count": 8723
      }
    },
    {
      "type": "Feature",
      "geometry": {
        "type": "Point",
        "coordinates": [
          34.774054,
          32.0233772
        ]
      },
      "properties": {
        "store_code": "vic_039",
        "store_name": "חולון קוגל",
        "chainname": "ויקטורי",
        "subchainname": "ויקטורי",
        "storeid": 39.0,
        "address": "קוגל 40",
        "city": "חולון",
        "zipcode": 5825816.0,
        "average_price_diff": 2.9098917732401017,
        "popular_item_count": 8073
      }
    },
    {
      "type": "Feature",
      "geometry": {
        "type": "Point",
        "coordinates": [
          34.5758953,
          31.6971812
        ]
      },
      "properties": {
        "store_code": "vic_041",
        "store_name": "ברנע",
        "chainname": "ויקטורי",
        "subchainname": "ויקטורי",
        "storeid": 41.0,
        "address": "רחבעם זאבי",
        "city": "אשקלון",
        "zipcode": 7829304.0,
        "average_price_diff": 3.92516690854729,
        "popular_item_count": 7774
      }
    },
    {
      "type": "Feature",
      "geometry": {
        "type": "Point",
        "coordinates": [
          34.869891,
          32.1818416
        ]
      },
      "properties": {
        "store_code": "vic_045",
        "store_name": "רעננה אחוזה 158",
        "chainname": "ויקטורי",
        "subchainname": "ויקטורי",
        "storeid": 45.0,
        "address": "אחוזה 158",
        "city": "רעננה",
        "zipcode": 4330018.0,
        "average_price_diff": 3.415078495819225,
        "popular_item_count": 7779
      }
    },
    {
      "type": "Feature",
      "geometry": {
        "type": "Point",
        "coordinates": [
          35.0241686,
          31.0615094
        ]
      },
      "properties": {
        "store_code": "vic_046",
        "store_name": "דימונה",
        "chainname": "ויקטורי",
        "subchainname": "ויקטורי",
        "storeid": 46.0,
        "address": "המלאכה 3",
        "city": "דימונה",
        "zipcode": 8621106.0,
        "average_price_diff": 2.8866985578454356,
        "popular_item_count": 8415
      }
    },
    {
      "type": "Feature",
      "geometry": {
        "type": "Point",
        "coordinates": [
          34.6229422,
          31.3089715
        ]
      },
      "properties": {
        "store_code": "vic_047",
        "store_name": "אופקים",
        "chainname": "ויקטורי",
        "subchainname": "ויקטורי",
        "storeid": 47.0,
        "address": "החידא 1",
        "city": "אופקים",
        "zipcode": 8759102.0,
        "average_price_diff": 2.588000152852006,
        "popular_item_count": 8572
      }
    },
    {
      "type": "Feature",
      "geometry": {
        "type": "Point",
        "coordinates": [
          34.968224,
          32.76855020000001
        ]
      },
      "properties": {
        "store_code": "vic_048",
        "store_name": "טירת הכרמל",
        "chainname": "ויקטורי",
        "subchainname": "ויקטורי",
        "storeid": 48.0,
        "address": "קרן היסוד 2",
        "city": "טירת הכרמל",
        "zipcode": 3902621.0,
        "average_price_diff": -2.559864140736143,
        "popular_item_count": 5264
      }
    },
    {
      "type": "Feature",
      "geometry": {
        "type": "Point",
        "coordinates": [
          34.9186163,
          32.2577503
        ]
      },
      "properties": {
        "store_code": "vic_050",
        "store_name": "תל מונד",
        "chainname": "ויקטורי",
        "subchainname": "ויקטורי",
        "storeid": 50.0,
        "address": "השקד 4",
        "city": "תל מונד",
        "zipcode": 4060105.0,
        "average_price_diff": 3.458127230988706,
        "popular_item_count": 7072
      }
    },
    {
      "type": "Feature",
      "geometry": {
        "type": "Point",
        "coordinates": [
          35.0186781,
          31.8798648
        ]
      },
      "properties": {
        "store_code": "vic_051",
        "store_name": "מודיעין",
        "chainname": "ויקטורי",
        "subchainname": "ויקטורי",
        "storeid": 51.0,
        "address": "מנחם בגין 21",
        "city": "מודיעין מכבים רעות",
        "zipcode": 7178081.0,
        "average_price_diff": 3.1114040953831417,
        "popular_item_count": 8885
      }
    },
    {
      "type": "Feature",
      "geometry": {
        "type": "Point",
        "coordinates": [
          34.576329,
          31.6764381
        ]
      },
      "properties": {
        "store_code": "vic_052",
        "store_name": "אשקלון",
        "chainname": "ויקטורי",
        "subchainname": "ויקטורי",
        "storeid": 52.0,
        "address": "בן צבי 8",
        "city": "אשקלון",
        "zipcode": 7846117.0,
        "average_price_diff": 2.806068142693316,
        "popular_item_count": 8945
      }
    },
    {
      "type": "Feature",
      "geometry": {
        "type": "Point",
        "coordinates": [
          35.166003,
          32.704029
        ]
      },
      "properties": {
        "store_code": "vic_053",
        "store_name": "רמת ישי",
        "chainname": "ויקטורי",
        "subchainname": "ויקטורי",
        "storeid": 53.0,
        "address": "מרכז מסחרי",
        "city": "רמת ישי",
        "zipcode": 3009503.0,
        "average_price_diff": 3.379095804797705,
        "popular_item_count": 7628
      }
    },
    {
      "type": "Feature",
      "geometry": {
        "type": "Point",
        "coordinates": [
          34.745,
          31.7266667
        ]
      },
      "properties": {
        "store_code": "vic_054",
        "store_name": "קרית מלאכי",
        "chainname": "ויקטורי",
        "subchainname": "ויקטורי",
        "storeid": 54.0,
        "address": "זבוטינסקי 8",
        "city": "קרית מלאכי",
        "zipcode": 8305115.0,
        "average_price_diff": 4.543832096286,
        "popular_item_count": 7128
      }
    },
    {
      "type": "Feature",
      "geometry": {
        "type": "Point",
        "coordinates": [
          34.7697747,
          31.6070835
        ]
      },
      "properties": {
        "store_code": "vic_055",
        "store_name": "קרית גת",
        "chainname": "ויקטורי",
        "subchainname": "ויקטורי",
        "storeid": 55.0,
        "address": "הגפן 3",
        "city": "קרית גת",
        "zipcode": 8201807.0,
        "average_price_diff": 2.7171814874946407,
        "popular_item_count": 8788
      }
    },
    {
      "type": "Feature",
      "geometry": {
        "type": "Point",
        "coordinates": [
          34.7414604,
          31.864079
        ]
      },
      "properties": {
        "store_code": "vic_056",
        "store_name": "יבנה",
        "chainname": "ויקטורי",
        "subchainname": "ויקטורי",
        "storeid": 56.0,
        "address": "המיסב 7",
        "city": "יבנה",
        "zipcode": 8121307.0,
        "average_price_diff": 2.8252039684902406,
        "popular_item_count": 8296
      }
    },
    {
      "type": "Feature",
      "geometry": {
        "type": "Point",
        "coordinates": [
          34.7554971,
          32.0519789
        ]
      },
      "properties": {
        "store_code": "vic_057",
        "store_name": "סיטי מרגוזה",
        "chainname": "ויקטורי",
        "subchainname": "ויקטורי סיטי",
        "storeid": 57.0,
        "address": "מרגוזה יהודה 16",
        "city": "תל אביב יפו",
        "zipcode": 6813612.0,
        "average_price_diff": 12.441244418231152,
        "popular_item_count": 4443
      }
    },
    {
      "type": "Feature",
      "geometry": {
        "type": "Point",
        "coordinates": [
          34.9346133,
          32.3185475
        ]
      },
      "properties": {
        "store_code": "vic_058",
        "store_name": "כפר יונה",
        "chainname": "ויקטורי",
        "subchainname": "ויקטורי",
        "storeid": 58.0,
        "address": "הרצל 5",
        "city": "כפר יונה",
        "zipcode": 4031452.0,
        "average_price_diff": 3.4872624255962585,
        "popular_item_count": 7324
      }
    },
    {
      "type": "Feature",
      "geometry": {
        "type": "Point",
        "coordinates": [
          35.2979883,
          32.6039772
        ]
      },
      "properties": {
        "store_code": "vic_059",
        "store_name": "עפולה",
        "chainname": "ויקטורי",
        "subchainname": "ויקטורי",
        "storeid": 59.0,
        "address": "מנחם בגין 79",
        "city": "עפולה",
        "zipcode": 1830101.0,
        "average_price_diff": 2.6194640172657597,
        "popular_item_count": 8988
      }
    },
    {
      "type": "Feature",
      "geometry": {
        "type": "Point",
        "coordinates": [
          34.7640126,
          32.0058229
        ]
      },
      "properties": {
        "store_code": "vic_060",
        "store_name": "חולון התנאים",
        "chainname": "ויקטורי",
        "subchainname": "ויקטורי",
        "storeid": 60.0,
        "address": "התנאים 5",
        "city": "חולון",
        "zipcode": 5858112.0,
        "average_price_diff": 3.3436051469185957,
        "popular_item_count": 6157
      }
    },
    {
      "type": "Feature",
      "geometry": {
        "type": "Point",
        "coordinates": [
          34.7755775,
          32.0886661
        ]
      },
      "properties": {
        "store_code": "vic_065",
        "store_name": "דיזנגוף",
        "chainname": "ויקטורי",
        "subchainname": "ויקטורי",
        "storeid": 65.0,
        "address": "דיזנגוף 224",
        "city": "תל אביב יפו",
        "zipcode": 6311519.0,
        "average_price_diff": 0.17981457796091135,
        "popular_item_count": 3924
      }
    },
    {
      "type": "Feature",
      "geometry": {
        "type": "Point",
        "coordinates": [
          34.7720178,
          32.0616314
        ]
      },
      "properties": {
        "store_code": "vic_067",
        "store_name": "סיטי יהודה הלוי",
        "chainname": "ויקטורי",
        "subchainname": "ויקטורי סיטי",
        "storeid": 67.0,
        "address": "יהודה הלוי 40",
        "city": "תל אביב יפו",
        "zipcode": 65136.0,
        "average_price_diff": 9.638098774934559,
        "popular_item_count": 2033
      }
    },
    {
      "type": "Feature",
      "geometry": {
        "type": "Point",
        "coordinates": [
          34.7487449,
          31.2683491
        ]
      },
      "properties": {
        "store_code": "vic_068",
        "store_name": "באר שבע",
        "chainname": "ויקטורי",
        "subchainname": "ויקטורי",
        "storeid": 68.0,
        "address": "בן גוריון 15",
        "city": "באר שבע",
        "zipcode": 8443944.0,
        "average_price_diff": -2.74065134029046,
        "popular_item_count": 5852
      }
    },
    {
      "type": "Feature",
      "geometry": {
        "type": "Point",
        "coordinates": [
          34.87538659455173,
          32.18066943812175
        ]
      },
      "properties": {
        "store_code": "vic_069",
        "store_name": "רעננה פארק",
        "chainname": "ויקטורי",
        "subchainname": "ויקטורי",
        "storeid": 69.0,
        "address": "אחוזה 114",
        "city": "רעננה",
        "zipcode": 4350108.0,
        "average_price_diff": -2.413493388235185,
        "popular_item_count": 5619
      }
    },
    {
      "type": "Feature",
      "geometry": {
        "type": "Point",
        "coordinates": [
          34.997998,
          32.241478
        ]
      },
      "properties": {
        "store_code": "vic_070",
        "store_name": "צור יצחק",
        "chainname": "ויקטורי",
        "subchainname": "ויקטורי",
        "storeid": 70.0,
        "address": "דרך איילון 20",
        "city": "צור יצחק",
        "zipcode": 4580800.0,
        "average_price_diff": -1.8514739710741712,
        "popular_item_count": 4674
      }
    },
    {
      "type": "Feature",
      "geometry": {
        "type": "Point",
        "coordinates": [
          34.8124462,
          31.9705226
        ]
      },
      "properties": {
        "store_code": "vic_071",
        "store_name": "ראשון מזרח",
        "chainname": "ויקטורי",
        "subchainname": "ויקטורי",
        "storeid": 71.0,
        "address": "צבי פרנק 39",
        "city": "ראשון לציון",
        "zipcode": 7566088.0,
        "average_price_diff": -1.7322096594438963,
        "popular_item_count": 5722
      }
    },
    {
      "type": "Feature",
      "geometry": {
        "type": "Point",
        "coordinates": [
          35.4942557,
          32.4970754
        ]
      },
      "properties": {
        "store_code": "vic_073",
        "store_name": "בית שאן",
        "chainname": "ויקטורי",
        "subchainname": "ויקטורי",
        "storeid": 73.0,
        "address": "הגלבוע 1",
        "city": "בית שאן",
        "zipcode": 1174001.0,
        "average_price_diff": -2.706032261727183,
        "popular_item_count": 4249
      }
    },
    {
      "type": "Feature",
      "geometry": {
        "type": "Point",
        "coordinates": [
          34.8242079,
          32.1647849
        ]
      },
      "properties": {
        "store_code": "vic_074",
        "store_name": "שבעת הכוכבים",
        "chainname": "ויקטורי",
        "subchainname": "ויקטורי",
        "storeid": 74.0,
        "address": "קניון שבעת הכוכבי",
        "city": "הרצליה",
        "zipcode": 4650504.0,
        "average_price_diff": -1.7080395142724936,
        "popular_item_count": 5768
      }
    },
    {
      "type": "Feature",
      "geometry": {
        "type": "Point",
        "coordinates": [
          34.789189,
          32.0848954
        ]
      },
      "properties": {
        "store_code": "vic_075",
        "store_name": "סיטי ויצמן",
        "chainname": "ויקטורי",
        "subchainname": "ויקטורי סיטי",
        "storeid": 75.0,
        "address": "ויצמן 53",
        "city": "תל אביב יפו",
        "zipcode": 62091.0,
        "average_price_diff": 10.236423851196978,
        "popular_item_count": 2745
      }
    },
    {
      "type": "Feature",
      "geometry": {
        "type": "Point",
        "coordinates": [
          34.746092008760826,
          32.0068523571343
        ]
      },
      "properties": {
        "store_code": "vic_076",
        "store_name": "ויקטורי בת ים",
        "chainname": "ויקטורי",
        "subchainname": "ויקטורי",
        "storeid": 76.0,
        "address": "העמל 11",
        "city": "בת ים",
        "zipcode": 5959821.0,
        "average_price_diff": -3.205789670186213,
        "popular_item_count": 5517
      }
    },
    {
      "type": "Feature",
      "geometry": {
        "type": "Point",
        "coordinates": [
          34.8985361,
          31.9685149
        ]
      },
      "properties": {
        "store_code": "vic_077",
        "store_name": "לוד נתבג",
        "chainname": "ויקטורי",
        "subchainname": "ויקטורי",
        "storeid": 77.0,
        "address": "פסח לב 2",
        "city": "לוד",
        "zipcode": 7129320.0,
        "average_price_diff": -2.7202678245853025,
        "popular_item_count": 5067
      }
    },
    {
      "type": "Feature",
      "geometry": {
        "type": "Point",
        "coordinates": [
          34.8903535,
          32.1982013
        ]
      },
      "properties": {
        "store_code": "vic_079",
        "store_name": "כפר סבא הירוקה",
        "chainname": "ויקטורי",
        "subchainname": "ויקטורי",
        "storeid": 79.0,
        "address": "אנגל 78",
        "city": "כפר סבא",
        "zipcode": 4465140.0,
        "average_price_diff": -2.0121601797599706,
        "popular_item_count": 4411
      }
    },
    {
      "type": "Feature",
      "geometry": {
        "type": "Point",
        "coordinates": [
          34.7711272,
          32.0681025
        ]
      },
      "properties": {
        "store_code": "vic_080",
        "store_name": "סיטי אלנבי",
        "chainname": "ויקטורי",
        "subchainname": "ויקטורי סיטי",
        "storeid": 80.0,
        "address": "אלנבי 65",
        "city": "תל אביב יפו",
        "zipcode": 65134.0,
        "average_price_diff": 11.61892291624489,
        "popular_item_count": 2842
      }
    },
    {
      "type": "Feature",
      "geometry": {
        "type": "Point",
        "coordinates": [
          34.964138,
          32.1081848
        ]
      },
      "properties": {
        "store_code": "vic_081",
        "store_name": "פארק אפק רע",
        "chainname": "ויקטורי",
        "subchainname": "ויקטורי",
        "storeid": 81.0,
        "address": "העמל 2",
        "city": "ראש העין",
        "zipcode": 4809202.0,
        "average_price_diff": -1.617701844004117,
        "popular_item_count": 6351
      }
    },
    {
      "type": "Feature",
      "geometry": {
        "type": "Point",
        "coordinates": [
          34.7889942,
          31.914131
        ]
      },
      "properties": {
        "store_code": "vic_082",
        "store_name": "נס ציונה",
        "chainname": "ויקטורי",
        "subchainname": "ויקטורי",
        "storeid": 82.0,
        "address": "הפרדסים 1",
        "city": "נס ציונה",
        "zipcode": 7400448.0,
        "average_price_diff": -0.3669428972614865,
        "popular_item_count": 2926
      }
    },
    {
      "type": "Feature",
      "geometry": {
        "type": "Point",
        "coordinates": [
          34.8074069,
          31.9100444
        ]
      },
      "properties": {
        "store_code": "vic_083",
        "store_name": "רחובות",
        "chainname": "ויקטורי",
        "subchainname": "ויקטורי",
        "storeid": 83.0,
        "address": "אופנהיימר 10",
        "city": "רחובות",
        "zipcode": 7670110.0,
        "average_price_diff": -2.5322435328761554,
        "popular_item_count": 5967
      }
    },
    {
      "type": "Feature",
      "geometry": {
        "type": "Point",
        "coordinates": [
          34.899833725250886,
          32.40071493550128
        ]
      },
      "properties": {
        "store_code": "vic_084",
        "store_name": "עמק חפר",
        "chainname": "ויקטורי",
        "subchainname": "ויקטורי",
        "storeid": 84.0,
        "address": "נחל אלכסנדר 3",
        "city": "מ.א. עמק חפר",
        "zipcode": 4279900.0,
        "average_price_diff": -3.4479500021038727,
        "popular_item_count": 4131
      }
    },
    {
      "type": "Feature",
      "geometry": {
        "type": "Point",
        "coordinates": [
          35.1447145,
          32.7306786
        ]
      },
      "properties": {
        "store_code": "vic_086",
        "store_name": "טבעון",
        "chainname": "ויקטורי",
        "subchainname": "ויקטורי",
        "storeid": 86.0,
        "address": "המרווה 1",
        "city": "טבעון",
        "zipcode": 3653201.0,
        "average_price_diff": -0.05161614194355724,
        "popular_item_count": 3539
      }
    },
    {
      "type": "Feature",
      "geometry": {
        "type": "Point",
        "coordinates": [
          35.5850662,
          32.7029522
        ]
      },
      "properties": {
        "store_code": "vic_087",
        "store_name": "צמח",
        "chainname": "ויקטורי",
        "subchainname": "ויקטורי",
        "storeid": 87.0,
        "address": "צומת צמח מול כנרת",
        "city": "צמח",
        "zipcode": 1510501.0,
        "average_price_diff": -1.768138460764538,
        "popular_item_count": 5570
      }
    },
    {
      "type": "Feature",
      "geometry": {
        "type": "Point",
        "coordinates": [
          34.8268328,
          32.1013734
        ]
      },
      "properties": {
        "store_code": "vic_088",
        "store_name": "איילון",
        "chainname": "ויקטורי",
        "subchainname": "ויקטורי",
        "storeid": 88.0,
        "address": "אבא הילל 301",
        "city": "רמת גן",
        "zipcode": 5259408.0,
        "average_price_diff": -1.6448097447847294,
        "popular_item_count": 6829
      }
    },
    {
      "type": "Feature",
      "geometry": {
        "type": "Point",
        "coordinates": [
          35.1879780995492,
          31.751896775801
        ]
      },
      "properties": {
        "store_code": "vic_089",
        "store_name": "מלחה",
        "chainname": "ויקטורי",
        "subchainname": "ויקטורי",
        "storeid": 89.0,
        "address": "אגודת הספורט 1",
        "city": "ירושלים",
        "zipcode": 9695989.0,
        "average_price_diff": -1.7756126182790757,
        "popular_item_count": 6604
      }
    },
    {
      "type": "Feature",
      "geometry": {
        "type": "Point",
        "coordinates": [
          34.87106748106706,
          32.32099900575121
        ]
      },
      "properties": {
        "store_code": "vic_090",
        "store_name": "נתניה",
        "chainname": "ויקטורי",
        "subchainname": "ויקטורי",
        "storeid": 90.0,
        "address": "האורזים 4",
        "city": "נתניה",
        "zipcode": 4201234.0,
        "average_price_diff": -3.328564172506466,
        "popular_item_count": 3274
      }
    },
    {
      "type": "Feature",
      "geometry": {
        "type": "Point",
        "coordinates": [
          34.9467393,
          32.0054259
        ]
      },
      "properties": {
        "store_code": "vic_091",
        "store_name": "שוהם",
        "chainname": "ויקטורי",
        "subchainname": "ויקטורי",
        "storeid": 91.0,
        "address": "עמק איילון 161",
        "city": "שוהם",
        "zipcode": 6083646.0,
        "average_price_diff": -1.7071422836885553,
        "popular_item_count": 4990
      }
    },
    {
      "type": "Feature",
      "geometry": {
        "type": "Point",
        "coordinates": [
          34.5945039,
          31.416317
        ]
      },
      "properties": {
        "store_code": "vic_092",
        "store_name": "נתיבות",
        "chainname": "ויקטורי",
        "subchainname": "ויקטורי",
        "storeid": 92.0,
        "address": "בעלי המלאכה 5",
        "city": "נתיבות",
        "zipcode": 8776202.0,
        "average_price_diff": -2.2634308460879375,
        "popular_item_count": 5476
      }
    },
    {
      "type": "Feature",
      "geometry": {
        "type": "Point",
        "coordinates": [
          35.04290957922363,
          32.46408714382093
        ]
      },
      "properties": {
        "store_code": "vic_093",
        "store_name": "חריש",
        "chainname": "ויקטורי",
        "subchainname": "ויקטורי",
        "storeid": 84.0,
        "address": "ספיר 1",
        "city": "חריש",
        "zipcode": 3760623.0,
        "average_price_diff": -2.11287314431967,
        "popular_item_count": 4131
      }
    },
    {
      "type": "Feature",
      "geometry": {
        "type": "Point",
        "coordinates": [
          34.8105114,
          31.978379
        ]
      },
      "properties": {
        "store_code": "vic_094",
        "store_name": "שמוטקין",
        "chainname": "ויקטורי",
        "subchainname": "ויקטורי",
        "storeid": 94.0,
        "address": "משה בקר 32",
        "city": "ראשון לציון",
        "zipcode": 0.0,
        "average_price_diff": -2.535779602703645,
        "popular_item_count": 5740
      }
    },
    {
      "type": "Feature",
      "geometry": {
        "type": "Point",
        "coordinates": [
          34.56188805626226,
          31.66286783622757
        ]
      },
      "properties": {
        "store_code": "vic_095",
        "store_name": "אשקלון מרכז",
        "chainname": "ויקטורי",
        "subchainname": "ויקטורי",
        "storeid": 95.0,
        "address": "בן גוריון 1",
        "city": "אשקלון",
        "zipcode": 7828124.0,
        "average_price_diff": -1.7211089710765441,
        "popular_item_count": 5763
      }
    },
    {
      "type": "Feature",
      "geometry": {
        "type": "Point",
        "coordinates": [
          35.1024643,
          32.8052995
        ]
      },
      "properties": {
        "store_code": "vic_096",
        "store_name": "קרית אתא",
        "chainname": "ויקטורי",
        "subchainname": "ויקטורי",
        "storeid": 96.0,
        "address": "זבולון 14",
        "city": "קרית אתא",
        "zipcode": 2806007.0,
        "average_price_diff": -2.1037530918924867,
        "popular_item_count": 4100
      }
    },
    {
      "type": "Feature",
      "geometry": {
        "type": "Point",
        "coordinates": [
          34.781055,
          31.886744
        ]
      },
      "properties": {
        "store_code": "yoh_001",
        "store_name": "יוחננוף מפוח",
        "chainname": "יוחננוף",
        "subchainname": "יוחננוף",
        "storeid": 1.0,
        "address": "רחוב המפוח 11, אזור התעשיה",
        "city": "רחובות",
        "zipcode": 0.0,
        "average_price_diff": -8.431913174211951,
        "popular_item_count": 6213
      }
    },
    {
      "type": "Feature",
      "geometry": {
        "type": "Point",
        "coordinates": [
          34.8216302,
          31.8701392
        ]
      },
      "properties": {
        "store_code": "yoh_004",
        "store_name": "בילו",
        "chainname": "יוחננוף",
        "subchainname": "יוחננוף",
        "storeid": 4.0,
        "address": "צומת בילו",
        "city": "כפר ביל\"ו",
        "zipcode": 0.0,
        "average_price_diff": -8.652046077176626,
        "popular_item_count": 6857
      }
    },
    {
      "type": "Feature",
      "geometry": {
        "type": "Point",
        "coordinates": [
          34.6540808,
          31.8112446
        ]
      },
      "properties": {
        "store_code": "yoh_005",
        "store_name": "אשדוד",
        "chainname": "יוחננוף",
        "subchainname": "יוחננוף",
        "storeid": 5.0,
        "address": "זבוטינסקי 27, סטאר סנטר",
        "city": "אשדוד",
        "zipcode": 0.0,
        "average_price_diff": -8.320719939161421,
        "popular_item_count": 7626
      }
    },
    {
      "type": "Feature",
      "geometry": {
        "type": "Point",
        "coordinates": [
          34.8145379,
          31.8601944
        ]
      },
      "properties": {
        "store_code": "yoh_007",
        "store_name": "עקרון",
        "chainname": "יוחננוף",
        "subchainname": "יוחננוף",
        "storeid": 7.0,
        "address": "המלך חסן 1",
        "city": "קרית עקרון",
        "zipcode": 0.0,
        "average_price_diff": 1.0437205604412048,
        "popular_item_count": 9644
      }
    },
    {
      "type": "Feature",
      "geometry": {
        "type": "Point",
        "coordinates": [
          34.8111,
          31.8979797
        ]
      },
      "properties": {
        "store_code": "yoh_008",
        "store_name": "אחד העם",
        "chainname": "יוחננוף",
        "subchainname": "יוחננוף",
        "storeid": 8.0,
        "address": "רחוב אחד העם 19",
        "city": "רחובות",
        "zipcode": 0.0,
        "average_price_diff": -3.286993830578242,
        "popular_item_count": 4333
      }
    },
    {
      "type": "Feature",
      "geometry": {
        "type": "Point",
        "coordinates": [
          34.5973492,
          31.4182895
        ]
      },
      "properties": {
        "store_code": "yoh_009",
        "store_name": "נתיבות",
        "chainname": "יוחננוף",
        "subchainname": "יוחננוף",
        "storeid": 9.0,
        "address": "רחוב בעלי המלאכה 2, א.התעשיה",
        "city": "נתיבות",
        "zipcode": 0.0,
        "average_price_diff": -8.254102766635741,
        "popular_item_count": 6149
      }
    },
    {
      "type": "Feature",
      "geometry": {
        "type": "Point",
        "coordinates": [
          34.8862915,
          31.9372787
        ]
      },
      "properties": {
        "store_code": "yoh_012",
        "store_name": "רמלה",
        "chainname": "יוחננוף",
        "subchainname": "יוחננוף",
        "storeid": 12.0,
        "address": "שדרות ירושלים פינת נופי חמד",
        "city": "רמלה",
        "zipcode": 0.0,
        "average_price_diff": -7.011657216146761,
        "popular_item_count": 6858
      }
    },
    {
      "type": "Feature",
      "geometry": {
        "type": "Point",
        "coordinates": [
          35.0568101,
          32.8107072
        ]
      },
      "properties": {
        "store_code": "yoh_013",
        "store_name": "חוצות המפרץ",
        "chainname": "יוחננוף",
        "subchainname": "יוחננוף",
        "storeid": 13.0,
        "address": "החרושת 10 חוצות המפרץ",
        "city": "חיפה",
        "zipcode": 0.0,
        "average_price_diff": -8.568182093291417,
        "popular_item_count": 7212
      }
    },
    {
      "type": "Feature",
      "geometry": {
        "type": "Point",
        "coordinates": [
          34.85099350000001,
          32.0327584
        ]
      },
      "properties": {
        "store_code": "yoh_015",
        "store_name": "אור יהודה",
        "chainname": "יוחננוף",
        "subchainname": "יוחננוף",
        "storeid": 15.0,
        "address": "רחוב הפלדה 1",
        "city": "אור יהודה",
        "zipcode": 0.0,
        "average_price_diff": -3.9000147410495827,
        "popular_item_count": 3703
      }
    },
    {
      "type": "Feature",
      "geometry": {
        "type": "Point",
        "coordinates": [
          34.7046109,
          31.7952094
        ]
      },
      "properties": {
        "store_code": "yoh_016",
        "store_name": "גן יבנה",
        "chainname": "יוחננוף",
        "subchainname": "יוחננוף",
        "storeid": 16.0,
        "address": "דרך מנחם בגין פינת המגנים 57",
        "city": "גן יבנה",
        "zipcode": 0.0,
        "average_price_diff": -3.334687782574296,
        "popular_item_count": 6308
      }
    },
    {
      "type": "Feature",
      "geometry": {
        "type": "Point",
        "coordinates": [
          34.9613304,
          31.8905467
        ]
      },
      "properties": {
        "store_code": "yoh_017",
        "store_name": "מודיעין ישפרו",
        "chainname": "יוחננוף",
        "subchainname": "יוחננוף",
        "storeid": 17.0,
        "address": "המלאכות 101",
        "city": "מודיעין מכבים רעות",
        "zipcode": 0.0,
        "average_price_diff": -8.28881229376146,
        "popular_item_count": 7538
      }
    },
    {
      "type": "Feature",
      "geometry": {
        "type": "Point",
        "coordinates": [
          35.009964,
          31.916163
        ]
      },
      "properties": {
        "store_code": "yoh_018",
        "store_name": "מודיעין כרמים",
        "chainname": "יוחננוף",
        "subchainname": "יוחננוף",
        "storeid": 18.0,
        "address": "תשר\"י 34",
        "city": "מודיעין מכבים רעות",
        "zipcode": 0.0,
        "average_price_diff": -3.6965443962166997,
        "popular_item_count": 5067
      }
    },
    {
      "type": "Feature",
      "geometry": {
        "type": "Point",
        "coordinates": [
          34.85099350000001,
          32.0327584
        ]
      },
      "properties": {
        "store_code": "yoh_019",
        "store_name": "אור יהודה גדול",
        "chainname": "יוחננוף",
        "subchainname": "יוחננוף",
        "storeid": 19.0,
        "address": "אור יהודה",
        "city": "אור יהודה",
        "zipcode": 0.0,
        "average_price_diff": -8.232391958964108,
        "popular_item_count": 7496
      }
    },
    {
      "type": "Feature",
      "geometry": {
        "type": "Point",
        "coordinates": [
          35.2115478,
          31.7492504
        ]
      },
      "properties": {
        "store_code": "yoh_020",
        "store_name": "ירושלים תלפיות",
        "chainname": "יוחננוף",
        "subchainname": "יוחננוף",
        "storeid": 20.0,
        "address": "האומן",
        "city": "ירושלים",
        "zipcode": 0.0,
        "average_price_diff": -8.87902601230031,
        "popular_item_count": 6611
      }
    },
    {
      "type": "Feature",
      "geometry": {
        "type": "Point",
        "coordinates": [
          34.930406,
          32.4414918
        ]
      },
      "properties": {
        "store_code": "yoh_022",
        "store_name": "חדרה",
        "chainname": "יוחננוף",
        "subchainname": "יוחננוף",
        "storeid": 22.0,
        "address": "צה\"ל 35",
        "city": "חדרה",
        "zipcode": 0.0,
        "average_price_diff": -8.131150518346486,
        "popular_item_count": 7688
      }
    },
    {
      "type": "Feature",
      "geometry": {
        "type": "Point",
        "coordinates": [
          35.50293440000964,
          32.779228281584146
        ]
      },
      "properties": {
        "store_code": "yoh_023",
        "store_name": "טבריה",
        "chainname": "יוחננוף",
        "subchainname": "יוחננוף",
        "storeid": 23.0,
        "address": "unknown",
        "city": "טבריה",
        "zipcode": 0.0,
        "average_price_diff": -8.832464010144154,
        "popular_item_count": 6273
      }
    },
    {
      "type": "Feature",
      "geometry": {
        "type": "Point",
        "coordinates": [
          34.9284553,
          32.1669158
        ]
      },
      "properties": {
        "store_code": "yoh_024",
        "store_name": "כפר סבא",
        "chainname": "יוחננוף",
        "subchainname": "יוחננוף",
        "storeid": 24.0,
        "address": "unknown",
        "city": "כפר סבא",
        "zipcode": 0.0,
        "average_price_diff": -8.365377098347064,
        "popular_item_count": 7798
      }
    },
    {
      "type": "Feature",
      "geometry": {
        "type": "Point",
        "coordinates": [
          34.7973195,
          31.930427
        ]
      },
      "properties": {
        "store_code": "yoh_025",
        "store_name": "נס ציונה",
        "chainname": "יוחננוף",
        "subchainname": "יוחננוף",
        "storeid": 25.0,
        "address": "נס ציונה",
        "city": "נס ציונה",
        "zipcode": 0.0,
        "average_price_diff": -3.414032939705878,
        "popular_item_count": 5184
      }
    },
    {
      "type": "Feature",
      "geometry": {
        "type": "Point",
        "coordinates": [
          34.8590274,
          32.1283385
        ]
      },
      "properties": {
        "store_code": "yoh_026",
        "store_name": "רמת השרון",
        "chainname": "יוחננוף",
        "subchainname": "יוחננוף",
        "storeid": 26.0,
        "address": "חרושת 10",
        "city": "רמת השרון",
        "zipcode": 0.0,
        "average_price_diff": -6.859921006915539,
        "popular_item_count": 7140
      }
    },
    {
      "type": "Feature",
      "geometry": {
        "type": "Point",
        "coordinates": [
          34.79160299999999,
          32.0626068
        ]
      },
      "properties": {
        "store_code": "yoh_027",
        "store_name": "יד אליהו",
        "chainname": "יוחננוף",
        "subchainname": "יוחננוף",
        "storeid": 27.0,
        "address": "יגאל אלון 57",
        "city": "תל אביב יפו",
        "zipcode": 0.0,
        "average_price_diff": -7.093947360735883,
        "popular_item_count": 6966
      }
    },
    {
      "type": "Feature",
      "geometry": {
        "type": "Point",
        "coordinates": [
          34.7923622,
          31.9828662
        ]
      },
      "properties": {
        "store_code": "yoh_028",
        "store_name": "ראשלצ רמת אליהו",
        "chainname": "יוחננוף",
        "subchainname": "יוחננוף",
        "storeid": 28.0,
        "address": "משורר השואה 15",
        "city": "ראשון לציון",
        "zipcode": 0.0,
        "average_price_diff": -8.620257796569895,
        "popular_item_count": 6078
      }
    },
    {
      "type": "Feature",
      "geometry": {
        "type": "Point",
        "coordinates": [
          34.7516713,
          32.0135807
        ]
      },
      "properties": {
        "store_code": "yoh_029",
        "store_name": "בת ים",
        "chainname": "יוחננוף",
        "subchainname": "יוחננוף",
        "storeid": 29.0,
        "address": "בת ים",
        "city": "בת ים",
        "zipcode": 0.0,
        "average_price_diff": -3.9873991116916176,
        "popular_item_count": 6159
      }
    },
    {
      "type": "Feature",
      "geometry": {
        "type": "Point",
        "coordinates": [
          34.8664061,
          32.2868611
        ]
      },
      "properties": {
        "store_code": "yoh_030",
        "store_name": "נתניה",
        "chainname": "יוחננוף",
        "subchainname": "יוחננוף",
        "storeid": 30.0,
        "address": "נתניה",
        "city": "נתניה",
        "zipcode": 0.0,
        "average_price_diff": -8.279765833225499,
        "popular_item_count": 7230
      }
    },
    {
      "type": "Feature",
      "geometry": {
        "type": "Point",
        "coordinates": [
          34.7900746,
          31.8942716
        ]
      },
      "properties": {
        "store_code": "yoh_031",
        "store_name": "מרכז סנטרו רחובות",
        "chainname": "יוחננוף",
        "subchainname": "יוחננוף",
        "storeid": 31.0,
        "address": "רחובות",
        "city": "רחובות",
        "zipcode": 0.0,
        "average_price_diff": -8.394936444079793,
        "popular_item_count": 7841
      }
    },
    {
      "type": "Feature",
      "geometry": {
        "type": "Point",
        "coordinates": [
          34.7690582,
          32.0443009
        ]
      },
      "properties": {
        "store_code": "yoh_032",
        "store_name": "בן צבי תל אביב",
        "chainname": "יוחננוף",
        "subchainname": "יוחננוף",
        "storeid": 32.0,
        "address": "דרך בן צבי 112",
        "city": "תל אביב יפו",
        "zipcode": 0.0,
        "average_price_diff": -7.098353684034276,
        "popular_item_count": 7003
      }
    },
    {
      "type": "Feature",
      "geometry": {
        "type": "Point",
        "coordinates": [
          34.914539,
          31.9861295
        ]
      },
      "properties": {
        "store_code": "yoh_033",
        "store_name": "איירפורט סיטי",
        "chainname": "יוחננוף",
        "subchainname": "יוחננוף",
        "storeid": 33.0,
        "address": "איירפורט סיטי",
        "city": "איירפורט סיטי",
        "zipcode": 0.0,
        "average_price_diff": -3.559752526661763,
        "popular_item_count": 6583
      }
    },
    {
      "type": "Feature",
      "geometry": {
        "type": "Point",
        "coordinates": [
          34.5823216,
          31.6262096
        ]
      },
      "properties": {
        "store_code": "yoh_034",
        "store_name": "מבקיעים אשקלון",
        "chainname": "יוחננוף",
        "subchainname": "יוחננוף",
        "storeid": 34.0,
        "address": "מתחם גלובוס סנטר, מבקיעים",
        "city": "אשקלון",
        "zipcode": 0.0,
        "average_price_diff": -8.42445358689841,
        "popular_item_count": 6972
      }
    },
    {
      "type": "Feature",
      "geometry": {
        "type": "Point",
        "coordinates": [
          34.7981136,
          32.0739817
        ]
      },
      "properties": {
        "store_code": "yoh_035",
        "store_name": "תל אביב נחלת יצחק",
        "chainname": "יוחננוף",
        "subchainname": "יוחננוף",
        "storeid": 35.0,
        "address": "נחלת יצחק 20",
        "city": "תל אביב יפו",
        "zipcode": 0.0,
        "average_price_diff": -3.337632326744811,
        "popular_item_count": 4627
      }
    },
    {
      "type": "Feature",
      "geometry": {
        "type": "Point",
        "coordinates": [
          34.8949244,
          32.4407789
        ]
      },
      "properties": {
        "store_code": "yoh_036",
        "store_name": "חדרה צפוני",
        "chainname": "יוחננוף",
        "subchainname": "יוחננוף",
        "storeid": 36.0,
        "address": "דן שכטמן 10",
        "city": "חדרה",
        "zipcode": 0.0,
        "average_price_diff": -8.628850775786853,
        "popular_item_count": 6992
      }
    },
    {
      "type": "Feature",
      "geometry": {
        "type": "Point",
        "coordinates": [
          35.2974223,
          32.6065955
        ]
      },
      "properties": {
        "store_code": "yoh_037",
        "store_name": "עפולה",
        "chainname": "יוחננוף",
        "subchainname": "יוחננוף",
        "storeid": 37.0,
        "address": "קהילת ציון 30",
        "city": "עפולה",
        "zipcode": 0.0,
        "average_price_diff": -9.00476812344279,
        "popular_item_count": 5862
      }
    },
    {
      "type": "Feature",
      "geometry": {
        "type": "Point",
        "coordinates": [
          35.53184441507727,
          32.79081408461976
        ]
      },
      "properties": {
        "store_code": "yoh_038",
        "store_name": "טבריה תחתית",
        "chainname": "יוחננוף",
        "subchainname": "יוחננוף",
        "storeid": 38.0,
        "address": "יהודה הלוי 113",
        "city": "טבריה",
        "zipcode": 0.0,
        "average_price_diff": -7.970161301330029,
        "popular_item_count": 4535
      }
    },
    {
      "type": "Feature",
      "geometry": {
        "type": "Point",
        "coordinates": [
          35.5694944,
          33.1971022
        ]
      },
      "properties": {
        "store_code": "yoh_039",
        "store_name": "קרית שמונה",
        "chainname": "יוחננוף",
        "subchainname": "יוחננוף",
        "storeid": 39.0,
        "address": "שדרות תל חי 93",
        "city": "קרית שמונה",
        "zipcode": 0.0,
        "average_price_diff": -9.27379317791376,
        "popular_item_count": 5917
      }
    },
    {
      "type": "Feature",
      "geometry": {
        "type": "Point",
        "coordinates": [
          34.8092079,
          31.2416655
        ]
      },
      "properties": {
        "store_code": "yoh_040",
        "store_name": "באר שבע",
        "chainname": "יוחננוף",
        "subchainname": "יוחננוף",
        "storeid": 40.0,
        "address": "דרך חברון 48",
        "city": "באר שבע",
        "zipcode": 0.0,
        "average_price_diff": -8.67506344090141,
        "popular_item_count": 7012
      }
    },
    {
      "type": "Feature",
      "geometry": {
        "type": "Point",
        "coordinates": [
          34.5798745,
          31.70115169999999
        ]
      },
      "properties": {
        "store_code": "yoh_041",
        "store_name": "אשקלון ברנע",
        "chainname": "יוחננוף",
        "subchainname": "יוחננוף",
        "storeid": 41.0,
        "address": "אריה טגר 45",
        "city": "אשקלון",
        "zipcode": 0.0,
        "average_price_diff": -3.195556854237452,
        "popular_item_count": 5324
      }
    },
    {
      "type": "Feature",
      "geometry": {
        "type": "Point",
        "coordinates": [
          34.7742545,
          31.9756564
        ]
      },
      "properties": {
        "store_code": "yoh_042",
        "store_name": "קניון הבאר",
        "chainname": "יוחננוף",
        "subchainname": "יוחננוף",
        "storeid": 42.0,
        "address": "מורשת ישראל 15",
        "city": "ראשון לציון",
        "zipcode": 0.0,
        "average_price_diff": -3.4355129370106496,
        "popular_item_count": 4205
      }
    },
    {
      "type": "Feature",
      "geometry": {
        "type": "Point",
        "coordinates": [
          35.338269248029206,
          31.787103766782728
        ]
      },
      "properties": {
        "store_code": "yoh_046",
        "store_name": "מישור אדומים",
        "chainname": "יוחננוף",
        "subchainname": "יוחננוף",
        "storeid": null,
        "address": "מישור אדומים",
        "city": "מעלה אדומים",
        "zipcode": null,
        "average_price_diff": -8.808493978002826,
        "popular_item_count": 6580
      }
    },
    {
      "type": "Feature",
      "geometry": {
        "type": "Point",
        "coordinates": [
          35.5715331,
          32.6620459
        ]
      },
      "properties": {
        "store_code": "yoh_048",
        "store_name": "אשדות יעקב",
        "chainname": "יוחננוף",
        "subchainname": "יוחננוף",
        "storeid": 48.0,
        "address": "אשדות יעקב",
        "city": "אשדות יעקב",
        "zipcode": 0.0,
        "average_price_diff": -3.793044550461211,
        "popular_item_count": 3547
      }
    },
    {
      "type": "Feature",
      "geometry": {
        "type": "Point",
        "coordinates": [
          34.8715049,
          32.3232133
        ]
      },
      "properties": {
        "store_code": "yoh_050",
        "store_name": "נתניה הדרים",
        "chainname": "יוחננוף",
        "subchainname": "יוחננוף",
        "storeid": 50.0,
        "address": "האורזים 2",
        "city": "נתניה",
        "zipcode": 0.0,
        "average_price_diff": -8.702780283845556,
        "popular_item_count": 6874
      }
    },
    {
      "type": "Feature",
      "geometry": {
        "type": "Point",
        "coordinates": [
          34.7774347,
          31.8120082
        ]
      },
      "properties": {
        "store_code": "yoh_052",
        "store_name": "גדרה",
        "chainname": "יוחננוף",
        "subchainname": "יוחננוף",
        "storeid": null,
        "address": "אברהם דורון 1",
        "city": "גדרה",
        "zipcode": null,
        "average_price_diff": -8.645104802848008,
        "popular_item_count": 6884
      }
    },
    {
      "type": "Feature",
      "geometry": {
        "type": "Point",
        "coordinates": [
          34.8654493,
          32.1931177
        ]
      },
      "properties": {
        "store_code": "yoh_053",
        "store_name": "רעננה",
        "chainname": "יוחננוף",
        "subchainname": "יוחננוף",
        "storeid": 53.0,
        "address": "נווה זמר",
        "city": "רעננה",
        "zipcode": 0.0,
        "average_price_diff": -3.148555324379024,
        "popular_item_count": 3757
      }
    },
    {
      "type": "Feature",
      "geometry": {
        "type": "Point",
        "coordinates": [
          34.77591,
          32.06564
        ]
      },
      "properties": {
        "store_code": "yoh_054",
        "store_name": "תא - אחד העם",
        "chainname": "יוחננוף",
        "subchainname": "יוחננוף",
        "storeid": 54.0,
        "address": "unknown",
        "city": "תל אביב יפו",
        "zipcode": 0.0,
        "average_price_diff": 9.193780906262877,
        "popular_item_count": 1611
      }
    },
    {
      "type": "Feature",
      "geometry": {
        "type": "Point",
        "coordinates": [
          34.5728863,
          31.4124752
        ]
      },
      "properties": {
        "store_code": "yoh_055",
        "store_name": "נתיבות מנהטן",
        "chainname": "יוחננוף",
        "subchainname": "יוחננוף",
        "storeid": 55.0,
        "address": "אליהו אילוז 2",
        "city": "נתיבות",
        "zipcode": 0.0,
        "average_price_diff": -8.348590963107803,
        "popular_item_count": 3946
      }
    },
    {
      "type": "Feature",
      "geometry": {
        "type": "Point",
        "coordinates": [
          34.917818,
          32.5046361
        ]
      },
      "properties": {
        "store_code": "yoh_059",
        "store_name": "אור עקיבא -שקמים",
        "chainname": "יוחננוף",
        "subchainname": "יוחננוף",
        "storeid": 59.0,
        "address": "השקמים 8",
        "city": "אור עקיבא",
        "zipcode": 0.0,
        "average_price_diff": -4.18854727563441,
        "popular_item_count": 2913
      }
    },
    {
      "type": "Feature",
      "geometry": {
        "type": "Point",
        "coordinates": [
          35.503976,
          32.498671
        ]
      },
      "properties": {
        "store_code": "yoh_060",
        "store_name": "בית שאן",
        "chainname": "יוחננוף",
        "subchainname": "יוחננוף",
        "storeid": null,
        "address": "מנחם בגין 1 ",
        "city": "בית שאן",
        "zipcode": null,
        "average_price_diff": -5.291445400543981,
        "popular_item_count": 4208
      }
    }
  ]
}