{
  "type": "FeatureCollection",
  "features": [
    {
      "type": "Feature",
      "geometry": {
        "type": "Point",
        "coordinates": [
          34.586559,
          31.6690874
        ]
      },
      "properties": {
        "store_code": "car_002",
        "store_name": "מרקט אשקלון החאן",
        "chainname": "קרפור",
        "subchainname": "קרפור מרקט",
        "storeid": 2,
        "address": "הרצל 33",
        "city": "אשקלון",
        "zipcode": 7860132,
        "average_price_diff": 8.245943642,
        "kashi_item_count": 871
      }
    },
    {
      "type": "Feature",
      "geometry": {
        "type": "Point",
        "coordinates": [
          34.6023671,
          31.6682664
        ]
      },
      "properties": {
        "store_code": "car_004",
        "store_name": "אשקלון צפוני",
        "chainname": "קרפור",
        "subchainname": "קרפור היפר",
        "storeid": null,
        "address": "הפנינים 28",
        "city": "אשקלון",
        "zipcode": 7863636,
        "average_price_diff": -5.567548729,
        "kashi_item_count": 2292
      }
    },
    {
      "type": "Feature",
      "geometry": {
        "type": "Point",
        "coordinates": [
          34.8836394,
          32.1958481
        ]
      },
      "properties": {
        "store_code": "car_009",
        "store_name": "היפר רעננה רמה",
        "chainname": "קרפור",
        "subchainname": "קרפור היפר",
        "storeid": 9,
        "address": "זרחין 12",
        "city": "רעננה",
        "zipcode": 4320906,
        "average_price_diff": -5.353693805,
        "kashi_item_count": 2404
      }
    },
    {
      "type": "Feature",
      "geometry": {
        "type": "Point",
        "coordinates": [
          34.933172,
          32.176305
        ]
      },
      "properties": {
        "store_code": "car_010",
        "store_name": "כפר סבא",
        "chainname": "קרפור",
        "subchainname": "קרפור",
        "storeid": 10,
        "address": "השקמה 21",
        "city": "כפר סבא",
        "zipcode": 4450012,
        "average_price_diff": -5.157682307,
        "kashi_item_count": 2292
      }
    },
    {
      "type": "Feature",
      "geometry": {
        "type": "Point",
        "coordinates": [
          34.8856478,
          32.096693
        ]
      },
      "properties": {
        "store_code": "car_012",
        "store_name": "פתח תקוה",
        "chainname": "קרפור",
        "subchainname": "קרפור מרקט",
        "storeid": 12,
        "address": "בר כוכבא 63",
        "city": "פתח תקווה",
        "zipcode": 4922055,
        "average_price_diff": -8.307509196,
        "kashi_item_count": 2556
      }
    },
    {
      "type": "Feature",
      "geometry": {
        "type": "Point",
        "coordinates": [
          34.901082,
          32.261756
        ]
      },
      "properties": {
        "store_code": "car_019",
        "store_name": "תל מונד",
        "chainname": "קרפור",
        "subchainname": "קרפור",
        "storeid": null,
        "address": "בני דרור 8",
        "city": "תל נונד",
        "zipcode": 4063134,
        "average_price_diff": 3.04373696,
        "kashi_item_count": 1700
      }
    },
    {
      "type": "Feature",
      "geometry": {
        "type": "Point",
        "coordinates": [
          34.9425888,
          32.1047554
        ]
      },
      "properties": {
        "store_code": "car_026",
        "store_name": "מרקט ראש העין יהושע",
        "chainname": "קרפור",
        "subchainname": "קרפור מרקט",
        "storeid": 26,
        "address": "יהושע בן נון 77",
        "city": "ראש העין",
        "zipcode": 4804824,
        "average_price_diff": 0.55685738,
        "kashi_item_count": 2152
      }
    },
    {
      "type": "Feature",
      "geometry": {
        "type": "Point",
        "coordinates": [
          34.9902576,
          31.7564164
        ]
      },
      "properties": {
        "store_code": "car_033",
        "store_name": "היפר בית שמש",
        "chainname": "קרפור",
        "subchainname": "קרפור היפר",
        "storeid": 33,
        "address": "שדרות יגאל אלון ,מרכז ביג",
        "city": "בית שמש",
        "zipcode": 9906201,
        "average_price_diff": -5.563193053,
        "kashi_item_count": 2395
      }
    },
    {
      "type": "Feature",
      "geometry": {
        "type": "Point",
        "coordinates": [
          34.8499789,
          32.0347675
        ]
      },
      "properties": {
        "store_code": "car_037",
        "store_name": "מרקט אור יהודה",
        "chainname": "קרפור",
        "subchainname": "קרפור מרקט",
        "storeid": 37,
        "address": "המפעל 13",
        "city": "אור יהודה",
        "zipcode": 0,
        "average_price_diff": -6.951652761,
        "kashi_item_count": 2881
      }
    },
    {
      "type": "Feature",
      "geometry": {
        "type": "Point",
        "coordinates": [
          34.9232696,
          32.5146179
        ]
      },
      "properties": {
        "store_code": "car_041",
        "store_name": "מרקט אור עקיבא",
        "chainname": "קרפור",
        "subchainname": "קרפור היפר",
        "storeid": 41,
        "address": "האילן 2 א.ת צפוני אור עקיבא",
        "city": "אור עקיבא",
        "zipcode": 3063907,
        "average_price_diff": -5.781026394,
        "kashi_item_count": 2045
      }
    },
    {
      "type": "Feature",
      "geometry": {
        "type": "Point",
        "coordinates": [
          35.2802834,
          33.0216836
        ]
      },
      "properties": {
        "store_code": "car_044",
        "store_name": "מרקט מעלות תרשיחא",
        "chainname": "קרפור",
        "subchainname": "קרפור מרקט",
        "storeid": 44,
        "address": "שלמה שרירא 3 מעלות תרשיחא",
        "city": "מעלות תרשיחא",
        "zipcode": 2120107,
        "average_price_diff": 0.13768034,
        "kashi_item_count": 2065
      }
    },
    {
      "type": "Feature",
      "geometry": {
        "type": "Point",
        "coordinates": [
          34.8779067,
          31.9229092
        ]
      },
      "properties": {
        "store_code": "car_046",
        "store_name": "רמלה",
        "chainname": "קרפור",
        "subchainname": "קרפור",
        "storeid": 46,
        "address": "קלאוזנר 10",
        "city": "רמלה",
        "zipcode": 7243224,
        "average_price_diff": 0.472442105,
        "kashi_item_count": 1957
      }
    },
    {
      "type": "Feature",
      "geometry": {
        "type": "Point",
        "coordinates": [
          35.0514526,
          32.6955201
        ]
      },
      "properties": {
        "store_code": "car_055",
        "store_name": "דליית אל כרמל",
        "chainname": "קרפור",
        "subchainname": "קרפור היפר",
        "storeid": 55,
        "address": "דרך ראשית 672 כיכר חמוד אל-קארה",
        "city": "דלית אלכרמל",
        "zipcode": 3005600,
        "average_price_diff": -0.806666649,
        "kashi_item_count": 1193
      }
    },
    {
      "type": "Feature",
      "geometry": {
        "type": "Point",
        "coordinates": [
          35.2011827,
          31.2481659
        ]
      },
      "properties": {
        "store_code": "car_056",
        "store_name": "מרקט ערד",
        "chainname": "קרפור",
        "subchainname": "קרפור מרקט",
        "storeid": 56,
        "address": "התעשיה 60",
        "city": "ערד",
        "zipcode": 8909424,
        "average_price_diff": -5.386375369,
        "kashi_item_count": 2004
      }
    },
    {
      "type": "Feature",
      "geometry": {
        "type": "Point",
        "coordinates": [
          35.497336,
          32.497103
        ]
      },
      "properties": {
        "store_code": "car_057",
        "store_name": "היפר בית שאן",
        "chainname": "קרפור",
        "subchainname": "קרפור היפר",
        "storeid": 57,
        "address": "א.ת צפוני בית שאן",
        "city": "בית שאן",
        "zipcode": 1177940,
        "average_price_diff": -5.516305178,
        "kashi_item_count": 2041
      }
    },
    {
      "type": "Feature",
      "geometry": {
        "type": "Point",
        "coordinates": [
          34.7722321,
          31.6353946
        ]
      },
      "properties": {
        "store_code": "car_059",
        "store_name": "מרקט קרית גת",
        "chainname": "קרפור",
        "subchainname": "קרפור מרקט",
        "storeid": 59,
        "address": "אסתר המלכה 19",
        "city": "קרית גת",
        "zipcode": 0,
        "average_price_diff": 0.410254448,
        "kashi_item_count": 273
      }
    },
    {
      "type": "Feature",
      "geometry": {
        "type": "Point",
        "coordinates": [
          34.6415622,
          31.800285
        ]
      },
      "properties": {
        "store_code": "car_060",
        "store_name": "מרקט אשדוד",
        "chainname": "קרפור",
        "subchainname": "קרפור מרקט",
        "storeid": 60,
        "address": "השייטים 9",
        "city": "אשדוד",
        "zipcode": 7744140,
        "average_price_diff": 2.931999957,
        "kashi_item_count": 1618
      }
    },
    {
      "type": "Feature",
      "geometry": {
        "type": "Point",
        "coordinates": [
          34.8565982,
          32.3119039
        ]
      },
      "properties": {
        "store_code": "car_061",
        "store_name": "נתניה בסיטי",
        "chainname": "קרפור",
        "subchainname": "קרפור",
        "storeid": 61,
        "address": "האר\"י 12",
        "city": "נתניה",
        "zipcode": 4628555,
        "average_price_diff": 0.874999035,
        "kashi_item_count": 1387
      }
    },
    {
      "type": "Feature",
      "geometry": {
        "type": "Point",
        "coordinates": [
          35.0112568,
          31.8962796
        ]
      },
      "properties": {
        "store_code": "car_062",
        "store_name": "בסיטי מודיעין",
        "chainname": "קרפור",
        "subchainname": "קרפור סיטי",
        "storeid": 62,
        "address": "עמק החולה 76",
        "city": "מודיעין מכבים רעות",
        "zipcode": 7170399,
        "average_price_diff": 12.38444116,
        "kashi_item_count": 1223
      }
    },
    {
      "type": "Feature",
      "geometry": {
        "type": "Point",
        "coordinates": [
          34.7832776,
          31.9696904
        ]
      },
      "properties": {
        "store_code": "car_063",
        "store_name": "קרפור קרית ראשון",
        "chainname": "קרפור",
        "subchainname": "קרפור",
        "storeid": null,
        "address": "החלמונית 29",
        "city": "ראשון לציון",
        "zipcode": 7542033,
        "average_price_diff": 0.807740077,
        "kashi_item_count": 2537
      }
    },
    {
      "type": "Feature",
      "geometry": {
        "type": "Point",
        "coordinates": [
          34.8496839,
          32.153352
        ]
      },
      "properties": {
        "store_code": "car_064",
        "store_name": "סיטי הרצליה ליד הבית",
        "chainname": "קרפור",
        "subchainname": "קרפור סיטי",
        "storeid": 64,
        "address": "רבי עקיבא 50",
        "city": "הרצליה",
        "zipcode": 46422360,
        "average_price_diff": 11.63260062,
        "kashi_item_count": 963
      }
    },
    {
      "type": "Feature",
      "geometry": {
        "type": "Point",
        "coordinates": [
          34.56677972,
          31.66631402
        ]
      },
      "properties": {
        "store_code": "car_065",
        "store_name": "קרפור מרקט אשקלון",
        "chainname": "קרפור",
        "subchainname": "קרפור מרקט",
        "storeid": null,
        "address": "קיבוץ גלויות 5",
        "city": "אשקלון",
        "zipcode": 7834104,
        "average_price_diff": -0.594134281,
        "kashi_item_count": 1300
      }
    },
    {
      "type": "Feature",
      "geometry": {
        "type": "Point",
        "coordinates": [
          34.77882158,
          32.00964386
        ]
      },
      "properties": {
        "store_code": "car_067",
        "store_name": "סיטי חולון",
        "chainname": "קרפור",
        "subchainname": "קרפור סיטי",
        "storeid": 67,
        "address": "המרגנית 2",
        "city": "חולון",
        "zipcode": 5845909,
        "average_price_diff": 12.44314137,
        "kashi_item_count": 1600
      }
    },
    {
      "type": "Feature",
      "geometry": {
        "type": "Point",
        "coordinates": [
          34.58319994,
          31.69902796
        ]
      },
      "properties": {
        "store_code": "car_068",
        "store_name": "מרקט אשקלון ברנע",
        "chainname": "קרפור",
        "subchainname": "קרפור מרקט",
        "storeid": 68,
        "address": "הודית לייפר מילר 6",
        "city": "אשקלון",
        "zipcode": 7880811,
        "average_price_diff": 11.3400038,
        "kashi_item_count": 930
      }
    },
    {
      "type": "Feature",
      "geometry": {
        "type": "Point",
        "coordinates": [
          34.9458283,
          32.6960656
        ]
      },
      "properties": {
        "store_code": "car_073",
        "store_name": "קרפור מרקט עתלית",
        "chainname": "קרפור",
        "subchainname": "קרפור מרקט",
        "storeid": 73,
        "address": "רחוב הרדוף מרכז מסחרי",
        "city": "עתלית",
        "zipcode": 3032706,
        "average_price_diff": 11.53129416,
        "kashi_item_count": 1500
      }
    },
    {
      "type": "Feature",
      "geometry": {
        "type": "Point",
        "coordinates": [
          34.8694953,
          31.9189548
        ]
      },
      "properties": {
        "store_code": "car_074",
        "store_name": "קרפור רמלה לוין",
        "chainname": "קרפור",
        "subchainname": "קרפור מרקט",
        "storeid": null,
        "address": "אבא אחימאיר 1 קרית מנחם",
        "city": "רמלה",
        "zipcode": 7228401,
        "average_price_diff": 0.060275571,
        "kashi_item_count": 1278
      }
    },
    {
      "type": "Feature",
      "geometry": {
        "type": "Point",
        "coordinates": [
          35.1201256,
          32.7116459
        ]
      },
      "properties": {
        "store_code": "car_080",
        "store_name": "טבעון",
        "chainname": "קרפור",
        "subchainname": "קרפור",
        "storeid": 80,
        "address": "קק\"ל 16 קרית טבעון",
        "city": "טבעון",
        "zipcode": 3608208,
        "average_price_diff": 12.53628659,
        "kashi_item_count": 1090
      }
    },
    {
      "type": "Feature",
      "geometry": {
        "type": "Point",
        "coordinates": [
          34.76956834,
          31.97772708
        ]
      },
      "properties": {
        "store_code": "car_081",
        "store_name": "ראשון מערב",
        "chainname": "קרפור",
        "subchainname": "קרפור מרקט",
        "storeid": 81,
        "address": "השירה העברית 10",
        "city": "ראשון לציון",
        "zipcode": 7573105,
        "average_price_diff": 7.755808612,
        "kashi_item_count": 1038
      }
    },
    {
      "type": "Feature",
      "geometry": {
        "type": "Point",
        "coordinates": [
          34.9972202,
          32.2415041
        ]
      },
      "properties": {
        "store_code": "car_083",
        "store_name": "סיטי צור יצחק",
        "chainname": "קרפור",
        "subchainname": "קרפור סיטי",
        "storeid": 83,
        "address": "א.ת מסחרי צור יצחק",
        "city": "צור יצחק",
        "zipcode": 4580800,
        "average_price_diff": 3.990658961,
        "kashi_item_count": 1239
      }
    },
    {
      "type": "Feature",
      "geometry": {
        "type": "Point",
        "coordinates": [
          34.9733804,
          32.1590279
        ]
      },
      "properties": {
        "store_code": "car_084",
        "store_name": "סיטי מתן",
        "chainname": "קרפור",
        "subchainname": "קרפור סיטי",
        "storeid": 84,
        "address": "הדר 84",
        "city": "מתן",
        "zipcode": 4585800,
        "average_price_diff": 12.78690828,
        "kashi_item_count": 1453
      }
    },
    {
      "type": "Feature",
      "geometry": {
        "type": "Point",
        "coordinates": [
          34.7950758,
          32.0794051
        ]
      },
      "properties": {
        "store_code": "car_085",
        "store_name": "סיטי מנחם בגין",
        "chainname": "קרפור",
        "subchainname": "קרפור סיטי",
        "storeid": 85,
        "address": "מנחם בגין 152",
        "city": "תל אביב יפו",
        "zipcode": 0,
        "average_price_diff": 2.546417692,
        "kashi_item_count": 1758
      }
    },
    {
      "type": "Feature",
      "geometry": {
        "type": "Point",
        "coordinates": [
          34.7863364,
          32.0692273
        ]
      },
      "properties": {
        "store_code": "car_089",
        "store_name": "סיטי תל אביב TLV",
        "chainname": "קרפור",
        "subchainname": "קרפור סיטי",
        "storeid": null,
        "address": "קניון גינדי - רחוב קרליבך תל אביב",
        "city": "תל אביב יפו",
        "zipcode": 6713208,
        "average_price_diff": 3.935226447,
        "kashi_item_count": 2485
      }
    },
    {
      "type": "Feature",
      "geometry": {
        "type": "Point",
        "coordinates": [
          35.2481814,
          31.8408456
        ]
      },
      "properties": {
        "store_code": "car_091",
        "store_name": "קרפור מרקט ריינס",
        "chainname": "קרפור",
        "subchainname": "קרפור מרקט",
        "storeid": null,
        "address": "ריינס 6 שכונת קרית משה",
        "city": "ירושלים",
        "zipcode": 9542731,
        "average_price_diff": -1.873384188,
        "kashi_item_count": 1357
      }
    },
    {
      "type": "Feature",
      "geometry": {
        "type": "Point",
        "coordinates": [
          34.788861,
          32.090765
        ]
      },
      "properties": {
        "store_code": "car_108",
        "store_name": "סיטי פנקס תל אביב",
        "chainname": "קרפור",
        "subchainname": "קרפור סיטי",
        "storeid": 108,
        "address": "46-50 פנקס",
        "city": "תל אביב יפו",
        "zipcode": 6226112,
        "average_price_diff": 5.271952555,
        "kashi_item_count": 2878
      }
    },
    {
      "type": "Feature",
      "geometry": {
        "type": "Point",
        "coordinates": [
          34.909965,
          32.1817468
        ]
      },
      "properties": {
        "store_code": "car_1139",
        "store_name": "סיטי רון כפר סבא",
        "chainname": "קרפור",
        "subchainname": "קרפור סיטי",
        "storeid": 1139,
        "address": "2 יעקב כהן",
        "city": "כפר סבא",
        "zipcode": 4440202,
        "average_price_diff": 4.805453271,
        "kashi_item_count": 2777
      }
    },
    {
      "type": "Feature",
      "geometry": {
        "type": "Point",
        "coordinates": [
          34.7749398,
          32.0983446
        ]
      },
      "properties": {
        "store_code": "car_116",
        "store_name": "סיטי ככר דיזנגוף",
        "chainname": "קרפור",
        "subchainname": "קרפור סיטי",
        "storeid": 116,
        "address": "9 ככר דיזנגוף",
        "city": "תל אביב יפו",
        "zipcode": 6428110,
        "average_price_diff": 3.814533238,
        "kashi_item_count": 2512
      }
    },
    {
      "type": "Feature",
      "geometry": {
        "type": "Point",
        "coordinates": [
          34.79977283,
          31.234324
        ]
      },
      "properties": {
        "store_code": "car_117",
        "store_name": "סינמה סיטי",
        "chainname": "קרפור",
        "subchainname": "קרפור היפר",
        "storeid": 117,
        "address": "סינמה סיטי באר שבע",
        "city": "באר שבע",
        "zipcode": 3541416,
        "average_price_diff": -12.01326535,
        "kashi_item_count": 3004
      }
    },
    {
      "type": "Feature",
      "geometry": {
        "type": "Point",
        "coordinates": [
          34.98856952,
          32.46547414
        ]
      },
      "properties": {
        "store_code": "car_119",
        "store_name": "מרקט כרכור",
        "chainname": "קרפור",
        "subchainname": "קרפור מרקט",
        "storeid": 119,
        "address": "שדרות מחנה 80, מספר 4",
        "city": "פרדס חנה כרכור",
        "zipcode": 0,
        "average_price_diff": -6.41714327,
        "kashi_item_count": 2704
      }
    },
    {
      "type": "Feature",
      "geometry": {
        "type": "Point",
        "coordinates": [
          34.62927839,
          31.31886551
        ]
      },
      "properties": {
        "store_code": "car_120",
        "store_name": "היפר אופקים",
        "chainname": "קרפור",
        "subchainname": "קרפור היפר",
        "storeid": 120,
        "address": "בצלאל 1",
        "city": "אופקים",
        "zipcode": null,
        "average_price_diff": -5.42966395,
        "kashi_item_count": 1971
      }
    },
    {
      "type": "Feature",
      "geometry": {
        "type": "Point",
        "coordinates": [
          34.81596991,
          32.05918966
        ]
      },
      "properties": {
        "store_code": "car_1201",
        "store_name": "מגה יהלומים גבעתיים",
        "chainname": "קרפור",
        "subchainname": "מגה",
        "storeid": 1201,
        "address": "1 כורזין",
        "city": "גבעתיים",
        "zipcode": 5358301,
        "average_price_diff": 1.163098738,
        "kashi_item_count": 1964
      }
    },
    {
      "type": "Feature",
      "geometry": {
        "type": "Point",
        "coordinates": [
          35.18640762,
          32.85543143
        ]
      },
      "properties": {
        "store_code": "car_121",
        "store_name": "קרפור טמרה",
        "chainname": "קרפור",
        "subchainname": "קרפור מרקט",
        "storeid": 121,
        "address": "טמרה",
        "city": "טמרה",
        "zipcode": 1234456,
        "average_price_diff": -5.218444417,
        "kashi_item_count": 1572
      }
    },
    {
      "type": "Feature",
      "geometry": {
        "type": "Point",
        "coordinates": [
          34.7658227,
          32.0404773
        ]
      },
      "properties": {
        "store_code": "car_1228",
        "store_name": "תל כביר",
        "chainname": "קרפור",
        "subchainname": "קרפור",
        "storeid": 1228,
        "address": "גרינבאום 45 תל כביר",
        "city": "תל אביב יפו",
        "zipcode": 6810982,
        "average_price_diff": 1.866133657,
        "kashi_item_count": 1716
      }
    },
    {
      "type": "Feature",
      "geometry": {
        "type": "Point",
        "coordinates": [
          34.96692604,
          31.70741493
        ]
      },
      "properties": {
        "store_code": "car_123",
        "store_name": "מרקט בית שמש האמוראי",
        "chainname": "קרפור",
        "subchainname": "קרפור מרקט",
        "storeid": 123,
        "address": "שדרות האמרואים 28",
        "city": "בית שמש",
        "zipcode": 8713504,
        "average_price_diff": -8.667818629,
        "kashi_item_count": 2243
      }
    },
    {
      "type": "Feature",
      "geometry": {
        "type": "Point",
        "coordinates": [
          34.73732357,
          31.87436403
        ]
      },
      "properties": {
        "store_code": "car_124",
        "store_name": "מרקט יבנה דואני",
        "chainname": "קרפור",
        "subchainname": "קרפור מרקט",
        "storeid": 1,
        "address": "דואני 42",
        "city": "יבנה",
        "zipcode": 7564312,
        "average_price_diff": -7.818467247,
        "kashi_item_count": 2391
      }
    },
    {
      "type": "Feature",
      "geometry": {
        "type": "Point",
        "coordinates": [
          34.72168716,
          31.85951746
        ]
      },
      "properties": {
        "store_code": "car_125",
        "store_name": "קרפור יבנה נאות שמיר",
        "chainname": "קרפור",
        "subchainname": "קרפור מרקט",
        "storeid": 1,
        "address": "הרצל 19",
        "city": "יבנה",
        "zipcode": 7080919,
        "average_price_diff": -6.404014349,
        "kashi_item_count": 2705
      }
    },
    {
      "type": "Feature",
      "geometry": {
        "type": "Point",
        "coordinates": [
          35.29282358,
          32.60020237
        ]
      },
      "properties": {
        "store_code": "car_126",
        "store_name": "היפר עפולה",
        "chainname": "קרפור",
        "subchainname": "קרפור היפר",
        "storeid": 126,
        "address": "מנחם בגין 53",
        "city": "עפולה",
        "zipcode": 1871338,
        "average_price_diff": -12.03566491,
        "kashi_item_count": 2990
      }
    },
    {
      "type": "Feature",
      "geometry": {
        "type": "Point",
        "coordinates": [
          34.59509801,
          31.41812877
        ]
      },
      "properties": {
        "store_code": "car_127",
        "store_name": "היפר נתיבות מרכז",
        "chainname": "קרפור",
        "subchainname": "קרפור היפר",
        "storeid": 1,
        "address": "בעלי מלאכה 3",
        "city": "נתיבות",
        "zipcode": 8776202,
        "average_price_diff": -12.26642081,
        "kashi_item_count": 2952
      }
    },
    {
      "type": "Feature",
      "geometry": {
        "type": "Point",
        "coordinates": [
          35.20996771,
          31.75076132
        ]
      },
      "properties": {
        "store_code": "car_128",
        "store_name": "היפר ירושלים תלפיות",
        "chainname": "קרפור",
        "subchainname": "קרפור היפר",
        "storeid": 1,
        "address": "האומן 14",
        "city": "ירושלים",
        "zipcode": 9342109,
        "average_price_diff": -12.09925603,
        "kashi_item_count": 3002
      }
    },
    {
      "type": "Feature",
      "geometry": {
        "type": "Point",
        "coordinates": [
          35.56873232,
          33.21086416
        ]
      },
      "properties": {
        "store_code": "car_129",
        "store_name": "קרפור קרית שמונה",
        "chainname": "קרפור",
        "subchainname": "קרפור מרקט",
        "storeid": 129,
        "address": "טשרניחובסקי 4",
        "city": "קרית שמונה",
        "zipcode": 1103131,
        "average_price_diff": -12.49563156,
        "kashi_item_count": 2812
      }
    },
    {
      "type": "Feature",
      "geometry": {
        "type": "Point",
        "coordinates": [
          34.7893552,
          32.0831251
        ]
      },
      "properties": {
        "store_code": "car_132",
        "store_name": "סיטי ויצמן תל אביב",
        "chainname": "קרפור",
        "subchainname": "קרפור סיטי",
        "storeid": 132,
        "address": "20 ויצמן",
        "city": "תל אביב יפו",
        "zipcode": 6423001,
        "average_price_diff": 3.878261354,
        "kashi_item_count": 2452
      }
    },
    {
      "type": "Feature",
      "geometry": {
        "type": "Point",
        "coordinates": [
          34.9915007,
          32.7754412
        ]
      },
      "properties": {
        "store_code": "car_140",
        "store_name": "סיטי גרינברג חיפה",
        "chainname": "קרפור",
        "subchainname": "קרפור סיטי",
        "storeid": 140,
        "address": "20 א.צ גרינברג",
        "city": "חיפה",
        "zipcode": 3475712,
        "average_price_diff": 3.607011592,
        "kashi_item_count": 2020
      }
    },
    {
      "type": "Feature",
      "geometry": {
        "type": "Point",
        "coordinates": [
          34.8626895,
          32.0556897
        ]
      },
      "properties": {
        "store_code": "car_1430",
        "store_name": "סיטי קניון קיראון",
        "chainname": "קרפור",
        "subchainname": "קרפור סיטי",
        "storeid": 1430,
        "address": "שלמה המלך",
        "city": "קרית אונו",
        "zipcode": 542335,
        "average_price_diff": 13.42485636,
        "kashi_item_count": 1843
      }
    },
    {
      "type": "Feature",
      "geometry": {
        "type": "Point",
        "coordinates": [
          34.7479501,
          32.023287
        ]
      },
      "properties": {
        "store_code": "car_183",
        "store_name": "עוזיאל בת ים",
        "chainname": "קרפור",
        "subchainname": "קרפור",
        "storeid": null,
        "address": "5 עוזיאל",
        "city": "בת ים",
        "zipcode": 5946105,
        "average_price_diff": 4.986746621,
        "kashi_item_count": 2703
      }
    },
    {
      "type": "Feature",
      "geometry": {
        "type": "Point",
        "coordinates": [
          34.7707667,
          32.0182484
        ]
      },
      "properties": {
        "store_code": "car_191",
        "store_name": "מגה ויצמן חולון",
        "chainname": "קרפור",
        "subchainname": "מגה",
        "storeid": 191,
        "address": "48 סוקולוב",
        "city": "חולון",
        "zipcode": 5832201,
        "average_price_diff": -5.305172641,
        "kashi_item_count": 2555
      }
    },
    {
      "type": "Feature",
      "geometry": {
        "type": "Point",
        "coordinates": [
          34.975196,
          32.797406
        ]
      },
      "properties": {
        "store_code": "car_2040",
        "store_name": "מגה כרמליה חיפה",
        "chainname": "קרפור",
        "subchainname": "מגה",
        "storeid": null,
        "address": "אלכסנדר ינאי 3 חיפה",
        "city": "חיפה",
        "zipcode": 3481603,
        "average_price_diff": 12.02153359,
        "kashi_item_count": 1105
      }
    },
    {
      "type": "Feature",
      "geometry": {
        "type": "Point",
        "coordinates": [
          34.9367876,
          32.3117945
        ]
      },
      "properties": {
        "store_code": "car_2070",
        "store_name": "סיטי כפר יונה דרום",
        "chainname": "קרפור",
        "subchainname": "קרפור סיטי",
        "storeid": 2070,
        "address": "40 מנחם בגין",
        "city": "כפר יונה",
        "zipcode": 4035736,
        "average_price_diff": 13.66658745,
        "kashi_item_count": 1674
      }
    },
    {
      "type": "Feature",
      "geometry": {
        "type": "Point",
        "coordinates": [
          34.7819586,
          32.0750419
        ]
      },
      "properties": {
        "store_code": "car_213",
        "store_name": "סיטי אבן גבירול תא",
        "chainname": "קרפור",
        "subchainname": "קרפור סיטי",
        "storeid": 213,
        "address": "30 אבן גבירול",
        "city": "תל אביב יפו",
        "zipcode": 6467807,
        "average_price_diff": 5.634199927,
        "kashi_item_count": 2816
      }
    },
    {
      "type": "Feature",
      "geometry": {
        "type": "Point",
        "coordinates": [
          34.8906791,
          32.2692212
        ]
      },
      "properties": {
        "store_code": "car_2180",
        "store_name": "מגה אבן יהודה",
        "chainname": "קרפור",
        "subchainname": "מגה",
        "storeid": 2180,
        "address": "הדרים פינת המיסדים",
        "city": "אבן יהודה",
        "zipcode": 4051113,
        "average_price_diff": 13.30736307,
        "kashi_item_count": 1741
      }
    },
    {
      "type": "Feature",
      "geometry": {
        "type": "Point",
        "coordinates": [
          34.8206734,
          31.8802184
        ]
      },
      "properties": {
        "store_code": "car_2190",
        "store_name": "מגה גני העיר רחובות",
        "chainname": "קרפור",
        "subchainname": "מגה",
        "storeid": null,
        "address": "15 דרך ירושלים",
        "city": "רחובות",
        "zipcode": 7663008,
        "average_price_diff": 13.40127975,
        "kashi_item_count": 1627
      }
    },
    {
      "type": "Feature",
      "geometry": {
        "type": "Point",
        "coordinates": [
          34.7488523,
          32.0283833
        ]
      },
      "properties": {
        "store_code": "car_221",
        "store_name": "מרקט מגדל נחום בת ים",
        "chainname": "קרפור",
        "subchainname": "קרפור מרקט",
        "storeid": 221,
        "address": "65 שדרות העצמאות",
        "city": "בת ים",
        "zipcode": 5939552,
        "average_price_diff": -4.625711635,
        "kashi_item_count": 2804
      }
    },
    {
      "type": "Feature",
      "geometry": {
        "type": "Point",
        "coordinates": [
          34.8803708,
          31.9590876
        ]
      },
      "properties": {
        "store_code": "car_2230",
        "store_name": "מרקט גני אביב לוד",
        "chainname": "קרפור",
        "subchainname": "קרפור מרקט",
        "storeid": 2230,
        "address": "ארבע עונות 14",
        "city": "לוד",
        "zipcode": 7145806,
        "average_price_diff": 0.172511828,
        "kashi_item_count": 2047
      }
    },
    {
      "type": "Feature",
      "geometry": {
        "type": "Point",
        "coordinates": [
          35.1027423,
          32.7983003
        ]
      },
      "properties": {
        "store_code": "car_2240",
        "store_name": "מרקט בית וגן ק.אתא",
        "chainname": "קרפור",
        "subchainname": "קרפור מרקט",
        "storeid": 2240,
        "address": "10 העצמאות",
        "city": "קרית אתא",
        "zipcode": 2807110,
        "average_price_diff": 2.918510122,
        "kashi_item_count": 1793
      }
    },
    {
      "type": "Feature",
      "geometry": {
        "type": "Point",
        "coordinates": [
          34.7118682,
          31.7895298
        ]
      },
      "properties": {
        "store_code": "car_2310",
        "store_name": "מרקט גן יבנה",
        "chainname": "קרפור",
        "subchainname": "קרפור מרקט",
        "storeid": 2310,
        "address": "הרצל פ.קיבוץ גלויות",
        "city": "גן יבנה",
        "zipcode": 7080901,
        "average_price_diff": 0.578018815,
        "kashi_item_count": 1645
      }
    },
    {
      "type": "Feature",
      "geometry": {
        "type": "Point",
        "coordinates": [
          34.8109297,
          32.0663446
        ]
      },
      "properties": {
        "store_code": "car_2320",
        "store_name": "סיטי קניון גבעתיים",
        "chainname": "קרפור",
        "subchainname": "קרפור סיטי",
        "storeid": 2320,
        "address": "ויצמן פינת יצחק רבין",
        "city": "גבעתיים",
        "zipcode": 5346903,
        "average_price_diff": 13.85749343,
        "kashi_item_count": 2256
      }
    },
    {
      "type": "Feature",
      "geometry": {
        "type": "Point",
        "coordinates": [
          34.6380512,
          31.7814535
        ]
      },
      "properties": {
        "store_code": "car_2330",
        "store_name": "סיטי אשדוד יב",
        "chainname": "קרפור",
        "subchainname": "קרפור סיטי",
        "storeid": 2330,
        "address": "תמוז 14 מרכז מסחרי",
        "city": "אשדוד",
        "zipcode": 7775114,
        "average_price_diff": 13.53674799,
        "kashi_item_count": 1689
      }
    },
    {
      "type": "Feature",
      "geometry": {
        "type": "Point",
        "coordinates": [
          34.8470676,
          32.2791567
        ]
      },
      "properties": {
        "store_code": "car_2410",
        "store_name": "מרקט עיר ימים נתניה",
        "chainname": "קרפור",
        "subchainname": "קרפור מרקט",
        "storeid": 2410,
        "address": "שדרות בן גוריון",
        "city": "נתניה",
        "zipcode": 4227231,
        "average_price_diff": 2.85074988,
        "kashi_item_count": 2064
      }
    },
    {
      "type": "Feature",
      "geometry": {
        "type": "Point",
        "coordinates": [
          34.9158956,
          32.4339439
        ]
      },
      "properties": {
        "store_code": "car_2470",
        "store_name": "ש. נאות חן חדרה",
        "chainname": "קרפור",
        "subchainname": "קרפור",
        "storeid": 2470,
        "address": "הלל יפה 5 פינת סמילנסקי",
        "city": "חדרה",
        "zipcode": 3820308,
        "average_price_diff": -0.888685801,
        "kashi_item_count": 1652
      }
    },
    {
      "type": "Feature",
      "geometry": {
        "type": "Point",
        "coordinates": [
          34.8056166,
          32.0515996
        ]
      },
      "properties": {
        "store_code": "car_2490",
        "store_name": "מגה כפר שלם",
        "chainname": "קרפור",
        "subchainname": "מגה",
        "storeid": 2490,
        "address": "10 סנפיר",
        "city": "תל אביב יפו",
        "zipcode": 6729801,
        "average_price_diff": 13.10976165,
        "kashi_item_count": 1625
      }
    },
    {
      "type": "Feature",
      "geometry": {
        "type": "Point",
        "coordinates": [
          34.807026,
          32.100744
        ]
      },
      "properties": {
        "store_code": "car_2518",
        "store_name": "מגה פארק הירקון",
        "chainname": "קרפור",
        "subchainname": "מגה",
        "storeid": null,
        "address": "1 שלום אש",
        "city": "תל אביב יפו",
        "zipcode": 6948307,
        "average_price_diff": 13.15864757,
        "kashi_item_count": 1500
      }
    },
    {
      "type": "Feature",
      "geometry": {
        "type": "Point",
        "coordinates": [
          34.9792929,
          32.8318585
        ]
      },
      "properties": {
        "store_code": "car_2530",
        "store_name": "מגה בת גלים",
        "chainname": "קרפור",
        "subchainname": "מגה",
        "storeid": 2530,
        "address": "37 העליה השניה",
        "city": "חיפה",
        "zipcode": 3501601,
        "average_price_diff": 13.3781173,
        "kashi_item_count": 1340
      }
    },
    {
      "type": "Feature",
      "geometry": {
        "type": "Point",
        "coordinates": [
          35.0018653,
          31.9120349
        ]
      },
      "properties": {
        "store_code": "car_2540",
        "store_name": "מרקט מודעין שמשוני",
        "chainname": "קרפור",
        "subchainname": "קרפור מרקט",
        "storeid": 2540,
        "address": "עמק בית שאן פינת יחזקאל הנביא",
        "city": "מודיעין מכבים רעות",
        "zipcode": 7171702,
        "average_price_diff": 0.080494351,
        "kashi_item_count": 2019
      }
    },
    {
      "type": "Feature",
      "geometry": {
        "type": "Point",
        "coordinates": [
          34.7568551,
          32.0206175
        ]
      },
      "properties": {
        "store_code": "car_256",
        "store_name": "מגה רמת יוסף בת ים",
        "chainname": "קרפור",
        "subchainname": "מגה",
        "storeid": 256,
        "address": "20 מבצע סיני",
        "city": "בת ים",
        "zipcode": 5951503,
        "average_price_diff": 3.53658854,
        "kashi_item_count": 2220
      }
    },
    {
      "type": "Feature",
      "geometry": {
        "type": "Point",
        "coordinates": [
          34.8505542,
          32.2950621
        ]
      },
      "properties": {
        "store_code": "car_2577",
        "store_name": "מגה לב נתניה",
        "chainname": "קרפור",
        "subchainname": "מגה",
        "storeid": 2577,
        "address": "32 הרב קוק",
        "city": "נתניה",
        "zipcode": 4226110,
        "average_price_diff": 13.70956159,
        "kashi_item_count": 1688
      }
    },
    {
      "type": "Feature",
      "geometry": {
        "type": "Point",
        "coordinates": [
          35.2373076,
          32.6823717
        ]
      },
      "properties": {
        "store_code": "car_2730",
        "store_name": "מגדל העמק",
        "chainname": "קרפור",
        "subchainname": "קרפור",
        "storeid": 2730,
        "address": "ניצנים 39",
        "city": "מגדל העמק",
        "zipcode": 2351330,
        "average_price_diff": -0.419160959,
        "kashi_item_count": 1592
      }
    },
    {
      "type": "Feature",
      "geometry": {
        "type": "Point",
        "coordinates": [
          34.8200824,
          31.8874564
        ]
      },
      "properties": {
        "store_code": "car_2740",
        "store_name": "מרקט שרונה רחובות",
        "chainname": "קרפור",
        "subchainname": "קרפור מרקט",
        "storeid": 2740,
        "address": "מדר פינת דרך ירושלים",
        "city": "רחובות",
        "zipcode": 7663101,
        "average_price_diff": 2.071195548,
        "kashi_item_count": 2046
      }
    },
    {
      "type": "Feature",
      "geometry": {
        "type": "Point",
        "coordinates": [
          34.9142034,
          32.069694
        ]
      },
      "properties": {
        "store_code": "car_2750",
        "store_name": "קרפור עמישב פ\"ת",
        "chainname": "קרפור",
        "subchainname": "קרפור מהדרין",
        "storeid": null,
        "address": "דרך מנחם בגין 96",
        "city": "פתח תקווה",
        "zipcode": 4973295,
        "average_price_diff": -0.697449932,
        "kashi_item_count": 1746
      }
    },
    {
      "type": "Feature",
      "geometry": {
        "type": "Point",
        "coordinates": [
          34.6534113,
          31.7836627
        ]
      },
      "properties": {
        "store_code": "car_2840",
        "store_name": "מרקט אשדוד ח",
        "chainname": "קרפור",
        "subchainname": "קרפור מרקט",
        "storeid": 2840,
        "address": "הרב לוין מ.מסחרי",
        "city": "אשדוד",
        "zipcode": 7763804,
        "average_price_diff": -1.374071981,
        "kashi_item_count": 1574
      }
    },
    {
      "type": "Feature",
      "geometry": {
        "type": "Point",
        "coordinates": [
          34.9424895,
          32.5661431
        ]
      },
      "properties": {
        "store_code": "car_2960",
        "store_name": "סיטי זכרון יעקב",
        "chainname": "קרפור",
        "subchainname": "קרפור סיטי",
        "storeid": 2960,
        "address": ".10 חברה חשבונאית",
        "city": "זכרון יעקב",
        "zipcode": 3094089,
        "average_price_diff": 12.81908704,
        "kashi_item_count": 1827
      }
    },
    {
      "type": "Feature",
      "geometry": {
        "type": "Point",
        "coordinates": [
          34.7972186,
          31.2700224
        ]
      },
      "properties": {
        "store_code": "car_2976",
        "store_name": "סיטי צפון באר שבע",
        "chainname": "קרפור",
        "subchainname": "קרפור סיטי",
        "storeid": 2976,
        "address": "101 אברהם אבינו",
        "city": "באר שבע",
        "zipcode": 8454001,
        "average_price_diff": 13.02143355,
        "kashi_item_count": 1327
      }
    },
    {
      "type": "Feature",
      "geometry": {
        "type": "Point",
        "coordinates": [
          34.9158064,
          32.4339559
        ]
      },
      "properties": {
        "store_code": "car_3020",
        "store_name": "בית אליעזר",
        "chainname": "קרפור",
        "subchainname": "קרפור היפר",
        "storeid": null,
        "address": "חדרה",
        "city": "חדרה",
        "zipcode": 3848221,
        "average_price_diff": 8.259428252,
        "kashi_item_count": 1343
      }
    },
    {
      "type": "Feature",
      "geometry": {
        "type": "Point",
        "coordinates": [
          34.9360101,
          32.3207607
        ]
      },
      "properties": {
        "store_code": "car_3050",
        "store_name": "מגה קניון כפר יונה",
        "chainname": "קרפור",
        "subchainname": "מגה",
        "storeid": 3050,
        "address": "6 שרת",
        "city": "כפר יונה",
        "zipcode": 4035806,
        "average_price_diff": 14.12450384,
        "kashi_item_count": 1377
      }
    },
    {
      "type": "Feature",
      "geometry": {
        "type": "Point",
        "coordinates": [
          34.8457903,
          32.0679616
        ]
      },
      "properties": {
        "store_code": "car_3174",
        "store_name": "סיטי גבעת שמואל",
        "chainname": "קרפור",
        "subchainname": "קרפור סיטי",
        "storeid": 3174,
        "address": "האורנים",
        "city": "גבעת שמואל",
        "zipcode": 54045301,
        "average_price_diff": 13.01208182,
        "kashi_item_count": 1336
      }
    },
    {
      "type": "Feature",
      "geometry": {
        "type": "Point",
        "coordinates": [
          34.830805,
          32.121315
        ]
      },
      "properties": {
        "store_code": "car_3180",
        "store_name": "מגה רמות צהלה",
        "chainname": "קרפור",
        "subchainname": "מגה",
        "storeid": 3180,
        "address": "4-6 גרפית",
        "city": "תל אביב יפו",
        "zipcode": 6930041,
        "average_price_diff": 6.779816311,
        "kashi_item_count": 1223
      }
    },
    {
      "type": "Feature",
      "geometry": {
        "type": "Point",
        "coordinates": [
          34.55664151,
          31.65515009
        ]
      },
      "properties": {
        "store_code": "car_3210",
        "store_name": "מגה לב אשקלון",
        "chainname": "קרפור",
        "subchainname": "מגה",
        "storeid": null,
        "address": "שכונת שמשון",
        "city": "אשקלון",
        "zipcode": 7864118,
        "average_price_diff": 12.40744767,
        "kashi_item_count": 1522
      }
    },
    {
      "type": "Feature",
      "geometry": {
        "type": "Point",
        "coordinates": [
          34.86910161,
          32.30698939
        ]
      },
      "properties": {
        "store_code": "car_3280",
        "store_name": "סיטי אלוני השרון",
        "chainname": "קרפור",
        "subchainname": "קרפור סיטי",
        "storeid": 3280,
        "address": "תום לנטוס 26 ק.השרון",
        "city": "נתניה",
        "zipcode": 4276001,
        "average_price_diff": 13.99302108,
        "kashi_item_count": 1430
      }
    },
    {
      "type": "Feature",
      "geometry": {
        "type": "Point",
        "coordinates": [
          34.76472249,
          32.01833834
        ]
      },
      "properties": {
        "store_code": "car_329",
        "store_name": "סיטי נאות רחל חולון",
        "chainname": "קרפור",
        "subchainname": "קרפור סיטי",
        "storeid": 329,
        "address": "מגה בעיר",
        "city": "חולון",
        "zipcode": 5836111,
        "average_price_diff": 5.265072833,
        "kashi_item_count": 2833
      }
    },
    {
      "type": "Feature",
      "geometry": {
        "type": "Point",
        "coordinates": [
          34.784254,
          31.261528
        ]
      },
      "properties": {
        "store_code": "car_3300",
        "store_name": "מגה שכונה ו באר שבע",
        "chainname": "קרפור",
        "subchainname": "מגה",
        "storeid": null,
        "address": "קנ.אביה שד.שאול המלך",
        "city": "באר שבע",
        "zipcode": 8479612,
        "average_price_diff": -0.368086431,
        "kashi_item_count": 1602
      }
    },
    {
      "type": "Feature",
      "geometry": {
        "type": "Point",
        "coordinates": [
          34.82039922,
          32.12020379
        ]
      },
      "properties": {
        "store_code": "car_337",
        "store_name": "מגה נאות אפקה",
        "chainname": "קרפור",
        "subchainname": "מגה",
        "storeid": null,
        "address": "15 לאה",
        "city": "תל אביב יפו",
        "zipcode": 6941215,
        "average_price_diff": 4.545541222,
        "kashi_item_count": 2669
      }
    },
    {
      "type": "Feature",
      "geometry": {
        "type": "Point",
        "coordinates": [
          35.22431918,
          31.75543126
        ]
      },
      "properties": {
        "store_code": "car_3420",
        "store_name": "מגה אלנבי ירושלים",
        "chainname": "קרפור",
        "subchainname": "מגה",
        "storeid": null,
        "address": "בית\"ר פינת ינובסקי",
        "city": "ירושלים",
        "zipcode": 9338603,
        "average_price_diff": -0.00563436,
        "kashi_item_count": 1506
      }
    },
    {
      "type": "Feature",
      "geometry": {
        "type": "Point",
        "coordinates": [
          34.8422381,
          31.8544885
        ]
      },
      "properties": {
        "store_code": "car_3440",
        "store_name": "סיטי מזכרת בתיה",
        "chainname": "קרפור",
        "subchainname": "קרפור סיטי",
        "storeid": 3440,
        "address": "8 שדרות אליהו",
        "city": "מזכרת בתיה",
        "zipcode": 7685448,
        "average_price_diff": 13.36116238,
        "kashi_item_count": 1510
      }
    },
    {
      "type": "Feature",
      "geometry": {
        "type": "Point",
        "coordinates": [
          34.7813891,
          32.0167759
        ]
      },
      "properties": {
        "store_code": "car_345",
        "store_name": "סיטי נאות שושנים חול",
        "chainname": "קרפור",
        "subchainname": "קרפור סיטי",
        "storeid": 345,
        "address": "הסתדרות 104",
        "city": "חולון",
        "zipcode": 5840006,
        "average_price_diff": 4.713458717,
        "kashi_item_count": 2523
      }
    },
    {
      "type": "Feature",
      "geometry": {
        "type": "Point",
        "coordinates": [
          34.8686103,
          32.0570106
        ]
      },
      "properties": {
        "store_code": "car_3506",
        "store_name": "סיטי גבעת סביון",
        "chainname": "קרפור",
        "subchainname": "קרפור סיטי",
        "storeid": 3506,
        "address": "78 הגליל",
        "city": "גני תקווה",
        "zipcode": 5591478,
        "average_price_diff": 13.51310651,
        "kashi_item_count": 1888
      }
    },
    {
      "type": "Feature",
      "geometry": {
        "type": "Point",
        "coordinates": [
          34.6429239,
          31.8041835
        ]
      },
      "properties": {
        "store_code": "car_353",
        "store_name": "סיטי הצרכנייה אשדוד",
        "chainname": "קרפור",
        "subchainname": "קרפור סיטי",
        "storeid": 353,
        "address": "25 רוגוזין",
        "city": "אשדוד",
        "zipcode": 7744003,
        "average_price_diff": 4.871536846,
        "kashi_item_count": 2723
      }
    },
    {
      "type": "Feature",
      "geometry": {
        "type": "Point",
        "coordinates": [
          35.0130904,
          32.7732794
        ]
      },
      "properties": {
        "store_code": "car_3580",
        "store_name": "סיטי רמות אלון חיפה",
        "chainname": "קרפור",
        "subchainname": "קרפור סיטי",
        "storeid": 3580,
        "address": "29 יגאל אלון",
        "city": "חיפה",
        "zipcode": 3298331,
        "average_price_diff": 12.94027647,
        "kashi_item_count": 1631
      }
    },
    {
      "type": "Feature",
      "geometry": {
        "type": "Point",
        "coordinates": [
          34.8902527,
          32.093471
        ]
      },
      "properties": {
        "store_code": "car_3600",
        "store_name": "מגה בעיר- שטמפפר",
        "chainname": "קרפור",
        "subchainname": "מגה",
        "storeid": null,
        "address": "שטמפפר 73, פינת אבניאל פ\"ת",
        "city": "פתח תקווה",
        "zipcode": 4929078,
        "average_price_diff": 8.414097848,
        "kashi_item_count": 1492
      }
    },
    {
      "type": "Feature",
      "geometry": {
        "type": "Point",
        "coordinates": [
          35.0033715,
          32.804778
        ]
      },
      "properties": {
        "store_code": "car_3610",
        "store_name": "הרצל חיפה",
        "chainname": "קרפור",
        "subchainname": "קרפור",
        "storeid": null,
        "address": "הרצל 97",
        "city": "חיפה",
        "zipcode": 3321609,
        "average_price_diff": -1.000555815,
        "kashi_item_count": 1451
      }
    },
    {
      "type": "Feature",
      "geometry": {
        "type": "Point",
        "coordinates": [
          34.9886899,
          31.7145524
        ]
      },
      "properties": {
        "store_code": "car_3680",
        "store_name": "קרפור מרקט בית שמש",
        "chainname": "קרפור",
        "subchainname": "קרפור מרקט",
        "storeid": null,
        "address": "נחל השורק 23",
        "city": "בית שמש",
        "zipcode": 9909135,
        "average_price_diff": -0.805595307,
        "kashi_item_count": 1742
      }
    },
    {
      "type": "Feature",
      "geometry": {
        "type": "Point",
        "coordinates": [
          34.7740533,
          31.2395415
        ]
      },
      "properties": {
        "store_code": "car_3700",
        "store_name": "מרקט נווה זאב בש",
        "chainname": "קרפור",
        "subchainname": "קרפור מרקט",
        "storeid": 3700,
        "address": "64 יוהנה זבוטינסקי",
        "city": "באר שבע",
        "zipcode": 8425842,
        "average_price_diff": 1.803432434,
        "kashi_item_count": 2112
      }
    },
    {
      "type": "Feature",
      "geometry": {
        "type": "Point",
        "coordinates": [
          34.5753127,
          31.6778055
        ]
      },
      "properties": {
        "store_code": "car_3740",
        "store_name": "מרקט אפרידר אשקלון",
        "chainname": "קרפור",
        "subchainname": "קרפור מרקט",
        "storeid": 3740,
        "address": "5 שדרות ירושלים",
        "city": "אשקלון",
        "zipcode": 761719,
        "average_price_diff": -0.543518602,
        "kashi_item_count": 1463
      }
    },
    {
      "type": "Feature",
      "geometry": {
        "type": "Point",
        "coordinates": [
          35.1875994,
          31.7753984
        ]
      },
      "properties": {
        "store_code": "car_3850",
        "store_name": "סיטי בית הכרם ים",
        "chainname": "קרפור",
        "subchainname": "קרפור סיטי",
        "storeid": 3850,
        "address": "אבי זהר",
        "city": "ירושלים",
        "zipcode": 9626701,
        "average_price_diff": 13.01990219,
        "kashi_item_count": 1999
      }
    },
    {
      "type": "Feature",
      "geometry": {
        "type": "Point",
        "coordinates": [
          34.816677,
          32.1227035
        ]
      },
      "properties": {
        "store_code": "car_3990",
        "store_name": "סיטי תל ברוך תא",
        "chainname": "קרפור",
        "subchainname": "קרפור סיטי",
        "storeid": 3990,
        "address": "8 בקר",
        "city": "תל אביב יפו",
        "zipcode": 6464316,
        "average_price_diff": 12.64307882,
        "kashi_item_count": 1860
      }
    },
    {
      "type": "Feature",
      "geometry": {
        "type": "Point",
        "coordinates": [
          34.9036154,
          32.17866029
        ]
      },
      "properties": {
        "store_code": "car_400",
        "store_name": "רפור סיטי קניון כפר סבא (1030)",
        "chainname": "קרפור",
        "subchainname": "קרפור סיטי",
        "storeid": 400,
        "address": "כצנלסון 20",
        "city": "כפר סבא",
        "zipcode": 4440522,
        "average_price_diff": 4.809521189,
        "kashi_item_count": 2735
      }
    },
    {
      "type": "Feature",
      "geometry": {
        "type": "Point",
        "coordinates": [
          34.88795713,
          32.15934864
        ]
      },
      "properties": {
        "store_code": "car_401",
        "store_name": "קרפור סיטי הוד השרון",
        "chainname": "קרפור",
        "subchainname": "קרפור סיטי",
        "storeid": 401,
        "address": "שלום עליכם 1",
        "city": "הוד השרון",
        "zipcode": 4500901,
        "average_price_diff": 4.609134441,
        "kashi_item_count": 2567
      }
    },
    {
      "type": "Feature",
      "geometry": {
        "type": "Point",
        "coordinates": [
          34.77460138,
          32.07590257
        ]
      },
      "properties": {
        "store_code": "car_402",
        "store_name": "קרפור סיטי דיזנגוף",
        "chainname": "קרפור",
        "subchainname": "קרפור סיטי",
        "storeid": 402,
        "address": "דיזנגוף 65",
        "city": "תל אביב יפו",
        "zipcode": 6433237,
        "average_price_diff": 1.608940467,
        "kashi_item_count": 2893
      }
    },
    {
      "type": "Feature",
      "geometry": {
        "type": "Point",
        "coordinates": [
          34.86932456,
          31.93196921
        ]
      },
      "properties": {
        "store_code": "car_403",
        "store_name": "קרפור סיטי הצרכנייה רמלה",
        "chainname": "קרפור",
        "subchainname": "קרפור סיטי",
        "storeid": 403,
        "address": "שדרות הרצל 45",
        "city": "רמלה",
        "zipcode": 7240613,
        "average_price_diff": -7.609860853,
        "kashi_item_count": 2346
      }
    },
    {
      "type": "Feature",
      "geometry": {
        "type": "Point",
        "coordinates": [
          34.79909581,
          31.9667921
        ]
      },
      "properties": {
        "store_code": "car_405",
        "store_name": "קרפור סיטי נווה כרמית",
        "chainname": "קרפור",
        "subchainname": "קרפור סיטי",
        "storeid": 405,
        "address": "זבוטינסקי 65",
        "city": "ארשון לציון",
        "zipcode": 7521819,
        "average_price_diff": 4.992369668,
        "kashi_item_count": 2658
      }
    },
    {
      "type": "Feature",
      "geometry": {
        "type": "Point",
        "coordinates": [
          35.0337092,
          31.89200775
        ]
      },
      "properties": {
        "store_code": "car_406",
        "store_name": "קרפור סיטי מכבים (1150)",
        "chainname": "קרפור",
        "subchainname": "קרפור סיטי",
        "storeid": 406,
        "address": "מ.מסחרי רננים מכבים",
        "city": "רעות-מכבים",
        "zipcode": 7176538,
        "average_price_diff": 4.713617863,
        "kashi_item_count": 2579
      }
    },
    {
      "type": "Feature",
      "geometry": {
        "type": "Point",
        "coordinates": [
          34.81784747,
          31.88165549
        ]
      },
      "properties": {
        "store_code": "car_407",
        "store_name": "קרפור בעיר חפץ חיים",
        "chainname": "קרפור",
        "subchainname": "קרפור סיטי",
        "storeid": 407,
        "address": "הרצל 28",
        "city": "רחובות",
        "zipcode": 4943519,
        "average_price_diff": 5.233377009,
        "kashi_item_count": 2829
      }
    },
    {
      "type": "Feature",
      "geometry": {
        "type": "Point",
        "coordinates": [
          34.79717125,
          32.08899726
        ]
      },
      "properties": {
        "store_code": "car_408",
        "store_name": "קרפור סיטי צמרות",
        "chainname": "קרפור",
        "subchainname": "קרפור סיטי",
        "storeid": 408,
        "address": "ניסים אלוני",
        "city": "תל אביב יפו",
        "zipcode": 6291924,
        "average_price_diff": 5.613809837,
        "kashi_item_count": 2838
      }
    },
    {
      "type": "Feature",
      "geometry": {
        "type": "Point",
        "coordinates": [
          34.78546305,
          32.08148226
        ]
      },
      "properties": {
        "store_code": "car_411",
        "store_name": "קרפור סיטי מגדלי דוד",
        "chainname": "קרפור",
        "subchainname": "קרפור סיטי",
        "storeid": 411,
        "address": "אורי 12",
        "city": "תל אביב יפו",
        "zipcode": 6495410,
        "average_price_diff": 4.987775937,
        "kashi_item_count": 2682
      }
    },
    {
      "type": "Feature",
      "geometry": {
        "type": "Point",
        "coordinates": [
          34.8422973,
          32.1666234
        ]
      },
      "properties": {
        "store_code": "car_4110",
        "store_name": "קרפור מרקט לב הרצליה",
        "chainname": "קרפור",
        "subchainname": "קרפור מרקט",
        "storeid": null,
        "address": "בן גוריון 2",
        "city": "הרצליה",
        "zipcode": 4678501,
        "average_price_diff": 3.37971469,
        "kashi_item_count": 1827
      }
    },
    {
      "type": "Feature",
      "geometry": {
        "type": "Point",
        "coordinates": [
          34.84934627,
          32.16757451
        ]
      },
      "properties": {
        "store_code": "car_4120",
        "store_name": "מגה הדר הרצליה",
        "chainname": "קרפור",
        "subchainname": "מגה",
        "storeid": null,
        "address": "2 הדר",
        "city": "הרצליה",
        "zipcode": 4629025,
        "average_price_diff": 13.05254265,
        "kashi_item_count": 1653
      }
    },
    {
      "type": "Feature",
      "geometry": {
        "type": "Point",
        "coordinates": [
          34.86884251,
          32.08853976
        ]
      },
      "properties": {
        "store_code": "car_413",
        "store_name": "קרפור סיטי מגדלי דוד",
        "chainname": "קרפור",
        "subchainname": "קרפור סיטי",
        "storeid": 413,
        "address": "קפלן 13",
        "city": "קרפור סיטי בילינסון פתח תקווה",
        "zipcode": 4943712,
        "average_price_diff": 4.25346013,
        "kashi_item_count": 2569
      }
    },
    {
      "type": "Feature",
      "geometry": {
        "type": "Point",
        "coordinates": [
          34.8421088,
          32.1545039
        ]
      },
      "properties": {
        "store_code": "car_4130",
        "store_name": "סיטי נווה אמירים",
        "chainname": "קרפור",
        "subchainname": "קרפור סיטי",
        "storeid": 4130,
        "address": "82 בן גוריון",
        "city": "הרצליה",
        "zipcode": 4644630,
        "average_price_diff": 12.84184009,
        "kashi_item_count": 1911
      }
    },
    {
      "type": "Feature",
      "geometry": {
        "type": "Point",
        "coordinates": [
          34.81612727,
          32.11122501
        ]
      },
      "properties": {
        "store_code": "car_414",
        "store_name": "קרפור סיטי מעוז אביב",
        "chainname": "קרפור",
        "subchainname": "קרפור סיטי",
        "storeid": 414,
        "address": "בני אפרים 209",
        "city": "תל אביב יפו",
        "zipcode": 6998421,
        "average_price_diff": 5.065553463,
        "kashi_item_count": 2218
      }
    },
    {
      "type": "Feature",
      "geometry": {
        "type": "Point",
        "coordinates": [
          34.80448504,
          32.12482529
        ]
      },
      "properties": {
        "store_code": "car_415",
        "store_name": "קרפור סיטי רמת אביב",
        "chainname": "קרפור",
        "subchainname": "קרפור סיטי",
        "storeid": 415,
        "address": "אבא אחימאיר 35",
        "city": "תל אביב יפו",
        "zipcode": 6949219,
        "average_price_diff": 5.097153895,
        "kashi_item_count": 2822
      }
    },
    {
      "type": "Feature",
      "geometry": {
        "type": "Point",
        "coordinates": [
          34.8028265,
          32.1708537
        ]
      },
      "properties": {
        "store_code": "car_4150",
        "store_name": "סיטי הרצליה פיתוח",
        "chainname": "קרפור",
        "subchainname": "קרפור סיטי",
        "storeid": 4150,
        "address": "34 זהר טל",
        "city": "הרצליה",
        "zipcode": 4674134,
        "average_price_diff": 13.68757925,
        "kashi_item_count": 1241
      }
    },
    {
      "type": "Feature",
      "geometry": {
        "type": "Point",
        "coordinates": [
          34.60617884,
          31.52869308
        ]
      },
      "properties": {
        "store_code": "car_416",
        "store_name": "קרפור היפר שדרות",
        "chainname": "קרפור",
        "subchainname": "קרפור היפר",
        "storeid": 416,
        "address": "קניון פנינת הנגב שדרות",
        "city": "שדרות",
        "zipcode": 8714517,
        "average_price_diff": -11.9875019,
        "kashi_item_count": 3000
      }
    },
    {
      "type": "Feature",
      "geometry": {
        "type": "Point",
        "coordinates": [
          34.8128297,
          32.1879828
        ]
      },
      "properties": {
        "store_code": "car_4160",
        "store_name": "סיטי נוף ים הרצליה",
        "chainname": "קרפור",
        "subchainname": "קרפור סיטי",
        "storeid": 4160,
        "address": "10 שער הים",
        "city": "הרצליה",
        "zipcode": 4660610,
        "average_price_diff": 12.78005085,
        "kashi_item_count": 993
      }
    },
    {
      "type": "Feature",
      "geometry": {
        "type": "Point",
        "coordinates": [
          34.85627552,
          32.16909878
        ]
      },
      "properties": {
        "store_code": "car_4170",
        "store_name": "מגה נוה עמל",
        "chainname": "קרפור",
        "subchainname": "מגה",
        "storeid": 4170,
        "address": "19 כצנלסון",
        "city": "הרצליה",
        "zipcode": 4629010,
        "average_price_diff": 13.12277024,
        "kashi_item_count": 1371
      }
    },
    {
      "type": "Feature",
      "geometry": {
        "type": "Point",
        "coordinates": [
          34.8365545,
          32.141958
        ]
      },
      "properties": {
        "store_code": "car_4200",
        "store_name": "סיטי זרובבל ר.השרון",
        "chainname": "קרפור",
        "subchainname": "קרפור סיטי",
        "storeid": 4200,
        "address": "33 סוקולוב",
        "city": "רמת השרון",
        "zipcode": 4723602,
        "average_price_diff": 12.95887485,
        "kashi_item_count": 1437
      }
    },
    {
      "type": "Feature",
      "geometry": {
        "type": "Point",
        "coordinates": [
          34.8099931,
          31.9220671
        ]
      },
      "properties": {
        "store_code": "car_4220",
        "store_name": "סיטי נס ציונה",
        "chainname": "קרפור",
        "subchainname": "קרפור סיטי",
        "storeid": 4220,
        "address": "1 אבנר בן נר",
        "city": "נס ציונה",
        "zipcode": 7422018,
        "average_price_diff": 12.63662834,
        "kashi_item_count": 1719
      }
    },
    {
      "type": "Feature",
      "geometry": {
        "type": "Point",
        "coordinates": [
          34.9556007,
          32.0475883
        ]
      },
      "properties": {
        "store_code": "car_4270",
        "store_name": "קרפור מרקט אלעד",
        "chainname": "קרפור",
        "subchainname": "קרפור מרקט",
        "storeid": null,
        "address": "בן זכאי 32",
        "city": "אלעד",
        "zipcode": 4080041,
        "average_price_diff": -1.162385758,
        "kashi_item_count": 1457
      }
    },
    {
      "type": "Feature",
      "geometry": {
        "type": "Point",
        "coordinates": [
          34.9858779,
          32.8032646
        ]
      },
      "properties": {
        "store_code": "car_4280",
        "store_name": "מרקט אודיטוריום חיפה",
        "chainname": "קרפור",
        "subchainname": "קרפור מרקט",
        "storeid": 4280,
        "address": "134 שדרות הנשיא",
        "city": "חיפה",
        "zipcode": 3464502,
        "average_price_diff": 0.795012073,
        "kashi_item_count": 1848
      }
    },
    {
      "type": "Feature",
      "geometry": {
        "type": "Point",
        "coordinates": [
          34.81447435,
          32.08792688
        ]
      },
      "properties": {
        "store_code": "car_4420",
        "store_name": "מגה אואזיס רמת גן",
        "chainname": "קרפור",
        "subchainname": "מגה",
        "storeid": null,
        "address": "87 הרצל",
        "city": "רמת גן",
        "zipcode": 5244346,
        "average_price_diff": 11.61632835,
        "kashi_item_count": 1652
      }
    },
    {
      "type": "Feature",
      "geometry": {
        "type": "Point",
        "coordinates": [
          34.99636821,
          32.80119206
        ]
      },
      "properties": {
        "store_code": "car_470",
        "store_name": "קרפור סיטי מגדלי כרמל",
        "chainname": "קרפור",
        "subchainname": "קרפור סיטי",
        "storeid": 470,
        "address": "חנה סנש 20",
        "city": "חיפה",
        "zipcode": 3385401,
        "average_price_diff": 9.810082262,
        "kashi_item_count": 2031
      }
    },
    {
      "type": "Feature",
      "geometry": {
        "type": "Point",
        "coordinates": [
          34.81601409,
          32.08362051
        ]
      },
      "properties": {
        "store_code": "car_493",
        "store_name": "מגה הרוא\"ה ר\"ג",
        "chainname": "קרפור",
        "subchainname": "מגה",
        "storeid": 493,
        "address": "2 הרוא\"ה",
        "city": "רמת גן",
        "zipcode": 5243201,
        "average_price_diff": 4.385764464,
        "kashi_item_count": 2194
      }
    },
    {
      "type": "Feature",
      "geometry": {
        "type": "Point",
        "coordinates": [
          34.82197887,
          32.06848392
        ]
      },
      "properties": {
        "store_code": "car_515",
        "store_name": "מגה רווה ר\"ג - חדש",
        "chainname": "קרפור",
        "subchainname": "מגה",
        "storeid": 515,
        "address": "113 עוזיאל",
        "city": "רמת גן",
        "zipcode": 5234439,
        "average_price_diff": 4.123985501,
        "kashi_item_count": 2550
      }
    },
    {
      "type": "Feature",
      "geometry": {
        "type": "Point",
        "coordinates": [
          34.89124841,
          32.17352635
        ]
      },
      "properties": {
        "store_code": "car_5204",
        "store_name": "קוויק כפר סבא",
        "chainname": "קרפור",
        "subchainname": "קוויק",
        "storeid": 5204,
        "address": null,
        "city": "כפר סבא",
        "zipcode": null,
        "average_price_diff": 16.22039186,
        "kashi_item_count": 505
      }
    },
    {
      "type": "Feature",
      "geometry": {
        "type": "Point",
        "coordinates": [
          35.033363,
          31.069419
        ]
      },
      "properties": {
        "store_code": "car_523",
        "store_name": "מגה דימונה",
        "chainname": "קרפור",
        "subchainname": "מגה",
        "storeid": null,
        "address": "1 הנשיא",
        "city": "דימונה",
        "zipcode": 8603401,
        "average_price_diff": 3.992586925,
        "kashi_item_count": 2400
      }
    },
    {
      "type": "Feature",
      "geometry": {
        "type": "Point",
        "coordinates": [
          34.9044103,
          32.1862357
        ]
      },
      "properties": {
        "store_code": "car_5304",
        "store_name": "כפא סבא @ קרפור",
        "chainname": "קרפור",
        "subchainname": "קרפור",
        "storeid": null,
        "address": " כפר סבא",
        "city": "כפר סבא",
        "zipcode": 4450012,
        "average_price_diff": 3.973104456,
        "kashi_item_count": 1824
      }
    },
    {
      "type": "Feature",
      "geometry": {
        "type": "Point",
        "coordinates": [
          34.8356933,
          32.1141968
        ]
      },
      "properties": {
        "store_code": "car_558",
        "store_name": "סיטי רמת החייל תא",
        "chainname": "קרפור",
        "subchainname": "קרפור סיטי",
        "storeid": 558,
        "address": "7 ד.מ. מרכוס",
        "city": "תל אביב יפו",
        "zipcode": 6988213,
        "average_price_diff": 6.242030557,
        "kashi_item_count": 2369
      }
    },
    {
      "type": "Feature",
      "geometry": {
        "type": "Point",
        "coordinates": [
          34.7989587,
          32.076308
        ]
      },
      "properties": {
        "store_code": "car_580",
        "store_name": "סיטי עמק הברכה",
        "chainname": "קרפור",
        "subchainname": "קרפור סיטי",
        "storeid": 580,
        "address": "עמק הברכה",
        "city": "תל אביב יפו",
        "zipcode": 6745613,
        "average_price_diff": 3.781178306,
        "kashi_item_count": 2290
      }
    },
    {
      "type": "Feature",
      "geometry": {
        "type": "Point",
        "coordinates": [
          34.78006782,
          31.24748704
        ]
      },
      "properties": {
        "store_code": "car_610",
        "store_name": "סיטי באר שבע",
        "chainname": "קרפור",
        "subchainname": "קרפור סיטי",
        "storeid": 610,
        "address": "42 שדרות י-ם",
        "city": "באר שבע",
        "zipcode": 8477116,
        "average_price_diff": 3.957613525,
        "kashi_item_count": 2206
      }
    },
    {
      "type": "Feature",
      "geometry": {
        "type": "Point",
        "coordinates": [
          34.85509831,
          32.32426337
        ]
      },
      "properties": {
        "store_code": "car_620",
        "store_name": "סיטי נתניה",
        "chainname": "קרפור",
        "subchainname": "קרפור סיטי",
        "storeid": 620,
        "address": "29 ירושלים",
        "city": "נתניה",
        "zipcode": 4230317,
        "average_price_diff": 3.66173068,
        "kashi_item_count": 2170
      }
    },
    {
      "type": "Feature",
      "geometry": {
        "type": "Point",
        "coordinates": [
          34.8366946,
          32.0518163
        ]
      },
      "properties": {
        "store_code": "car_698",
        "store_name": "סיטי בית אבות רמת א",
        "chainname": "קרפור",
        "subchainname": "קרפור סיטי",
        "storeid": 698,
        "address": "2 שד.הארזים",
        "city": "רמת אפעל",
        "zipcode": 5290366,
        "average_price_diff": 2.995615134,
        "kashi_item_count": 1501
      }
    },
    {
      "type": "Feature",
      "geometry": {
        "type": "Point",
        "coordinates": [
          34.8559181,
          32.0605508
        ]
      },
      "properties": {
        "store_code": "car_701",
        "store_name": "סיטי קרית אונו",
        "chainname": "קרפור",
        "subchainname": "קרפור סיטי",
        "storeid": 701,
        "address": "57 הנשיא",
        "city": "קרית אונו",
        "zipcode": 5557057,
        "average_price_diff": 3.796130432,
        "kashi_item_count": 1990
      }
    },
    {
      "type": "Feature",
      "geometry": {
        "type": "Point",
        "coordinates": [
          34.835859,
          32.047236
        ]
      },
      "properties": {
        "store_code": "car_752",
        "store_name": "מגה רמת אפעל מרכז מ",
        "chainname": "קרפור",
        "subchainname": "מגה",
        "storeid": null,
        "address": "16 שד.האורנים",
        "city": "רמת אפעל",
        "zipcode": 5290350,
        "average_price_diff": 4.532488792,
        "kashi_item_count": 2629
      }
    },
    {
      "type": "Feature",
      "geometry": {
        "type": "Point",
        "coordinates": [
          34.8699162,
          32.1818726
        ]
      },
      "properties": {
        "store_code": "car_820",
        "store_name": "מגה מרכז רעננה- חדש",
        "chainname": "קרפור",
        "subchainname": "מגה",
        "storeid": null,
        "address": "114 אחוזה",
        "city": "רעננה",
        "zipcode": 4345015,
        "average_price_diff": 4.684617306,
        "kashi_item_count": 2314
      }
    },
    {
      "type": "Feature",
      "geometry": {
        "type": "Point",
        "coordinates": [
          34.8657024,
          32.1827356
        ]
      },
      "properties": {
        "store_code": "car_830",
        "store_name": "קרפור גולן רעננה",
        "chainname": "קרפור",
        "subchainname": "קרפור",
        "storeid": null,
        "address": "אחוזה 198",
        "city": "רעננה",
        "zipcode": 4355801,
        "average_price_diff": 0.708680106,
        "kashi_item_count": 1523
      }
    },
    {
      "type": "Feature",
      "geometry": {
        "type": "Point",
        "coordinates": [
          34.8745337,
          32.1923797
        ]
      },
      "properties": {
        "store_code": "car_850",
        "store_name": "מגה מרכז מסחרי קרית",
        "chainname": "קרפור",
        "subchainname": "מגה",
        "storeid": null,
        "address": "1 התקומה",
        "city": "רעננה",
        "zipcode": 4353501,
        "average_price_diff": 4.9074894,
        "kashi_item_count": 2470
      }
    },
    {
      "type": "Feature",
      "geometry": {
        "type": "Point",
        "coordinates": [
          34.8763149,
          32.1860931
        ]
      },
      "properties": {
        "store_code": "car_870",
        "store_name": "סיטי ותיקים רעננה",
        "chainname": "קרפור",
        "subchainname": "קרפור סיטי",
        "storeid": 870,
        "address": "11 ההסתדרות",
        "city": "רעננה",
        "zipcode": 4345605,
        "average_price_diff": 3.615043923,
        "kashi_item_count": 2193
      }
    },
    {
      "type": "Feature",
      "geometry": {
        "type": "Point",
        "coordinates": [
          34.8539921,
          32.3280827
        ]
      },
      "properties": {
        "store_code": "car_906",
        "store_name": "סיטי מרכז נתניה",
        "chainname": "קרפור",
        "subchainname": "קרפור סיטי",
        "storeid": 906,
        "address": "שטמפר",
        "city": "נתניה",
        "zipcode": 4240223,
        "average_price_diff": 4.872879822,
        "kashi_item_count": 2666
      }
    },
    {
      "type": "Feature",
      "geometry": {
        "type": "Point",
        "coordinates": [
          34.7997804,
          32.1201658
        ]
      },
      "properties": {
        "store_code": "car_914",
        "store_name": "סיטי נווה אביבים תא",
        "chainname": "קרפור",
        "subchainname": "קרפור סיטי",
        "storeid": 914,
        "address": "13 אופנהיימר",
        "city": "תל אביב יפו",
        "zipcode": 6939513,
        "average_price_diff": 5.143682127,
        "kashi_item_count": 2782
      }
    },
    {
      "type": "Feature",
      "geometry": {
        "type": "Point",
        "coordinates": [
          34.8505542,
          32.2950621
        ]
      },
      "properties": {
        "store_code": "car_981",
        "store_name": "מגה אזורים נתניה",
        "chainname": "קרפור",
        "subchainname": "מגה",
        "storeid": null,
        "address": "14 גרינבאום יצחק",
        "city": "נתניה",
        "zipcode": 4246514,
        "average_price_diff": 4.731545591,
        "kashi_item_count": 2657
      }
    },
    {
      "type": "Feature",
      "geometry": {
        "type": "Point",
        "coordinates": [
          34.7939865,
          31.239921
        ]
      },
      "properties": {
        "store_code": "mah_001",
        "store_name": "1 ב\"ש-בית אשל",
        "chainname": "מחסני השוק",
        "subchainname": "מחסני השוק",
        "storeid": 1,
        "address": "בית אשל 1",
        "city": "באר שבע",
        "zipcode": null,
        "average_price_diff": -24.42149152,
        "kashi_item_count": 2878
      }
    },
    {
      "type": "Feature",
      "geometry": {
        "type": "Point",
        "coordinates": [
          35.2334266,
          30.6567034
        ]
      },
      "properties": {
        "store_code": "mah_011",
        "store_name": "11  עין יהב",
        "chainname": "מחסני השוק",
        "subchainname": "מחסני השוק בסיטי",
        "storeid": 11,
        "address": "ד.נ.ערבה 86820",
        "city": "עין יהב",
        "zipcode": null,
        "average_price_diff": -18.36128483,
        "kashi_item_count": 2617
      }
    },
    {
      "type": "Feature",
      "geometry": {
        "type": "Point",
        "coordinates": [
          34.771617,
          31.245752
        ]
      },
      "properties": {
        "store_code": "mah_015",
        "store_name": "15  שכונה ט ב\"ש",
        "chainname": "מחסני השוק",
        "subchainname": "מחסני השוק בסיטי",
        "storeid": 15,
        "address": "שד` ירושלים 10",
        "city": "באר שבע",
        "zipcode": null,
        "average_price_diff": -20.48733555,
        "kashi_item_count": 2865
      }
    },
    {
      "type": "Feature",
      "geometry": {
        "type": "Point",
        "coordinates": [
          34.7796984,
          31.2509597
        ]
      },
      "properties": {
        "store_code": "mah_016",
        "store_name": "16 יעלים ב\"ש",
        "chainname": "מחסני השוק",
        "subchainname": "מחסני השוק בסיטי",
        "storeid": 16,
        "address": " ",
        "city": "באר שבע",
        "zipcode": null,
        "average_price_diff": -21.86701754,
        "kashi_item_count": 2602
      }
    },
    {
      "type": "Feature",
      "geometry": {
        "type": "Point",
        "coordinates": [
          35.3186256,
          32.7035785
        ]
      },
      "properties": {
        "store_code": "mah_018",
        "store_name": "18 נוף הגליל",
        "chainname": "מחסני השוק",
        "subchainname": "מחסני השוק",
        "storeid": 18,
        "address": " ",
        "city": "נוף הגליל",
        "zipcode": null,
        "average_price_diff": -24.09577041,
        "kashi_item_count": 2887
      }
    },
    {
      "type": "Feature",
      "geometry": {
        "type": "Point",
        "coordinates": [
          34.8092845,
          31.3733931
        ]
      },
      "properties": {
        "store_code": "mah_020",
        "store_name": "20 להבים",
        "chainname": "מחסני השוק",
        "subchainname": "מחסני השוק",
        "storeid": 20,
        "address": "מרכז מסחרי להבים ",
        "city": "להבים",
        "zipcode": null,
        "average_price_diff": -24.40262614,
        "kashi_item_count": 2885
      }
    },
    {
      "type": "Feature",
      "geometry": {
        "type": "Point",
        "coordinates": [
          34.8041813,
          31.2804515
        ]
      },
      "properties": {
        "store_code": "mah_026",
        "store_name": "26  רמות- ב\"ש",
        "chainname": "מחסני השוק",
        "subchainname": "מחסני השוק בסיטי",
        "storeid": 26,
        "address": "מנחם דידנר 18",
        "city": "באר שבע",
        "zipcode": null,
        "average_price_diff": -4.504684863,
        "kashi_item_count": 2556
      }
    },
    {
      "type": "Feature",
      "geometry": {
        "type": "Point",
        "coordinates": [
          34.768057,
          31.234266
        ]
      },
      "properties": {
        "store_code": "mah_030",
        "store_name": "30 נווה זאב- ב\"ש",
        "chainname": "מחסני השוק",
        "subchainname": "מחסני השוק בסיטי",
        "storeid": 30,
        "address": "מאפו 7",
        "city": "באר שבע",
        "zipcode": null,
        "average_price_diff": -18.74155383,
        "kashi_item_count": 2667
      }
    },
    {
      "type": "Feature",
      "geometry": {
        "type": "Point",
        "coordinates": [
          35.1450494,
          33.0754389
        ]
      },
      "properties": {
        "store_code": "mah_035",
        "store_name": "35 שלומי",
        "chainname": "מחסני השוק",
        "subchainname": "מחסני השוק בסיטי",
        "storeid": 35,
        "address": "ההשראה 2",
        "city": "שלומי",
        "zipcode": null,
        "average_price_diff": -21.21289307,
        "kashi_item_count": 2666
      }
    },
    {
      "type": "Feature",
      "geometry": {
        "type": "Point",
        "coordinates": [
          35.3172841,
          32.62152171
        ]
      },
      "properties": {
        "store_code": "mah_036",
        "store_name": "36 עפולה ביהח העמק",
        "chainname": "מחסני השוק",
        "subchainname": "מחסני השוק בסיטי",
        "storeid": 36,
        "address": "יצחק רבין 21",
        "city": "פרדס חנה כרכור",
        "zipcode": 1834111,
        "average_price_diff": -25.09023209,
        "kashi_item_count": 2288
      }
    },
    {
      "type": "Feature",
      "geometry": {
        "type": "Point",
        "coordinates": [
          34.6247327,
          31.3152192
        ]
      },
      "properties": {
        "store_code": "mah_040",
        "store_name": "40 אופקים",
        "chainname": "מחסני השוק",
        "subchainname": "מחסני השוק",
        "storeid": 40,
        "address": "יהדות דרום אפריקה 14",
        "city": "אופקים",
        "zipcode": 87573,
        "average_price_diff": -24.55184098,
        "kashi_item_count": 2866
      }
    },
    {
      "type": "Feature",
      "geometry": {
        "type": "Point",
        "coordinates": [
          34.6246819,
          31.31534632
        ]
      },
      "properties": {
        "store_code": "mah_041",
        "store_name": "41 אופקים אזור תעשיה",
        "chainname": "מחסני השוק",
        "subchainname": "מחסני השוק",
        "storeid": 41,
        "address": "שדרות יהדות דרום אפריקה 14",
        "city": "אופקים",
        "zipcode": 0,
        "average_price_diff": -24.6390766,
        "kashi_item_count": 2730
      }
    },
    {
      "type": "Feature",
      "geometry": {
        "type": "Point",
        "coordinates": [
          35.2152179,
          31.2612547
        ]
      },
      "properties": {
        "store_code": "mah_044",
        "store_name": "44 ערד",
        "chainname": "מחסני השוק",
        "subchainname": "מחסני השוק",
        "storeid": null,
        "address": "שמיר 5",
        "city": "ערד",
        "zipcode": null,
        "average_price_diff": -24.75312302,
        "kashi_item_count": 2847
      }
    },
    {
      "type": "Feature",
      "geometry": {
        "type": "Point",
        "coordinates": [
          35.00675095,
          31.37511958
        ]
      },
      "properties": {
        "store_code": "mah_045",
        "store_name": "45 מיתרים",
        "chainname": "מחסני השוק",
        "subchainname": "מחסני השוק בסיטי",
        "storeid": 45,
        "address": "אזור תעשיה הר חרמ 1",
        "city": "מיתרים",
        "zipcode": null,
        "average_price_diff": -20.61382332,
        "kashi_item_count": 2705
      }
    },
    {
      "type": "Feature",
      "geometry": {
        "type": "Point",
        "coordinates": [
          34.7867691,
          31.2521018
        ]
      },
      "properties": {
        "store_code": "mah_050",
        "store_name": "50 רד\"ק- ב\"ש",
        "chainname": "מחסני השוק",
        "subchainname": "מחסני השוק בסיטי",
        "storeid": 50,
        "address": "רחבת רד\"ק 28",
        "city": "באר שבע",
        "zipcode": null,
        "average_price_diff": -19.24120432,
        "kashi_item_count": 2553
      }
    },
    {
      "type": "Feature",
      "geometry": {
        "type": "Point",
        "coordinates": [
          35.0406357,
          32.7785192
        ]
      },
      "properties": {
        "store_code": "mah_051",
        "store_name": "51 חיפה - נשר",
        "chainname": "מחסני השוק",
        "subchainname": "מחסני השוק",
        "storeid": 51,
        "address": "דרך בר יהודה http 147",
        "city": "נשר",
        "zipcode": null,
        "average_price_diff": -24.35247403,
        "kashi_item_count": 2864
      }
    },
    {
      "type": "Feature",
      "geometry": {
        "type": "Point",
        "coordinates": [
          35.0209953,
          31.8991267
        ]
      },
      "properties": {
        "store_code": "mah_052",
        "store_name": "52 מודיעין",
        "chainname": "מחסני השוק",
        "subchainname": "מחסני השוק בסיטי",
        "storeid": 52,
        "address": "עמק דותן 24",
        "city": "מודיעין מכבים רעות",
        "zipcode": null,
        "average_price_diff": -20.62345429,
        "kashi_item_count": 2698
      }
    },
    {
      "type": "Feature",
      "geometry": {
        "type": "Point",
        "coordinates": [
          34.8215989,
          31.8981815
        ]
      },
      "properties": {
        "store_code": "mah_054",
        "store_name": "54 רחובות - הנשיא",
        "chainname": "מחסני השוק",
        "subchainname": "מחסני השוק בסיטי",
        "storeid": 54,
        "address": " ",
        "city": "רחובות",
        "zipcode": null,
        "average_price_diff": -18.42996467,
        "kashi_item_count": 2675
      }
    },
    {
      "type": "Feature",
      "geometry": {
        "type": "Point",
        "coordinates": [
          34.8241596,
          31.792365
        ]
      },
      "properties": {
        "store_code": "mah_055",
        "store_name": "55  יד בנימין",
        "chainname": "מחסני השוק",
        "subchainname": "מחסני השוק בסיטי",
        "storeid": 55,
        "address": "מרכז מסחרי 1",
        "city": "יד בנימין",
        "zipcode": null,
        "average_price_diff": -22.51574835,
        "kashi_item_count": 2566
      }
    },
    {
      "type": "Feature",
      "geometry": {
        "type": "Point",
        "coordinates": [
          34.8183187,
          31.2543238
        ]
      },
      "properties": {
        "store_code": "mah_058",
        "store_name": "58 סניף אורגים- ב\"ש",
        "chainname": "מחסני השוק",
        "subchainname": "מחסני השוק",
        "storeid": 58,
        "address": "האורגים http://ww 1",
        "city": "באר שבע",
        "zipcode": null,
        "average_price_diff": -24.35065084,
        "kashi_item_count": 2937
      }
    },
    {
      "type": "Feature",
      "geometry": {
        "type": "Point",
        "coordinates": [
          35.1045404,
          32.6592962
        ]
      },
      "properties": {
        "store_code": "mah_059",
        "store_name": "59 יקנעם",
        "chainname": "מחסני השוק",
        "subchainname": "מחסני השוק",
        "storeid": 59,
        "address": "התמר 1",
        "city": "יקנעם",
        "zipcode": null,
        "average_price_diff": -24.2694064,
        "kashi_item_count": 2803
      }
    },
    {
      "type": "Feature",
      "geometry": {
        "type": "Point",
        "coordinates": [
          35.02014204,
          31.0606124
        ]
      },
      "properties": {
        "store_code": "mah_060",
        "store_name": "60 דימונה",
        "chainname": "מחסני השוק",
        "subchainname": "מחסני השוק",
        "storeid": 60,
        "address": "מרכז פרץ סנטר ",
        "city": "דימונה",
        "zipcode": null,
        "average_price_diff": -24.30353491,
        "kashi_item_count": 2899
      }
    },
    {
      "type": "Feature",
      "geometry": {
        "type": "Point",
        "coordinates": [
          35.03529194,
          31.06026921
        ]
      },
      "properties": {
        "store_code": "mah_061",
        "store_name": "61 דימונה ממשית",
        "chainname": "מחסני השוק",
        "subchainname": "מחסני השוק",
        "storeid": null,
        "address": "תל לכיש 6",
        "city": "דימונה",
        "zipcode": null,
        "average_price_diff": -24.36231729,
        "kashi_item_count": 2751
      }
    },
    {
      "type": "Feature",
      "geometry": {
        "type": "Point",
        "coordinates": [
          35.1053976,
          32.8125999
        ]
      },
      "properties": {
        "store_code": "mah_065",
        "store_name": "65 קרית אתא",
        "chainname": "מחסני השוק",
        "subchainname": "מחסני השוק בסיטי",
        "storeid": 65,
        "address": "חנקין 1",
        "city": "קרית אתא",
        "zipcode": 28212,
        "average_price_diff": -19.95446549,
        "kashi_item_count": 2661
      }
    },
    {
      "type": "Feature",
      "geometry": {
        "type": "Point",
        "coordinates": [
          35.008912,
          32.197318
        ]
      },
      "properties": {
        "store_code": "mah_066",
        "store_name": "66 צופים",
        "chainname": "מחסני השוק",
        "subchainname": "מחסני השוק בסיטי",
        "storeid": 66,
        "address": " ",
        "city": "צופים",
        "zipcode": null,
        "average_price_diff": -19.47496163,
        "kashi_item_count": 2504
      }
    },
    {
      "type": "Feature",
      "geometry": {
        "type": "Point",
        "coordinates": [
          34.63994849,
          31.7934407
        ]
      },
      "properties": {
        "store_code": "mah_071",
        "store_name": "71 קריית מלאכי",
        "chainname": "מחסני השוק",
        "subchainname": "מחסני השוק בסיטי",
        "storeid": 71,
        "address": "צה\"ל 1",
        "city": "קרית מלאכי",
        "zipcode": null,
        "average_price_diff": -19.96537561,
        "kashi_item_count": 2674
      }
    },
    {
      "type": "Feature",
      "geometry": {
        "type": "Point",
        "coordinates": [
          34.66238004,
          31.80044351
        ]
      },
      "properties": {
        "store_code": "mah_072",
        "store_name": "72 הפלמח (ג) אשדוד",
        "chainname": "מחסני השוק",
        "subchainname": "מחסני השוק מהדרין",
        "storeid": 72,
        "address": "הפלמ\"ח 20",
        "city": "אשדוד",
        "zipcode": 77376,
        "average_price_diff": -24.47932103,
        "kashi_item_count": 2299
      }
    },
    {
      "type": "Feature",
      "geometry": {
        "type": "Point",
        "coordinates": [
          35.5318199,
          32.7895736
        ]
      },
      "properties": {
        "store_code": "mah_075",
        "store_name": "75 טבריה הדר",
        "chainname": "מחסני השוק",
        "subchainname": "מחסני השוק",
        "storeid": 75,
        "address": "יהודה הלוי 113",
        "city": "טבריה",
        "zipcode": 14246,
        "average_price_diff": -25.07779524,
        "kashi_item_count": 2680
      }
    },
    {
      "type": "Feature",
      "geometry": {
        "type": "Point",
        "coordinates": [
          35.495997,
          32.964648
        ]
      },
      "properties": {
        "store_code": "mah_076",
        "store_name": "76 צפת",
        "chainname": "מחסני השוק",
        "subchainname": "מחסני השוק",
        "storeid": 76,
        "address": "לוחמי הגטאות 1",
        "city": "צפת",
        "zipcode": 13401,
        "average_price_diff": -24.43229365,
        "kashi_item_count": 2777
      }
    },
    {
      "type": "Feature",
      "geometry": {
        "type": "Point",
        "coordinates": [
          34.7729873,
          31.6022033
        ]
      },
      "properties": {
        "store_code": "mah_077",
        "store_name": "77 קרית גת",
        "chainname": "מחסני השוק",
        "subchainname": "מחסני השוק",
        "storeid": 77,
        "address": "דרך הדרום http:// 1",
        "city": "קרית גת",
        "zipcode": 82021,
        "average_price_diff": -24.13139607,
        "kashi_item_count": 2847
      }
    },
    {
      "type": "Feature",
      "geometry": {
        "type": "Point",
        "coordinates": [
          35.1177985,
          31.6543398
        ]
      },
      "properties": {
        "store_code": "mah_078",
        "store_name": "78 כפר עציון",
        "chainname": "מחסני השוק",
        "subchainname": "מחסני השוק",
        "storeid": 78,
        "address": " ",
        "city": "כפר עציון",
        "zipcode": null,
        "average_price_diff": -24.61373328,
        "kashi_item_count": 2591
      }
    },
    {
      "type": "Feature",
      "geometry": {
        "type": "Point",
        "coordinates": [
          34.7834716,
          31.2487005
        ]
      },
      "properties": {
        "store_code": "mah_080",
        "store_name": "80 המשחררים-ב\"ש",
        "chainname": "מחסני השוק",
        "subchainname": "מחסני השוק בסיטי",
        "storeid": 80,
        "address": "דרך המשחררים 100",
        "city": "באר שבע",
        "zipcode": null,
        "average_price_diff": -18.80725574,
        "kashi_item_count": 1969
      }
    },
    {
      "type": "Feature",
      "geometry": {
        "type": "Point",
        "coordinates": [
          34.78035,
          31.2596827
        ]
      },
      "properties": {
        "store_code": "mah_081",
        "store_name": "81 מבצע עובדה- ב\"ש",
        "chainname": "מחסני השוק",
        "subchainname": "מחסני השוק בסיטי",
        "storeid": 81,
        "address": "מבצע עובדה 2",
        "city": "באר שבע",
        "zipcode": null,
        "average_price_diff": -18.41524752,
        "kashi_item_count": 2550
      }
    },
    {
      "type": "Feature",
      "geometry": {
        "type": "Point",
        "coordinates": [
          34.77812933,
          31.26785039
        ]
      },
      "properties": {
        "store_code": "mah_082",
        "store_name": "82 קריה חרדית מהדרין ב\"ש",
        "chainname": "מחסני השוק",
        "subchainname": "מחסני השוק",
        "storeid": 82,
        "address": "טולדנו 12",
        "city": "באר שבע",
        "zipcode": 8452311,
        "average_price_diff": -23.95162608,
        "kashi_item_count": 2650
      }
    },
    {
      "type": "Feature",
      "geometry": {
        "type": "Point",
        "coordinates": [
          34.8469088,
          32.077607
        ]
      },
      "properties": {
        "store_code": "mah_083",
        "store_name": "83 גבעת שמואל",
        "chainname": "מחסני השוק",
        "subchainname": "מחסני השוק בסיטי",
        "storeid": 83,
        "address": " ",
        "city": "גבעת שמואל",
        "zipcode": null,
        "average_price_diff": -18.71070598,
        "kashi_item_count": 2362
      }
    },
    {
      "type": "Feature",
      "geometry": {
        "type": "Point",
        "coordinates": [
          34.8211636,
          32.0903051
        ]
      },
      "properties": {
        "store_code": "mah_091",
        "store_name": "91 זבוטינסקי- ת\"א",
        "chainname": "מחסני השוק",
        "subchainname": "מחסני השוק בסיטי",
        "storeid": 91,
        "address": "ז`בוטינסקי 128",
        "city": "רמת גן",
        "zipcode": 52602,
        "average_price_diff": -18.54228629,
        "kashi_item_count": 2489
      }
    },
    {
      "type": "Feature",
      "geometry": {
        "type": "Point",
        "coordinates": [
          35.1885692,
          31.7804105
        ]
      },
      "properties": {
        "store_code": "mah_202",
        "store_name": "202 בית הכרם ירושלים",
        "chainname": "מחסני השוק",
        "subchainname": "מחסני השוק בשבילך",
        "storeid": 202,
        "address": "כיכר דניה 1",
        "city": "ירושלים",
        "zipcode": null,
        "average_price_diff": -14.45571574,
        "kashi_item_count": 2712
      }
    },
    {
      "type": "Feature",
      "geometry": {
        "type": "Point",
        "coordinates": [
          35.2089708,
          31.766256
        ]
      },
      "properties": {
        "store_code": "mah_203",
        "store_name": "203 הפלמ\"ח ירושלים",
        "chainname": "מחסני השוק",
        "subchainname": "מחסני השוק בשבילך",
        "storeid": 203,
        "address": "הפלמח 42",
        "city": "ירושלים",
        "zipcode": null,
        "average_price_diff": -14.50931263,
        "kashi_item_count": 2678
      }
    },
    {
      "type": "Feature",
      "geometry": {
        "type": "Point",
        "coordinates": [
          35.16596771,
          31.75671343
        ]
      },
      "properties": {
        "store_code": "mah_205",
        "store_name": "205 קרית מנחם ירושלים",
        "chainname": "מחסני השוק",
        "subchainname": "מחסני השוק בשבילך",
        "storeid": 205,
        "address": "דהומי 6",
        "city": "ירושלים",
        "zipcode": null,
        "average_price_diff": -14.87072436,
        "kashi_item_count": 2295
      }
    },
    {
      "type": "Feature",
      "geometry": {
        "type": "Point",
        "coordinates": [
          35.14872411,
          31.86702151
        ]
      },
      "properties": {
        "store_code": "mah_207",
        "store_name": "207 גבעת זאב- ירושלים",
        "chainname": "מחסני השוק",
        "subchainname": "מחסני השוק בשבילך",
        "storeid": 207,
        "address": "מרכז מסחרי 1",
        "city": "גבעת זאב",
        "zipcode": null,
        "average_price_diff": -14.93151419,
        "kashi_item_count": 2546
      }
    },
    {
      "type": "Feature",
      "geometry": {
        "type": "Point",
        "coordinates": [
          35.23439431,
          31.83813817
        ]
      },
      "properties": {
        "store_code": "mah_211",
        "store_name": "211 פסגת זאב ירושלים",
        "chainname": "מחסני השוק",
        "subchainname": "מחסני השוק בשבילך",
        "storeid": 211,
        "address": "שדרקות משה דיין 1",
        "city": "ירושלים",
        "zipcode": null,
        "average_price_diff": -14.71815705,
        "kashi_item_count": 2593
      }
    },
    {
      "type": "Feature",
      "geometry": {
        "type": "Point",
        "coordinates": [
          35.236047,
          31.749309
        ]
      },
      "properties": {
        "store_code": "mah_212",
        "store_name": "212 תלפיות מזרח ירושלים",
        "chainname": "מחסני השוק",
        "subchainname": "מחסני השוק בשבילך",
        "storeid": 212,
        "address": "דב גרונר מרכז מסח 2",
        "city": "ירושלים",
        "zipcode": null,
        "average_price_diff": -14.93886975,
        "kashi_item_count": 2616
      }
    },
    {
      "type": "Feature",
      "geometry": {
        "type": "Point",
        "coordinates": [
          35.238607,
          31.805577
        ]
      },
      "properties": {
        "store_code": "mah_217",
        "store_name": "217 גבעת שפירא ירושלים",
        "chainname": "מחסני השוק",
        "subchainname": "מחסני השוק בשבילך",
        "storeid": 217,
        "address": "ההגנה 19",
        "city": "ירושלים",
        "zipcode": 97851,
        "average_price_diff": -14.51506267,
        "kashi_item_count": 2613
      }
    },
    {
      "type": "Feature",
      "geometry": {
        "type": "Point",
        "coordinates": [
          35.24068148,
          31.84122227
        ]
      },
      "properties": {
        "store_code": "mah_218",
        "store_name": "218 נווה יעקב ירושלים",
        "chainname": "מחסני השוק",
        "subchainname": "מחסני השוק מהדרין",
        "storeid": 218,
        "address": "מרכז מסחרי נווה י 1",
        "city": "ירושלים",
        "zipcode": null,
        "average_price_diff": -18.18228667,
        "kashi_item_count": 2318
      }
    },
    {
      "type": "Feature",
      "geometry": {
        "type": "Point",
        "coordinates": [
          35.206462,
          31.76146
        ]
      },
      "properties": {
        "store_code": "mah_220",
        "store_name": "220 גבעת אורנים ירושלים",
        "chainname": "מחסני השוק",
        "subchainname": "מחסני השוק בשבילך",
        "storeid": 220,
        "address": "שי עגנון 20",
        "city": "ירושלים",
        "zipcode": null,
        "average_price_diff": -15.85743524,
        "kashi_item_count": 2617
      }
    },
    {
      "type": "Feature",
      "geometry": {
        "type": "Point",
        "coordinates": [
          35.1660279,
          31.756478
        ]
      },
      "properties": {
        "store_code": "mah_222",
        "store_name": "222 וולפסון ירושלים",
        "chainname": "מחסני השוק",
        "subchainname": "מחסני השוק בשבילך",
        "storeid": 222,
        "address": " ",
        "city": "ירושלים",
        "zipcode": null,
        "average_price_diff": -14.22894519,
        "kashi_item_count": 2641
      }
    },
    {
      "type": "Feature",
      "geometry": {
        "type": "Point",
        "coordinates": [
          35.245497,
          31.819819
        ]
      },
      "properties": {
        "store_code": "mah_223",
        "store_name": "223 פסגת זאב מזרח ירושלים",
        "chainname": "מחסני השוק",
        "subchainname": "מחסני השוק בשבילך",
        "storeid": 223,
        "address": "מאיר גרשון פ.יוסף 3/1",
        "city": "ירושלים",
        "zipcode": null,
        "average_price_diff": -14.03492312,
        "kashi_item_count": 2690
      }
    },
    {
      "type": "Feature",
      "geometry": {
        "type": "Point",
        "coordinates": [
          34.9980728,
          31.9073565
        ]
      },
      "properties": {
        "store_code": "mah_230",
        "store_name": "230 קייזר מודיעין בשבילך",
        "chainname": "מחסני השוק",
        "subchainname": "מחסני השוק בשבילך",
        "storeid": 230,
        "address": "גינת זבולון קייזר 24",
        "city": "מודיעין מכבים רעות",
        "zipcode": null,
        "average_price_diff": -14.12643702,
        "kashi_item_count": 2669
      }
    },
    {
      "type": "Feature",
      "geometry": {
        "type": "Point",
        "coordinates": [
          35.070244,
          32.851004
        ]
      },
      "properties": {
        "store_code": "mah_238",
        "store_name": "238 קריית ים שרת",
        "chainname": "מחסני השוק",
        "subchainname": "מחסני השוק בשבילך",
        "storeid": 238,
        "address": "משה שרת 2",
        "city": "קרית ים",
        "zipcode": null,
        "average_price_diff": -15.00247966,
        "kashi_item_count": 2288
      }
    },
    {
      "type": "Feature",
      "geometry": {
        "type": "Point",
        "coordinates": [
          35.690649,
          32.9938584
        ]
      },
      "properties": {
        "store_code": "mah_239",
        "store_name": "239 קצרין",
        "chainname": "מחסני השוק",
        "subchainname": "מחסני השוק בשבילך",
        "storeid": 239,
        "address": "קניון לב קצרין 1",
        "city": "קצרין",
        "zipcode": null,
        "average_price_diff": -16.32752634,
        "kashi_item_count": 2581
      }
    },
    {
      "type": "Feature",
      "geometry": {
        "type": "Point",
        "coordinates": [
          35.1605834,
          31.75494
        ]
      },
      "properties": {
        "store_code": "mah_241",
        "store_name": "241 אורה -ירושלים",
        "chainname": "מחסני השוק",
        "subchainname": "מחסני השוק בשבילך",
        "storeid": 241,
        "address": "הנריטה סולד 1",
        "city": "ירושלים",
        "zipcode": null,
        "average_price_diff": -12.80477975,
        "kashi_item_count": 2679
      }
    },
    {
      "type": "Feature",
      "geometry": {
        "type": "Point",
        "coordinates": [
          35.152073,
          31.6570062
        ]
      },
      "properties": {
        "store_code": "mah_242",
        "store_name": "242 אפרת",
        "chainname": "מחסני השוק",
        "subchainname": "מחסני השוק בשבילך",
        "storeid": 242,
        "address": "מרכז מסחרי ג רחוב 1",
        "city": "אפרת",
        "zipcode": null,
        "average_price_diff": -21.20024135,
        "kashi_item_count": 2253
      }
    },
    {
      "type": "Feature",
      "geometry": {
        "type": "Point",
        "coordinates": [
          34.7350096,
          31.8753534
        ]
      },
      "properties": {
        "store_code": "mah_244",
        "store_name": "244 יבנה",
        "chainname": "מחסני השוק",
        "subchainname": "מחסני השוק בשבילך",
        "storeid": 244,
        "address": "האגוז 2",
        "city": "יבנה",
        "zipcode": null,
        "average_price_diff": -19.35793004,
        "kashi_item_count": 2497
      }
    },
    {
      "type": "Feature",
      "geometry": {
        "type": "Point",
        "coordinates": [
          34.7848455,
          31.803675
        ]
      },
      "properties": {
        "store_code": "mah_245",
        "store_name": "245 גדרה",
        "chainname": "מחסני השוק",
        "subchainname": "מחסני השוק בשבילך",
        "storeid": 245,
        "address": "מנחם בגין 40",
        "city": "גדרה",
        "zipcode": null,
        "average_price_diff": -14.44169605,
        "kashi_item_count": 2531
      }
    },
    {
      "type": "Feature",
      "geometry": {
        "type": "Point",
        "coordinates": [
          34.845049,
          32.29564
        ]
      },
      "properties": {
        "store_code": "mah_246",
        "store_name": "246 חפץ חיים נתניה",
        "chainname": "מחסני השוק",
        "subchainname": "מחסני השוק בשבילך",
        "storeid": 246,
        "address": "חפץ חיים 4",
        "city": "נתניה",
        "zipcode": null,
        "average_price_diff": -13.44670519,
        "kashi_item_count": 2532
      }
    },
    {
      "type": "Feature",
      "geometry": {
        "type": "Point",
        "coordinates": [
          34.85369215,
          32.28336338
        ]
      },
      "properties": {
        "store_code": "mah_247",
        "store_name": "247 לב יסמין נתניה",
        "chainname": "מחסני השוק",
        "subchainname": "מחסני השוק בשבילך",
        "storeid": 247,
        "address": "פנחס ליבון 18",
        "city": "נתניה",
        "zipcode": null,
        "average_price_diff": -14.48108624,
        "kashi_item_count": 2633
      }
    },
    {
      "type": "Feature",
      "geometry": {
        "type": "Point",
        "coordinates": [
          35.3255424,
          32.6309394
        ]
      },
      "properties": {
        "store_code": "mah_250",
        "store_name": "250 עפולה מחסני השוק",
        "chainname": "מחסני השוק",
        "subchainname": "מחסני השוק בסיטי",
        "storeid": 250,
        "address": "קפלן 10",
        "city": "עפולה",
        "zipcode": null,
        "average_price_diff": -20.60053997,
        "kashi_item_count": 2329
      }
    },
    {
      "type": "Feature",
      "geometry": {
        "type": "Point",
        "coordinates": [
          34.6552344,
          31.7920608
        ]
      },
      "properties": {
        "store_code": "mah_260",
        "store_name": "260 אשדוד דב גור",
        "chainname": "מחסני השוק",
        "subchainname": "מחסני השוק בשבילך",
        "storeid": 260,
        "address": "דב גור 27",
        "city": "אשדוד",
        "zipcode": null,
        "average_price_diff": -14.6428351,
        "kashi_item_count": 2430
      }
    },
    {
      "type": "Feature",
      "geometry": {
        "type": "Point",
        "coordinates": [
          34.79458462,
          31.96308451
        ]
      },
      "properties": {
        "store_code": "mah_261",
        "store_name": "261 ראשל\"צ",
        "chainname": "מחסני השוק",
        "subchainname": "מחסני השוק בשבילך",
        "storeid": 261,
        "address": "השדה 12",
        "city": "ראשון לציון",
        "zipcode": null,
        "average_price_diff": -14.82631192,
        "kashi_item_count": 2342
      }
    },
    {
      "type": "Feature",
      "geometry": {
        "type": "Point",
        "coordinates": [
          34.8552307,
          32.31999235
        ]
      },
      "properties": {
        "store_code": "mah_262",
        "store_name": "262 ויצמן נתניה",
        "chainname": "מחסני השוק",
        "subchainname": "מחסני השוק בשבילך",
        "storeid": 262,
        "address": "הרצוג 23",
        "city": "נתניה",
        "zipcode": null,
        "average_price_diff": -14.05561988,
        "kashi_item_count": 2536
      }
    },
    {
      "type": "Feature",
      "geometry": {
        "type": "Point",
        "coordinates": [
          34.8534622,
          32.283226
        ]
      },
      "properties": {
        "store_code": "mah_263",
        "store_name": "263 בנימין נתניה",
        "chainname": "מחסני השוק",
        "subchainname": "מחסני השוק בשבילך",
        "storeid": 263,
        "address": "שדרות בנימין 60",
        "city": "נתניה",
        "zipcode": null,
        "average_price_diff": -14.23169325,
        "kashi_item_count": 2637
      }
    },
    {
      "type": "Feature",
      "geometry": {
        "type": "Point",
        "coordinates": [
          34.8479583,
          32.27493522
        ]
      },
      "properties": {
        "store_code": "mah_264",
        "store_name": "264 פולג נתניה",
        "chainname": "מחסני השוק",
        "subchainname": "מחסני השוק בשבילך",
        "storeid": 264,
        "address": "אמנון ותמר 6",
        "city": "נתניה",
        "zipcode": null,
        "average_price_diff": -14.67130689,
        "kashi_item_count": 2512
      }
    },
    {
      "type": "Feature",
      "geometry": {
        "type": "Point",
        "coordinates": [
          34.82168424,
          31.89843521
        ]
      },
      "properties": {
        "store_code": "mah_265",
        "store_name": "265 רחובות - גורודצקי",
        "chainname": "מחסני השוק",
        "subchainname": "מחסני השוק בשבילך",
        "storeid": 265,
        "address": "גורודסקי 51",
        "city": "רחובות",
        "zipcode": null,
        "average_price_diff": -14.77790135,
        "kashi_item_count": 2547
      }
    },
    {
      "type": "Feature",
      "geometry": {
        "type": "Point",
        "coordinates": [
          35.0989389,
          31.7130181
        ]
      },
      "properties": {
        "store_code": "mah_267",
        "store_name": "267 צור הדסה-ירושלים",
        "chainname": "מחסני השוק",
        "subchainname": "מחסני השוק בשבילך",
        "storeid": 267,
        "address": "רכסים 2",
        "city": "צור הדסה",
        "zipcode": null,
        "average_price_diff": -14.40069222,
        "kashi_item_count": 2605
      }
    },
    {
      "type": "Feature",
      "geometry": {
        "type": "Point",
        "coordinates": [
          35.1062362,
          33.0030477
        ]
      },
      "properties": {
        "store_code": "mah_268",
        "store_name": "268 נהריה מחסני השוק",
        "chainname": "מחסני השוק",
        "subchainname": "מחסני השוק בשבילך",
        "storeid": 268,
        "address": "הזמיר 63",
        "city": "נהריה",
        "zipcode": null,
        "average_price_diff": -17.72479927,
        "kashi_item_count": 2319
      }
    },
    {
      "type": "Feature",
      "geometry": {
        "type": "Point",
        "coordinates": [
          34.78264682,
          31.98452797
        ]
      },
      "properties": {
        "store_code": "mah_277",
        "store_name": "277 הראשונים ראשל\"צ",
        "chainname": "מחסני השוק",
        "subchainname": "מחסני השוק בשבילך",
        "storeid": 277,
        "address": "הנחשול 30",
        "city": "ראשון לציון",
        "zipcode": null,
        "average_price_diff": -14.27462261,
        "kashi_item_count": 2619
      }
    },
    {
      "type": "Feature",
      "geometry": {
        "type": "Point",
        "coordinates": [
          34.852049,
          32.3365629
        ]
      },
      "properties": {
        "store_code": "mah_289",
        "store_name": "289 ניצה  נתניה",
        "chainname": "מחסני השוק",
        "subchainname": "מחסני השוק בשבילך",
        "storeid": 289,
        "address": "שדרות ניצה 8",
        "city": "נתניה",
        "zipcode": null,
        "average_price_diff": -15.96947153,
        "kashi_item_count": 1864
      }
    },
    {
      "type": "Feature",
      "geometry": {
        "type": "Point",
        "coordinates": [
          35.2368042,
          32.6696574
        ]
      },
      "properties": {
        "store_code": "osh_001",
        "store_name": "מגדל העמק",
        "chainname": "אושר עד",
        "subchainname": "אושר עד",
        "storeid": 1,
        "address": "האיצטדיון 11",
        "city": "מגדל העמק",
        "zipcode": 2303401,
        "average_price_diff": -13.45195836,
        "kashi_item_count": 1825
      }
    },
    {
      "type": "Feature",
      "geometry": {
        "type": "Point",
        "coordinates": [
          35.1828468,
          31.7852087
        ]
      },
      "properties": {
        "store_code": "osh_003",
        "store_name": "גבעת שאול",
        "chainname": "אושר עד",
        "subchainname": "אושר עד",
        "storeid": 3,
        "address": "בית הדפוס 29",
        "city": "ירושלים",
        "zipcode": 9548334,
        "average_price_diff": -13.23825705,
        "kashi_item_count": 1776
      }
    },
    {
      "type": "Feature",
      "geometry": {
        "type": "Point",
        "coordinates": [
          35.098291,
          32.8618235
        ]
      },
      "properties": {
        "store_code": "osh_005",
        "store_name": "קרית ביאליק",
        "chainname": "אושר עד",
        "subchainname": "אושר עד",
        "storeid": 5,
        "address": "הנס מולר 6, צור שלום",
        "city": "קרית ביאליק",
        "zipcode": 2751206,
        "average_price_diff": -11.83150402,
        "kashi_item_count": 1795
      }
    },
    {
      "type": "Feature",
      "geometry": {
        "type": "Point",
        "coordinates": [
          34.7675852,
          31.8113771
        ]
      },
      "properties": {
        "store_code": "osh_006",
        "store_name": "כנות",
        "chainname": "אושר עד",
        "subchainname": "אושר עד",
        "storeid": 6,
        "address": "אדום 24 פארק התעשיות כנות",
        "city": "כנות",
        "zipcode": 7982500,
        "average_price_diff": -12.69538445,
        "kashi_item_count": 1744
      }
    },
    {
      "type": "Feature",
      "geometry": {
        "type": "Point",
        "coordinates": [
          34.6635063,
          31.8123216
        ]
      },
      "properties": {
        "store_code": "osh_009",
        "store_name": "אשדוד",
        "chainname": "אושר עד",
        "subchainname": "אושר עד",
        "storeid": 9,
        "address": "בעלי המלאכה 4",
        "city": "אשדוד",
        "zipcode": 7761205,
        "average_price_diff": -15.04195257,
        "kashi_item_count": 1827
      }
    },
    {
      "type": "Feature",
      "geometry": {
        "type": "Point",
        "coordinates": [
          34.8919915,
          32.1056568
        ]
      },
      "properties": {
        "store_code": "osh_010",
        "store_name": "פתח תקווה - סגולה",
        "chainname": "אושר עד",
        "subchainname": "אושר עד",
        "storeid": 10,
        "address": "בן ציון גליס 30",
        "city": "פתח תקווה",
        "zipcode": 4927930,
        "average_price_diff": -13.87827257,
        "kashi_item_count": 1861
      }
    },
    {
      "type": "Feature",
      "geometry": {
        "type": "Point",
        "coordinates": [
          34.8300771,
          32.0989129
        ]
      },
      "properties": {
        "store_code": "osh_011",
        "store_name": "בני ברק",
        "chainname": "אושר עד",
        "subchainname": "אושר עד",
        "storeid": 11,
        "address": "הקישון 11",
        "city": "בני ברק",
        "zipcode": 5120314,
        "average_price_diff": -15.05673989,
        "kashi_item_count": 1747
      }
    },
    {
      "type": "Feature",
      "geometry": {
        "type": "Point",
        "coordinates": [
          34.81077446,
          31.21313578
        ]
      },
      "properties": {
        "store_code": "osh_013",
        "store_name": "באר שבע",
        "chainname": "אושר עד",
        "subchainname": "אושר עד",
        "storeid": 13,
        "address": "הקוצר 15 אזור תעשיה עמק שרה",
        "city": "באר שבע",
        "zipcode": 8480904,
        "average_price_diff": -11.38198982,
        "kashi_item_count": 1805
      }
    },
    {
      "type": "Feature",
      "geometry": {
        "type": "Point",
        "coordinates": [
          34.914005,
          32.4493907
        ]
      },
      "properties": {
        "store_code": "osh_014",
        "store_name": "חדרה",
        "chainname": "אושר עד",
        "subchainname": "אושר עד",
        "storeid": 14,
        "address": "המסגר 22 אזה\"ת הצפוני",
        "city": "חדרה",
        "zipcode": 3850169,
        "average_price_diff": -11.70432338,
        "kashi_item_count": 1791
      }
    },
    {
      "type": "Feature",
      "geometry": {
        "type": "Point",
        "coordinates": [
          34.990749,
          31.747651
        ]
      },
      "properties": {
        "store_code": "osh_016",
        "store_name": "בית שמש - גליל",
        "chainname": "אושר עד",
        "subchainname": "אושר עד",
        "storeid": 16,
        "address": "מורדי הגיטאות 6",
        "city": "בית שמש",
        "zipcode": 9958206,
        "average_price_diff": -13.66109953,
        "kashi_item_count": 1774
      }
    },
    {
      "type": "Feature",
      "geometry": {
        "type": "Point",
        "coordinates": [
          35.11657339,
          31.70438568
        ]
      },
      "properties": {
        "store_code": "osh_018",
        "store_name": "ביתר עילית",
        "chainname": "אושר עד",
        "subchainname": "אושר עד",
        "storeid": 18,
        "address": "ביתר עילית",
        "city": "ביתר עילית",
        "zipcode": 0,
        "average_price_diff": -12.86730862,
        "kashi_item_count": 1739
      }
    },
    {
      "type": "Feature",
      "geometry": {
        "type": "Point",
        "coordinates": [
          35.31467838,
          32.62501599
        ]
      },
      "properties": {
        "store_code": "osh_019",
        "store_name": "עפולה",
        "chainname": "אושר עד",
        "subchainname": "אושר עד",
        "storeid": 19,
        "address": "לסקוב",
        "city": "עפולה",
        "zipcode": 0,
        "average_price_diff": -15.73330124,
        "kashi_item_count": 1834
      }
    },
    {
      "type": "Feature",
      "geometry": {
        "type": "Point",
        "coordinates": [
          34.8917808,
          31.9533935
        ]
      },
      "properties": {
        "store_code": "osh_020",
        "store_name": "לוד",
        "chainname": "אושר עד",
        "subchainname": "אושר עד",
        "storeid": 20,
        "address": "בת שבע 1 מתחם טלרד",
        "city": "לוד",
        "zipcode": 7120101,
        "average_price_diff": -11.16477485,
        "kashi_item_count": 1768
      }
    },
    {
      "type": "Feature",
      "geometry": {
        "type": "Point",
        "coordinates": [
          34.597146,
          31.648125
        ]
      },
      "properties": {
        "store_code": "osh_022",
        "store_name": "אשקלון בת הדר",
        "chainname": "אושר עד",
        "subchainname": "אושר עד",
        "storeid": 22,
        "address": "בת הדר",
        "city": "אשקלון",
        "zipcode": 7910300,
        "average_price_diff": -10.87722863,
        "kashi_item_count": 1761
      }
    },
    {
      "type": "Feature",
      "geometry": {
        "type": "Point",
        "coordinates": [
          34.8696287,
          32.3036425
        ]
      },
      "properties": {
        "store_code": "osh_023",
        "store_name": "נתניה",
        "chainname": "אושר עד",
        "subchainname": "אושר עד",
        "storeid": 23,
        "address": "שדרות תום לנטוס",
        "city": "נתניה",
        "zipcode": 4276019,
        "average_price_diff": -10.98212675,
        "kashi_item_count": 1813
      }
    },
    {
      "type": "Feature",
      "geometry": {
        "type": "Point",
        "coordinates": [
          34.7936383,
          32.067096
        ]
      },
      "properties": {
        "store_code": "osh_024",
        "store_name": "תל אביב",
        "chainname": "אושר עד",
        "subchainname": "אושר עד",
        "storeid": 24,
        "address": "קרמינצקי 3",
        "city": "תל אביב יפו",
        "zipcode": 6789903,
        "average_price_diff": -11.39662059,
        "kashi_item_count": 1777
      }
    },
    {
      "type": "Feature",
      "geometry": {
        "type": "Point",
        "coordinates": [
          34.8093139,
          31.9722597
        ]
      },
      "properties": {
        "store_code": "osh_025",
        "store_name": "ראשון לציון",
        "chainname": "אושר עד",
        "subchainname": "אושר עד",
        "storeid": 25,
        "address": "אצל 26",
        "city": "ראשון לציון",
        "zipcode": 7570630,
        "average_price_diff": -11.72615201,
        "kashi_item_count": 1794
      }
    },
    {
      "type": "Feature",
      "geometry": {
        "type": "Point",
        "coordinates": [
          35.213897,
          31.7534343
        ]
      },
      "properties": {
        "store_code": "osh_026",
        "store_name": "תלפיות",
        "chainname": "אושר עד",
        "subchainname": "אושר עד",
        "storeid": 26,
        "address": "פייר קניג 26 קניון הדר",
        "city": "ירושלים",
        "zipcode": 9346934,
        "average_price_diff": -12.05590074,
        "kashi_item_count": 1803
      }
    },
    {
      "type": "Feature",
      "geometry": {
        "type": "Point",
        "coordinates": [
          35.208407,
          31.7947479
        ]
      },
      "properties": {
        "store_code": "osh_028",
        "store_name": "שמגר",
        "chainname": "אושר עד",
        "subchainname": "אושר עד",
        "storeid": 28,
        "address": "שמגר 16",
        "city": "ירושלים",
        "zipcode": 9446116,
        "average_price_diff": -13.9334517,
        "kashi_item_count": 1547
      }
    },
    {
      "type": "Feature",
      "geometry": {
        "type": "Point",
        "coordinates": [
          35.0776785,
          32.8560183
        ]
      },
      "properties": {
        "store_code": "osh_029",
        "store_name": "קרית ים",
        "chainname": "אושר עד",
        "subchainname": "אושר עד",
        "storeid": 29,
        "address": "גולדה מאיר 2",
        "city": "קרית ים",
        "zipcode": 2905737,
        "average_price_diff": -11.12519035,
        "kashi_item_count": 1771
      }
    },
    {
      "type": "Feature",
      "geometry": {
        "type": "Point",
        "coordinates": [
          35.013511,
          32.8009038
        ]
      },
      "properties": {
        "store_code": "osh_030",
        "store_name": "חיפה",
        "chainname": "אושר עד",
        "subchainname": "אושר עד",
        "storeid": 30,
        "address": "דרך בר יהודה 31",
        "city": "חיפה",
        "zipcode": 3262724,
        "average_price_diff": -11.43434771,
        "kashi_item_count": 1810
      }
    },
    {
      "type": "Feature",
      "geometry": {
        "type": "Point",
        "coordinates": [
          34.953063,
          32.18499
        ]
      },
      "properties": {
        "store_code": "osh_031",
        "store_name": "כפר סבא",
        "chainname": "אושר עד",
        "subchainname": "אושר עד",
        "storeid": 31,
        "address": "דרך הים 9",
        "city": "כפר סבא",
        "zipcode": 4418001,
        "average_price_diff": -12.63038241,
        "kashi_item_count": 1793
      }
    },
    {
      "type": "Feature",
      "geometry": {
        "type": "Point",
        "coordinates": [
          34.864173,
          32.035023
        ]
      },
      "properties": {
        "store_code": "osh_032",
        "store_name": "קרית אונו",
        "chainname": "אושר עד",
        "subchainname": "אושר עד",
        "storeid": 32,
        "address": "שמירה אימבר גדיש 9",
        "city": "קרית אונו",
        "zipcode": 5510101,
        "average_price_diff": -11.68883691,
        "kashi_item_count": 1795
      }
    },
    {
      "type": "Feature",
      "geometry": {
        "type": "Point",
        "coordinates": [
          35.2153716,
          31.7510508
        ]
      },
      "properties": {
        "store_code": "ram_002",
        "store_name": "בזק מחסני מזון",
        "chainname": "רמי לוי",
        "subchainname": "רמי לוי",
        "storeid": 2,
        "address": "יד חרוצים 18",
        "city": "ירושלים",
        "zipcode": 0,
        "average_price_diff": -12.80513155,
        "kashi_item_count": 2120
      }
    },
    {
      "type": "Feature",
      "geometry": {
        "type": "Point",
        "coordinates": [
          35.1941519,
          31.8092121
        ]
      },
      "properties": {
        "store_code": "ram_003",
        "store_name": "רמי לוי בשכונה",
        "chainname": "רמי לוי",
        "subchainname": "רמי לוי",
        "storeid": 3,
        "address": "90 דרך החורש",
        "city": "ירושלים",
        "zipcode": 0,
        "average_price_diff": -12.74237816,
        "kashi_item_count": 1677
      }
    },
    {
      "type": "Feature",
      "geometry": {
        "type": "Point",
        "coordinates": [
          35.2091884,
          31.7520269
        ]
      },
      "properties": {
        "store_code": "ram_005",
        "store_name": "רב מכר",
        "chainname": "רמי לוי",
        "subchainname": "רמי לוי",
        "storeid": 5,
        "address": "הפרסה 3",
        "city": "ירושלים",
        "zipcode": 0,
        "average_price_diff": -12.69538528,
        "kashi_item_count": 2378
      }
    },
    {
      "type": "Feature",
      "geometry": {
        "type": "Point",
        "coordinates": [
          35.33451312,
          31.79303257
        ]
      },
      "properties": {
        "store_code": "ram_006",
        "store_name": "מישור אדומים",
        "chainname": "רמי לוי",
        "subchainname": "רמי לוי",
        "storeid": 6,
        "address": "איתם 1",
        "city": "מישור אדומים",
        "zipcode": 0,
        "average_price_diff": -12.96718668,
        "kashi_item_count": 2491
      }
    },
    {
      "type": "Feature",
      "geometry": {
        "type": "Point",
        "coordinates": [
          35.1465644,
          31.7964782
        ]
      },
      "properties": {
        "store_code": "ram_007",
        "store_name": "מבשרת",
        "chainname": "רמי לוי",
        "subchainname": "רמי לוי",
        "storeid": 7,
        "address": "החוצבים 10",
        "city": "מבשרת ציון",
        "zipcode": 0,
        "average_price_diff": -12.75798463,
        "kashi_item_count": 2360
      }
    },
    {
      "type": "Feature",
      "geometry": {
        "type": "Point",
        "coordinates": [
          35.25966985,
          31.86573468
        ]
      },
      "properties": {
        "store_code": "ram_008",
        "store_name": "שער בנימין",
        "chainname": "רמי לוי",
        "subchainname": "רמי לוי",
        "storeid": 8,
        "address": "מרכז מסחרי מטה בנמין",
        "city": "ירושלים",
        "zipcode": 0,
        "average_price_diff": -13.00498279,
        "kashi_item_count": 2259
      }
    },
    {
      "type": "Feature",
      "geometry": {
        "type": "Point",
        "coordinates": [
          34.754139,
          31.7278229
        ]
      },
      "properties": {
        "store_code": "ram_009",
        "store_name": "קסיטנה",
        "chainname": "רמי לוי",
        "subchainname": "רמי לוי",
        "storeid": 9,
        "address": "א.ת באר טוביה",
        "city": "קרית מלאכי",
        "zipcode": 0,
        "average_price_diff": -14.04772094,
        "kashi_item_count": 2286
      }
    },
    {
      "type": "Feature",
      "geometry": {
        "type": "Point",
        "coordinates": [
          35.014572,
          31.921173
        ]
      },
      "properties": {
        "store_code": "ram_010",
        "store_name": "מודיעין חדש",
        "chainname": "רמי לוי",
        "subchainname": "רמי לוי",
        "storeid": 10,
        "address": "א.ת שילת",
        "city": "מודיעין מכבים רעות",
        "zipcode": 0,
        "average_price_diff": -12.76778917,
        "kashi_item_count": 2346
      }
    },
    {
      "type": "Feature",
      "geometry": {
        "type": "Point",
        "coordinates": [
          35.2930192,
          32.6036284
        ]
      },
      "properties": {
        "store_code": "ram_011",
        "store_name": "עפולה",
        "chainname": "רמי לוי",
        "subchainname": "רמי לוי",
        "storeid": 11,
        "address": "יהושוע חנקין 14",
        "city": "עפולה",
        "zipcode": 0,
        "average_price_diff": -13.75556407,
        "kashi_item_count": 2441
      }
    },
    {
      "type": "Feature",
      "geometry": {
        "type": "Point",
        "coordinates": [
          35.107769,
          31.6998481
        ]
      },
      "properties": {
        "store_code": "ram_012",
        "store_name": "ביתר עלית",
        "chainname": "רמי לוי",
        "subchainname": "רמי לוי",
        "storeid": 12,
        "address": "ביתר עלית",
        "city": "ירושלים",
        "zipcode": 0,
        "average_price_diff": -13.26608241,
        "kashi_item_count": 1816
      }
    },
    {
      "type": "Feature",
      "geometry": {
        "type": "Point",
        "coordinates": [
          35.1873851,
          31.7857605
        ]
      },
      "properties": {
        "store_code": "ram_013",
        "store_name": "גבעת שאול",
        "chainname": "רמי לוי",
        "subchainname": "רמי לוי",
        "storeid": 13,
        "address": "בית הדפוס 13",
        "city": "ירושלים",
        "zipcode": 0,
        "average_price_diff": -12.53134495,
        "kashi_item_count": 2142
      }
    },
    {
      "type": "Feature",
      "geometry": {
        "type": "Point",
        "coordinates": [
          35.4986223,
          32.7844835
        ]
      },
      "properties": {
        "store_code": "ram_014",
        "store_name": "טבריה",
        "chainname": "רמי לוי",
        "subchainname": "רמי לוי",
        "storeid": 14,
        "address": "צומת פוריה ביג",
        "city": "טבריה",
        "zipcode": 0,
        "average_price_diff": -12.93125935,
        "kashi_item_count": 2386
      }
    },
    {
      "type": "Feature",
      "geometry": {
        "type": "Point",
        "coordinates": [
          35.0473851,
          32.7701955
        ]
      },
      "properties": {
        "store_code": "ram_015",
        "store_name": "נשר",
        "chainname": "רמי לוי",
        "subchainname": "רמי לוי",
        "storeid": 15,
        "address": "דרך השלום 13",
        "city": "חיפה",
        "zipcode": 0,
        "average_price_diff": -12.94500029,
        "kashi_item_count": 2428
      }
    },
    {
      "type": "Feature",
      "geometry": {
        "type": "Point",
        "coordinates": [
          34.8311958,
          32.1013984
        ]
      },
      "properties": {
        "store_code": "ram_016",
        "store_name": "רמת גן איילון",
        "chainname": "רמי לוי",
        "subchainname": "רמי לוי",
        "storeid": 16,
        "address": "מבצע קדש 68",
        "city": "בני ברק",
        "zipcode": 0,
        "average_price_diff": -12.689962,
        "kashi_item_count": 2327
      }
    },
    {
      "type": "Feature",
      "geometry": {
        "type": "Point",
        "coordinates": [
          34.9555511,
          32.1072425
        ]
      },
      "properties": {
        "store_code": "ram_017",
        "store_name": "ראש העין",
        "chainname": "רמי לוי",
        "subchainname": "רמי לוי",
        "storeid": 17,
        "address": "א.ת לב הארץ",
        "city": "ראש העין",
        "zipcode": 0,
        "average_price_diff": -12.86509112,
        "kashi_item_count": 2372
      }
    },
    {
      "type": "Feature",
      "geometry": {
        "type": "Point",
        "coordinates": [
          35.0536682,
          32.8187067
        ]
      },
      "properties": {
        "store_code": "ram_019",
        "store_name": "אדמרליטי",
        "chainname": "רמי לוי",
        "subchainname": "רמי לוי",
        "storeid": 19,
        "address": "חלוצי התעשיה 73",
        "city": "חיפה",
        "zipcode": 0,
        "average_price_diff": -12.52375205,
        "kashi_item_count": 2462
      }
    },
    {
      "type": "Feature",
      "geometry": {
        "type": "Point",
        "coordinates": [
          34.93345,
          32.569352
        ]
      },
      "properties": {
        "store_code": "ram_020",
        "store_name": "זכרון יעקב",
        "chainname": "רמי לוי",
        "subchainname": "רמי לוי",
        "storeid": 20,
        "address": "מול זכרון",
        "city": "זכרון יעקב",
        "zipcode": 0,
        "average_price_diff": -13.05653266,
        "kashi_item_count": 2558
      }
    },
    {
      "type": "Feature",
      "geometry": {
        "type": "Point",
        "coordinates": [
          35.1850293,
          31.7882871
        ]
      },
      "properties": {
        "store_code": "ram_022",
        "store_name": "כנפי נשרים",
        "chainname": "רמי לוי",
        "subchainname": "רמי לוי",
        "storeid": 22,
        "address": "כנפי נשרים 26",
        "city": "ירושלים",
        "zipcode": 0,
        "average_price_diff": -12.5792811,
        "kashi_item_count": 2002
      }
    },
    {
      "type": "Feature",
      "geometry": {
        "type": "Point",
        "coordinates": [
          35.15158,
          31.6425423
        ]
      },
      "properties": {
        "store_code": "ram_023",
        "store_name": "גוש עציון",
        "chainname": "רמי לוי",
        "subchainname": "רמי לוי",
        "storeid": 23,
        "address": "צומת גוש עציון",
        "city": "גוש עציון",
        "zipcode": 0,
        "average_price_diff": -13.18252877,
        "kashi_item_count": 2365
      }
    },
    {
      "type": "Feature",
      "geometry": {
        "type": "Point",
        "coordinates": [
          34.8623046,
          32.2927627
        ]
      },
      "properties": {
        "store_code": "ram_024",
        "store_name": "נתניה",
        "chainname": "רמי לוי",
        "subchainname": "רמי לוי",
        "storeid": 24,
        "address": "המחקר 3",
        "city": "נתניה",
        "zipcode": 0,
        "average_price_diff": -12.83159993,
        "kashi_item_count": 2410
      }
    },
    {
      "type": "Feature",
      "geometry": {
        "type": "Point",
        "coordinates": [
          34.96044549,
          31.88905346
        ]
      },
      "properties": {
        "store_code": "ram_025",
        "store_name": "מודעין ישפרו",
        "chainname": "רמי לוי",
        "subchainname": "רמי לוי",
        "storeid": 25,
        "address": "מתחם ישפרו",
        "city": "מודיעין מכבים רעות",
        "zipcode": 0,
        "average_price_diff": -13.00445678,
        "kashi_item_count": 2272
      }
    },
    {
      "type": "Feature",
      "geometry": {
        "type": "Point",
        "coordinates": [
          34.6595852,
          31.8142964
        ]
      },
      "properties": {
        "store_code": "ram_026",
        "store_name": "אשדוד",
        "chainname": "רמי לוי",
        "subchainname": "רמי לוי",
        "storeid": 26,
        "address": "היהלומים 8",
        "city": "אשדוד",
        "zipcode": 0,
        "average_price_diff": -14.05973026,
        "kashi_item_count": 2429
      }
    },
    {
      "type": "Feature",
      "geometry": {
        "type": "Point",
        "coordinates": [
          34.7999419,
          31.2332817
        ]
      },
      "properties": {
        "store_code": "ram_027",
        "store_name": "באר שבע",
        "chainname": "רמי לוי",
        "subchainname": "רמי לוי",
        "storeid": 27,
        "address": "הע.ל עמק שרה",
        "city": "באר שבע",
        "zipcode": 0,
        "average_price_diff": -12.96948412,
        "kashi_item_count": 2353
      }
    },
    {
      "type": "Feature",
      "geometry": {
        "type": "Point",
        "coordinates": [
          35.0914497,
          32.8990325
        ]
      },
      "properties": {
        "store_code": "ram_028",
        "store_name": "עכו",
        "chainname": "רמי לוי",
        "subchainname": "רמי לוי",
        "storeid": 28,
        "address": "בוליטמור 2",
        "city": "עכו",
        "zipcode": 0,
        "average_price_diff": -12.92576468,
        "kashi_item_count": 2326
      }
    },
    {
      "type": "Feature",
      "geometry": {
        "type": "Point",
        "coordinates": [
          34.9705182,
          32.4888176
        ]
      },
      "properties": {
        "store_code": "ram_029",
        "store_name": "פרדס חנה ביג",
        "chainname": "רמי לוי",
        "subchainname": "רמי לוי",
        "storeid": 29,
        "address": "תדהר 1",
        "city": "פרדס חנה כרכור",
        "zipcode": 0,
        "average_price_diff": -12.82937413,
        "kashi_item_count": 2438
      }
    },
    {
      "type": "Feature",
      "geometry": {
        "type": "Point",
        "coordinates": [
          34.9204034,
          32.2762888
        ]
      },
      "properties": {
        "store_code": "ram_030",
        "store_name": "קדימה",
        "chainname": "רמי לוי",
        "subchainname": "רמי לוי",
        "storeid": 30,
        "address": "הזרם 2",
        "city": "קדימה",
        "zipcode": 0,
        "average_price_diff": -12.97901217,
        "kashi_item_count": 2278
      }
    },
    {
      "type": "Feature",
      "geometry": {
        "type": "Point",
        "coordinates": [
          34.607878,
          31.422839
        ]
      },
      "properties": {
        "store_code": "ram_031",
        "store_name": "נתיבות",
        "chainname": "רמי לוי",
        "subchainname": "רמי לוי",
        "storeid": 31,
        "address": "צומת בית הגדי",
        "city": "נתיבות",
        "zipcode": 0,
        "average_price_diff": -13.02974784,
        "kashi_item_count": 2321
      }
    },
    {
      "type": "Feature",
      "geometry": {
        "type": "Point",
        "coordinates": [
          35.1034588,
          33.0327904
        ]
      },
      "properties": {
        "store_code": "ram_032",
        "store_name": "נהריה",
        "chainname": "רמי לוי",
        "subchainname": "רמי לוי",
        "storeid": 32,
        "address": "היוצרים א.ת צפוני",
        "city": "נהריה",
        "zipcode": 0,
        "average_price_diff": -12.1738407,
        "kashi_item_count": 2424
      }
    },
    {
      "type": "Feature",
      "geometry": {
        "type": "Point",
        "coordinates": [
          34.9275245,
          32.1728401
        ]
      },
      "properties": {
        "store_code": "ram_033",
        "store_name": "כפר סבא",
        "chainname": "רמי לוי",
        "subchainname": "רמי לוי",
        "storeid": 33,
        "address": "גלגלי פלדה 2",
        "city": "כפר סבא",
        "zipcode": 0,
        "average_price_diff": -12.79574511,
        "kashi_item_count": 2339
      }
    },
    {
      "type": "Feature",
      "geometry": {
        "type": "Point",
        "coordinates": [
          34.8573341,
          32.0877037
        ]
      },
      "properties": {
        "store_code": "ram_034",
        "store_name": "פתח תקווה",
        "chainname": "רמי לוי",
        "subchainname": "רמי לוי",
        "storeid": 34,
        "address": "הסיבים 37",
        "city": "פתח תקווה",
        "zipcode": 0,
        "average_price_diff": -13.18906537,
        "kashi_item_count": 2342
      }
    },
    {
      "type": "Feature",
      "geometry": {
        "type": "Point",
        "coordinates": [
          34.5528526,
          31.6355114
        ]
      },
      "properties": {
        "store_code": "ram_035",
        "store_name": "אשקלון",
        "chainname": "רמי לוי",
        "subchainname": "רמי לוי",
        "storeid": 35,
        "address": "המתכנן 8",
        "city": "אשקלון",
        "zipcode": 0,
        "average_price_diff": -12.7804829,
        "kashi_item_count": 2251
      }
    },
    {
      "type": "Feature",
      "geometry": {
        "type": "Point",
        "coordinates": [
          35.3080062,
          32.9235
        ]
      },
      "properties": {
        "store_code": "ram_036",
        "store_name": "כרמיאל",
        "chainname": "רמי לוי",
        "subchainname": "רמי לוי",
        "storeid": 36,
        "address": "היוצרים 7",
        "city": "כרמיאל",
        "zipcode": 2165233,
        "average_price_diff": -12.93414476,
        "kashi_item_count": 2384
      }
    },
    {
      "type": "Feature",
      "geometry": {
        "type": "Point",
        "coordinates": [
          34.87136196,
          32.32211824
        ]
      },
      "properties": {
        "store_code": "ram_037",
        "store_name": "נתניה חדש",
        "chainname": "רמי לוי",
        "subchainname": "רמי לוי",
        "storeid": 37,
        "address": "האורזים 8",
        "city": "נתניה",
        "zipcode": 0,
        "average_price_diff": -12.54975092,
        "kashi_item_count": 2288
      }
    },
    {
      "type": "Feature",
      "geometry": {
        "type": "Point",
        "coordinates": [
          35.587746,
          33.216187
        ]
      },
      "properties": {
        "store_code": "ram_038",
        "store_name": "קרית שמונה",
        "chainname": "רמי לוי",
        "subchainname": "רמי לוי",
        "storeid": 38,
        "address": "איזור תעשיה צפוני קרית שמונה",
        "city": "קרית שמונה",
        "zipcode": 0,
        "average_price_diff": -13.13332726,
        "kashi_item_count": 2200
      }
    },
    {
      "type": "Feature",
      "geometry": {
        "type": "Point",
        "coordinates": [
          34.7338294,
          31.885868
        ]
      },
      "properties": {
        "store_code": "ram_040",
        "store_name": "יבנה",
        "chainname": "רמי לוי",
        "subchainname": "רמי לוי",
        "storeid": 40,
        "address": "הקישון 9 קניון G",
        "city": "יבנה",
        "zipcode": 0,
        "average_price_diff": -12.96515797,
        "kashi_item_count": 2367
      }
    },
    {
      "type": "Feature",
      "geometry": {
        "type": "Point",
        "coordinates": [
          34.7865316,
          31.8933542
        ]
      },
      "properties": {
        "store_code": "ram_041",
        "store_name": "רחובות",
        "chainname": "רמי לוי",
        "subchainname": "רמי לוי",
        "storeid": 41,
        "address": "מוטי קינד 1",
        "city": "רחובות",
        "zipcode": 7638507,
        "average_price_diff": -9.945057443,
        "kashi_item_count": 2321
      }
    },
    {
      "type": "Feature",
      "geometry": {
        "type": "Point",
        "coordinates": [
          34.8917808,
          31.9453029
        ]
      },
      "properties": {
        "store_code": "ram_042",
        "store_name": "לוד",
        "chainname": "רמי לוי",
        "subchainname": "רמי לוי",
        "storeid": 42,
        "address": "שד הציונות 1",
        "city": "לוד",
        "zipcode": 7127710,
        "average_price_diff": -13.05693701,
        "kashi_item_count": 2089
      }
    },
    {
      "type": "Feature",
      "geometry": {
        "type": "Point",
        "coordinates": [
          34.76957949,
          31.98476378
        ]
      },
      "properties": {
        "store_code": "ram_043",
        "store_name": "ראשון לציון",
        "chainname": "רמי לוי",
        "subchainname": "רמי לוי",
        "storeid": 43,
        "address": "שד משה דיין",
        "city": "ראשון לציון",
        "zipcode": 7565839,
        "average_price_diff": -12.95272597,
        "kashi_item_count": 2269
      }
    },
    {
      "type": "Feature",
      "geometry": {
        "type": "Point",
        "coordinates": [
          34.9052124,
          32.4555358
        ]
      },
      "properties": {
        "store_code": "ram_044",
        "store_name": "חדרה",
        "chainname": "רמי לוי",
        "subchainname": "רמי לוי",
        "storeid": 44,
        "address": "השלום 1",
        "city": "חדרה",
        "zipcode": 3846201,
        "average_price_diff": -13.92119692,
        "kashi_item_count": 2913
      }
    },
    {
      "type": "Feature",
      "geometry": {
        "type": "Point",
        "coordinates": [
          34.7475226,
          32.0045095
        ]
      },
      "properties": {
        "store_code": "ram_045",
        "store_name": "בת ים",
        "chainname": "רמי לוי",
        "subchainname": "רמי לוי",
        "storeid": 45,
        "address": "העמל 20",
        "city": "בת ים",
        "zipcode": 5960705,
        "average_price_diff": -12.8706964,
        "kashi_item_count": 2359
      }
    },
    {
      "type": "Feature",
      "geometry": {
        "type": "Point",
        "coordinates": [
          34.8812187,
          32.194741
        ]
      },
      "properties": {
        "store_code": "ram_046",
        "store_name": "רעננה",
        "chainname": "רמי לוי",
        "subchainname": "רמי לוי",
        "storeid": 46,
        "address": "החרושת 12",
        "city": "רעננה",
        "zipcode": 4365706,
        "average_price_diff": -12.87790777,
        "kashi_item_count": 2337
      }
    },
    {
      "type": "Feature",
      "geometry": {
        "type": "Point",
        "coordinates": [
          35.2175129,
          31.8534787
        ]
      },
      "properties": {
        "store_code": "ram_048",
        "store_name": "עטרות",
        "chainname": "רמי לוי",
        "subchainname": "רמי לוי",
        "storeid": 48,
        "address": "קניון עטרות",
        "city": "ירושלים",
        "zipcode": 0,
        "average_price_diff": -12.84955013,
        "kashi_item_count": 2283
      }
    },
    {
      "type": "Feature",
      "geometry": {
        "type": "Point",
        "coordinates": [
          34.98664089,
          31.75601939
        ]
      },
      "properties": {
        "store_code": "ram_049",
        "store_name": "בית שמש",
        "chainname": "רמי לוי",
        "subchainname": "רמי לוי",
        "storeid": 49,
        "address": "יגאל אלון 4",
        "city": "בית שמש",
        "zipcode": 9906204,
        "average_price_diff": -12.84015224,
        "kashi_item_count": 2260
      }
    },
    {
      "type": "Feature",
      "geometry": {
        "type": "Point",
        "coordinates": [
          34.7983618,
          32.0239698
        ]
      },
      "properties": {
        "store_code": "ram_050",
        "store_name": "חולון",
        "chainname": "רמי לוי",
        "subchainname": "רמי לוי",
        "storeid": 50,
        "address": "תמנע 6",
        "city": "חולון",
        "zipcode": 5881213,
        "average_price_diff": -12.80650173,
        "kashi_item_count": 2501
      }
    },
    {
      "type": "Feature",
      "geometry": {
        "type": "Point",
        "coordinates": [
          35.1701331,
          32.1007198
        ]
      },
      "properties": {
        "store_code": "ram_053",
        "store_name": "אריאל",
        "chainname": "רמי לוי",
        "subchainname": "רמי לוי",
        "storeid": 53,
        "address": "הבנאי 6",
        "city": "אריאל",
        "zipcode": 0,
        "average_price_diff": -12.89572164,
        "kashi_item_count": 2347
      }
    },
    {
      "type": "Feature",
      "geometry": {
        "type": "Point",
        "coordinates": [
          34.7722626,
          31.6038516
        ]
      },
      "properties": {
        "store_code": "ram_054",
        "store_name": "קרית גת",
        "chainname": "רמי לוי",
        "subchainname": "רמי לוי",
        "storeid": 54,
        "address": "דרך הדרום 3 מרכז ביג",
        "city": "קרית גת",
        "zipcode": 0,
        "average_price_diff": -12.96098575,
        "kashi_item_count": 2343
      }
    },
    {
      "type": "Feature",
      "geometry": {
        "type": "Point",
        "coordinates": [
          34.8425025,
          32.1130943
        ]
      },
      "properties": {
        "store_code": "ram_055",
        "store_name": "רמת החייל",
        "chainname": "רמי לוי",
        "subchainname": "רמי לוי",
        "storeid": 55,
        "address": "דבורה הנביאה 127",
        "city": "תל אביב יפו",
        "zipcode": 8424408,
        "average_price_diff": -13.05010122,
        "kashi_item_count": 2456
      }
    },
    {
      "type": "Feature",
      "geometry": {
        "type": "Point",
        "coordinates": [
          34.5945205,
          31.6619129
        ]
      },
      "properties": {
        "store_code": "ram_056",
        "store_name": "אשקלון צפון",
        "chainname": "רמי לוי",
        "subchainname": "רמי לוי",
        "storeid": 56,
        "address": "צהל 99",
        "city": "אשקלון",
        "zipcode": 0,
        "average_price_diff": -13.03712394,
        "kashi_item_count": 2189
      }
    },
    {
      "type": "Feature",
      "geometry": {
        "type": "Point",
        "coordinates": [
          34.9656482,
          32.7896594
        ]
      },
      "properties": {
        "store_code": "ram_057",
        "store_name": "עזריאלי חיפה",
        "chainname": "רמי לוי",
        "subchainname": "רמי לוי",
        "storeid": 57,
        "address": "משה פלימן 4",
        "city": "חיפה",
        "zipcode": 3508416,
        "average_price_diff": -12.62905464,
        "kashi_item_count": 2269
      }
    },
    {
      "type": "Feature",
      "geometry": {
        "type": "Point",
        "coordinates": [
          34.9254335,
          32.4368339
        ]
      },
      "properties": {
        "store_code": "ram_058",
        "store_name": "חדרה ויוה",
        "chainname": "רמי לוי",
        "subchainname": "רמי לוי",
        "storeid": 58,
        "address": "תרנא 20",
        "city": "חדרה",
        "zipcode": 0,
        "average_price_diff": -12.65611547,
        "kashi_item_count": 1666
      }
    },
    {
      "type": "Feature",
      "geometry": {
        "type": "Point",
        "coordinates": [
          34.876961,
          31.9263512
        ]
      },
      "properties": {
        "store_code": "ram_059",
        "store_name": "רמלה",
        "chainname": "רמי לוי",
        "subchainname": "רמי לוי",
        "storeid": 59,
        "address": "שדרות הרצל 91",
        "city": "רמלה",
        "zipcode": 7243003,
        "average_price_diff": -13.31554942,
        "kashi_item_count": 1629
      }
    },
    {
      "type": "Feature",
      "geometry": {
        "type": "Point",
        "coordinates": [
          34.7722626,
          31.60408002
        ]
      },
      "properties": {
        "store_code": "ram_061",
        "store_name": "כרמי גת",
        "chainname": "רמי לוי",
        "subchainname": "רמי לוי",
        "storeid": 61,
        "address": "כרמי גת",
        "city": "קרית גת",
        "zipcode": null,
        "average_price_diff": -12.98334902,
        "kashi_item_count": 2345
      }
    },
    {
      "type": "Feature",
      "geometry": {
        "type": "Point",
        "coordinates": [
          35.0478477,
          32.7705497
        ]
      },
      "properties": {
        "store_code": "ram_062",
        "store_name": "צק פוסט",
        "chainname": "רמי לוי",
        "subchainname": "רמי לוי",
        "storeid": 62,
        "address": "בר יהודה ישראל 111",
        "city": "חיפה",
        "zipcode": 0,
        "average_price_diff": -10.2806077,
        "kashi_item_count": 2335
      }
    },
    {
      "type": "Feature",
      "geometry": {
        "type": "Point",
        "coordinates": [
          34.81441995,
          31.24303229
        ]
      },
      "properties": {
        "store_code": "ram_063",
        "store_name": "ביג באר שבע החדש",
        "chainname": "רמי לוי",
        "subchainname": "רמי לוי",
        "storeid": 63,
        "address": "דרך חברון 21",
        "city": "באר שבע",
        "zipcode": 8424408,
        "average_price_diff": -13.07045296,
        "kashi_item_count": 2316
      }
    },
    {
      "type": "Feature",
      "geometry": {
        "type": "Point",
        "coordinates": [
          34.91641707,
          32.51800223
        ]
      },
      "properties": {
        "store_code": "ram_064",
        "store_name": "אור עקיבא",
        "chainname": "רמי לוי",
        "subchainname": "רמי לוי",
        "storeid": 64,
        "address": "הכרמל 1",
        "city": "אור עקיבא",
        "zipcode": 0,
        "average_price_diff": -13.23144822,
        "kashi_item_count": 1929
      }
    },
    {
      "type": "Feature",
      "geometry": {
        "type": "Point",
        "coordinates": [
          35.23156637,
          32.69582304
        ]
      },
      "properties": {
        "store_code": "ram_066",
        "store_name": "מגדל העמק",
        "chainname": "רמי לוי",
        "subchainname": "רמי לוי",
        "storeid": 66,
        "address": "כפר החורש",
        "city": "מגדל העמק",
        "zipcode": null,
        "average_price_diff": -13.77868591,
        "kashi_item_count": 2351
      }
    },
    {
      "type": "Feature",
      "geometry": {
        "type": "Point",
        "coordinates": [
          34.8604469,
          32.32909851
        ]
      },
      "properties": {
        "store_code": "ram_068",
        "store_name": "רמי לוי יהלום נתניה",
        "chainname": "רמי לוי",
        "subchainname": " רמי לוי לעסקים",
        "storeid": 68,
        "address": "יהלום",
        "city": "נתניה",
        "zipcode": 0,
        "average_price_diff": -12.74221793,
        "kashi_item_count": 2066
      }
    },
    {
      "type": "Feature",
      "geometry": {
        "type": "Point",
        "coordinates": [
          34.84386648,
          31.84983762
        ]
      },
      "properties": {
        "store_code": "ram_069",
        "store_name": "אופקים",
        "chainname": "רמי לוי",
        "subchainname": "רמי לוי",
        "storeid": 69,
        "address": "מנחם בגין 2",
        "city": "אופקים",
        "zipcode": 87585,
        "average_price_diff": -12.89250351,
        "kashi_item_count": 2270
      }
    },
    {
      "type": "Feature",
      "geometry": {
        "type": "Point",
        "coordinates": [
          34.9994121,
          31.7074303
        ]
      },
      "properties": {
        "store_code": "ram_071",
        "store_name": "רמת בית שמש",
        "chainname": "רמי לוי",
        "subchainname": "רמי לוי",
        "storeid": 71,
        "address": "שדרות נהר הירקון 38",
        "city": "בית שמש",
        "zipcode": 0,
        "average_price_diff": -12.88605393,
        "kashi_item_count": 2004
      }
    },
    {
      "type": "Feature",
      "geometry": {
        "type": "Point",
        "coordinates": [
          35.50451942,
          32.49803101
        ]
      },
      "properties": {
        "store_code": "ram_074",
        "store_name": "רמי לוי בית שאן",
        "chainname": "רמי לוי",
        "subchainname": "רמי לוי",
        "storeid": 74,
        "address": "בית שאן",
        "city": "בית שאן",
        "zipcode": 0,
        "average_price_diff": -13.6595288,
        "kashi_item_count": 1722
      }
    },
    {
      "type": "Feature",
      "geometry": {
        "type": "Point",
        "coordinates": [
          35.200415,
          31.7323116
        ]
      },
      "properties": {
        "store_code": "ram_700",
        "store_name": "בית הפירות פסגת זאב",
        "chainname": "רמי לוי",
        "subchainname": "רמי לוי",
        "storeid": 700,
        "address": "הרוזמרין 33",
        "city": "ירושלים",
        "zipcode": 0,
        "average_price_diff": 0.920771634,
        "kashi_item_count": 923
      }
    },
    {
      "type": "Feature",
      "geometry": {
        "type": "Point",
        "coordinates": [
          35.1978328,
          31.74883394
        ]
      },
      "properties": {
        "store_code": "ram_703",
        "store_name": "בית הפירות פת",
        "chainname": "רמי לוי",
        "subchainname": "רמי לוי",
        "storeid": 703,
        "address": "(כתובת לא מצוינת)",
        "city": "ירושלים",
        "zipcode": 0,
        "average_price_diff": -0.453758958,
        "kashi_item_count": 927
      }
    },
    {
      "type": "Feature",
      "geometry": {
        "type": "Point",
        "coordinates": [
          34.98618402,
          31.74898793
        ]
      },
      "properties": {
        "store_code": "ram_704",
        "store_name": "בית הפירות בית שמש",
        "chainname": "רמי לוי",
        "subchainname": "רמי לוי",
        "storeid": 704,
        "address": "unknown",
        "city": "בית שמש",
        "zipcode": 0,
        "average_price_diff": 0.501981721,
        "kashi_item_count": 1025
      }
    },
    {
      "type": "Feature",
      "geometry": {
        "type": "Point",
        "coordinates": [
          35.17548524,
          31.76108638
        ]
      },
      "properties": {
        "store_code": "ram_705",
        "store_name": "בית הפירות קרית יובל",
        "chainname": "רמי לוי",
        "subchainname": "רמי לוי",
        "storeid": 705,
        "address": "אורוגוואי 1",
        "city": "ירושלים",
        "zipcode": 0,
        "average_price_diff": -0.051287552,
        "kashi_item_count": 925
      }
    },
    {
      "type": "Feature",
      "geometry": {
        "type": "Point",
        "coordinates": [
          34.858117,
          32.025119
        ]
      },
      "properties": {
        "store_code": "ram_708",
        "store_name": "עזריאלי אור יהודה",
        "chainname": "רמי לוי",
        "subchainname": "רמי לוי",
        "storeid": 708,
        "address": "קניון עזריאלי אור יהודה מינוס 1",
        "city": "אור יהודה",
        "zipcode": 0,
        "average_price_diff": 0.915165066,
        "kashi_item_count": 806
      }
    },
    {
      "type": "Feature",
      "geometry": {
        "type": "Point",
        "coordinates": [
          34.636615,
          31.7778244
        ]
      },
      "properties": {
        "store_code": "ram_709",
        "store_name": "שבט לוי אשדוד",
        "chainname": "רמי לוי",
        "subchainname": "רמי לוי בשכונה",
        "storeid": 709,
        "address": "שבט לוי 14 רובע יב",
        "city": "אשדוד",
        "zipcode": 0,
        "average_price_diff": 0.613148797,
        "kashi_item_count": 1173
      }
    },
    {
      "type": "Feature",
      "geometry": {
        "type": "Point",
        "coordinates": [
          34.582204,
          31.669926
        ]
      },
      "properties": {
        "store_code": "ram_710",
        "store_name": "אלי כהן אשקלון",
        "chainname": "רמי לוי",
        "subchainname": "רמי לוי בשכונה",
        "storeid": 710,
        "address": "אלי כהן 43",
        "city": "אשקלון",
        "zipcode": 0,
        "average_price_diff": 0.92111784,
        "kashi_item_count": 854
      }
    },
    {
      "type": "Feature",
      "geometry": {
        "type": "Point",
        "coordinates": [
          34.79755862,
          31.254603
        ]
      },
      "properties": {
        "store_code": "ram_711",
        "store_name": "רגר באר שבע",
        "chainname": "רמי לוי",
        "subchainname": "רמי לוי בשכונה",
        "storeid": 711,
        "address": "יעקב כהן 12",
        "city": "באר שבע",
        "zipcode": 0,
        "average_price_diff": 1.97813612,
        "kashi_item_count": 957
      }
    },
    {
      "type": "Feature",
      "geometry": {
        "type": "Point",
        "coordinates": [
          34.8183712,
          32.0750352
        ]
      },
      "properties": {
        "store_code": "ram_713",
        "store_name": "בן גוריון גבעתיים",
        "chainname": "רמי לוי",
        "subchainname": "רמי לוי בשכונה",
        "storeid": 713,
        "address": "בן גוריון 182",
        "city": "גבעתיים",
        "zipcode": 0,
        "average_price_diff": 1.079813644,
        "kashi_item_count": 1607
      }
    },
    {
      "type": "Feature",
      "geometry": {
        "type": "Point",
        "coordinates": [
          34.90185185,
          32.1595098
        ]
      },
      "properties": {
        "store_code": "ram_714",
        "store_name": "מגדיאל הוד השרון",
        "chainname": "רמי לוי",
        "subchainname": "רמי לוי בשכונה",
        "storeid": 714,
        "address": "מגדיאל 57",
        "city": "הוד השרון",
        "zipcode": 0,
        "average_price_diff": 0.519071832,
        "kashi_item_count": 1179
      }
    },
    {
      "type": "Feature",
      "geometry": {
        "type": "Point",
        "coordinates": [
          34.846248,
          32.1670426
        ]
      },
      "properties": {
        "store_code": "ram_715",
        "store_name": "סוקולוב הרצליה",
        "chainname": "רמי לוי",
        "subchainname": "רמי לוי בשכונה",
        "storeid": 715,
        "address": "סוקולוב 56",
        "city": "הרצליה",
        "zipcode": 0,
        "average_price_diff": 1.077020892,
        "kashi_item_count": 1077
      }
    },
    {
      "type": "Feature",
      "geometry": {
        "type": "Point",
        "coordinates": [
          34.9190038,
          32.43738432
        ]
      },
      "properties": {
        "store_code": "ram_716",
        "store_name": "הרצל חדרה",
        "chainname": "רמי לוי",
        "subchainname": "רמי לוי בשכונה",
        "storeid": 716,
        "address": "הרצל 27",
        "city": "חדרה",
        "zipcode": 0,
        "average_price_diff": 0.484465932,
        "kashi_item_count": 986
      }
    },
    {
      "type": "Feature",
      "geometry": {
        "type": "Point",
        "coordinates": [
          34.77825519,
          32.0226326
        ]
      },
      "properties": {
        "store_code": "ram_718",
        "store_name": "שוויצריה סוקולוב",
        "chainname": "רמי לוי",
        "subchainname": "שוויצריה הקטנה",
        "storeid": 718,
        "address": "סוקולוב 84",
        "city": "חולון",
        "zipcode": 0,
        "average_price_diff": -0.893180037,
        "kashi_item_count": 592
      }
    },
    {
      "type": "Feature",
      "geometry": {
        "type": "Point",
        "coordinates": [
          34.90785819,
          32.1743881
        ]
      },
      "properties": {
        "store_code": "ram_719",
        "store_name": "רוטשילד כפר סבא",
        "chainname": "רמי לוי",
        "subchainname": "רמי לוי בשכונה",
        "storeid": 719,
        "address": "רוטשילד 39",
        "city": "כפר סבא",
        "zipcode": 0,
        "average_price_diff": 1.100462809,
        "kashi_item_count": 966
      }
    },
    {
      "type": "Feature",
      "geometry": {
        "type": "Point",
        "coordinates": [
          34.87186989,
          32.3105188
        ]
      },
      "properties": {
        "store_code": "ram_720",
        "store_name": "הרטום נתניה",
        "chainname": "רמי לוי",
        "subchainname": "רמי לוי בשכונה",
        "storeid": 720,
        "address": "הרטום 40",
        "city": "נתניה",
        "zipcode": 0,
        "average_price_diff": -0.286588924,
        "kashi_item_count": 1048
      }
    },
    {
      "type": "Feature",
      "geometry": {
        "type": "Point",
        "coordinates": [
          34.85916443,
          32.32987316
        ]
      },
      "properties": {
        "store_code": "ram_721",
        "store_name": "שוויצריה ויצמן נתניה",
        "chainname": "רמי לוי",
        "subchainname": "שוויצריה הקטנה",
        "storeid": 721,
        "address": "וייצמן 14",
        "city": "נתניה",
        "zipcode": 0,
        "average_price_diff": 1.050458971,
        "kashi_item_count": 1459
      }
    },
    {
      "type": "Feature",
      "geometry": {
        "type": "Point",
        "coordinates": [
          35.28822137,
          32.61197795
        ]
      },
      "properties": {
        "store_code": "ram_722",
        "store_name": "חטיבה תשע עפולה",
        "chainname": "רמי לוי",
        "subchainname": "סופר קופיקס",
        "storeid": 722,
        "address": "חטיבה תשע 34",
        "city": 7700,
        "zipcode": 0,
        "average_price_diff": -0.188699299,
        "kashi_item_count": 824
      }
    },
    {
      "type": "Feature",
      "geometry": {
        "type": "Point",
        "coordinates": [
          34.90780932,
          32.30571777
        ]
      },
      "properties": {
        "store_code": "ram_723",
        "store_name": "רמי לוי פרדסיה",
        "chainname": "רמי לוי",
        "subchainname": "רמי לוי בשכונה",
        "storeid": 723,
        "address": "הארז 32",
        "city": "פרדסיה",
        "zipcode": 0,
        "average_price_diff": 1.381172467,
        "kashi_item_count": 1001
      }
    },
    {
      "type": "Feature",
      "geometry": {
        "type": "Point",
        "coordinates": [
          34.8654668,
          32.09309438
        ]
      },
      "properties": {
        "store_code": "ram_724",
        "store_name": "קניון אבנת פתח תקווה",
        "chainname": "רמי לוי",
        "subchainname": "שוויצריה הקטנה",
        "storeid": 724,
        "address": "זבוטינסקי 72",
        "city": "פתח תקווה",
        "zipcode": 0,
        "average_price_diff": 0.226311648,
        "kashi_item_count": 1013
      }
    },
    {
      "type": "Feature",
      "geometry": {
        "type": "Point",
        "coordinates": [
          34.88715995,
          32.09141466
        ]
      },
      "properties": {
        "store_code": "ram_725",
        "store_name": "שטמפפר פתח תקווה",
        "chainname": "רמי לוי",
        "subchainname": "רמי לוי בשכונה",
        "storeid": 725,
        "address": "שטמפפר 37",
        "city": "פתח תקווה",
        "zipcode": 0,
        "average_price_diff": 1.562719016,
        "kashi_item_count": 821
      }
    },
    {
      "type": "Feature",
      "geometry": {
        "type": "Point",
        "coordinates": [
          34.8854813,
          32.07595848
        ]
      },
      "properties": {
        "store_code": "ram_726",
        "store_name": "רוטשילד פתח תקווה",
        "chainname": "רמי לוי",
        "subchainname": "רמי לוי בשכונה",
        "storeid": 726,
        "address": "רוטשילד 182",
        "city": "פתח תקווה",
        "zipcode": 0,
        "average_price_diff": 0.443700342,
        "kashi_item_count": 962
      }
    },
    {
      "type": "Feature",
      "geometry": {
        "type": "Point",
        "coordinates": [
          35.0923142,
          32.8429886
        ]
      },
      "properties": {
        "store_code": "ram_727",
        "store_name": "קיריון קרית ביאליק",
        "chainname": "רמי לוי",
        "subchainname": "רמי לוי בשכונה",
        "storeid": 727,
        "address": "דרך עכו 192",
        "city": "קרית ביאליק",
        "zipcode": 0,
        "average_price_diff": -0.098707839,
        "kashi_item_count": 862
      }
    },
    {
      "type": "Feature",
      "geometry": {
        "type": "Point",
        "coordinates": [
          34.9409454,
          32.0978894
        ]
      },
      "properties": {
        "store_code": "ram_728",
        "store_name": "שבזי ראש העין",
        "chainname": "רמי לוי",
        "subchainname": "רמי לוי בשכונה",
        "storeid": 728,
        "address": "שבזי 12",
        "city": 2640,
        "zipcode": 0,
        "average_price_diff": 0.331943846,
        "kashi_item_count": 778
      }
    },
    {
      "type": "Feature",
      "geometry": {
        "type": "Point",
        "coordinates": [
          34.77402107,
          31.97585869
        ]
      },
      "properties": {
        "store_code": "ram_729",
        "store_name": "קניון הבאר",
        "chainname": "רמי לוי",
        "subchainname": "רמי לוי בשכונה",
        "storeid": 729,
        "address": "קניון הבאר",
        "city": "ראשון לציון",
        "zipcode": 0,
        "average_price_diff": -9.178183391,
        "kashi_item_count": 1201
      }
    },
    {
      "type": "Feature",
      "geometry": {
        "type": "Point",
        "coordinates": [
          34.80152143,
          31.96359388
        ]
      },
      "properties": {
        "store_code": "ram_730",
        "store_name": "רמי לוי רוטשילד ראשון לציון",
        "chainname": "רמי לוי",
        "subchainname": "רמי לוי בשכונה",
        "storeid": 730,
        "address": "רוטשילד 45",
        "city": "ראשון לציון",
        "zipcode": 0,
        "average_price_diff": 0.628546708,
        "kashi_item_count": 1295
      }
    },
    {
      "type": "Feature",
      "geometry": {
        "type": "Point",
        "coordinates": [
          34.81007812,
          32.08595115
        ]
      },
      "properties": {
        "store_code": "ram_731",
        "store_name": "ביאליק רמת גן",
        "chainname": "רמי לוי",
        "subchainname": "רמי לוי בשכונה",
        "storeid": 731,
        "address": "ביאליק 79",
        "city": "רמת גן",
        "zipcode": 0,
        "average_price_diff": 0.730680771,
        "kashi_item_count": 1135
      }
    },
    {
      "type": "Feature",
      "geometry": {
        "type": "Point",
        "coordinates": [
          34.87857855,
          32.17979179
        ]
      },
      "properties": {
        "store_code": "ram_732",
        "store_name": "רמי לוי אחוזה",
        "chainname": "רמי לוי",
        "subchainname": "רמי לוי בשכונה",
        "storeid": 732,
        "address": " 83 אחוזה",
        "city": "רעננה",
        "zipcode": 0,
        "average_price_diff": 0.100559565,
        "kashi_item_count": 1045
      }
    },
    {
      "type": "Feature",
      "geometry": {
        "type": "Point",
        "coordinates": [
          34.7679687,
          32.0762671
        ]
      },
      "properties": {
        "store_code": "ram_733",
        "store_name": "בן יהודה תל אביב",
        "chainname": "רמי לוי",
        "subchainname": "רמי לוי בשכונה",
        "storeid": 733,
        "address": "בן יהודה 23",
        "city": "תל אביב",
        "zipcode": 0,
        "average_price_diff": -0.103664693,
        "kashi_item_count": 1164
      }
    },
    {
      "type": "Feature",
      "geometry": {
        "type": "Point",
        "coordinates": [
          34.7744319,
          32.0790473
        ]
      },
      "properties": {
        "store_code": "ram_734",
        "store_name": "אסתר המלכה תל אביב",
        "chainname": "רמי לוי",
        "subchainname": "רמי לוי בשכונה",
        "storeid": 734,
        "address": "אסתר המלכה 4",
        "city": "תל אביב",
        "zipcode": 0,
        "average_price_diff": 0.552061736,
        "kashi_item_count": 1136
      }
    },
    {
      "type": "Feature",
      "geometry": {
        "type": "Point",
        "coordinates": [
          34.786733,
          32.0692075
        ]
      },
      "properties": {
        "store_code": "ram_735",
        "store_name": "החשמונאים תל אביב",
        "chainname": "רמי לוי",
        "subchainname": "רמי לוי בשכונה",
        "storeid": 735,
        "address": "חשמונאים 100",
        "city": "תל אביב",
        "zipcode": 0,
        "average_price_diff": 0.619633285,
        "kashi_item_count": 1039
      }
    },
    {
      "type": "Feature",
      "geometry": {
        "type": "Point",
        "coordinates": [
          34.7722382,
          32.0547148
        ]
      },
      "properties": {
        "store_code": "ram_736",
        "store_name": "שוקן תל אביב",
        "chainname": "רמי לוי",
        "subchainname": "רמי לוי בשכונה",
        "storeid": 736,
        "address": "שוקן 1",
        "city": "תל אביב",
        "zipcode": 0,
        "average_price_diff": 0.169847215,
        "kashi_item_count": 1219
      }
    },
    {
      "type": "Feature",
      "geometry": {
        "type": "Point",
        "coordinates": [
          34.773397,
          32.0875412
        ]
      },
      "properties": {
        "store_code": "ram_737",
        "store_name": "בן יהודה תל אביב",
        "chainname": "רמי לוי",
        "subchainname": "רמי לוי בשכונה",
        "storeid": 737,
        "address": "בן יהודה 174",
        "city": "תל אביב",
        "zipcode": 0,
        "average_price_diff": 0.406069226,
        "kashi_item_count": 811
      }
    },
    {
      "type": "Feature",
      "geometry": {
        "type": "Point",
        "coordinates": [
          34.7704048,
          32.0813121
        ]
      },
      "properties": {
        "store_code": "shu_001",
        "store_name": "שלי ת\"א- בן יהודה",
        "chainname": "שופרסל",
        "subchainname": "שופרסל שלי",
        "storeid": 1,
        "address": "בן יהודה 79",
        "city": "תל אביב יפו",
        "zipcode": 6343504,
        "average_price_diff": 5.187193181,
        "kashi_item_count": 2631
      }
    },
    {
      "type": "Feature",
      "geometry": {
        "type": "Point",
        "coordinates": [
          35.2201038,
          31.7767924
        ]
      },
      "properties": {
        "store_code": "shu_002",
        "store_name": "שלי ירושלים- אגרון",
        "chainname": "שופרסל",
        "subchainname": "שופרסל שלי",
        "storeid": 2,
        "address": "אגרון 1",
        "city": "ירושלים",
        "zipcode": 942650,
        "average_price_diff": 5.537976686,
        "kashi_item_count": 2897
      }
    },
    {
      "type": "Feature",
      "geometry": {
        "type": "Point",
        "coordinates": [
          34.8154036,
          32.0783522
        ]
      },
      "properties": {
        "store_code": "shu_003",
        "store_name": "שלי גבעתיים- סירקין",
        "chainname": "שופרסל",
        "subchainname": "שופרסל שלי",
        "storeid": 3,
        "address": "סירקין 17",
        "city": "גבעתיים",
        "zipcode": 5325101,
        "average_price_diff": 5.257584053,
        "kashi_item_count": 2752
      }
    },
    {
      "type": "Feature",
      "geometry": {
        "type": "Point",
        "coordinates": [
          34.983837,
          32.80263
        ]
      },
      "properties": {
        "store_code": "shu_004",
        "store_name": "שלי חיפה- כרמל",
        "chainname": "שופרסל",
        "subchainname": "שופרסל שלי",
        "storeid": 4,
        "address": "שד' הנשיא 124 מר",
        "city": "חיפה",
        "zipcode": 3463305,
        "average_price_diff": 5.540056859,
        "kashi_item_count": 3034
      }
    },
    {
      "type": "Feature",
      "geometry": {
        "type": "Point",
        "coordinates": [
          35.17664214,
          31.76071523
        ]
      },
      "properties": {
        "store_code": "shu_005",
        "store_name": "שלי ירושלים- יובל",
        "chainname": "שופרסל",
        "subchainname": "שופרסל שלי",
        "storeid": 5,
        "address": "אורוגאי 3",
        "city": "ירושלים",
        "zipcode": 9670102,
        "average_price_diff": 5.426584071,
        "kashi_item_count": 3080
      }
    },
    {
      "type": "Feature",
      "geometry": {
        "type": "Point",
        "coordinates": [
          34.7787596,
          32.0860627
        ]
      },
      "properties": {
        "store_code": "shu_007",
        "store_name": "שלי ת\"א- ארלוזורוב",
        "chainname": "שופרסל",
        "subchainname": "שופרסל שלי",
        "storeid": 7,
        "address": "ארלוזרוב 53",
        "city": "תל אביב יפו",
        "zipcode": 6264605,
        "average_price_diff": 5.373127631,
        "kashi_item_count": 2831
      }
    },
    {
      "type": "Feature",
      "geometry": {
        "type": "Point",
        "coordinates": [
          34.8586214,
          32.3314167
        ]
      },
      "properties": {
        "store_code": "shu_009",
        "store_name": "שלי נתניה- ויצמן",
        "chainname": "שופרסל",
        "subchainname": "שופרסל שלי",
        "storeid": 9,
        "address": "שד' ויצמן 27",
        "city": "נתניה",
        "zipcode": 4225012,
        "average_price_diff": 5.375369279,
        "kashi_item_count": 2800
      }
    },
    {
      "type": "Feature",
      "geometry": {
        "type": "Point",
        "coordinates": [
          34.78255788,
          32.09158151
        ]
      },
      "properties": {
        "store_code": "shu_011",
        "store_name": "שלי ת\"א- נורדאו",
        "chainname": "שופרסל",
        "subchainname": "שופרסל שלי",
        "storeid": 11,
        "address": "אבן גבירול 157",
        "city": "תל אביב יפו",
        "zipcode": 6203719,
        "average_price_diff": 4.985394018,
        "kashi_item_count": 2705
      }
    },
    {
      "type": "Feature",
      "geometry": {
        "type": "Point",
        "coordinates": [
          34.8262388,
          32.0830544
        ]
      },
      "properties": {
        "store_code": "shu_012",
        "store_name": "יש בני ברק- ירושלים",
        "chainname": "שופרסל",
        "subchainname": "יש בשכונה",
        "storeid": 12,
        "address": "ירושלים  70",
        "city": "בני ברק",
        "zipcode": 5144404,
        "average_price_diff": -4.61462702,
        "kashi_item_count": 1773
      }
    },
    {
      "type": "Feature",
      "geometry": {
        "type": "Point",
        "coordinates": [
          34.986746,
          31.7526603
        ]
      },
      "properties": {
        "store_code": "shu_013",
        "store_name": "יוניברס בית שמש- העליה",
        "chainname": "שופרסל",
        "subchainname": "יוניברס",
        "storeid": 13,
        "address": "העליה 1",
        "city": "בית שמש",
        "zipcode": 9902101,
        "average_price_diff": -5.17822611,
        "kashi_item_count": 2786
      }
    },
    {
      "type": "Feature",
      "geometry": {
        "type": "Point",
        "coordinates": [
          34.572634,
          31.688549
        ]
      },
      "properties": {
        "store_code": "shu_014",
        "store_name": "דיל ברנע אשקלון",
        "chainname": "שופרסל",
        "subchainname": "שופרסל דיל",
        "storeid": 14,
        "address": "שדרות ירושלים 122",
        "city": "אשקלון",
        "zipcode": 0,
        "average_price_diff": -3.839040516,
        "kashi_item_count": 3179
      }
    },
    {
      "type": "Feature",
      "geometry": {
        "type": "Point",
        "coordinates": [
          34.8822187,
          32.0863037
        ]
      },
      "properties": {
        "store_code": "shu_015",
        "store_name": "יש פ\"ת- רוטשילד",
        "chainname": "שופרסל",
        "subchainname": "יש בשכונה",
        "storeid": 15,
        "address": "רוטשילד 79",
        "city": "פתח תקווה",
        "zipcode": 4947352,
        "average_price_diff": -4.396622262,
        "kashi_item_count": 1789
      }
    },
    {
      "type": "Feature",
      "geometry": {
        "type": "Point",
        "coordinates": [
          34.9870127,
          32.7843377
        ]
      },
      "properties": {
        "store_code": "shu_017",
        "store_name": "שלי חיפה- חורב",
        "chainname": "שופרסל",
        "subchainname": "שופרסל שלי",
        "storeid": 17,
        "address": "חורב 15",
        "city": "חיפה",
        "zipcode": 3434119,
        "average_price_diff": 5.703956126,
        "kashi_item_count": 3119
      }
    },
    {
      "type": "Feature",
      "geometry": {
        "type": "Point",
        "coordinates": [
          34.7912443,
          32.0082068
        ]
      },
      "properties": {
        "store_code": "shu_018",
        "store_name": "דיל חולון-קרן היסוד",
        "chainname": "שופרסל",
        "subchainname": "שופרסל דיל",
        "storeid": 18,
        "address": "קרן היסוד 1 ק.שר",
        "city": "חולון",
        "zipcode": 5848930,
        "average_price_diff": -3.799558103,
        "kashi_item_count": 3184
      }
    },
    {
      "type": "Feature",
      "geometry": {
        "type": "Point",
        "coordinates": [
          35.017019,
          32.780465
        ]
      },
      "properties": {
        "store_code": "shu_019",
        "store_name": "שלי חיפה- זיו",
        "chainname": "שופרסל",
        "subchainname": "שופרסל שלי",
        "storeid": 19,
        "address": "כצנלסון/מנדל 67",
        "city": "חיפה",
        "zipcode": 3276617,
        "average_price_diff": 5.289981385,
        "kashi_item_count": 2864
      }
    },
    {
      "type": "Feature",
      "geometry": {
        "type": "Point",
        "coordinates": [
          34.8099711,
          31.8989977
        ]
      },
      "properties": {
        "store_code": "shu_020",
        "store_name": "שלי רחובות- הרצל",
        "chainname": "שופרסל",
        "subchainname": "שופרסל שלי",
        "storeid": 20,
        "address": "הרצל 183",
        "city": "רחובות",
        "zipcode": 7626902,
        "average_price_diff": 5.213067274,
        "kashi_item_count": 2945
      }
    },
    {
      "type": "Feature",
      "geometry": {
        "type": "Point",
        "coordinates": [
          35.228641,
          31.8006054
        ]
      },
      "properties": {
        "store_code": "shu_021",
        "store_name": "יש מרים ירושלים-  פארן",
        "chainname": "שופרסל",
        "subchainname": "יש בשכונה",
        "storeid": 21,
        "address": "פארן 7 רמת אשכול",
        "city": "ירושלים",
        "zipcode": 9780209,
        "average_price_diff": -4.743314204,
        "kashi_item_count": 1651
      }
    },
    {
      "type": "Feature",
      "geometry": {
        "type": "Point",
        "coordinates": [
          34.8550823,
          32.3272194
        ]
      },
      "properties": {
        "store_code": "shu_022",
        "store_name": "שלי נתניה- סמילנסקי",
        "chainname": "שופרסל",
        "subchainname": "שופרסל שלי",
        "storeid": 22,
        "address": "סמילנסקי 13",
        "city": "נתניה",
        "zipcode": 4243111,
        "average_price_diff": 5.09079252,
        "kashi_item_count": 2853
      }
    },
    {
      "type": "Feature",
      "geometry": {
        "type": "Point",
        "coordinates": [
          34.9391288,
          31.327465
        ]
      },
      "properties": {
        "store_code": "shu_023",
        "store_name": "שלי מיתר",
        "chainname": "שופרסל",
        "subchainname": "שופרסל שלי",
        "storeid": 23,
        "address": "מרכז מסחרי מיתר",
        "city": "מיתר",
        "zipcode": 8502500,
        "average_price_diff": 5.522228449,
        "kashi_item_count": 2943
      }
    },
    {
      "type": "Feature",
      "geometry": {
        "type": "Point",
        "coordinates": [
          34.6474636,
          31.7835101
        ]
      },
      "properties": {
        "store_code": "shu_024",
        "store_name": "שלי אשדוד- הנביאים",
        "chainname": "שופרסל",
        "subchainname": "שופרסל שלי",
        "storeid": 24,
        "address": "הנביאים 3 רובע י",
        "city": "אשדוד",
        "zipcode": 7747303,
        "average_price_diff": 5.471401564,
        "kashi_item_count": 2844
      }
    },
    {
      "type": "Feature",
      "geometry": {
        "type": "Point",
        "coordinates": [
          34.8791798,
          32.1797063
        ]
      },
      "properties": {
        "store_code": "shu_027",
        "store_name": "שלי רעננה- אחוזה",
        "chainname": "שופרסל",
        "subchainname": "שופרסל שלי",
        "storeid": 27,
        "address": "אחוזה 82",
        "city": "רעננה",
        "zipcode": 4320945,
        "average_price_diff": 6.887666206,
        "kashi_item_count": 3096
      }
    },
    {
      "type": "Feature",
      "geometry": {
        "type": "Point",
        "coordinates": [
          34.8295488,
          32.1227143
        ]
      },
      "properties": {
        "store_code": "shu_028",
        "store_name": "שלי ת\"א- צה\"ל",
        "chainname": "שופרסל",
        "subchainname": "שופרסל שלי",
        "storeid": 28,
        "address": "צה\"ל 71, מרכ",
        "city": "תל אביב יפו",
        "zipcode": 6935139,
        "average_price_diff": 6.747419167,
        "kashi_item_count": 3392
      }
    },
    {
      "type": "Feature",
      "geometry": {
        "type": "Point",
        "coordinates": [
          35.04149303,
          32.46726065
        ]
      },
      "properties": {
        "store_code": "shu_029",
        "store_name": "אקספרס האודם חריש",
        "chainname": "שופרסל",
        "subchainname": "שופרסל אקספרס",
        "storeid": 29,
        "address": "האודם",
        "city": "חריש",
        "zipcode": 0,
        "average_price_diff": 10.22915922,
        "kashi_item_count": 2317
      }
    },
    {
      "type": "Feature",
      "geometry": {
        "type": "Point",
        "coordinates": [
          34.84955919,
          32.05577321
        ]
      },
      "properties": {
        "store_code": "shu_030",
        "store_name": "שלי רמת גן- קריניצי",
        "chainname": "שופרסל",
        "subchainname": "שופרסל שלי",
        "storeid": 30,
        "address": "יוסף ספיר 9",
        "city": "רמת גן",
        "zipcode": 5262209,
        "average_price_diff": 7.051509113,
        "kashi_item_count": 2976
      }
    },
    {
      "type": "Feature",
      "geometry": {
        "type": "Point",
        "coordinates": [
          34.8281363,
          32.061408
        ]
      },
      "properties": {
        "store_code": "shu_032",
        "store_name": "שלי רמת גן- קסם",
        "chainname": "שופרסל",
        "subchainname": "שופרסל שלי",
        "storeid": 32,
        "address": "הירדן 90",
        "city": "רמת גן",
        "zipcode": 5224701,
        "average_price_diff": 5.233861959,
        "kashi_item_count": 2724
      }
    },
    {
      "type": "Feature",
      "geometry": {
        "type": "Point",
        "coordinates": [
          34.989571,
          32.7940463
        ]
      },
      "properties": {
        "store_code": "shu_033",
        "store_name": "שלי חיפה- סטלה",
        "chainname": "שופרסל",
        "subchainname": "שופרסל שלי",
        "storeid": 33,
        "address": "טשרניחובסקי/35",
        "city": "חיפה",
        "zipcode": 3570323,
        "average_price_diff": 5.328327751,
        "kashi_item_count": 2869
      }
    },
    {
      "type": "Feature",
      "geometry": {
        "type": "Point",
        "coordinates": [
          34.8378613,
          32.1436352
        ]
      },
      "properties": {
        "store_code": "shu_034",
        "store_name": "שלי רמת השרון- סוקולוב",
        "chainname": "שופרסל",
        "subchainname": "שופרסל שלי",
        "storeid": 34,
        "address": "סוקולוב 48",
        "city": "רמת השרון",
        "zipcode": 4723514,
        "average_price_diff": 5.495960424,
        "kashi_item_count": 2865
      }
    },
    {
      "type": "Feature",
      "geometry": {
        "type": "Point",
        "coordinates": [
          34.8034019,
          31.2220096
        ]
      },
      "properties": {
        "store_code": "shu_035",
        "store_name": "יוניברס באר שבע וולפסון",
        "chainname": "שופרסל",
        "subchainname": "יוניברס",
        "storeid": 35,
        "address": "רח' וולפסון 13",
        "city": "באר שבע",
        "zipcode": 8489721,
        "average_price_diff": -5.355371154,
        "kashi_item_count": 2755
      }
    },
    {
      "type": "Feature",
      "geometry": {
        "type": "Point",
        "coordinates": [
          34.9080277,
          32.1737383
        ]
      },
      "properties": {
        "store_code": "shu_036",
        "store_name": "שלי כ\"ס- רוטשילד",
        "chainname": "שופרסל",
        "subchainname": "שופרסל שלי",
        "storeid": 36,
        "address": "רוטשילד 65",
        "city": "כפר סבא",
        "zipcode": 4420131,
        "average_price_diff": 5.341904195,
        "kashi_item_count": 2733
      }
    },
    {
      "type": "Feature",
      "geometry": {
        "type": "Point",
        "coordinates": [
          35.005274,
          32.768007
        ]
      },
      "properties": {
        "store_code": "shu_038",
        "store_name": "שלי חיפה- דניה",
        "chainname": "שופרסל",
        "subchainname": "שופרסל שלי",
        "storeid": 38,
        "address": "ליבריה 2 דניה",
        "city": "חיפה",
        "zipcode": 3491370,
        "average_price_diff": 5.101910159,
        "kashi_item_count": 2594
      }
    },
    {
      "type": "Feature",
      "geometry": {
        "type": "Point",
        "coordinates": [
          34.79633705,
          32.11181132
        ]
      },
      "properties": {
        "store_code": "shu_039",
        "store_name": "שלי ת\"א- ברזיל",
        "chainname": "שופרסל",
        "subchainname": "שופרסל שלי",
        "storeid": 39,
        "address": "ברזיל 15",
        "city": "תל אביב יפו",
        "zipcode": 6946025,
        "average_price_diff": 5.610980719,
        "kashi_item_count": 3243
      }
    },
    {
      "type": "Feature",
      "geometry": {
        "type": "Point",
        "coordinates": [
          34.8505942,
          31.264479
        ]
      },
      "properties": {
        "store_code": "shu_040",
        "store_name": "שלי ב\"ש- עומר",
        "chainname": "שופרסל",
        "subchainname": "שופרסל שלי",
        "storeid": 40,
        "address": "רותם מרכ מסחרי ע",
        "city": "עומר",
        "zipcode": 8496500,
        "average_price_diff": 6.643848629,
        "kashi_item_count": 3193
      }
    },
    {
      "type": "Feature",
      "geometry": {
        "type": "Point",
        "coordinates": [
          35.202846,
          31.768303
        ]
      },
      "properties": {
        "store_code": "shu_042",
        "store_name": "שלי ירושלים- ניות",
        "chainname": "שופרסל",
        "subchainname": "שופרסל שלי",
        "storeid": 42,
        "address": "בורלא 1 שכ.ניות",
        "city": "ירושלים",
        "zipcode": 9371401,
        "average_price_diff": 5.71935262,
        "kashi_item_count": 2906
      }
    },
    {
      "type": "Feature",
      "geometry": {
        "type": "Point",
        "coordinates": [
          34.8922831,
          32.156077
        ]
      },
      "properties": {
        "store_code": "shu_043",
        "store_name": "שלי הוד השרון- הבנים",
        "chainname": "שופרסל",
        "subchainname": "שופרסל שלי",
        "storeid": 43,
        "address": "הבנים 12",
        "city": "הוד השרון",
        "zipcode": 4526814,
        "average_price_diff": 5.385107029,
        "kashi_item_count": 2905
      }
    },
    {
      "type": "Feature",
      "geometry": {
        "type": "Point",
        "coordinates": [
          35.21500114,
          31.75375704
        ]
      },
      "properties": {
        "store_code": "shu_045",
        "store_name": "דיל ירושלים- תלפיות",
        "chainname": "שופרסל",
        "subchainname": "שופרסל דיל",
        "storeid": 45,
        "address": "פייר קניג 35",
        "city": "ירושלים",
        "zipcode": 9346943,
        "average_price_diff": -3.742507148,
        "kashi_item_count": 3337
      }
    },
    {
      "type": "Feature",
      "geometry": {
        "type": "Point",
        "coordinates": [
          34.8105409,
          31.2726101
        ]
      },
      "properties": {
        "store_code": "shu_049",
        "store_name": "דיל ב\"ש- הר בוקר",
        "chainname": "שופרסל",
        "subchainname": "שופרסל דיל",
        "storeid": 49,
        "address": "הר בוקר  17",
        "city": "באר שבע",
        "zipcode": 8489819,
        "average_price_diff": -4.055861885,
        "kashi_item_count": 2839
      }
    },
    {
      "type": "Feature",
      "geometry": {
        "type": "Point",
        "coordinates": [
          35.1551013,
          31.8041219
        ]
      },
      "properties": {
        "store_code": "shu_050",
        "store_name": "שלי מבשרת ציון",
        "chainname": "שופרסל",
        "subchainname": "שופרסל שלי",
        "storeid": 50,
        "address": "שלום 75 שכונה ג",
        "city": "מבשרת ציון",
        "zipcode": 9071425,
        "average_price_diff": 5.159021699,
        "kashi_item_count": 2845
      }
    },
    {
      "type": "Feature",
      "geometry": {
        "type": "Point",
        "coordinates": [
          34.844675,
          32.162413
        ]
      },
      "properties": {
        "store_code": "shu_051",
        "store_name": "אקספרס הרצליה",
        "chainname": "שופרסל",
        "subchainname": "שופרסל אקספרס",
        "storeid": 51,
        "address": "צמרות 2",
        "city": "הרצליה",
        "zipcode": 0,
        "average_price_diff": 12.31805582,
        "kashi_item_count": 2381
      }
    },
    {
      "type": "Feature",
      "geometry": {
        "type": "Point",
        "coordinates": [
          35.04421448,
          32.45915974
        ]
      },
      "properties": {
        "store_code": "shu_056",
        "store_name": "אקספרס  חריש הרימון",
        "chainname": "שופרסל",
        "subchainname": "שופרסל אקספרס",
        "storeid": 56,
        "address": "האורן 47",
        "city": "חריש",
        "zipcode": 0,
        "average_price_diff": 12.44015229,
        "kashi_item_count": 2766
      }
    },
    {
      "type": "Feature",
      "geometry": {
        "type": "Point",
        "coordinates": [
          34.8413326,
          32.1384018
        ]
      },
      "properties": {
        "store_code": "shu_057",
        "store_name": "שלי רמת השרון- אוסישקין",
        "chainname": "שופרסל",
        "subchainname": "שופרסל שלי",
        "storeid": 57,
        "address": "אוסישקין 5",
        "city": "רמת השרון",
        "zipcode": 4721005,
        "average_price_diff": 4.992266761,
        "kashi_item_count": 2877
      }
    },
    {
      "type": "Feature",
      "geometry": {
        "type": "Point",
        "coordinates": [
          34.9104653,
          32.2999732
        ]
      },
      "properties": {
        "store_code": "shu_061",
        "store_name": "אקספרס צור משה",
        "chainname": "שופרסל",
        "subchainname": "שופרסל אקספרס",
        "storeid": 61,
        "address": "הערבה",
        "city": "צור משה",
        "zipcode": null,
        "average_price_diff": 11.55822662,
        "kashi_item_count": 2866
      }
    },
    {
      "type": "Feature",
      "geometry": {
        "type": "Point",
        "coordinates": [
          35.1034611,
          32.7547372
        ]
      },
      "properties": {
        "store_code": "shu_062",
        "store_name": "יש חסד רכסים",
        "chainname": "שופרסל",
        "subchainname": "יש חסד",
        "storeid": 62,
        "address": "הכלניות 49",
        "city": "רכסים",
        "zipcode": 0,
        "average_price_diff": -14.65935314,
        "kashi_item_count": 1715
      }
    },
    {
      "type": "Feature",
      "geometry": {
        "type": "Point",
        "coordinates": [
          34.8148199,
          31.2539529
        ]
      },
      "properties": {
        "store_code": "shu_065",
        "store_name": "דיל ב\"ש- צ'ורלי",
        "chainname": "שופרסל",
        "subchainname": "שופרסל דיל",
        "storeid": 65,
        "address": "אורגים פינת ב.ג",
        "city": "באר שבע",
        "zipcode": 84105,
        "average_price_diff": -4.243132912,
        "kashi_item_count": 2673
      }
    },
    {
      "type": "Feature",
      "geometry": {
        "type": "Point",
        "coordinates": [
          35.09283768,
          32.85908331
        ]
      },
      "properties": {
        "store_code": "shu_068",
        "store_name": "דיל כורדני",
        "chainname": "שופרסל",
        "subchainname": "שופרסל דיל",
        "storeid": 68,
        "address": "ירושלים 1",
        "city": "קרית מוצקין",
        "zipcode": 0,
        "average_price_diff": -3.840262235,
        "kashi_item_count": 3243
      }
    },
    {
      "type": "Feature",
      "geometry": {
        "type": "Point",
        "coordinates": [
          34.795951,
          32.107476
        ]
      },
      "properties": {
        "store_code": "shu_069",
        "store_name": "שלי ת\"א- רמת אביב ב",
        "chainname": "שופרסל",
        "subchainname": "שופרסל שלי",
        "storeid": 69,
        "address": "טאגור 38",
        "city": "תל אביב יפו",
        "zipcode": 6920340,
        "average_price_diff": 5.693744045,
        "kashi_item_count": 3181
      }
    },
    {
      "type": "Feature",
      "geometry": {
        "type": "Point",
        "coordinates": [
          34.830577,
          32.071648
        ]
      },
      "properties": {
        "store_code": "shu_070",
        "store_name": "שלי רמת גן-מרום נווה",
        "chainname": "שופרסל",
        "subchainname": "שופרסל שלי",
        "storeid": 70,
        "address": "תרצה 19 ר\"ג",
        "city": "רמת גן",
        "zipcode": 5236431,
        "average_price_diff": 5.66102294,
        "kashi_item_count": 3222
      }
    },
    {
      "type": "Feature",
      "geometry": {
        "type": "Point",
        "coordinates": [
          35.0380194,
          32.7804467
        ]
      },
      "properties": {
        "store_code": "shu_071",
        "store_name": "יוניברס תל חנן  נשר",
        "chainname": "שופרסל",
        "subchainname": "יוניברס",
        "storeid": 71,
        "address": "בר יהודה 147",
        "city": "נשר",
        "zipcode": 3688306,
        "average_price_diff": -5.042685856,
        "kashi_item_count": 2840
      }
    },
    {
      "type": "Feature",
      "geometry": {
        "type": "Point",
        "coordinates": [
          35.01852312,
          31.88712743
        ]
      },
      "properties": {
        "store_code": "shu_072",
        "store_name": "שלי רעות",
        "chainname": "שופרסל",
        "subchainname": "שופרסל שלי",
        "storeid": 72,
        "address": "חבל מודיעין",
        "city": "מודיעין מכבים רעות",
        "zipcode": 71908,
        "average_price_diff": 5.568860516,
        "kashi_item_count": 3165
      }
    },
    {
      "type": "Feature",
      "geometry": {
        "type": "Point",
        "coordinates": [
          34.6623938,
          31.7998277
        ]
      },
      "properties": {
        "store_code": "shu_073",
        "store_name": "יש חסד אשדוד",
        "chainname": "שופרסל",
        "subchainname": "יש חסד",
        "storeid": 73,
        "address": "חנה סנש 9",
        "city": "אשדוד",
        "zipcode": 7747303,
        "average_price_diff": -14.4111571,
        "kashi_item_count": 1862
      }
    },
    {
      "type": "Feature",
      "geometry": {
        "type": "Point",
        "coordinates": [
          35.2061426,
          32.1023558
        ]
      },
      "properties": {
        "store_code": "shu_076",
        "store_name": "דיל אריאל",
        "chainname": "שופרסל",
        "subchainname": "שופרסל דיל",
        "storeid": 76,
        "address": "רח' מוריה",
        "city": "אריאל",
        "zipcode": 0,
        "average_price_diff": -3.939459283,
        "kashi_item_count": 3166
      }
    },
    {
      "type": "Feature",
      "geometry": {
        "type": "Point",
        "coordinates": [
          35.03926815,
          32.4707557
        ]
      },
      "properties": {
        "store_code": "shu_077",
        "store_name": "דיל  חריש",
        "chainname": "שופרסל",
        "subchainname": "שופרסל דיל",
        "storeid": 77,
        "address": "דרך ארץ",
        "city": "חריש",
        "zipcode": 0,
        "average_price_diff": -4.235071054,
        "kashi_item_count": 2690
      }
    },
    {
      "type": "Feature",
      "geometry": {
        "type": "Point",
        "coordinates": [
          35.1737005,
          31.7861401
        ]
      },
      "properties": {
        "store_code": "shu_078",
        "store_name": "יש הר נוף ירושלים-שאולזו",
        "chainname": "שופרסל",
        "subchainname": "יש בשכונה",
        "storeid": 78,
        "address": "שאולזון 56",
        "city": "ירושלים",
        "zipcode": 9540057,
        "average_price_diff": -4.035569406,
        "kashi_item_count": 1581
      }
    },
    {
      "type": "Feature",
      "geometry": {
        "type": "Point",
        "coordinates": [
          35.04657581,
          32.46256033
        ]
      },
      "properties": {
        "store_code": "shu_079",
        "store_name": "אקספרס חריש",
        "chainname": "שופרסל",
        "subchainname": "שופרסל אקספרס",
        "storeid": 79,
        "address": "נחשול 30",
        "city": "חריש",
        "zipcode": 3786100,
        "average_price_diff": 11.82107382,
        "kashi_item_count": 2332
      }
    },
    {
      "type": "Feature",
      "geometry": {
        "type": "Point",
        "coordinates": [
          34.817174,
          31.960039
        ]
      },
      "properties": {
        "store_code": "shu_080",
        "store_name": "שלי ראשל\"צ- נווה הדרים",
        "chainname": "שופרסל",
        "subchainname": "שופרסל שלי",
        "storeid": 80,
        "address": "ברנשטיין 2",
        "city": "ראשון לציון",
        "zipcode": 7550302,
        "average_price_diff": 5.631156896,
        "kashi_item_count": 2830
      }
    },
    {
      "type": "Feature",
      "geometry": {
        "type": "Point",
        "coordinates": [
          35.03835288,
          31.92732671
        ]
      },
      "properties": {
        "store_code": "shu_081",
        "store_name": "יש חסד מודיעין עלית דרום",
        "chainname": "שופרסל",
        "subchainname": "יש חסד",
        "storeid": 81,
        "address": "שערי תשובה 3",
        "city": "מודיעין עילית",
        "zipcode": 0,
        "average_price_diff": -14.48563738,
        "kashi_item_count": 1708
      }
    },
    {
      "type": "Feature",
      "geometry": {
        "type": "Point",
        "coordinates": [
          34.7706369,
          32.0180655
        ]
      },
      "properties": {
        "store_code": "shu_082",
        "store_name": "אקספרס חולון",
        "chainname": "שופרסל",
        "subchainname": "שופרסל אקספרס",
        "storeid": 82,
        "address": "שמריהו לוין 2",
        "city": "חולון",
        "zipcode": 0,
        "average_price_diff": 12.26201751,
        "kashi_item_count": 3012
      }
    },
    {
      "type": "Feature",
      "geometry": {
        "type": "Point",
        "coordinates": [
          34.776395,
          31.2621396
        ]
      },
      "properties": {
        "store_code": "shu_083",
        "store_name": "דיל ב\"ש- שאול המלך",
        "chainname": "שופרסל",
        "subchainname": "שופרסל דיל",
        "storeid": 83,
        "address": "קניון שאול המלך",
        "city": "באר שבע",
        "zipcode": 8446811,
        "average_price_diff": -4.197050933,
        "kashi_item_count": 2803
      }
    },
    {
      "type": "Feature",
      "geometry": {
        "type": "Point",
        "coordinates": [
          34.9173131,
          31.889624
        ]
      },
      "properties": {
        "store_code": "shu_084",
        "store_name": "אקספרס בית חשמונאי",
        "chainname": "שופרסל",
        "subchainname": "שופרסל אקספרס",
        "storeid": 84,
        "address": "אקספרס בית חשמונאי",
        "city": "ביתחשמונאי",
        "zipcode": 0,
        "average_price_diff": 12.03312159,
        "kashi_item_count": 2314
      }
    },
    {
      "type": "Feature",
      "geometry": {
        "type": "Point",
        "coordinates": [
          34.8816089,
          32.1931117
        ]
      },
      "properties": {
        "store_code": "shu_087",
        "store_name": "דיל רעננה- החרושת",
        "chainname": "שופרסל",
        "subchainname": "שופרסל דיל",
        "storeid": 87,
        "address": "החרושת 8",
        "city": "רעננה",
        "zipcode": 4365704,
        "average_price_diff": -3.980175481,
        "kashi_item_count": 3218
      }
    },
    {
      "type": "Feature",
      "geometry": {
        "type": "Point",
        "coordinates": [
          34.8638844,
          31.9257367
        ]
      },
      "properties": {
        "store_code": "shu_089",
        "store_name": "דיל עזריאלי - רמלה",
        "chainname": "שופרסל",
        "subchainname": "שופרסל דיל",
        "storeid": 89,
        "address": "שמשון הגיבור 32",
        "city": "רמלה",
        "zipcode": 72500,
        "average_price_diff": -3.984193401,
        "kashi_item_count": 2877
      }
    },
    {
      "type": "Feature",
      "geometry": {
        "type": "Point",
        "coordinates": [
          34.8112207,
          31.2636026
        ]
      },
      "properties": {
        "store_code": "shu_090",
        "store_name": "אקספרס גב ים באר שבע",
        "chainname": "שופרסל",
        "subchainname": "שופרסל אקספרס",
        "storeid": 90,
        "address": "האנרגיה 77",
        "city": "באר שבע",
        "zipcode": 0,
        "average_price_diff": 12.28794358,
        "kashi_item_count": 2082
      }
    },
    {
      "type": "Feature",
      "geometry": {
        "type": "Point",
        "coordinates": [
          34.9019444,
          32.4013889
        ]
      },
      "properties": {
        "store_code": "shu_091",
        "store_name": "יוניברס עמק חפר- אזור תעשיה",
        "chainname": "שופרסל",
        "subchainname": "יוניברס",
        "storeid": 91,
        "address": "א.ת. עמק חפר",
        "city": "חדרה",
        "zipcode": 3877701,
        "average_price_diff": -5.121427255,
        "kashi_item_count": 2697
      }
    },
    {
      "type": "Feature",
      "geometry": {
        "type": "Point",
        "coordinates": [
          34.6356393,
          31.778083
        ]
      },
      "properties": {
        "store_code": "shu_092",
        "store_name": "דיל אשדוד- שבט לוי",
        "chainname": "שופרסל",
        "subchainname": "שופרסל דיל",
        "storeid": 92,
        "address": "שבט לוי 12",
        "city": "אשדוד",
        "zipcode": 0,
        "average_price_diff": -4.013549066,
        "kashi_item_count": 2829
      }
    },
    {
      "type": "Feature",
      "geometry": {
        "type": "Point",
        "coordinates": [
          34.8782129,
          32.0303568
        ]
      },
      "properties": {
        "store_code": "shu_093",
        "store_name": "שלי יהוד- סביונים",
        "chainname": "שופרסל",
        "subchainname": "שופרסל שלי",
        "storeid": 93,
        "address": "דרך משה דיין 7",
        "city": "יהוד מונוסון",
        "zipcode": 5645001,
        "average_price_diff": 5.297987758,
        "kashi_item_count": 2714
      }
    },
    {
      "type": "Feature",
      "geometry": {
        "type": "Point",
        "coordinates": [
          34.9270172,
          32.501976
        ]
      },
      "properties": {
        "store_code": "shu_095",
        "store_name": "דיל חדרה- קניון אורות",
        "chainname": "שופרסל",
        "subchainname": "שופרסל דיל",
        "storeid": 95,
        "address": "1ניון אורות",
        "city": "אור עקיבא",
        "zipcode": 3060000,
        "average_price_diff": -3.823388366,
        "kashi_item_count": 3164
      }
    },
    {
      "type": "Feature",
      "geometry": {
        "type": "Point",
        "coordinates": [
          34.95187904,
          32.41586814
        ]
      },
      "properties": {
        "store_code": "shu_096",
        "store_name": "דיל חדרה- הפרדס",
        "chainname": "שופרסל",
        "subchainname": "שופרסל דיל",
        "storeid": 96,
        "address": "קניון גני הדרים",
        "city": "חדרה",
        "zipcode": 3849207,
        "average_price_diff": -4.253338988,
        "kashi_item_count": 2624
      }
    },
    {
      "type": "Feature",
      "geometry": {
        "type": "Point",
        "coordinates": [
          35.5707447,
          33.1916998
        ]
      },
      "properties": {
        "store_code": "shu_097",
        "store_name": "דיל קרית שמונה- מתחם ביג",
        "chainname": "שופרסל",
        "subchainname": "שופרסל דיל",
        "storeid": 97,
        "address": "מתחם ביג",
        "city": "קרית שמונה",
        "zipcode": 1162401,
        "average_price_diff": -4.186384337,
        "kashi_item_count": 3108
      }
    },
    {
      "type": "Feature",
      "geometry": {
        "type": "Point",
        "coordinates": [
          35.1252205,
          32.7146161
        ]
      },
      "properties": {
        "store_code": "shu_098",
        "store_name": "דיל קרית טבעון- אלונים",
        "chainname": "שופרסל",
        "subchainname": "שופרסל דיל",
        "storeid": 98,
        "address": "חוצות אלונים",
        "city": "טבעון",
        "zipcode": 3604701,
        "average_price_diff": -4.140952409,
        "kashi_item_count": 3027
      }
    },
    {
      "type": "Feature",
      "geometry": {
        "type": "Point",
        "coordinates": [
          34.89209508,
          32.14339428
        ]
      },
      "properties": {
        "store_code": "shu_101",
        "store_name": "שלי הוד השרון- ק מרגלית",
        "chainname": "שופרסל",
        "subchainname": "שופרסל שלי",
        "storeid": 101,
        "address": "נחליאלי 2",
        "city": "הוד השרון",
        "zipcode": 4535502,
        "average_price_diff": 5.578115638,
        "kashi_item_count": 2950
      }
    },
    {
      "type": "Feature",
      "geometry": {
        "type": "Point",
        "coordinates": [
          34.903248,
          32.3044377
        ]
      },
      "properties": {
        "store_code": "shu_102",
        "store_name": "שלי פרדסיה- הנשיא",
        "chainname": "שופרסל",
        "subchainname": "שופרסל שלי",
        "storeid": 102,
        "address": "הנשיא 1 צ.פרדסיה",
        "city": "פרדסיה",
        "zipcode": 4281500,
        "average_price_diff": 6.56580615,
        "kashi_item_count": 3445
      }
    },
    {
      "type": "Feature",
      "geometry": {
        "type": "Point",
        "coordinates": [
          34.9472744,
          31.9991264
        ]
      },
      "properties": {
        "store_code": "shu_103",
        "store_name": "שלי שוהם- מרכז מסחרי",
        "chainname": "שופרסל",
        "subchainname": "שופרסל שלי",
        "storeid": 103,
        "address": "מרכז מסחרי",
        "city": "שוהם",
        "zipcode": 6083530,
        "average_price_diff": 5.385129957,
        "kashi_item_count": 2959
      }
    },
    {
      "type": "Feature",
      "geometry": {
        "type": "Point",
        "coordinates": [
          34.886727,
          32.077118
        ]
      },
      "properties": {
        "store_code": "shu_104",
        "store_name": "שלי פ\"ת- גד מכנס",
        "chainname": "שופרסל",
        "subchainname": "שופרסל שלי",
        "storeid": 104,
        "address": "רוטשילד 180",
        "city": "פתח תקווה",
        "zipcode": 9435700,
        "average_price_diff": 5.120701415,
        "kashi_item_count": 2530
      }
    },
    {
      "type": "Feature",
      "geometry": {
        "type": "Point",
        "coordinates": [
          34.9023987,
          32.0798866
        ]
      },
      "properties": {
        "store_code": "shu_105",
        "store_name": "דיל פ\"ת- אליעזר פרדימן",
        "chainname": "שופרסל",
        "subchainname": "שופרסל דיל",
        "storeid": 105,
        "address": "אליעזר פרידמן 9",
        "city": "פתח תקווה",
        "zipcode": 4941916,
        "average_price_diff": -4.403469409,
        "kashi_item_count": 3094
      }
    },
    {
      "type": "Feature",
      "geometry": {
        "type": "Point",
        "coordinates": [
          34.7928326,
          31.9218546
        ]
      },
      "properties": {
        "store_code": "shu_106",
        "store_name": "יוניברס נס ציונה - הפטיש",
        "chainname": "שופרסל",
        "subchainname": "יוניברס",
        "storeid": 106,
        "address": "הפטיש 8,א.ת.",
        "city": "נס ציונה",
        "zipcode": 7404730,
        "average_price_diff": -5.081430248,
        "kashi_item_count": 2772
      }
    },
    {
      "type": "Feature",
      "geometry": {
        "type": "Point",
        "coordinates": [
          34.9662017,
          32.0925903
        ]
      },
      "properties": {
        "store_code": "shu_109",
        "store_name": "שלי ראש העין- ז'בוטינסקי",
        "chainname": "שופרסל",
        "subchainname": "שופרסל שלי",
        "storeid": 109,
        "address": "גבעת טל",
        "city": "ראש העין",
        "zipcode": 4857301,
        "average_price_diff": 5.736519921,
        "kashi_item_count": 3082
      }
    },
    {
      "type": "Feature",
      "geometry": {
        "type": "Point",
        "coordinates": [
          34.8230902,
          31.2307493
        ]
      },
      "properties": {
        "store_code": "shu_110",
        "store_name": "דיל הפארק ב\"ש",
        "chainname": "שופרסל",
        "subchainname": "שופרסל דיל",
        "storeid": 110,
        "address": "20 נחל פרת",
        "city": "באר שבע",
        "zipcode": null,
        "average_price_diff": -4.086031126,
        "kashi_item_count": 2766
      }
    },
    {
      "type": "Feature",
      "geometry": {
        "type": "Point",
        "coordinates": [
          35.5169531,
          32.7795991
        ]
      },
      "properties": {
        "store_code": "shu_111",
        "store_name": "יש חסד טבריה עלית-לב האג",
        "chainname": "שופרסל",
        "subchainname": "יש חסד",
        "storeid": 111,
        "address": "לב האגם 10",
        "city": "טבריה",
        "zipcode": 14431,
        "average_price_diff": -14.54251974,
        "kashi_item_count": 1675
      }
    },
    {
      "type": "Feature",
      "geometry": {
        "type": "Point",
        "coordinates": [
          34.7852707,
          31.967552
        ]
      },
      "properties": {
        "store_code": "shu_113",
        "store_name": "דיל ראשל\"צ- גולדה מאיר",
        "chainname": "שופרסל",
        "subchainname": "שופרסל דיל",
        "storeid": 113,
        "address": "גולדה מאיר 1",
        "city": "ראשון לציון",
        "zipcode": 7549050,
        "average_price_diff": -4.092881201,
        "kashi_item_count": 3009
      }
    },
    {
      "type": "Feature",
      "geometry": {
        "type": "Point",
        "coordinates": [
          35.186812,
          31.73148
        ]
      },
      "properties": {
        "store_code": "shu_114",
        "store_name": "דילירושלים- גילה",
        "chainname": "שופרסל",
        "subchainname": "שופרסל דיל",
        "storeid": 114,
        "address": "צביה ויצחק 17",
        "city": "ירושלים",
        "zipcode": 9384014,
        "average_price_diff": -4.049644278,
        "kashi_item_count": 3296
      }
    },
    {
      "type": "Feature",
      "geometry": {
        "type": "Point",
        "coordinates": [
          34.80999527,
          32.07962236
        ]
      },
      "properties": {
        "store_code": "shu_116",
        "store_name": "שלי גבעתיים- מכתש",
        "chainname": "שופרסל",
        "subchainname": "שופרסל שלי",
        "storeid": 116,
        "address": "בורוכוב 54",
        "city": "גבעתיים",
        "zipcode": 5322205,
        "average_price_diff": 5.518151889,
        "kashi_item_count": 2864
      }
    },
    {
      "type": "Feature",
      "geometry": {
        "type": "Point",
        "coordinates": [
          34.7901386,
          32.0806699
        ]
      },
      "properties": {
        "store_code": "shu_117",
        "store_name": "שלי תל אביב-איכילוב",
        "chainname": "שופרסל",
        "subchainname": "שופרסל שלי",
        "storeid": 117,
        "address": "ויצמן 6",
        "city": "תל אביב יפו",
        "zipcode": 6423914,
        "average_price_diff": 5.501459341,
        "kashi_item_count": 2855
      }
    },
    {
      "type": "Feature",
      "geometry": {
        "type": "Point",
        "coordinates": [
          35.0171739,
          31.9060575
        ]
      },
      "properties": {
        "store_code": "shu_119",
        "store_name": "דיל מודיעין- סנטר",
        "chainname": "שופרסל",
        "subchainname": "שופרסל דיל",
        "storeid": 119,
        "address": "צאלון   21",
        "city": "מודיעין מכבים רעות",
        "zipcode": 0,
        "average_price_diff": -4.179181071,
        "kashi_item_count": 2687
      }
    },
    {
      "type": "Feature",
      "geometry": {
        "type": "Point",
        "coordinates": [
          35.0969806,
          33.0011199
        ]
      },
      "properties": {
        "store_code": "shu_121",
        "store_name": "יוניברס נהריה- לוחמי הגטאות",
        "chainname": "שופרסל",
        "subchainname": "יוניברס",
        "storeid": 121,
        "address": "לוחמי הגטאות 36",
        "city": "נהריה",
        "zipcode": 2244744,
        "average_price_diff": -5.020893176,
        "kashi_item_count": 3312
      }
    },
    {
      "type": "Feature",
      "geometry": {
        "type": "Point",
        "coordinates": [
          34.7264833,
          31.8643673
        ]
      },
      "properties": {
        "store_code": "shu_122",
        "store_name": "דיל יבנה- ברוש דרך הים",
        "chainname": "שופרסל",
        "subchainname": "שופרסל דיל",
        "storeid": 122,
        "address": "דרך הים 3",
        "city": "יבנה",
        "zipcode": 8157014,
        "average_price_diff": -3.919383654,
        "kashi_item_count": 3261
      }
    },
    {
      "type": "Feature",
      "geometry": {
        "type": "Point",
        "coordinates": [
          34.7790294,
          32.0128283
        ]
      },
      "properties": {
        "store_code": "shu_123",
        "store_name": "דיל חולון- גולדה",
        "chainname": "שופרסל",
        "subchainname": "שופרסל דיל",
        "storeid": 123,
        "address": "גולדה מאיר  7",
        "city": "חולון",
        "zipcode": 5839101,
        "average_price_diff": -4.059217401,
        "kashi_item_count": 3148
      }
    },
    {
      "type": "Feature",
      "geometry": {
        "type": "Point",
        "coordinates": [
          34.746448,
          32.00892
        ]
      },
      "properties": {
        "store_code": "shu_124",
        "store_name": "יוניברס בת ים- אורט ישראל",
        "chainname": "שופרסל",
        "subchainname": "יוניברס",
        "storeid": 124,
        "address": "אורט ישראל 25",
        "city": "בת ים",
        "zipcode": 5959036,
        "average_price_diff": -5.148017244,
        "kashi_item_count": 3308
      }
    },
    {
      "type": "Feature",
      "geometry": {
        "type": "Point",
        "coordinates": [
          34.97298,
          32.762127
        ]
      },
      "properties": {
        "store_code": "shu_127",
        "store_name": "אקספרס טירת הכרמל",
        "chainname": "שופרסל",
        "subchainname": "שופרסל אקספרס",
        "storeid": 127,
        "address": "הדולפין 1",
        "city": "טירת הכרמל",
        "zipcode": 0,
        "average_price_diff": 11.48421136,
        "kashi_item_count": 2075
      }
    },
    {
      "type": "Feature",
      "geometry": {
        "type": "Point",
        "coordinates": [
          34.9601418,
          32.7830105
        ]
      },
      "properties": {
        "store_code": "shu_128",
        "store_name": "יוניברס טירת הכרמל- נחום חת",
        "chainname": "שופרסל",
        "subchainname": "יוניברס",
        "storeid": 128,
        "address": "נחום חת 5",
        "city": "טירת הכרמל",
        "zipcode": 35085,
        "average_price_diff": -5.211199697,
        "kashi_item_count": 2740
      }
    },
    {
      "type": "Feature",
      "geometry": {
        "type": "Point",
        "coordinates": [
          34.86042387,
          32.28540285
        ]
      },
      "properties": {
        "store_code": "shu_129",
        "store_name": "יוניברס נתניה- המלאכה",
        "chainname": "שופרסל",
        "subchainname": "יוניברס",
        "storeid": 129,
        "address": "רח' המלאכה 32",
        "city": "נתניה",
        "zipcode": 4250567,
        "average_price_diff": -5.433085283,
        "kashi_item_count": 2646
      }
    },
    {
      "type": "Feature",
      "geometry": {
        "type": "Point",
        "coordinates": [
          34.87571524,
          32.30877747
        ]
      },
      "properties": {
        "store_code": "shu_130",
        "store_name": "דיל נתניה- קלאוזנר עמליה",
        "chainname": "שופרסל",
        "subchainname": "שופרסל דיל",
        "storeid": 130,
        "address": "קלאוזנר 1",
        "city": "נתניה",
        "zipcode": 0,
        "average_price_diff": -4.125486835,
        "kashi_item_count": 2925
      }
    },
    {
      "type": "Feature",
      "geometry": {
        "type": "Point",
        "coordinates": [
          34.90176208,
          32.16571226
        ]
      },
      "properties": {
        "store_code": "shu_131",
        "store_name": "אקספרס הוד השרון",
        "chainname": "שופרסל",
        "subchainname": "שופרסל אקספרס",
        "storeid": 131,
        "address": "סוקולוב 37",
        "city": "הוד השרון",
        "zipcode": 0,
        "average_price_diff": 11.82084879,
        "kashi_item_count": 2195
      }
    },
    {
      "type": "Feature",
      "geometry": {
        "type": "Point",
        "coordinates": [
          35.1175965,
          31.7043471
        ]
      },
      "properties": {
        "store_code": "shu_133",
        "store_name": "יש חסד ביתר עילית-  הר\"ן",
        "chainname": "שופרסל",
        "subchainname": "יש חסד",
        "storeid": 133,
        "address": "הר\"ן 6 פינת פנים המאירים",
        "city": "ביתר עילית",
        "zipcode": 9056506,
        "average_price_diff": -14.78274784,
        "kashi_item_count": 1661
      }
    },
    {
      "type": "Feature",
      "geometry": {
        "type": "Point",
        "coordinates": [
          34.96250671,
          31.889991
        ]
      },
      "properties": {
        "store_code": "shu_134",
        "store_name": "יוניברס מודיעין- ישפרו סנטר",
        "chainname": "שופרסל",
        "subchainname": "יוניברס",
        "storeid": 134,
        "address": "ישפרו סנטר",
        "city": "מודיעין מכבים רעות",
        "zipcode": 0,
        "average_price_diff": -5.343287214,
        "kashi_item_count": 2693
      }
    },
    {
      "type": "Feature",
      "geometry": {
        "type": "Point",
        "coordinates": [
          34.6060214,
          31.6748007
        ]
      },
      "properties": {
        "store_code": "shu_135",
        "store_name": "יוניברס אשקלון- פאור סנטר",
        "chainname": "שופרסל",
        "subchainname": "יוניברס",
        "storeid": 135,
        "address": "צומת כפר סילבר",
        "city": "אשקלון",
        "zipcode": 7929500,
        "average_price_diff": -5.229319398,
        "kashi_item_count": 2724
      }
    },
    {
      "type": "Feature",
      "geometry": {
        "type": "Point",
        "coordinates": [
          35.4979823,
          32.9576669
        ]
      },
      "properties": {
        "store_code": "shu_139",
        "store_name": "דיל צפת-  דובק ויצמן",
        "chainname": "שופרסל",
        "subchainname": "שופרסל דיל",
        "storeid": 139,
        "address": "ויצמן 20",
        "city": "צפת",
        "zipcode": 1321736,
        "average_price_diff": -3.858008427,
        "kashi_item_count": 3194
      }
    },
    {
      "type": "Feature",
      "geometry": {
        "type": "Point",
        "coordinates": [
          34.77626704,
          32.07699716
        ]
      },
      "properties": {
        "store_code": "shu_140",
        "store_name": "אקספרס תל חי",
        "chainname": "שופרסל",
        "subchainname": "שופרסל אקספרס",
        "storeid": 140,
        "address": "תל חי 40",
        "city": "תל אביב יפו",
        "zipcode": 0,
        "average_price_diff": 12.00846608,
        "kashi_item_count": 2228
      }
    },
    {
      "type": "Feature",
      "geometry": {
        "type": "Point",
        "coordinates": [
          35.0924242,
          32.6424195
        ]
      },
      "properties": {
        "store_code": "shu_141",
        "store_name": "דיל יוקנעם- שדרות רבין",
        "chainname": "שופרסל",
        "subchainname": "שופרסל דיל",
        "storeid": 141,
        "address": "שדרות רבין 9",
        "city": "יקנעם",
        "zipcode": 2060000,
        "average_price_diff": -3.787669752,
        "kashi_item_count": 3270
      }
    },
    {
      "type": "Feature",
      "geometry": {
        "type": "Point",
        "coordinates": [
          34.9540304,
          32.5730214
        ]
      },
      "properties": {
        "store_code": "shu_142",
        "store_name": "דיל זכרון- המייסדים",
        "chainname": "שופרסל",
        "subchainname": "שופרסל דיל",
        "storeid": 142,
        "address": "המייסדים",
        "city": "זכרון יעקב",
        "zipcode": 3095067,
        "average_price_diff": -4.05805965,
        "kashi_item_count": 3257
      }
    },
    {
      "type": "Feature",
      "geometry": {
        "type": "Point",
        "coordinates": [
          34.8916444,
          32.1920475
        ]
      },
      "properties": {
        "store_code": "shu_144",
        "store_name": "דיל שבירו כפר סבא",
        "chainname": "שופרסל",
        "subchainname": "שופרסל דיל",
        "storeid": 144,
        "address": "רפפורט 6",
        "city": "כפר סבא",
        "zipcode": null,
        "average_price_diff": -4.375611929,
        "kashi_item_count": 2600
      }
    },
    {
      "type": "Feature",
      "geometry": {
        "type": "Point",
        "coordinates": [
          34.9551162,
          32.5686035
        ]
      },
      "properties": {
        "store_code": "shu_147",
        "store_name": "אקספרס זכרון",
        "chainname": "שופרסל",
        "subchainname": "שופרסל אקספרס",
        "storeid": 147,
        "address": "ההנפה",
        "city": "זכרון יעקב",
        "zipcode": 0,
        "average_price_diff": 11.75785774,
        "kashi_item_count": 2638
      }
    },
    {
      "type": "Feature",
      "geometry": {
        "type": "Point",
        "coordinates": [
          34.8266794,
          31.90295469
        ]
      },
      "properties": {
        "store_code": "shu_148",
        "store_name": "אקספרסמלצר רחובות",
        "chainname": "שופרסל",
        "subchainname": "שופרסל אקספרס",
        "storeid": 148,
        "address": "מלצר 20",
        "city": "רחובות",
        "zipcode": 0,
        "average_price_diff": 12.52837636,
        "kashi_item_count": 2245
      }
    },
    {
      "type": "Feature",
      "geometry": {
        "type": "Point",
        "coordinates": [
          34.7927823,
          32.1206979
        ]
      },
      "properties": {
        "store_code": "shu_150",
        "store_name": "אקספרס רודנסקי ת\"א",
        "chainname": "שופרסל",
        "subchainname": "שופרסל אקספרס",
        "storeid": 150,
        "address": "רודנסקי 5",
        "city": "תל אביב יפו",
        "zipcode": null,
        "average_price_diff": 11.18885799,
        "kashi_item_count": 2364
      }
    },
    {
      "type": "Feature",
      "geometry": {
        "type": "Point",
        "coordinates": [
          34.8791319,
          32.1974692
        ]
      },
      "properties": {
        "store_code": "shu_151",
        "store_name": "דיל רעננה- קניון רננים",
        "chainname": "שופרסל",
        "subchainname": "שופרסל דיל",
        "storeid": 151,
        "address": "רח.המלאכה 2",
        "city": "רעננה",
        "zipcode": 4366101,
        "average_price_diff": -4.322844236,
        "kashi_item_count": 2645
      }
    },
    {
      "type": "Feature",
      "geometry": {
        "type": "Point",
        "coordinates": [
          35.1958045,
          31.2482662
        ]
      },
      "properties": {
        "store_code": "shu_152",
        "store_name": "דיל ערד- ישפרו המנוף",
        "chainname": "שופרסל",
        "subchainname": "שופרסל דיל",
        "storeid": 152,
        "address": "המנוף 7",
        "city": "ערד",
        "zipcode": 8909460,
        "average_price_diff": -4.038060268,
        "kashi_item_count": 3019
      }
    },
    {
      "type": "Feature",
      "geometry": {
        "type": "Point",
        "coordinates": [
          34.6253776,
          31.3182278
        ]
      },
      "properties": {
        "store_code": "shu_153",
        "store_name": "דיל אופקים- ז'בוטינסקי",
        "chainname": "שופרסל",
        "subchainname": "שופרסל דיל",
        "storeid": 153,
        "address": "זבוטינסקי 25",
        "city": "אופקים",
        "zipcode": 8759908,
        "average_price_diff": -4.039884449,
        "kashi_item_count": 3058
      }
    },
    {
      "type": "Feature",
      "geometry": {
        "type": "Point",
        "coordinates": [
          34.9815343,
          32.2189326
        ]
      },
      "properties": {
        "store_code": "shu_155",
        "store_name": "דיל צור יגאל- מרכז מסחרי",
        "chainname": "שופרסל",
        "subchainname": "שופרסל דיל",
        "storeid": 155,
        "address": "מרכז מסחרי",
        "city": "צור יגאל",
        "zipcode": 4486400,
        "average_price_diff": -4.216580945,
        "kashi_item_count": 2699
      }
    },
    {
      "type": "Feature",
      "geometry": {
        "type": "Point",
        "coordinates": [
          34.9608358,
          32.8124983
        ]
      },
      "properties": {
        "store_code": "shu_159",
        "store_name": "דיל רמת הנשיא חיפה",
        "chainname": "שופרסל",
        "subchainname": "שופרסל דיל",
        "storeid": 159,
        "address": "שלמה המלך 55",
        "city": "חיפה",
        "zipcode": 0,
        "average_price_diff": -4.004674611,
        "kashi_item_count": 3074
      }
    },
    {
      "type": "Feature",
      "geometry": {
        "type": "Point",
        "coordinates": [
          34.594066,
          31.5207301
        ]
      },
      "properties": {
        "store_code": "shu_163",
        "store_name": "דיל שדרות- הפלדה",
        "chainname": "שופרסל",
        "subchainname": "שופרסל דיל",
        "storeid": 163,
        "address": "הפלדה קניון אחים",
        "city": "שדרות",
        "zipcode": 80100,
        "average_price_diff": -3.749854501,
        "kashi_item_count": 3144
      }
    },
    {
      "type": "Feature",
      "geometry": {
        "type": "Point",
        "coordinates": [
          34.8115272,
          32.0857925
        ]
      },
      "properties": {
        "store_code": "shu_164",
        "store_name": "שלי רמת גן- ביאליק",
        "chainname": "שופרסל",
        "subchainname": "שופרסל שלי",
        "storeid": 164,
        "address": "רח. ביאליק 76",
        "city": "רמת גן",
        "zipcode": 5244136,
        "average_price_diff": 6.71749381,
        "kashi_item_count": 3264
      }
    },
    {
      "type": "Feature",
      "geometry": {
        "type": "Point",
        "coordinates": [
          34.6622085,
          31.8180465
        ]
      },
      "properties": {
        "store_code": "shu_166",
        "store_name": "יוניברס אקסטרה  אשדוד- הבושם",
        "chainname": "שופרסל",
        "subchainname": "יוניברס",
        "storeid": 166,
        "address": "הבושם 7 א.ת. קלה",
        "city": "אשדוד",
        "zipcode": 7761007,
        "average_price_diff": -5.25263301,
        "kashi_item_count": 2744
      }
    },
    {
      "type": "Feature",
      "geometry": {
        "type": "Point",
        "coordinates": [
          34.6340866,
          31.7844314
        ]
      },
      "properties": {
        "store_code": "shu_168",
        "store_name": "שלי אשדוד- כינרת",
        "chainname": "שופרסל",
        "subchainname": "שופרסל שלי",
        "storeid": 168,
        "address": "שכונת י\"א כנרת",
        "city": "אשדוד",
        "zipcode": 7770071,
        "average_price_diff": 6.96622601,
        "kashi_item_count": 3577
      }
    },
    {
      "type": "Feature",
      "geometry": {
        "type": "Point",
        "coordinates": [
          34.76719617,
          31.2311083
        ]
      },
      "properties": {
        "store_code": "shu_169",
        "store_name": "אקספרס באר שבע",
        "chainname": "שופרסל",
        "subchainname": "שופרסל אקספרס",
        "storeid": 169,
        "address": "אפרים לרון 20",
        "city": "באר שבע",
        "zipcode": 0,
        "average_price_diff": 12.19706998,
        "kashi_item_count": 2818
      }
    },
    {
      "type": "Feature",
      "geometry": {
        "type": "Point",
        "coordinates": [
          34.9043166,
          32.1722128
        ]
      },
      "properties": {
        "store_code": "shu_171",
        "store_name": "אקספרס אוסטשינסקי",
        "chainname": "שופרסל",
        "subchainname": "שופרסל אקספרס",
        "storeid": 171,
        "address": "אוסטשינסקי 15",
        "city": "כפר סבא",
        "zipcode": 0,
        "average_price_diff": 12.04112911,
        "kashi_item_count": 2584
      }
    },
    {
      "type": "Feature",
      "geometry": {
        "type": "Point",
        "coordinates": [
          34.93599,
          32.320644
        ]
      },
      "properties": {
        "store_code": "shu_173",
        "store_name": "דיל כפר יונה",
        "chainname": "שופרסל",
        "subchainname": "שופרסל דיל",
        "storeid": 173,
        "address": "נעמישמר",
        "city": "כפר יונה",
        "zipcode": 0,
        "average_price_diff": -3.942771054,
        "kashi_item_count": 3149
      }
    },
    {
      "type": "Feature",
      "geometry": {
        "type": "Point",
        "coordinates": [
          35.2088394,
          31.2597999
        ]
      },
      "properties": {
        "store_code": "shu_174",
        "store_name": "דיל ערד- קניון",
        "chainname": "שופרסל",
        "subchainname": "שופרסל דיל",
        "storeid": 174,
        "address": "הקנאים 29",
        "city": "ערד",
        "zipcode": 8902342,
        "average_price_diff": -3.559957435,
        "kashi_item_count": 3266
      }
    },
    {
      "type": "Feature",
      "geometry": {
        "type": "Point",
        "coordinates": [
          35.2099448,
          31.79217
        ]
      },
      "properties": {
        "store_code": "shu_176",
        "store_name": "שערי רווחה ירושלים",
        "chainname": "שופרסל",
        "subchainname": "שערי רווחה",
        "storeid": 176,
        "address": "לואיס ברנדס 3",
        "city": "ירושלים",
        "zipcode": null,
        "average_price_diff": -13.12282999,
        "kashi_item_count": 1678
      }
    },
    {
      "type": "Feature",
      "geometry": {
        "type": "Point",
        "coordinates": [
          34.802429,
          30.612762
        ]
      },
      "properties": {
        "store_code": "shu_177",
        "store_name": "דיל מצפה רמון- בן גוריון",
        "chainname": "שופרסל",
        "subchainname": "שופרסל דיל",
        "storeid": 177,
        "address": "מרכז מסחרי",
        "city": "מצפה רמון",
        "zipcode": 8060000,
        "average_price_diff": -4.170389788,
        "kashi_item_count": 2624
      }
    },
    {
      "type": "Feature",
      "geometry": {
        "type": "Point",
        "coordinates": [
          34.82492058,
          32.07436036
        ]
      },
      "properties": {
        "store_code": "shu_179",
        "store_name": "שופרסל אקספרס הרוא\"ה רמת גן",
        "chainname": "שופרסל",
        "subchainname": "שופרסל אקספרס",
        "storeid": 179,
        "address": "רח' הרוא\"ה 152",
        "city": "רמת גן",
        "zipcode": null,
        "average_price_diff": 11.86731531,
        "kashi_item_count": 2496
      }
    },
    {
      "type": "Feature",
      "geometry": {
        "type": "Point",
        "coordinates": [
          35.0804138,
          32.8406715
        ]
      },
      "properties": {
        "store_code": "shu_180",
        "store_name": "דיל ק.מוצקין- בן גוריון",
        "chainname": "שופרסל",
        "subchainname": "שופרסל דיל",
        "storeid": 180,
        "address": "שד' בן גוריון 84",
        "city": "קרית מוצקין",
        "zipcode": 2642439,
        "average_price_diff": -4.280252455,
        "kashi_item_count": 2694
      }
    },
    {
      "type": "Feature",
      "geometry": {
        "type": "Point",
        "coordinates": [
          34.5827367,
          31.668009
        ]
      },
      "properties": {
        "store_code": "shu_181",
        "store_name": "דיל אשקלון- רמז",
        "chainname": "שופרסל",
        "subchainname": "שופרסל דיל",
        "storeid": 181,
        "address": "דוד רמז 39",
        "city": "אשקלון",
        "zipcode": 7853339,
        "average_price_diff": -3.798945946,
        "kashi_item_count": 3316
      }
    },
    {
      "type": "Feature",
      "geometry": {
        "type": "Point",
        "coordinates": [
          35.032371,
          31.074295
        ]
      },
      "properties": {
        "store_code": "shu_182",
        "store_name": "יוניברס דימונה- גולדה מאיר",
        "chainname": "שופרסל",
        "subchainname": "יוניברס",
        "storeid": 182,
        "address": "גולדה מאיר 1",
        "city": "דימונה",
        "zipcode": 86000,
        "average_price_diff": -4.962511903,
        "kashi_item_count": 3341
      }
    },
    {
      "type": "Feature",
      "geometry": {
        "type": "Point",
        "coordinates": [
          34.6408942,
          31.7936909
        ]
      },
      "properties": {
        "store_code": "shu_183",
        "store_name": "דיל אשדוד- הרצל",
        "chainname": "שופרסל",
        "subchainname": "שופרסל דיל",
        "storeid": 183,
        "address": "1 רח' הרצל",
        "city": "אשדוד",
        "zipcode": 7745401,
        "average_price_diff": -4.154517769,
        "kashi_item_count": 3124
      }
    },
    {
      "type": "Feature",
      "geometry": {
        "type": "Point",
        "coordinates": [
          34.800662,
          31.9615072
        ]
      },
      "properties": {
        "store_code": "shu_184",
        "store_name": "דיל ראשל\"צ- זבוטינסקי",
        "chainname": "שופרסל",
        "subchainname": "שופרסל דיל",
        "storeid": 184,
        "address": "זבוטינסקי 16",
        "city": "ראשון לציון",
        "zipcode": null,
        "average_price_diff": -3.972008432,
        "kashi_item_count": 2934
      }
    },
    {
      "type": "Feature",
      "geometry": {
        "type": "Point",
        "coordinates": [
          34.9778335,
          32.8160125
        ]
      },
      "properties": {
        "store_code": "shu_186",
        "store_name": "אקספרס התשבי",
        "chainname": "שופרסל",
        "subchainname": "שופרסל אקספרס",
        "storeid": 186,
        "address": "התשבי 9",
        "city": "חיפה",
        "zipcode": 0,
        "average_price_diff": 11.35675564,
        "kashi_item_count": 1941
      }
    },
    {
      "type": "Feature",
      "geometry": {
        "type": "Point",
        "coordinates": [
          35.29840181,
          31.77153522
        ]
      },
      "properties": {
        "store_code": "shu_187",
        "store_name": "דיל קניון מעלה אדומים",
        "chainname": "שופרסל",
        "subchainname": "שופרסל דיל",
        "storeid": 187,
        "address": "דרך קדם 5",
        "city": "מעלה אדומים",
        "zipcode": 0,
        "average_price_diff": -3.881224534,
        "kashi_item_count": 3339
      }
    },
    {
      "type": "Feature",
      "geometry": {
        "type": "Point",
        "coordinates": [
          34.9272665,
          30.9883432
        ]
      },
      "properties": {
        "store_code": "shu_188",
        "store_name": "דיל ירוחם- צבי בורנשטיין",
        "chainname": "שופרסל",
        "subchainname": "שופרסל דיל",
        "storeid": 188,
        "address": "צבי בורנשטין",
        "city": "ירוחם",
        "zipcode": 8050000,
        "average_price_diff": -4.089546609,
        "kashi_item_count": 2703
      }
    },
    {
      "type": "Feature",
      "geometry": {
        "type": "Point",
        "coordinates": [
          34.9742001,
          32.4728028
        ]
      },
      "properties": {
        "store_code": "shu_189",
        "store_name": "דיל פרדס חנה",
        "chainname": "שופרסל",
        "subchainname": "שופרסל דיל",
        "storeid": 189,
        "address": "14 רחוב הבנים",
        "city": "פרדס חנה כרכור",
        "zipcode": 0,
        "average_price_diff": -4.08335523,
        "kashi_item_count": 3046
      }
    },
    {
      "type": "Feature",
      "geometry": {
        "type": "Point",
        "coordinates": [
          35.5561111,
          32.9813889
        ]
      },
      "properties": {
        "store_code": "shu_190",
        "store_name": "דיל חצור- הגלילית",
        "chainname": "שופרסל",
        "subchainname": "שופרסל דיל",
        "storeid": 190,
        "address": "קניון גליל עליון",
        "city": "חצור",
        "zipcode": 1030000,
        "average_price_diff": -3.948576461,
        "kashi_item_count": 3071
      }
    },
    {
      "type": "Feature",
      "geometry": {
        "type": "Point",
        "coordinates": [
          34.8020886,
          31.9590813
        ]
      },
      "properties": {
        "store_code": "shu_193",
        "store_name": "שלי ראשל\"צ- מזרח",
        "chainname": "שופרסל",
        "subchainname": "שופרסל שלי",
        "storeid": 193,
        "address": "שד' יעקב 50",
        "city": "ראשון לציון",
        "zipcode": 7550903,
        "average_price_diff": 5.310273114,
        "kashi_item_count": 2623
      }
    },
    {
      "type": "Feature",
      "geometry": {
        "type": "Point",
        "coordinates": [
          35.09225065,
          32.84276982
        ]
      },
      "properties": {
        "store_code": "shu_195",
        "store_name": "יוניברס קריון- דרך עכו",
        "chainname": "שופרסל",
        "subchainname": "יוניברס",
        "storeid": 195,
        "address": "דרך עכו  192",
        "city": "קרית ביאליק",
        "zipcode": 2723211,
        "average_price_diff": -5.12308698,
        "kashi_item_count": 2754
      }
    },
    {
      "type": "Feature",
      "geometry": {
        "type": "Point",
        "coordinates": [
          34.745195,
          32.0290122
        ]
      },
      "properties": {
        "store_code": "shu_199",
        "store_name": "דיל בת ים- בלפור",
        "chainname": "שופרסל",
        "subchainname": "שופרסל דיל",
        "storeid": 199,
        "address": "בלפור 25",
        "city": "בת ים",
        "zipcode": 0,
        "average_price_diff": -3.573431952,
        "kashi_item_count": 2728
      }
    },
    {
      "type": "Feature",
      "geometry": {
        "type": "Point",
        "coordinates": [
          34.8890965,
          31.932199
        ]
      },
      "properties": {
        "store_code": "shu_203",
        "store_name": "יוניברס רמלה לוד- הצופית",
        "chainname": "שופרסל",
        "subchainname": "יוניברס",
        "storeid": 203,
        "address": "הצופית 40",
        "city": "רמלה",
        "zipcode": 0,
        "average_price_diff": -4.833822354,
        "kashi_item_count": 3437
      }
    },
    {
      "type": "Feature",
      "geometry": {
        "type": "Point",
        "coordinates": [
          34.9009857,
          32.0257949
        ]
      },
      "properties": {
        "store_code": "shu_205",
        "store_name": "יוניברס יהוד- אלטלף",
        "chainname": "שופרסל",
        "subchainname": "יוניברס",
        "storeid": 205,
        "address": "אלטלף 4 א.ת יהוד",
        "city": "יהוד מונוסון",
        "zipcode": 5621604,
        "average_price_diff": -5.312466682,
        "kashi_item_count": 2646
      }
    },
    {
      "type": "Feature",
      "geometry": {
        "type": "Point",
        "coordinates": [
          34.859212,
          32.0257793
        ]
      },
      "properties": {
        "store_code": "shu_207",
        "store_name": "יש אור יהודה - אליהו סעדו",
        "chainname": "שופרסל",
        "subchainname": "יש בשכונה",
        "storeid": 207,
        "address": "אליהו סעדון 128",
        "city": "אור יהודה",
        "zipcode": 6039727,
        "average_price_diff": -4.688231214,
        "kashi_item_count": 1471
      }
    },
    {
      "type": "Feature",
      "geometry": {
        "type": "Point",
        "coordinates": [
          34.57894651,
          31.68785387
        ]
      },
      "properties": {
        "store_code": "shu_209",
        "store_name": "דיל אשקלון- רוטשילד",
        "chainname": "שופרסל",
        "subchainname": "שופרסל דיל",
        "storeid": 209,
        "address": "אדמונד רוטשילד 8",
        "city": "אשקלון",
        "zipcode": 7822602,
        "average_price_diff": -4.397796248,
        "kashi_item_count": 2582
      }
    },
    {
      "type": "Feature",
      "geometry": {
        "type": "Point",
        "coordinates": [
          34.8121871,
          31.9764175
        ]
      },
      "properties": {
        "store_code": "shu_210",
        "store_name": "יוניברס ראשל\"צ- שמוטקין",
        "chainname": "שופרסל",
        "subchainname": "יוניברס",
        "storeid": 210,
        "address": "שמוטקין 30",
        "city": "ראשון לציון",
        "zipcode": 7536333,
        "average_price_diff": -5.093029901,
        "kashi_item_count": 2737
      }
    },
    {
      "type": "Feature",
      "geometry": {
        "type": "Point",
        "coordinates": [
          35.32564143,
          32.9290162
        ]
      },
      "properties": {
        "store_code": "shu_211",
        "store_name": "יוניברס כרמיאל- אזור התעשיה",
        "chainname": "שופרסל",
        "subchainname": "יוניברס",
        "storeid": 211,
        "address": "א.ת חוצות כרמיאל",
        "city": "כרמיאל",
        "zipcode": 2165006,
        "average_price_diff": -5.406951558,
        "kashi_item_count": 2703
      }
    },
    {
      "type": "Feature",
      "geometry": {
        "type": "Point",
        "coordinates": [
          34.9963889,
          32.7949865
        ]
      },
      "properties": {
        "store_code": "shu_212",
        "store_name": "שלי חיפה- ורדיה",
        "chainname": "שופרסל",
        "subchainname": "שופרסל שלי",
        "storeid": 212,
        "address": "ורדיה 10",
        "city": "חיפה",
        "zipcode": 3465710,
        "average_price_diff": 6.518234838,
        "kashi_item_count": 3210
      }
    },
    {
      "type": "Feature",
      "geometry": {
        "type": "Point",
        "coordinates": [
          34.75683013,
          31.60349333
        ]
      },
      "properties": {
        "store_code": "shu_214",
        "store_name": "יוניברס קרית גת- מלכי ישראל",
        "chainname": "שופרסל",
        "subchainname": "יוניברס",
        "storeid": 214,
        "address": "מלכי ישראל 178",
        "city": "קרית גת",
        "zipcode": 8205002,
        "average_price_diff": -5.112297639,
        "kashi_item_count": 2710
      }
    },
    {
      "type": "Feature",
      "geometry": {
        "type": "Point",
        "coordinates": [
          35.4972484,
          32.4953548
        ]
      },
      "properties": {
        "store_code": "shu_215",
        "store_name": "דיל בית שאן-ירושלים הבירה",
        "chainname": "שופרסל",
        "subchainname": "שופרסל דיל",
        "storeid": 215,
        "address": "ירושלים הבירה",
        "city": "בית שאן",
        "zipcode": 10900,
        "average_price_diff": -4.202659146,
        "kashi_item_count": 2734
      }
    },
    {
      "type": "Feature",
      "geometry": {
        "type": "Point",
        "coordinates": [
          34.90719852,
          32.16455867
        ]
      },
      "properties": {
        "store_code": "shu_216",
        "store_name": "שלי הוד השרון",
        "chainname": "שופרסל",
        "subchainname": "שופרסל שלי",
        "storeid": 216,
        "address": "2 הנשיאים",
        "city": "הוד השרון",
        "zipcode": 0,
        "average_price_diff": 6.620400894,
        "kashi_item_count": 3120
      }
    },
    {
      "type": "Feature",
      "geometry": {
        "type": "Point",
        "coordinates": [
          35.3154373,
          32.6229362
        ]
      },
      "properties": {
        "store_code": "shu_218",
        "store_name": "יוניברס עפולה- יצחק רבין",
        "chainname": "שופרסל",
        "subchainname": "יוניברס",
        "storeid": 218,
        "address": "שד' יצחק רבין 5",
        "city": "עפולה",
        "zipcode": 1834171,
        "average_price_diff": -4.989306031,
        "kashi_item_count": 3392
      }
    },
    {
      "type": "Feature",
      "geometry": {
        "type": "Point",
        "coordinates": [
          34.83843575,
          32.07937036
        ]
      },
      "properties": {
        "store_code": "shu_219",
        "store_name": "יש חסד בני ברק- עזרא",
        "chainname": "שופרסל",
        "subchainname": "יש חסד",
        "storeid": 219,
        "address": "עזרה בני ברק",
        "city": "בני ברק",
        "zipcode": 5155103,
        "average_price_diff": -14.42214535,
        "kashi_item_count": 1806
      }
    },
    {
      "type": "Feature",
      "geometry": {
        "type": "Point",
        "coordinates": [
          34.8004793,
          31.2822648
        ]
      },
      "properties": {
        "store_code": "shu_222",
        "store_name": "דיל רמות ב\"ש ב'",
        "chainname": "שופרסל",
        "subchainname": "שופרסל דיל",
        "storeid": 222,
        "address": "הערים התאומות 28",
        "city": "באר שבע",
        "zipcode": null,
        "average_price_diff": -3.786834496,
        "kashi_item_count": 3203
      }
    },
    {
      "type": "Feature",
      "geometry": {
        "type": "Point",
        "coordinates": [
          34.7610407,
          31.9793122
        ]
      },
      "properties": {
        "store_code": "shu_224",
        "store_name": "אקספרס ראשל\"צ-נווה דקלים",
        "chainname": "שופרסל",
        "subchainname": "שופרסל אקספרס",
        "storeid": 224,
        "address": "נווה דקלים 44",
        "city": "ראשון לציון",
        "zipcode": null,
        "average_price_diff": 11.98956304,
        "kashi_item_count": 2031
      }
    },
    {
      "type": "Feature",
      "geometry": {
        "type": "Point",
        "coordinates": [
          35.28161973,
          32.90512387
        ]
      },
      "properties": {
        "store_code": "shu_226",
        "store_name": "דיל כרמיאל",
        "chainname": "שופרסל",
        "subchainname": "שופרסל דיל",
        "storeid": 226,
        "address": "ההגנה 2",
        "city": "כרמיאל",
        "zipcode": 0,
        "average_price_diff": -4.128690083,
        "kashi_item_count": 2805
      }
    },
    {
      "type": "Feature",
      "geometry": {
        "type": "Point",
        "coordinates": [
          35.075575,
          32.808657
        ]
      },
      "properties": {
        "store_code": "shu_227",
        "store_name": "דיל-איקאה קרית אתא",
        "chainname": "שופרסל",
        "subchainname": "שופרסל דיל",
        "storeid": 227,
        "address": "דרך חיפה 52",
        "city": "קרית אתא",
        "zipcode": 0,
        "average_price_diff": -3.757982145,
        "kashi_item_count": 3347
      }
    },
    {
      "type": "Feature",
      "geometry": {
        "type": "Point",
        "coordinates": [
          34.9403751,
          32.5175279
        ]
      },
      "properties": {
        "store_code": "shu_228",
        "store_name": "שלי בנימינה - הגביע",
        "chainname": "שופרסל",
        "subchainname": "שופרסל שלי",
        "storeid": 228,
        "address": "הגביע 1",
        "city": "בנימינה",
        "zipcode": 3056601,
        "average_price_diff": 6.569055648,
        "kashi_item_count": 3098
      }
    },
    {
      "type": "Feature",
      "geometry": {
        "type": "Point",
        "coordinates": [
          34.793731,
          32.0654728
        ]
      },
      "properties": {
        "store_code": "shu_229",
        "store_name": "דיל ת\"א- יגאל אלון",
        "chainname": "שופרסל",
        "subchainname": "שופרסל דיל",
        "storeid": 229,
        "address": "יגאל אלון 76",
        "city": "תל אביב יפו",
        "zipcode": 6706701,
        "average_price_diff": -3.962730582,
        "kashi_item_count": 3211
      }
    },
    {
      "type": "Feature",
      "geometry": {
        "type": "Point",
        "coordinates": [
          34.9117835,
          32.1744564
        ]
      },
      "properties": {
        "store_code": "shu_230",
        "store_name": "שלי כ\"ס- ויצמן",
        "chainname": "שופרסל",
        "subchainname": "שופרסל שלי",
        "storeid": 230,
        "address": "ויצמן 29",
        "city": "כפר סבא",
        "zipcode": 4435227,
        "average_price_diff": 6.450207186,
        "kashi_item_count": 2652
      }
    },
    {
      "type": "Feature",
      "geometry": {
        "type": "Point",
        "coordinates": [
          34.8503227,
          32.1939468
        ]
      },
      "properties": {
        "store_code": "shu_231",
        "store_name": "אקספרס רעננה- רבקה גרובר",
        "chainname": "שופרסל",
        "subchainname": "שופרסל אקספרס",
        "storeid": 231,
        "address": "רבקה גובר  7",
        "city": "רעננה",
        "zipcode": 0,
        "average_price_diff": 11.31931964,
        "kashi_item_count": 2260
      }
    },
    {
      "type": "Feature",
      "geometry": {
        "type": "Point",
        "coordinates": [
          35.498291,
          32.9580793
        ]
      },
      "properties": {
        "store_code": "shu_232",
        "store_name": "שלי צפת- מ.מסחר רמת רזים",
        "chainname": "שופרסל",
        "subchainname": "שופרסל שלי",
        "storeid": 232,
        "address": "מרכז מסחרי רמת",
        "city": "צפת",
        "zipcode": 1341219,
        "average_price_diff": 6.61916526,
        "kashi_item_count": 3078
      }
    },
    {
      "type": "Feature",
      "geometry": {
        "type": "Point",
        "coordinates": [
          34.9929427,
          31.7363907
        ]
      },
      "properties": {
        "store_code": "shu_234",
        "store_name": "יש חסד רסידו",
        "chainname": "שופרסל",
        "subchainname": "יש חסד",
        "storeid": 234,
        "address": "נהר הירדן",
        "city": "בית שמש",
        "zipcode": 9902101,
        "average_price_diff": -14.38830314,
        "kashi_item_count": 1427
      }
    },
    {
      "type": "Feature",
      "geometry": {
        "type": "Point",
        "coordinates": [
          34.83391427,
          31.94197637
        ]
      },
      "properties": {
        "store_code": "shu_238",
        "store_name": "דיל באר יעקב",
        "chainname": "שופרסל",
        "subchainname": "שופרסל דיל",
        "storeid": 238,
        "address": "רח' שא - נס 17",
        "city": "באר יעקב",
        "zipcode": 0,
        "average_price_diff": -4.057996366,
        "kashi_item_count": 2866
      }
    },
    {
      "type": "Feature",
      "geometry": {
        "type": "Point",
        "coordinates": [
          34.75386768,
          32.05108468
        ]
      },
      "properties": {
        "store_code": "shu_239",
        "store_name": "אקספרס יפו- הדרור",
        "chainname": "שופרסל",
        "subchainname": "שופרסל אקספרס",
        "storeid": 239,
        "address": "הדרור 2",
        "city": "תל אביב יפו",
        "zipcode": 0,
        "average_price_diff": 11.92542156,
        "kashi_item_count": 1924
      }
    },
    {
      "type": "Feature",
      "geometry": {
        "type": "Point",
        "coordinates": [
          34.7538711,
          31.39467
        ]
      },
      "properties": {
        "store_code": "shu_240",
        "store_name": "דיל רהט",
        "chainname": "שופרסל",
        "subchainname": "שופרסל דיל",
        "storeid": 240,
        "address": "מרכז מסחרי רהט",
        "city": "רהט",
        "zipcode": 8535700,
        "average_price_diff": -2.720637989,
        "kashi_item_count": 3209
      }
    },
    {
      "type": "Feature",
      "geometry": {
        "type": "Point",
        "coordinates": [
          34.83670993,
          32.10297958
        ]
      },
      "properties": {
        "store_code": "shu_241",
        "store_name": "יוניברס בני ברק איילון",
        "chainname": "שופרסל",
        "subchainname": "יוניברס",
        "storeid": 241,
        "address": "הלח\"י 28",
        "city": "בני ברק",
        "zipcode": 5120045,
        "average_price_diff": -5.12204734,
        "kashi_item_count": 2748
      }
    },
    {
      "type": "Feature",
      "geometry": {
        "type": "Point",
        "coordinates": [
          34.8041896,
          32.1464078
        ]
      },
      "properties": {
        "store_code": "shu_244",
        "store_name": "יוניברס גלילות רמתהשרון",
        "chainname": "שופרסל",
        "subchainname": "יוניברס",
        "storeid": 244,
        "address": "צומת גלילות",
        "city": "רמת השרון",
        "zipcode": 47100,
        "average_price_diff": -5.360365354,
        "kashi_item_count": 2695
      }
    },
    {
      "type": "Feature",
      "geometry": {
        "type": "Point",
        "coordinates": [
          35.23726817,
          31.82433568
        ]
      },
      "properties": {
        "store_code": "shu_245",
        "store_name": "דיל ירושלים- פסגת זאב",
        "chainname": "שופרסל",
        "subchainname": "שופרסל דיל",
        "storeid": 245,
        "address": "שד' משה דין 106",
        "city": "ירושלים",
        "zipcode": 9783701,
        "average_price_diff": -4.215839099,
        "kashi_item_count": 2687
      }
    },
    {
      "type": "Feature",
      "geometry": {
        "type": "Point",
        "coordinates": [
          34.773446,
          31.9970439
        ]
      },
      "properties": {
        "store_code": "shu_247",
        "store_name": "שלי חולון- רבינוביץ",
        "chainname": "שופרסל",
        "subchainname": "שופרסל שלי",
        "storeid": 247,
        "address": "רבינוביץ 58",
        "city": "חולון",
        "zipcode": 5867256,
        "average_price_diff": 6.937260349,
        "kashi_item_count": 3511
      }
    },
    {
      "type": "Feature",
      "geometry": {
        "type": "Point",
        "coordinates": [
          34.760164,
          31.26761
        ]
      },
      "properties": {
        "store_code": "shu_248",
        "store_name": "דיל ב\"ש- נווה מנחם",
        "chainname": "שופרסל",
        "subchainname": "שופרסל דיל",
        "storeid": 248,
        "address": "החשמונאים 15",
        "city": "באר שבע",
        "zipcode": 8452015,
        "average_price_diff": -3.842218724,
        "kashi_item_count": 3147
      }
    },
    {
      "type": "Feature",
      "geometry": {
        "type": "Point",
        "coordinates": [
          34.853196,
          32.321458
        ]
      },
      "properties": {
        "store_code": "shu_249",
        "store_name": "דיל נתניה- פולג",
        "chainname": "שופרסל",
        "subchainname": "שופרסל דיל",
        "storeid": 249,
        "address": "גיבורי ישראל 5",
        "city": "נתניה",
        "zipcode": 4250409,
        "average_price_diff": -4.278969663,
        "kashi_item_count": 2677
      }
    },
    {
      "type": "Feature",
      "geometry": {
        "type": "Point",
        "coordinates": [
          35.576867,
          33.2229782
        ]
      },
      "properties": {
        "store_code": "shu_250",
        "store_name": "קריית שמונה",
        "chainname": "שופרסל",
        "subchainname": "שופרסל דיל",
        "storeid": 250,
        "address": "צומת המצודות, קריית שמונה",
        "city": "קרית שמונה",
        "zipcode": 1162401,
        "average_price_diff": -4.040711611,
        "kashi_item_count": 3083
      }
    },
    {
      "type": "Feature",
      "geometry": {
        "type": "Point",
        "coordinates": [
          35.2937306,
          32.6099152
        ]
      },
      "properties": {
        "store_code": "shu_251",
        "store_name": "יוניברס עפולה- כורש",
        "chainname": "שופרסל",
        "subchainname": "יוניברס",
        "storeid": 251,
        "address": "כורש 5",
        "city": "עפולה",
        "zipcode": 1831007,
        "average_price_diff": -4.97439768,
        "kashi_item_count": 3292
      }
    },
    {
      "type": "Feature",
      "geometry": {
        "type": "Point",
        "coordinates": [
          34.77613711,
          31.62500034
        ]
      },
      "properties": {
        "store_code": "shu_254",
        "store_name": "דיל כרמי גת",
        "chainname": "שופרסל",
        "subchainname": "שופרסל דיל",
        "storeid": 254,
        "address": "1 אבני חושן",
        "city": "קרית גת",
        "zipcode": 0,
        "average_price_diff": -3.620691111,
        "kashi_item_count": 3502
      }
    },
    {
      "type": "Feature",
      "geometry": {
        "type": "Point",
        "coordinates": [
          35.4186058,
          32.6949958
        ]
      },
      "properties": {
        "store_code": "shu_255",
        "store_name": "דיל כפר תבור",
        "chainname": "שופרסל",
        "subchainname": "שופרסל דיל",
        "storeid": 255,
        "address": "4 רחוב הבזלת",
        "city": "כפר תבור",
        "zipcode": 0,
        "average_price_diff": -3.999900876,
        "kashi_item_count": 2705
      }
    },
    {
      "type": "Feature",
      "geometry": {
        "type": "Point",
        "coordinates": [
          34.9295905,
          32.1725965
        ]
      },
      "properties": {
        "store_code": "shu_259",
        "store_name": "יוניברס גזית כ\"ס- ויצמן",
        "chainname": "שופרסל",
        "subchainname": "יוניברס",
        "storeid": 259,
        "address": "ויצמן 300 מתחם G",
        "city": "כפר סבא",
        "zipcode": 4439656,
        "average_price_diff": -5.383803408,
        "kashi_item_count": 2673
      }
    },
    {
      "type": "Feature",
      "geometry": {
        "type": "Point",
        "coordinates": [
          35.20910449,
          31.75080622
        ]
      },
      "properties": {
        "store_code": "shu_260",
        "store_name": "דיל ירושלים-קניון תלפיות",
        "chainname": "שופרסל",
        "subchainname": "שופרסל דיל",
        "storeid": 260,
        "address": "האומן 17",
        "city": "ירושלים",
        "zipcode": 9342111,
        "average_price_diff": -3.942951485,
        "kashi_item_count": 3265
      }
    },
    {
      "type": "Feature",
      "geometry": {
        "type": "Point",
        "coordinates": [
          34.8405332,
          31.8501486
        ]
      },
      "properties": {
        "store_code": "shu_262",
        "store_name": "שלי מזכרת בתיה- בגין",
        "chainname": "שופרסל",
        "subchainname": "שופרסל שלי",
        "storeid": 262,
        "address": "שד' מנחם בגין 2",
        "city": "מזכרת בתיה",
        "zipcode": 7680400,
        "average_price_diff": 5.141567896,
        "kashi_item_count": 2593
      }
    },
    {
      "type": "Feature",
      "geometry": {
        "type": "Point",
        "coordinates": [
          34.8299441,
          32.1269193
        ]
      },
      "properties": {
        "store_code": "shu_263",
        "store_name": "שופרסל אקספרס מקס ברוד",
        "chainname": "שופרסל",
        "subchainname": "שופרסל אקספרס",
        "storeid": 263,
        "address": "רח' מקס ברוד 34",
        "city": "תל אביב יפו",
        "zipcode": 0,
        "average_price_diff": 11.38207538,
        "kashi_item_count": 2618
      }
    },
    {
      "type": "Feature",
      "geometry": {
        "type": "Point",
        "coordinates": [
          34.7679239,
          32.0202794
        ]
      },
      "properties": {
        "store_code": "shu_265",
        "store_name": "אקספרס חולון - זלמן ארן",
        "chainname": "שופרסל",
        "subchainname": "שופרסל אקספרס",
        "storeid": 265,
        "address": "זלמן ארן 1",
        "city": "חולון",
        "zipcode": 0,
        "average_price_diff": 11.44141859,
        "kashi_item_count": 1905
      }
    },
    {
      "type": "Feature",
      "geometry": {
        "type": "Point",
        "coordinates": [
          35.7086193,
          32.99083
        ]
      },
      "properties": {
        "store_code": "shu_267",
        "store_name": "דיל קצרין- חרמון",
        "chainname": "שופרסל",
        "subchainname": "שופרסל דיל",
        "storeid": 267,
        "address": "חרמון 7 א ת.",
        "city": "קצרין",
        "zipcode": 1290000,
        "average_price_diff": -3.769876608,
        "kashi_item_count": 3180
      }
    },
    {
      "type": "Feature",
      "geometry": {
        "type": "Point",
        "coordinates": [
          34.8951845,
          32.0999994
        ]
      },
      "properties": {
        "store_code": "shu_269",
        "store_name": "יוניברס פ\"ת- סגולה",
        "chainname": "שופרסל",
        "subchainname": "יוניברס",
        "storeid": 269,
        "address": "הרב מסעוד אשר20א",
        "city": "פתח תקווה",
        "zipcode": 4900519,
        "average_price_diff": -5.148687432,
        "kashi_item_count": 2781
      }
    },
    {
      "type": "Feature",
      "geometry": {
        "type": "Point",
        "coordinates": [
          34.8147164,
          31.8820899
        ]
      },
      "properties": {
        "store_code": "shu_271",
        "store_name": "שלירחובות- יעקובי",
        "chainname": "שופרסל",
        "subchainname": "שופרסל שלי",
        "storeid": 271,
        "address": "פנחס יעקובי 1",
        "city": "רחובות",
        "zipcode": 0,
        "average_price_diff": 6.569712921,
        "kashi_item_count": 3660
      }
    },
    {
      "type": "Feature",
      "geometry": {
        "type": "Point",
        "coordinates": [
          34.8083823,
          32.0741055
        ]
      },
      "properties": {
        "store_code": "shu_272",
        "store_name": "שלי גבעתיים- ויצמן",
        "chainname": "שופרסל",
        "subchainname": "שופרסל שלי",
        "storeid": 272,
        "address": "ויצמן 20",
        "city": "גבעתיים",
        "zipcode": 5339005,
        "average_price_diff": 5.227678524,
        "kashi_item_count": 2662
      }
    },
    {
      "type": "Feature",
      "geometry": {
        "type": "Point",
        "coordinates": [
          34.7697156,
          32.0562844
        ]
      },
      "properties": {
        "store_code": "shu_274",
        "store_name": "אקספרס ת\"א- פלורנטין",
        "chainname": "שופרסל",
        "subchainname": "שופרסל אקספרס",
        "storeid": 274,
        "address": "פלורנטין 27",
        "city": "תל אביב יפו",
        "zipcode": null,
        "average_price_diff": 12.00048247,
        "kashi_item_count": 2492
      }
    },
    {
      "type": "Feature",
      "geometry": {
        "type": "Point",
        "coordinates": [
          34.7897242,
          31.89210227
        ]
      },
      "properties": {
        "store_code": "shu_276",
        "store_name": "יוניברס אמט\"ל רחובות",
        "chainname": "שופרסל",
        "subchainname": "יוניברס",
        "storeid": 276,
        "address": "רח משה יתום  46",
        "city": "רחובות",
        "zipcode": 76396,
        "average_price_diff": -5.23632442,
        "kashi_item_count": 2729
      }
    },
    {
      "type": "Feature",
      "geometry": {
        "type": "Point",
        "coordinates": [
          34.8405805,
          32.1722076
        ]
      },
      "properties": {
        "store_code": "shu_277",
        "store_name": "אקספרס.בני בנימין הרצליה",
        "chainname": "שופרסל",
        "subchainname": "שופרסל אקספרס",
        "storeid": 277,
        "address": "בני בנימין 23",
        "city": "הרצליה",
        "zipcode": null,
        "average_price_diff": 11.68261022,
        "kashi_item_count": 2535
      }
    },
    {
      "type": "Feature",
      "geometry": {
        "type": "Point",
        "coordinates": [
          34.8696498,
          32.074364
        ]
      },
      "properties": {
        "store_code": "shu_278",
        "store_name": "שלי פ\"ת -העצמאות",
        "chainname": "שופרסל",
        "subchainname": "שופרסל שלי",
        "storeid": 278,
        "address": "העצמאות 65",
        "city": "פתח תקווה",
        "zipcode": 4937999,
        "average_price_diff": 5.156249222,
        "kashi_item_count": 2754
      }
    },
    {
      "type": "Feature",
      "geometry": {
        "type": "Point",
        "coordinates": [
          34.771436,
          32.076927
        ]
      },
      "properties": {
        "store_code": "shu_279",
        "store_name": "אקספרס-ת\"א דרויאנוב",
        "chainname": "שופרסל",
        "subchainname": "שופרסל אקספרס",
        "storeid": 279,
        "address": "רח' דרויאנוב 5",
        "city": "תל אביב יפו",
        "zipcode": null,
        "average_price_diff": 12.03472591,
        "kashi_item_count": 2504
      }
    },
    {
      "type": "Feature",
      "geometry": {
        "type": "Point",
        "coordinates": [
          35.24339289,
          32.67834062
        ]
      },
      "properties": {
        "store_code": "shu_281",
        "store_name": "דיל מגדל העמק- המדע",
        "chainname": "שופרסל",
        "subchainname": "שופרסל דיל",
        "storeid": 281,
        "address": "שד' מדע 77",
        "city": "מגדל העמק",
        "zipcode": 0,
        "average_price_diff": -4.311157974,
        "kashi_item_count": 2883
      }
    },
    {
      "type": "Feature",
      "geometry": {
        "type": "Point",
        "coordinates": [
          35.19460457,
          31.76628877
        ]
      },
      "properties": {
        "store_code": "shu_282",
        "store_name": "דיל צומת גבעת מרדכי",
        "chainname": "שופרסל",
        "subchainname": "שופרסל דיל",
        "storeid": 282,
        "address": "רח' שחר 79, ירושלים.",
        "city": "ירושלים",
        "zipcode": 7692000,
        "average_price_diff": -3.960223083,
        "kashi_item_count": 3257
      }
    },
    {
      "type": "Feature",
      "geometry": {
        "type": "Point",
        "coordinates": [
          34.817667,
          31.861232
        ]
      },
      "properties": {
        "store_code": "shu_283",
        "store_name": "יוניברס קרית עקרון- ביל\"ו",
        "chainname": "שופרסל",
        "subchainname": "יוניברס",
        "storeid": 283,
        "address": "מ.תדיראן,ק.עקרון",
        "city": "רחובות",
        "zipcode": 7692000,
        "average_price_diff": -5.23146025,
        "kashi_item_count": 2614
      }
    },
    {
      "type": "Feature",
      "geometry": {
        "type": "Point",
        "coordinates": [
          34.9180425,
          32.2535587
        ]
      },
      "properties": {
        "store_code": "shu_284",
        "store_name": "שלי תל מונד- הדקל",
        "chainname": "שופרסל",
        "subchainname": "שופרסל שלי",
        "storeid": 284,
        "address": "הדקל 49",
        "city": "תל מונד",
        "zipcode": 4060049,
        "average_price_diff": 6.451906149,
        "kashi_item_count": 2965
      }
    },
    {
      "type": "Feature",
      "geometry": {
        "type": "Point",
        "coordinates": [
          34.8933094,
          32.0913108
        ]
      },
      "properties": {
        "store_code": "shu_285",
        "store_name": "אקספרס סוקולוב פ\"ת",
        "chainname": "שופרסל",
        "subchainname": "שופרסל אקספרס",
        "storeid": 285,
        "address": "סוקולוב 26",
        "city": "פתח תקווה",
        "zipcode": null,
        "average_price_diff": 11.91282759,
        "kashi_item_count": 2596
      }
    },
    {
      "type": "Feature",
      "geometry": {
        "type": "Point",
        "coordinates": [
          34.80641679,
          32.06188232
        ]
      },
      "properties": {
        "store_code": "shu_287",
        "store_name": "שלי גבעתיים-שביט",
        "chainname": "שופרסל",
        "subchainname": "שופרסל שלי",
        "storeid": 287,
        "address": "עמישב 45",
        "city": "גבעתיים",
        "zipcode": 5348832,
        "average_price_diff": 6.685054443,
        "kashi_item_count": 3389
      }
    },
    {
      "type": "Feature",
      "geometry": {
        "type": "Point",
        "coordinates": [
          34.8215304,
          31.8933255
        ]
      },
      "properties": {
        "store_code": "shu_288",
        "store_name": "יש רחובות- סירני",
        "chainname": "שופרסל",
        "subchainname": "יש בשכונה",
        "storeid": 288,
        "address": "חיים סרני 1",
        "city": "רחובות",
        "zipcode": 7626902,
        "average_price_diff": -4.175188689,
        "kashi_item_count": 1472
      }
    },
    {
      "type": "Feature",
      "geometry": {
        "type": "Point",
        "coordinates": [
          34.8597884,
          32.0878644
        ]
      },
      "properties": {
        "store_code": "shu_290",
        "store_name": "דיל  פ\"ת- יכין סנטר",
        "chainname": "שופרסל",
        "subchainname": "שופרסל דיל",
        "storeid": 290,
        "address": "יצחק רבין 17",
        "city": "פתח תקווה",
        "zipcode": 4951711,
        "average_price_diff": -3.969642466,
        "kashi_item_count": 2745
      }
    },
    {
      "type": "Feature",
      "geometry": {
        "type": "Point",
        "coordinates": [
          34.84055668,
          32.07889547
        ]
      },
      "properties": {
        "store_code": "shu_295",
        "store_name": "יש חסד בני ברק-שלמה המלך",
        "chainname": "שופרסל",
        "subchainname": "יש חסד",
        "storeid": 295,
        "address": "שלמה המלך   12",
        "city": "בני ברק",
        "zipcode": 5155205,
        "average_price_diff": -14.06265911,
        "kashi_item_count": 1655
      }
    },
    {
      "type": "Feature",
      "geometry": {
        "type": "Point",
        "coordinates": [
          34.8954469,
          32.0841111
        ]
      },
      "properties": {
        "store_code": "shu_296",
        "store_name": "אקספרס פ\"ת רחל המשוררת",
        "chainname": "שופרסל",
        "subchainname": "שופרסל אקספרס",
        "storeid": 296,
        "address": "רחל המשוררת 29",
        "city": "פתח תקווה",
        "zipcode": null,
        "average_price_diff": 11.90886928,
        "kashi_item_count": 2426
      }
    },
    {
      "type": "Feature",
      "geometry": {
        "type": "Point",
        "coordinates": [
          34.90872722,
          32.43537405
        ]
      },
      "properties": {
        "store_code": "shu_297",
        "store_name": "יוניברס חדרה- ארבע האגודות",
        "chainname": "שופרסל",
        "subchainname": "יוניברס",
        "storeid": 297,
        "address": "ארבע אגודות 1",
        "city": "חדרה",
        "zipcode": 3843101,
        "average_price_diff": -5.298912445,
        "kashi_item_count": 2680
      }
    },
    {
      "type": "Feature",
      "geometry": {
        "type": "Point",
        "coordinates": [
          34.90509874,
          32.15986373
        ]
      },
      "properties": {
        "store_code": "shu_299",
        "store_name": "אקספרס הוד השרון",
        "chainname": "שופרסל",
        "subchainname": "שופרסל אקספרס",
        "storeid": 299,
        "address": "חנקין 12",
        "city": "הוד השרון",
        "zipcode": 0,
        "average_price_diff": 11.67588618,
        "kashi_item_count": 2138
      }
    },
    {
      "type": "Feature",
      "geometry": {
        "type": "Point",
        "coordinates": [
          34.9085715,
          32.0468299
        ]
      },
      "properties": {
        "store_code": "shu_300",
        "store_name": "יש חסד בארות יצחק- פאוור",
        "chainname": "שופרסל",
        "subchainname": "יש חסד",
        "storeid": 300,
        "address": "בארות יצחק",
        "city": "בארות יצחק",
        "zipcode": 0,
        "average_price_diff": -13.95522109,
        "kashi_item_count": 1941
      }
    },
    {
      "type": "Feature",
      "geometry": {
        "type": "Point",
        "coordinates": [
          34.7984514,
          32.1253734
        ]
      },
      "properties": {
        "store_code": "shu_301",
        "store_name": "אקספרס אחי מאיר",
        "chainname": "שופרסל",
        "subchainname": "שופרסל אקספרס",
        "storeid": 301,
        "address": "1 אחי מאיר",
        "city": "תל אביב יפו",
        "zipcode": 0,
        "average_price_diff": 11.84301949,
        "kashi_item_count": 2832
      }
    },
    {
      "type": "Feature",
      "geometry": {
        "type": "Point",
        "coordinates": [
          34.9831698,
          32.802313
        ]
      },
      "properties": {
        "store_code": "shu_302",
        "store_name": "שלי חיפה- קלר",
        "chainname": "שופרסל",
        "subchainname": "שופרסל שלי",
        "storeid": 302,
        "address": "קלר 7",
        "city": "חיפה",
        "zipcode": 3448314,
        "average_price_diff": 4.911143223,
        "kashi_item_count": 2563
      }
    },
    {
      "type": "Feature",
      "geometry": {
        "type": "Point",
        "coordinates": [
          35.1252205,
          32.7146161
        ]
      },
      "properties": {
        "store_code": "shu_303",
        "store_name": "אקספרס טבעון - יהודה הנשיא",
        "chainname": "שופרסל",
        "subchainname": "שופרסל אקספרס",
        "storeid": 303,
        "address": "יהודה הנשיא",
        "city": "קרית טבעון",
        "zipcode": 3604701,
        "average_price_diff": 12.00348035,
        "kashi_item_count": 2821
      }
    },
    {
      "type": "Feature",
      "geometry": {
        "type": "Point",
        "coordinates": [
          34.7928439,
          32.094182
        ]
      },
      "properties": {
        "store_code": "shu_305",
        "store_name": "אקספרסת\"א- יהודה המכבי",
        "chainname": "שופרסל",
        "subchainname": "שופרסל אקספרס",
        "storeid": 305,
        "address": "יהודה מכבי 81",
        "city": "תל אביב יפו",
        "zipcode": null,
        "average_price_diff": 11.96023747,
        "kashi_item_count": 3026
      }
    },
    {
      "type": "Feature",
      "geometry": {
        "type": "Point",
        "coordinates": [
          35.0136973,
          32.7900282
        ]
      },
      "properties": {
        "store_code": "shu_306",
        "store_name": "יש נוה שאנן חיפה- חניתה",
        "chainname": "שופרסל",
        "subchainname": "יש בשכונה",
        "storeid": 306,
        "address": "רח' חניתה 64",
        "city": "חיפה",
        "zipcode": 3244411,
        "average_price_diff": -4.556435224,
        "kashi_item_count": 1622
      }
    },
    {
      "type": "Feature",
      "geometry": {
        "type": "Point",
        "coordinates": [
          35.1030579,
          32.805805
        ]
      },
      "properties": {
        "store_code": "shu_307",
        "store_name": "יש קרית אתא- זבולון",
        "chainname": "שופרסל",
        "subchainname": "יש בשכונה",
        "storeid": 307,
        "address": "רח.זבולון 4",
        "city": "קרית אתא",
        "zipcode": 2806007,
        "average_price_diff": -4.577509093,
        "kashi_item_count": 1608
      }
    },
    {
      "type": "Feature",
      "geometry": {
        "type": "Point",
        "coordinates": [
          35.119773,
          32.809144
        ]
      },
      "properties": {
        "store_code": "shu_308",
        "store_name": "שלי קרית אתא- איינשטין",
        "chainname": "שופרסל",
        "subchainname": "שופרסל שלי",
        "storeid": 308,
        "address": "איינשטיין 20",
        "city": "קרית אתא",
        "zipcode": 2805152,
        "average_price_diff": 6.671844814,
        "kashi_item_count": 3132
      }
    },
    {
      "type": "Feature",
      "geometry": {
        "type": "Point",
        "coordinates": [
          35.0601773,
          32.8287419
        ]
      },
      "properties": {
        "store_code": "shu_310",
        "store_name": "שלי קרית חיים- דגניה",
        "chainname": "שופרסל",
        "subchainname": "שופרסל שלי",
        "storeid": 310,
        "address": "ד.דגניה 14",
        "city": "קרית חיים",
        "zipcode": 2621019,
        "average_price_diff": 6.520003407,
        "kashi_item_count": 2504
      }
    },
    {
      "type": "Feature",
      "geometry": {
        "type": "Point",
        "coordinates": [
          34.8122607,
          31.9035165
        ]
      },
      "properties": {
        "store_code": "shu_311",
        "store_name": "אקספרס רחובות- בוסתנאי",
        "chainname": "שופרסל",
        "subchainname": "שופרסל אקספרס",
        "storeid": 311,
        "address": "בוסתנאי 14",
        "city": "רחובות",
        "zipcode": 0,
        "average_price_diff": 12.17693888,
        "kashi_item_count": 2298
      }
    },
    {
      "type": "Feature",
      "geometry": {
        "type": "Point",
        "coordinates": [
          34.982659,
          32.827336
        ]
      },
      "properties": {
        "store_code": "shu_312",
        "store_name": "דיל חיפה- קרית אליעזר",
        "chainname": "שופרסל",
        "subchainname": "שופרסל דיל",
        "storeid": 312,
        "address": "ככר מאירהוף",
        "city": "חיפה",
        "zipcode": 35154,
        "average_price_diff": -3.895035248,
        "kashi_item_count": 3261
      }
    },
    {
      "type": "Feature",
      "geometry": {
        "type": "Point",
        "coordinates": [
          35.069351,
          32.821635
        ]
      },
      "properties": {
        "store_code": "shu_313",
        "store_name": "שלי קרית חיים-אח\"י אילת",
        "chainname": "שופרסל",
        "subchainname": "שופרסל שלי",
        "storeid": 313,
        "address": "שד.אח\"י אילת 20",
        "city": "קרית חיים",
        "zipcode": 2626907,
        "average_price_diff": 6.926747654,
        "kashi_item_count": 3399
      }
    },
    {
      "type": "Feature",
      "geometry": {
        "type": "Point",
        "coordinates": [
          34.9593184,
          32.8204746
        ]
      },
      "properties": {
        "store_code": "shu_314",
        "store_name": "יש חיפה- צרפת",
        "chainname": "שופרסל",
        "subchainname": "יש בשכונה",
        "storeid": 314,
        "address": "דרך צרפת 11",
        "city": "חיפה",
        "zipcode": 3559602,
        "average_price_diff": -4.616227725,
        "kashi_item_count": 1390
      }
    },
    {
      "type": "Feature",
      "geometry": {
        "type": "Point",
        "coordinates": [
          34.8740584,
          32.2735829
        ]
      },
      "properties": {
        "store_code": "shu_315",
        "store_name": "אקספרס כפר נטר",
        "chainname": "שופרסל",
        "subchainname": "שופרסל אקספרס",
        "storeid": 315,
        "address": "ההדרים 17",
        "city": "כפר נטר",
        "zipcode": 0,
        "average_price_diff": 12.04256212,
        "kashi_item_count": 2327
      }
    },
    {
      "type": "Feature",
      "geometry": {
        "type": "Point",
        "coordinates": [
          35.0738389,
          32.8334852
        ]
      },
      "properties": {
        "store_code": "shu_316",
        "store_name": "דיל קרית מוצקין-שד ויצמן",
        "chainname": "שופרסל",
        "subchainname": "שופרסל דיל",
        "storeid": 316,
        "address": "ד.ויצמן 1",
        "city": "קרית מוצקין",
        "zipcode": 2635101,
        "average_price_diff": -4.063809884,
        "kashi_item_count": 2775
      }
    },
    {
      "type": "Feature",
      "geometry": {
        "type": "Point",
        "coordinates": [
          35.0065338,
          32.5172326
        ]
      },
      "properties": {
        "store_code": "shu_317",
        "store_name": "אקספרס גבעת עדה",
        "chainname": "שופרסל",
        "subchainname": "שופרסל אקספרס",
        "storeid": 317,
        "address": "חי 67",
        "city": "גבעת עדה",
        "zipcode": 0,
        "average_price_diff": 11.7356645,
        "kashi_item_count": 2360
      }
    },
    {
      "type": "Feature",
      "geometry": {
        "type": "Point",
        "coordinates": [
          34.7620058,
          32.0362056
        ]
      },
      "properties": {
        "store_code": "shu_318",
        "store_name": "אקספרס חולון - וולפסון",
        "chainname": "שופרסל",
        "subchainname": "שופרסל אקספרס",
        "storeid": 318,
        "address": "הלוחמים 62",
        "city": "חולון",
        "zipcode": 0,
        "average_price_diff": 11.71877484,
        "kashi_item_count": 2098
      }
    },
    {
      "type": "Feature",
      "geometry": {
        "type": "Point",
        "coordinates": [
          35.082678,
          32.933052
        ]
      },
      "properties": {
        "store_code": "shu_319",
        "store_name": "שלי עכו- שפירא",
        "chainname": "שופרסל",
        "subchainname": "שופרסל שלי",
        "storeid": 319,
        "address": "רח.משה שפירא 28",
        "city": "עכו",
        "zipcode": 2440929,
        "average_price_diff": 7.104898432,
        "kashi_item_count": 3297
      }
    },
    {
      "type": "Feature",
      "geometry": {
        "type": "Point",
        "coordinates": [
          34.63870361,
          31.77124392
        ]
      },
      "properties": {
        "store_code": "shu_320",
        "store_name": "דיל האגס",
        "chainname": "שופרסל",
        "subchainname": "שופרסל דיל",
        "storeid": 320,
        "address": "מנגו 2",
        "city": "אשדוד",
        "zipcode": null,
        "average_price_diff": -4.295382701,
        "kashi_item_count": 2692
      }
    },
    {
      "type": "Feature",
      "geometry": {
        "type": "Point",
        "coordinates": [
          34.7964159,
          31.936063
        ]
      },
      "properties": {
        "store_code": "shu_325",
        "store_name": "אקספרס ששת הימים נס ציונ",
        "chainname": "שופרסל",
        "subchainname": "שופרסל אקספרס",
        "storeid": 325,
        "address": "ששת הימים 1",
        "city": "נס ציונה",
        "zipcode": 0,
        "average_price_diff": 11.85064788,
        "kashi_item_count": 2761
      }
    },
    {
      "type": "Feature",
      "geometry": {
        "type": "Point",
        "coordinates": [
          35.0964972,
          33.0067252
        ]
      },
      "properties": {
        "store_code": "shu_326",
        "store_name": "שלי נהריה- הגעתון",
        "chainname": "שופרסל",
        "subchainname": "שופרסל שלי",
        "storeid": 326,
        "address": "רח.הרצל-שד.הגעתו",
        "city": "נהריה",
        "zipcode": 2240029,
        "average_price_diff": 5.165108327,
        "kashi_item_count": 2635
      }
    },
    {
      "type": "Feature",
      "geometry": {
        "type": "Point",
        "coordinates": [
          34.9851863,
          32.7797806
        ]
      },
      "properties": {
        "store_code": "shu_327",
        "store_name": "אקספרס חיפה- ראול ולנברג",
        "chainname": "שופרסל",
        "subchainname": "שופרסל אקספרס",
        "storeid": 327,
        "address": "ראול וולנברג 9",
        "city": "חיפה",
        "zipcode": 3499009,
        "average_price_diff": 11.23006471,
        "kashi_item_count": 1873
      }
    },
    {
      "type": "Feature",
      "geometry": {
        "type": "Point",
        "coordinates": [
          35.104606,
          32.660225
        ]
      },
      "properties": {
        "store_code": "shu_329",
        "store_name": "יש  יוקנעם עילית- היובלים",
        "chainname": "שופרסל",
        "subchainname": "יש בשכונה",
        "storeid": 329,
        "address": "מ.מסחרי יקנעם על",
        "city": "יוקנעם",
        "zipcode": 20692,
        "average_price_diff": -5.26741679,
        "kashi_item_count": 1466
      }
    },
    {
      "type": "Feature",
      "geometry": {
        "type": "Point",
        "coordinates": [
          35.0099278,
          32.7959783
        ]
      },
      "properties": {
        "store_code": "shu_330",
        "store_name": "שלי חיפה- נתיב חן",
        "chainname": "שופרסל",
        "subchainname": "שופרסל שלי",
        "storeid": 330,
        "address": "נתיב חן 1,נוה שא",
        "city": "חיפה",
        "zipcode": 3224001,
        "average_price_diff": 6.664212938,
        "kashi_item_count": 3427
      }
    },
    {
      "type": "Feature",
      "geometry": {
        "type": "Point",
        "coordinates": [
          34.9965532,
          32.7848302
        ]
      },
      "properties": {
        "store_code": "shu_333",
        "store_name": "שלי חיפה- אורן",
        "chainname": "שופרסל",
        "subchainname": "שופרסל שלי",
        "storeid": 333,
        "address": "רח.אורן 25 רוממה",
        "city": "חיפה",
        "zipcode": 3473402,
        "average_price_diff": 4.974441456,
        "kashi_item_count": 2459
      }
    },
    {
      "type": "Feature",
      "geometry": {
        "type": "Point",
        "coordinates": [
          34.88719255,
          32.08055875
        ]
      },
      "properties": {
        "store_code": "shu_334",
        "store_name": "אקספרס פ\"ת - שפירא",
        "chainname": "שופרסל",
        "subchainname": "שופרסל אקספרס",
        "storeid": 334,
        "address": "קק\"ל 35",
        "city": "פתח תקווה",
        "zipcode": null,
        "average_price_diff": 12.08969326,
        "kashi_item_count": 2462
      }
    },
    {
      "type": "Feature",
      "geometry": {
        "type": "Point",
        "coordinates": [
          34.90716599,
          32.17279784
        ]
      },
      "properties": {
        "store_code": "shu_335",
        "store_name": "אקספרס כ\"ס- בן גוריון",
        "chainname": "שופרסל",
        "subchainname": "שופרסל אקספרס",
        "storeid": 335,
        "address": "בן גוריון 35",
        "city": "כפר סבא",
        "zipcode": null,
        "average_price_diff": 11.28077,
        "kashi_item_count": 1915
      }
    },
    {
      "type": "Feature",
      "geometry": {
        "type": "Point",
        "coordinates": [
          35.0046155,
          32.7860722
        ]
      },
      "properties": {
        "store_code": "shu_336",
        "store_name": "שלי חיפה- רמות ספיר",
        "chainname": "שופרסל",
        "subchainname": "שופרסל שלי",
        "storeid": 336,
        "address": "רח' גוט לוין 48",
        "city": "חיפה",
        "zipcode": 3292240,
        "average_price_diff": 5.124881087,
        "kashi_item_count": 2497
      }
    },
    {
      "type": "Feature",
      "geometry": {
        "type": "Point",
        "coordinates": [
          34.785787,
          32.101499
        ]
      },
      "properties": {
        "store_code": "shu_338",
        "store_name": "אקספרס כוכב הצפון",
        "chainname": "שופרסל",
        "subchainname": "שופרסל אקספרס",
        "storeid": 338,
        "address": "בוני העיר 9",
        "city": "תל אביב יפו",
        "zipcode": 0,
        "average_price_diff": 11.60429894,
        "kashi_item_count": 2798
      }
    },
    {
      "type": "Feature",
      "geometry": {
        "type": "Point",
        "coordinates": [
          35.5351425,
          32.7892614
        ]
      },
      "properties": {
        "store_code": "shu_339",
        "store_name": "דיל טבריה- העמקים",
        "chainname": "שופרסל",
        "subchainname": "שופרסל דיל",
        "storeid": 339,
        "address": "העמקים 1",
        "city": "טבריה",
        "zipcode": 1420401,
        "average_price_diff": -4.098548668,
        "kashi_item_count": 3267
      }
    },
    {
      "type": "Feature",
      "geometry": {
        "type": "Point",
        "coordinates": [
          34.7912523,
          32.1144509
        ]
      },
      "properties": {
        "store_code": "shu_340",
        "store_name": "אקספרס ת\"א- זריצקי",
        "chainname": "שופרסל",
        "subchainname": "שופרסל אקספרס",
        "storeid": 340,
        "address": "זריצקי 4",
        "city": "תל אביב יפו",
        "zipcode": null,
        "average_price_diff": 11.63146624,
        "kashi_item_count": 2869
      }
    },
    {
      "type": "Feature",
      "geometry": {
        "type": "Point",
        "coordinates": [
          34.82516803,
          32.07923031
        ]
      },
      "properties": {
        "store_code": "shu_341",
        "store_name": "אקספרס רמת גן- הרוא\"ה",
        "chainname": "שופרסל",
        "subchainname": "שופרסל אקספרס",
        "storeid": 341,
        "address": "הרוא\"ה 131",
        "city": "רמת גן",
        "zipcode": null,
        "average_price_diff": 11.69138977,
        "kashi_item_count": 2778
      }
    },
    {
      "type": "Feature",
      "geometry": {
        "type": "Point",
        "coordinates": [
          35.29371734,
          32.90821446
        ]
      },
      "properties": {
        "store_code": "shu_342",
        "store_name": "דיל כרמיאל- קניון לב",
        "chainname": "שופרסל",
        "subchainname": "שופרסל דיל",
        "storeid": 342,
        "address": "מורד הגיא 100",
        "city": "כרמיאל",
        "zipcode": 2192401,
        "average_price_diff": -4.081030091,
        "kashi_item_count": 2880
      }
    },
    {
      "type": "Feature",
      "geometry": {
        "type": "Point",
        "coordinates": [
          34.9738092,
          32.0935383
        ]
      },
      "properties": {
        "store_code": "shu_343",
        "store_name": "שלי ראש העין- ברקן",
        "chainname": "שופרסל",
        "subchainname": "שופרסל שלי",
        "storeid": 343,
        "address": "בזק 1 פינת ברקן",
        "city": "ראש העין",
        "zipcode": 4863016,
        "average_price_diff": 5.032783627,
        "kashi_item_count": 2640
      }
    },
    {
      "type": "Feature",
      "geometry": {
        "type": "Point",
        "coordinates": [
          35.2829704,
          33.0191612
        ]
      },
      "properties": {
        "store_code": "shu_344",
        "store_name": "דיל מעלות- דרך האלוף עוז",
        "chainname": "שופרסל",
        "subchainname": "שופרסל דיל",
        "storeid": 344,
        "address": "קניון כוכב הצפון",
        "city": "מעלות תרשיחא",
        "zipcode": 21020,
        "average_price_diff": -3.961241238,
        "kashi_item_count": 3018
      }
    },
    {
      "type": "Feature",
      "geometry": {
        "type": "Point",
        "coordinates": [
          34.78448505,
          31.80998093
        ]
      },
      "properties": {
        "store_code": "shu_347",
        "store_name": "אקספרס גדרה- דרך הפרחים",
        "chainname": "שופרסל",
        "subchainname": "שופרסל אקספרס",
        "storeid": 347,
        "address": "דרך הפרחים 38",
        "city": "גדרה",
        "zipcode": 0,
        "average_price_diff": 12.2323627,
        "kashi_item_count": 2493
      }
    },
    {
      "type": "Feature",
      "geometry": {
        "type": "Point",
        "coordinates": [
          34.88294242,
          32.07944835
        ]
      },
      "properties": {
        "store_code": "shu_348",
        "store_name": "אקספרס פ\"ת- קק\"ל",
        "chainname": "שופרסל",
        "subchainname": "שופרסל אקספרס",
        "storeid": 348,
        "address": "קק\"ל 2",
        "city": "פתח תקווה",
        "zipcode": null,
        "average_price_diff": 12.05188631,
        "kashi_item_count": 2086
      }
    },
    {
      "type": "Feature",
      "geometry": {
        "type": "Point",
        "coordinates": [
          35.5050237,
          32.9715869
        ]
      },
      "properties": {
        "store_code": "shu_349",
        "store_name": "יש חסד צפת- כנען",
        "chainname": "שופרסל",
        "subchainname": "יש חסד",
        "storeid": 349,
        "address": "הר כנען",
        "city": "צפת",
        "zipcode": 13200,
        "average_price_diff": -14.42343084,
        "kashi_item_count": 1745
      }
    },
    {
      "type": "Feature",
      "geometry": {
        "type": "Point",
        "coordinates": [
          34.88324036,
          32.44041491
        ]
      },
      "properties": {
        "store_code": "shu_350",
        "store_name": "דיל גבעת אולגה-הרב ניסים",
        "chainname": "שופרסל",
        "subchainname": "שופרסל דיל",
        "storeid": 350,
        "address": "שד' ברוך בוארון1",
        "city": "גבעת אולגה",
        "zipcode": 0,
        "average_price_diff": -4.042204555,
        "kashi_item_count": 2945
      }
    },
    {
      "type": "Feature",
      "geometry": {
        "type": "Point",
        "coordinates": [
          34.9879275,
          32.7924878
        ]
      },
      "properties": {
        "store_code": "shu_353",
        "store_name": "אקספרס יותם",
        "chainname": "שופרסל",
        "subchainname": "שופרסל אקספרס",
        "storeid": 353,
        "address": "יותם 20",
        "city": "חיפה",
        "zipcode": 0,
        "average_price_diff": 11.70488438,
        "kashi_item_count": 1746
      }
    },
    {
      "type": "Feature",
      "geometry": {
        "type": "Point",
        "coordinates": [
          34.7763521,
          32.0752118
        ]
      },
      "properties": {
        "store_code": "shu_354",
        "store_name": "'אקספרס ת\"א- קינג ג'ורג",
        "chainname": "שופרסל",
        "subchainname": "שופרסל אקספרס",
        "storeid": 354,
        "address": "קינג ג'ורג' 58",
        "city": "תל אביב יפו",
        "zipcode": null,
        "average_price_diff": 11.95821314,
        "kashi_item_count": 1690
      }
    },
    {
      "type": "Feature",
      "geometry": {
        "type": "Point",
        "coordinates": [
          34.9458451,
          32.2879702
        ]
      },
      "properties": {
        "store_code": "shu_357",
        "store_name": "דיל צורן קדימה- לב השרון",
        "chainname": "שופרסל",
        "subchainname": "שופרסל דיל",
        "storeid": 357,
        "address": "דרך לב השרון 422",
        "city": "צורן",
        "zipcode": 4282300,
        "average_price_diff": -3.746731865,
        "kashi_item_count": 2851
      }
    },
    {
      "type": "Feature",
      "geometry": {
        "type": "Point",
        "coordinates": [
          35.0088946,
          32.789635
        ]
      },
      "properties": {
        "store_code": "shu_359",
        "store_name": "דיל חיפה- גרנד קניון",
        "chainname": "שופרסל",
        "subchainname": "שופרסל דיל",
        "storeid": 359,
        "address": "שמחה גולן 54",
        "city": "חיפה",
        "zipcode": 3299001,
        "average_price_diff": -3.912704016,
        "kashi_item_count": 3264
      }
    },
    {
      "type": "Feature",
      "geometry": {
        "type": "Point",
        "coordinates": [
          34.8083768,
          31.9586614
        ]
      },
      "properties": {
        "store_code": "shu_360",
        "store_name": "אקספרס מאירוביץ ראשל\"צ",
        "chainname": "שופרסל",
        "subchainname": "שופרסל אקספרס",
        "storeid": 360,
        "address": "מאירוביץ 17",
        "city": "ראשון לציון",
        "zipcode": null,
        "average_price_diff": 12.28062794,
        "kashi_item_count": 2904
      }
    },
    {
      "type": "Feature",
      "geometry": {
        "type": "Point",
        "coordinates": [
          35.2433929,
          32.6782684
        ]
      },
      "properties": {
        "store_code": "shu_361",
        "store_name": "דיל מגדל העמק- א ת דרומי",
        "chainname": "שופרסל",
        "subchainname": "שופרסל דיל",
        "storeid": 361,
        "address": "אזור התעשייה ב",
        "city": "מגדל העמק",
        "zipcode": 2353021,
        "average_price_diff": -4.059553297,
        "kashi_item_count": 3119
      }
    },
    {
      "type": "Feature",
      "geometry": {
        "type": "Point",
        "coordinates": [
          35.2201442,
          31.7734111
        ]
      },
      "properties": {
        "store_code": "shu_362",
        "store_name": "אקספרס קרן היסוד ירושלים",
        "chainname": "שופרסל",
        "subchainname": "שופרסל אקספרס",
        "storeid": 362,
        "address": "קרן היסוד 27",
        "city": "ירושלים",
        "zipcode": 0,
        "average_price_diff": 12.14850138,
        "kashi_item_count": 2195
      }
    },
    {
      "type": "Feature",
      "geometry": {
        "type": "Point",
        "coordinates": [
          35.1789844,
          31.767976
        ]
      },
      "properties": {
        "store_code": "shu_364",
        "store_name": "יש חסד בית וגן",
        "chainname": "שופרסל",
        "subchainname": "יש חסד",
        "storeid": 364,
        "address": "1 זנגוויל",
        "city": "ירושלים",
        "zipcode": null,
        "average_price_diff": -14.52847452,
        "kashi_item_count": 1805
      }
    },
    {
      "type": "Feature",
      "geometry": {
        "type": "Point",
        "coordinates": [
          34.9976808,
          32.4748111
        ]
      },
      "properties": {
        "store_code": "shu_365",
        "store_name": "שלי פרדס חנה כרכור- קדמה",
        "chainname": "שופרסל",
        "subchainname": "שופרסל שלי",
        "storeid": 365,
        "address": "דרך הקידמה צמרת",
        "city": "פרדס חנה כרכור",
        "zipcode": 3707307,
        "average_price_diff": 6.246864359,
        "kashi_item_count": 2594
      }
    },
    {
      "type": "Feature",
      "geometry": {
        "type": "Point",
        "coordinates": [
          35.2755959,
          32.9955566
        ]
      },
      "properties": {
        "store_code": "shu_366",
        "store_name": "שלי כפר ורדים- מרכז מסחר",
        "chainname": "שופרסל",
        "subchainname": "שופרסל שלי",
        "storeid": 366,
        "address": "מרכז מסחרי כפר ו",
        "city": "כפר ורדים",
        "zipcode": 2451700,
        "average_price_diff": 6.208679574,
        "kashi_item_count": 2602
      }
    },
    {
      "type": "Feature",
      "geometry": {
        "type": "Point",
        "coordinates": [
          35.045039,
          32.7721793
        ]
      },
      "properties": {
        "store_code": "shu_368",
        "store_name": "אקספרס-נשר מרגנית",
        "chainname": "שופרסל",
        "subchainname": "שופרסל אקספרס",
        "storeid": 368,
        "address": "נשר המרגנית 1",
        "city": "חיפה",
        "zipcode": 0,
        "average_price_diff": 11.92773192,
        "kashi_item_count": 2367
      }
    },
    {
      "type": "Feature",
      "geometry": {
        "type": "Point",
        "coordinates": [
          34.9458434,
          31.9938747
        ]
      },
      "properties": {
        "store_code": "shu_369",
        "store_name": "שלי שוהם- תרשיש",
        "chainname": "שופרסל",
        "subchainname": "שופרסל שלי",
        "storeid": 369,
        "address": "עמק איילון פינת",
        "city": "שוהם",
        "zipcode": 6080001,
        "average_price_diff": 6.219771379,
        "kashi_item_count": 3182
      }
    },
    {
      "type": "Feature",
      "geometry": {
        "type": "Point",
        "coordinates": [
          34.7994432,
          31.9589758
        ]
      },
      "properties": {
        "store_code": "shu_371",
        "store_name": "שלי ברניצקי",
        "chainname": "שופרסל",
        "subchainname": "שופרסל שלי",
        "storeid": 371,
        "address": "נתן ברניצקי 13",
        "city": "ראשון לציון",
        "zipcode": 0,
        "average_price_diff": 5.732896683,
        "kashi_item_count": 2722
      }
    },
    {
      "type": "Feature",
      "geometry": {
        "type": "Point",
        "coordinates": [
          34.7511524,
          32.0184307
        ]
      },
      "properties": {
        "store_code": "shu_372",
        "store_name": "אקספרס בת ים- חשמונאים",
        "chainname": "שופרסל",
        "subchainname": "שופרסל אקספרס",
        "storeid": 372,
        "address": "החשמונאים 41",
        "city": "בת ים",
        "zipcode": 0,
        "average_price_diff": 10.17522343,
        "kashi_item_count": 2353
      }
    },
    {
      "type": "Feature",
      "geometry": {
        "type": "Point",
        "coordinates": [
          34.8505207,
          32.1629121
        ]
      },
      "properties": {
        "store_code": "shu_374",
        "store_name": "שלי הרצליה- הבנים",
        "chainname": "שופרסל",
        "subchainname": "שופרסל שלי",
        "storeid": 374,
        "address": "הבנים 46",
        "city": "הרצליה",
        "zipcode": 4637948,
        "average_price_diff": 6.620945125,
        "kashi_item_count": 2552
      }
    },
    {
      "type": "Feature",
      "geometry": {
        "type": "Point",
        "coordinates": [
          34.91882735,
          32.17919432
        ]
      },
      "properties": {
        "store_code": "shu_375",
        "store_name": "אקספרס כ\"ס- הגליל",
        "chainname": "שופרסל",
        "subchainname": "שופרסל אקספרס",
        "storeid": 375,
        "address": "הגליל 58",
        "city": "כפר סבא",
        "zipcode": null,
        "average_price_diff": 12.04347626,
        "kashi_item_count": 2897
      }
    },
    {
      "type": "Feature",
      "geometry": {
        "type": "Point",
        "coordinates": [
          34.8630715,
          32.1816708
        ]
      },
      "properties": {
        "store_code": "shu_376",
        "store_name": "אקספרס רעננה- משה דיין",
        "chainname": "שופרסל",
        "subchainname": "שופרסל אקספרס",
        "storeid": 376,
        "address": "משה דיין 8",
        "city": "רעננה",
        "zipcode": 0,
        "average_price_diff": 12.05144335,
        "kashi_item_count": 2744
      }
    },
    {
      "type": "Feature",
      "geometry": {
        "type": "Point",
        "coordinates": [
          35.1477105,
          31.766161
        ]
      },
      "properties": {
        "store_code": "shu_377",
        "store_name": "אקספרס ירושלים- הדסה",
        "chainname": "שופרסל",
        "subchainname": "שופרסל אקספרס",
        "storeid": 377,
        "address": "בית חולים הדסה",
        "city": "ירושלים",
        "zipcode": 0,
        "average_price_diff": 12.01226567,
        "kashi_item_count": 2209
      }
    },
    {
      "type": "Feature",
      "geometry": {
        "type": "Point",
        "coordinates": [
          34.8037801,
          32.0754177
        ]
      },
      "properties": {
        "store_code": "shu_379",
        "store_name": "אקספרס גבעתיים- כצנלסון",
        "chainname": "שופרסל",
        "subchainname": "שופרסל אקספרס",
        "storeid": 379,
        "address": "כצנלסון 19",
        "city": "גבעתיים",
        "zipcode": 0,
        "average_price_diff": 12.35627869,
        "kashi_item_count": 1929
      }
    },
    {
      "type": "Feature",
      "geometry": {
        "type": "Point",
        "coordinates": [
          34.7798863,
          32.0715654
        ]
      },
      "properties": {
        "store_code": "shu_380",
        "store_name": "אקספרס ת\"א- מרמורק",
        "chainname": "שופרסל",
        "subchainname": "שופרסל אקספרס",
        "storeid": 380,
        "address": "מרמורק 10",
        "city": "תל אביב יפו",
        "zipcode": null,
        "average_price_diff": 11.83604654,
        "kashi_item_count": 2182
      }
    },
    {
      "type": "Feature",
      "geometry": {
        "type": "Point",
        "coordinates": [
          34.8753501,
          32.0801654
        ]
      },
      "properties": {
        "store_code": "shu_382",
        "store_name": "אקספרס פ\"ת- היבנר",
        "chainname": "שופרסל",
        "subchainname": "שופרסל אקספרס",
        "storeid": 382,
        "address": "היבנר 29",
        "city": "פתח תקווה",
        "zipcode": null,
        "average_price_diff": 11.69808938,
        "kashi_item_count": 3001
      }
    },
    {
      "type": "Feature",
      "geometry": {
        "type": "Point",
        "coordinates": [
          35.08145522,
          32.82382747
        ]
      },
      "properties": {
        "store_code": "shu_384",
        "store_name": "אקספרס קרית ביאליק",
        "chainname": "שופרסל",
        "subchainname": "שופרסל אקספרס",
        "storeid": 384,
        "address": "שדרות ירושלים 15",
        "city": "קרית ביאליק",
        "zipcode": 0,
        "average_price_diff": 12.30101359,
        "kashi_item_count": 2206
      }
    },
    {
      "type": "Feature",
      "geometry": {
        "type": "Point",
        "coordinates": [
          34.7888717,
          32.1000821
        ]
      },
      "properties": {
        "store_code": "shu_385",
        "store_name": "אקספרס מאיר יערי תל אביב",
        "chainname": "שופרסל",
        "subchainname": "שופרסל אקספרס",
        "storeid": 385,
        "address": "מאיר יערי 19",
        "city": "תל אביב יפו",
        "zipcode": 0,
        "average_price_diff": 11.6322265,
        "kashi_item_count": 2814
      }
    },
    {
      "type": "Feature",
      "geometry": {
        "type": "Point",
        "coordinates": [
          35.0133399,
          32.7669868
        ]
      },
      "properties": {
        "store_code": "shu_388",
        "store_name": "אקספרס דניה",
        "chainname": "שופרסל",
        "subchainname": "שופרסל אקספרס",
        "storeid": 388,
        "address": "חיים הזז 5",
        "city": "חיפה",
        "zipcode": 0,
        "average_price_diff": 11.5950379,
        "kashi_item_count": 2712
      }
    },
    {
      "type": "Feature",
      "geometry": {
        "type": "Point",
        "coordinates": [
          34.88080127,
          32.09828314
        ]
      },
      "properties": {
        "store_code": "shu_390",
        "store_name": "שופרסל אקספרס אם המושבות",
        "chainname": "שופרסל",
        "subchainname": "שופרסל אקספרס",
        "storeid": 390,
        "address": "יעל רום 8",
        "city": "פתח תקווה",
        "zipcode": 0,
        "average_price_diff": 10.07939371,
        "kashi_item_count": 2295
      }
    },
    {
      "type": "Feature",
      "geometry": {
        "type": "Point",
        "coordinates": [
          35.03599921,
          32.11140061
        ]
      },
      "properties": {
        "store_code": "shu_391",
        "store_name": "אקספרס אלקנה",
        "chainname": "שופרסל",
        "subchainname": "שופרסל אקספרס",
        "storeid": 391,
        "address": "אלנקווה",
        "city": "אלנקווה",
        "zipcode": 0,
        "average_price_diff": 11.99129426,
        "kashi_item_count": 1966
      }
    },
    {
      "type": "Feature",
      "geometry": {
        "type": "Point",
        "coordinates": [
          34.80024988,
          31.28682147
        ]
      },
      "properties": {
        "store_code": "shu_393",
        "store_name": "אקספרס להבים באר שבע",
        "chainname": "שופרסל",
        "subchainname": "שופרסל אקספרס",
        "storeid": 393,
        "address": "שדרות הרימון",
        "city": "באר שבע",
        "zipcode": 0,
        "average_price_diff": 11.20068467,
        "kashi_item_count": 1891
      }
    },
    {
      "type": "Feature",
      "geometry": {
        "type": "Point",
        "coordinates": [
          34.9070416,
          32.178432
        ]
      },
      "properties": {
        "store_code": "shu_394",
        "store_name": "אקספרס הכרמל כפר סבא",
        "chainname": "שופרסל",
        "subchainname": "שופרסל אקספרס",
        "storeid": 394,
        "address": "הגליל 31",
        "city": "כפר סבא",
        "zipcode": 0,
        "average_price_diff": 11.98276824,
        "kashi_item_count": 2815
      }
    },
    {
      "type": "Feature",
      "geometry": {
        "type": "Point",
        "coordinates": [
          34.8734588,
          32.3226356
        ]
      },
      "properties": {
        "store_code": "shu_396",
        "store_name": "דיל הקדר נתניה",
        "chainname": "שופרסל",
        "subchainname": "שופרסל דיל",
        "storeid": 396,
        "address": "האורזים 2",
        "city": "נתניה",
        "zipcode": 0,
        "average_price_diff": -3.659735771,
        "kashi_item_count": 3266
      }
    },
    {
      "type": "Feature",
      "geometry": {
        "type": "Point",
        "coordinates": [
          35.3088978,
          32.6169255
        ]
      },
      "properties": {
        "store_code": "shu_397",
        "store_name": "אקספרס פארק עפולה",
        "chainname": "שופרסל",
        "subchainname": "שופרסל אקספרס",
        "storeid": 397,
        "address": "רובע יזרעאל",
        "city": "עפולה",
        "zipcode": 0,
        "average_price_diff": 12.1804876,
        "kashi_item_count": 2914
      }
    },
    {
      "type": "Feature",
      "geometry": {
        "type": "Point",
        "coordinates": [
          34.56944507,
          31.65122924
        ]
      },
      "properties": {
        "store_code": "shu_398",
        "store_name": "אקספרס אגמים",
        "chainname": "שופרסל",
        "subchainname": "שופרסל אקספרס",
        "storeid": 398,
        "address": "73 עמק יזרעאל",
        "city": "אשקלון",
        "zipcode": null,
        "average_price_diff": 12.08801515,
        "kashi_item_count": 2546
      }
    },
    {
      "type": "Feature",
      "geometry": {
        "type": "Point",
        "coordinates": [
          34.947393,
          32.090304
        ]
      },
      "properties": {
        "store_code": "shu_400",
        "store_name": "אקספרס שבזיראש העין",
        "chainname": "שופרסל",
        "subchainname": "שופרסל אקספרס",
        "storeid": 400,
        "address": "שלמה שבזי 172",
        "city": "ראש העין",
        "zipcode": 0,
        "average_price_diff": 11.86978894,
        "kashi_item_count": 2399
      }
    },
    {
      "type": "Feature",
      "geometry": {
        "type": "Point",
        "coordinates": [
          34.79766027,
          31.25394168
        ]
      },
      "properties": {
        "store_code": "shu_444",
        "store_name": "אקספרס.ב\"ש אביסרור",
        "chainname": "שופרסל",
        "subchainname": "שופרסל אקספרס",
        "storeid": 444,
        "address": "רח' יעקב כהן 8",
        "city": "באר שבע",
        "zipcode": null,
        "average_price_diff": 11.51064001,
        "kashi_item_count": 2937
      }
    },
    {
      "type": "Feature",
      "geometry": {
        "type": "Point",
        "coordinates": [
          34.8115292,
          31.8943652
        ]
      },
      "properties": {
        "store_code": "shu_445",
        "store_name": "אקספרס רחובות",
        "chainname": "שופרסל",
        "subchainname": "שופרסל אקספרס",
        "storeid": 445,
        "address": "רח' יעקב 41",
        "city": "רחובות",
        "zipcode": 0,
        "average_price_diff": 12.54936396,
        "kashi_item_count": 2453
      }
    },
    {
      "type": "Feature",
      "geometry": {
        "type": "Point",
        "coordinates": [
          35.2045525,
          31.7919167
        ]
      },
      "properties": {
        "store_code": "shu_448",
        "store_name": "שערי רווחה",
        "chainname": "שופרסל",
        "subchainname": "שערי רווחה",
        "storeid": 448,
        "address": "25 ירמיהו",
        "city": "ירושלים",
        "zipcode": 9446710,
        "average_price_diff": -12.59321178,
        "kashi_item_count": 1657
      }
    },
    {
      "type": "Feature",
      "geometry": {
        "type": "Point",
        "coordinates": [
          34.9964661,
          31.8960237
        ]
      },
      "properties": {
        "store_code": "shu_477",
        "store_name": "אקספרס הציפורים מודיעין",
        "chainname": "שופרסל",
        "subchainname": "שופרסל אקספרס",
        "storeid": 477,
        "address": "2 החסידה",
        "city": "מודיעין מכבים רעות",
        "zipcode": 0,
        "average_price_diff": 12.05377735,
        "kashi_item_count": 2482
      }
    },
    {
      "type": "Feature",
      "geometry": {
        "type": "Point",
        "coordinates": [
          34.79068777,
          31.80472766
        ]
      },
      "properties": {
        "store_code": "shu_478",
        "store_name": "אקספרס גדרה",
        "chainname": "שופרסל",
        "subchainname": "שופרסל אקספרס",
        "storeid": 478,
        "address": "דרך האילנות 41",
        "city": "גדרה",
        "zipcode": 0,
        "average_price_diff": 11.80578658,
        "kashi_item_count": 2036
      }
    },
    {
      "type": "Feature",
      "geometry": {
        "type": "Point",
        "coordinates": [
          34.8430876,
          32.0691989
        ]
      },
      "properties": {
        "store_code": "shu_479",
        "store_name": "אקספרס בר אילן",
        "chainname": "שופרסל",
        "subchainname": "שופרסל אקספרס",
        "storeid": 479,
        "address": "בר אילן 24",
        "city": "רעננה",
        "zipcode": 0,
        "average_price_diff": 11.64908853,
        "kashi_item_count": 1896
      }
    },
    {
      "type": "Feature",
      "geometry": {
        "type": "Point",
        "coordinates": [
          34.98647625,
          31.90446837
        ]
      },
      "properties": {
        "store_code": "shu_489",
        "store_name": "אקספרס מודיעין",
        "chainname": "שופרסל",
        "subchainname": "שופרסל אקספרס",
        "storeid": 489,
        "address": "26 חיים ויצמן",
        "city": "מודיעין מכבים רעות",
        "zipcode": 0,
        "average_price_diff": 11.68428545,
        "kashi_item_count": 2127
      }
    },
    {
      "type": "Feature",
      "geometry": {
        "type": "Point",
        "coordinates": [
          35.18643309,
          31.78816707
        ]
      },
      "properties": {
        "store_code": "shu_496",
        "store_name": "יש חסד כנפי נשרים",
        "chainname": "שופרסל",
        "subchainname": "יש חסד",
        "storeid": 496,
        "address": "כנפי נשרים 24",
        "city": "ירושלים",
        "zipcode": 0,
        "average_price_diff": -14.36623381,
        "kashi_item_count": 1784
      }
    },
    {
      "type": "Feature",
      "geometry": {
        "type": "Point",
        "coordinates": [
          35.325233,
          32.6328414
        ]
      },
      "properties": {
        "store_code": "shu_499",
        "store_name": "יש חסד עפולה עילית",
        "chainname": "שופרסל",
        "subchainname": "יש חסד",
        "storeid": 499,
        "address": "24 פנחס רוזן",
        "city": "עפולה",
        "zipcode": 0,
        "average_price_diff": -14.4604795,
        "kashi_item_count": 1862
      }
    },
    {
      "type": "Feature",
      "geometry": {
        "type": "Point",
        "coordinates": [
          35.32491529,
          32.7089218
        ]
      },
      "properties": {
        "store_code": "shu_511",
        "store_name": "אקספרס רסקו נצרת",
        "chainname": "שופרסל",
        "subchainname": "שופרסל אקספרס",
        "storeid": 511,
        "address": "מרכז רסקו רח' עצמון",
        "city": "נוף הגליל",
        "zipcode": null,
        "average_price_diff": 12.40575326,
        "kashi_item_count": 2535
      }
    },
    {
      "type": "Feature",
      "geometry": {
        "type": "Point",
        "coordinates": [
          34.875514,
          32.0494274
        ]
      },
      "properties": {
        "store_code": "shu_579",
        "store_name": "אקספרס סביון",
        "chainname": "שופרסל",
        "subchainname": "שופרסל אקספרס",
        "storeid": 579,
        "address": "1 השיקמה",
        "city": "סביון",
        "zipcode": 0,
        "average_price_diff": 12.06713348,
        "kashi_item_count": 3284
      }
    },
    {
      "type": "Feature",
      "geometry": {
        "type": "Point",
        "coordinates": [
          34.7480523,
          31.7250778
        ]
      },
      "properties": {
        "store_code": "shu_593",
        "store_name": "יש חסד באר טוביה",
        "chainname": "שופרסל",
        "subchainname": "יש חסד",
        "storeid": 593,
        "address": "אזור התעשייה",
        "city": "באר טוביה",
        "zipcode": null,
        "average_price_diff": -14.32211316,
        "kashi_item_count": 1783
      }
    },
    {
      "type": "Feature",
      "geometry": {
        "type": "Point",
        "coordinates": [
          35.0127258,
          32.335781
        ]
      },
      "properties": {
        "store_code": "shu_595",
        "store_name": "אקספרס בת חפר",
        "chainname": "שופרסל",
        "subchainname": "שופרסל אקספרס",
        "storeid": 595,
        "address": "שדרות עמק חפר",
        "city": "בת חפר",
        "zipcode": null,
        "average_price_diff": 11.88406723,
        "kashi_item_count": 2915
      }
    },
    {
      "type": "Feature",
      "geometry": {
        "type": "Point",
        "coordinates": [
          34.7825374,
          32.0867596
        ]
      },
      "properties": {
        "store_code": "shu_596",
        "store_name": "אקספרס אבן גבירול",
        "chainname": "שופרסל",
        "subchainname": "שופרסל אקספרס",
        "storeid": 596,
        "address": "124 אבן גבירול",
        "city": "תל אביב יפו",
        "zipcode": null,
        "average_price_diff": 12.20874858,
        "kashi_item_count": 2665
      }
    },
    {
      "type": "Feature",
      "geometry": {
        "type": "Point",
        "coordinates": [
          34.82872184,
          32.06621855
        ]
      },
      "properties": {
        "store_code": "shu_598",
        "store_name": "אקספרס הירדן",
        "chainname": "שופרסל",
        "subchainname": "שופרסל אקספרס",
        "storeid": 598,
        "address": "רמת גן הירדן 29",
        "city": "רמת גן",
        "zipcode": 0,
        "average_price_diff": 12.45230154,
        "kashi_item_count": 3280
      }
    },
    {
      "type": "Feature",
      "geometry": {
        "type": "Point",
        "coordinates": [
          34.811789,
          32.0613467
        ]
      },
      "properties": {
        "store_code": "shu_599",
        "store_name": "אקספרס ההסתדרות",
        "chainname": "שופרסל",
        "subchainname": "שופרסל אקספרס",
        "storeid": 599,
        "address": "27 ההסתדרות",
        "city": "גבעתיים",
        "zipcode": null,
        "average_price_diff": 11.65239121,
        "kashi_item_count": 2479
      }
    },
    {
      "type": "Feature",
      "geometry": {
        "type": "Point",
        "coordinates": [
          34.9883474,
          31.7133116
        ]
      },
      "properties": {
        "store_code": "shu_606",
        "store_name": "יש חסד בית שמש- מ. מסחרי",
        "chainname": "שופרסל",
        "subchainname": "יש חסד",
        "storeid": 606,
        "address": "מרכז מסחרי רמה א",
        "city": "בית שמש",
        "zipcode": 99090,
        "average_price_diff": -14.15383964,
        "kashi_item_count": 1689
      }
    },
    {
      "type": "Feature",
      "geometry": {
        "type": "Point",
        "coordinates": [
          35.03880259,
          31.93049477
        ]
      },
      "properties": {
        "store_code": "shu_607",
        "store_name": "יש חסד מודיעין עלי-ק.ספר",
        "chainname": "שופרסל",
        "subchainname": "יש חסד",
        "storeid": 607,
        "address": "אבני נזר 46",
        "city": "מודיעין עילית",
        "zipcode": 0,
        "average_price_diff": -14.20813848,
        "kashi_item_count": 1895
      }
    },
    {
      "type": "Feature",
      "geometry": {
        "type": "Point",
        "coordinates": [
          35.17420437,
          31.78635334
        ]
      },
      "properties": {
        "store_code": "shu_608",
        "store_name": "יש חסד ירושלים-קרית שאול",
        "chainname": "שופרסל",
        "subchainname": "יש חסד",
        "storeid": 608,
        "address": "נאג'רה 2",
        "city": "ירושלים",
        "zipcode": 0,
        "average_price_diff": -14.60936232,
        "kashi_item_count": 1735
      }
    },
    {
      "type": "Feature",
      "geometry": {
        "type": "Point",
        "coordinates": [
          34.9512194,
          32.052559
        ]
      },
      "properties": {
        "store_code": "shu_609",
        "store_name": "יש חסד אלעד-ניסים גאון",
        "chainname": "שופרסל",
        "subchainname": "יש חסד",
        "storeid": 609,
        "address": "ניסים גאון 79",
        "city": "אלעד",
        "zipcode": 0,
        "average_price_diff": -14.43131873,
        "kashi_item_count": 1680
      }
    },
    {
      "type": "Feature",
      "geometry": {
        "type": "Point",
        "coordinates": [
          35.21672,
          31.811922
        ]
      },
      "properties": {
        "store_code": "shu_610",
        "store_name": "יש חסד ירושלים- רמת שלמה",
        "chainname": "שופרסל",
        "subchainname": "יש חסד",
        "storeid": 610,
        "address": "ברכת אברהם 22",
        "city": "ירושלים",
        "zipcode": 0,
        "average_price_diff": -14.18639748,
        "kashi_item_count": 1758
      }
    },
    {
      "type": "Feature",
      "geometry": {
        "type": "Point",
        "coordinates": [
          34.82211207,
          32.08131169
        ]
      },
      "properties": {
        "store_code": "shu_611",
        "store_name": "יש חסד בני ברק- השומר",
        "chainname": "שופרסל",
        "subchainname": "יש חסד",
        "storeid": 611,
        "address": "השומר 10",
        "city": "בני ברק",
        "zipcode": 5137705,
        "average_price_diff": -14.1572798,
        "kashi_item_count": 1780
      }
    },
    {
      "type": "Feature",
      "geometry": {
        "type": "Point",
        "coordinates": [
          34.997742,
          32.803091
        ]
      },
      "properties": {
        "store_code": "shu_734",
        "store_name": "גוד מרקט גאולה חיפה",
        "chainname": "שופרסל",
        "subchainname": "יש Good",
        "storeid": 734,
        "address": "28 גאולה",
        "city": "חיפה",
        "zipcode": 0,
        "average_price_diff": -3.137095056,
        "kashi_item_count": 1029
      }
    },
    {
      "type": "Feature",
      "geometry": {
        "type": "Point",
        "coordinates": [
          34.8592106,
          32.0541195
        ]
      },
      "properties": {
        "store_code": "shu_740",
        "store_name": "אקספרס שלמה המלך",
        "chainname": "שופרסל",
        "subchainname": "שופרסל אקספרס",
        "storeid": 740,
        "address": "2 שלמה המלך",
        "city": "קרית אונו",
        "zipcode": null,
        "average_price_diff": 12.53570985,
        "kashi_item_count": 2788
      }
    },
    {
      "type": "Feature",
      "geometry": {
        "type": "Point",
        "coordinates": [
          34.86149929,
          32.06453791
        ]
      },
      "properties": {
        "store_code": "shu_741",
        "store_name": "אקספרס יצחק רבין",
        "chainname": "שופרסל",
        "subchainname": "שופרסל אקספרס",
        "storeid": 741,
        "address": "34 יצחק רבין",
        "city": "קרית אונו",
        "zipcode": null,
        "average_price_diff": 11.87082717,
        "kashi_item_count": 2213
      }
    },
    {
      "type": "Feature",
      "geometry": {
        "type": "Point",
        "coordinates": [
          34.75734011,
          31.6073895
        ]
      },
      "properties": {
        "store_code": "shu_743",
        "store_name": "אקספרס קריית גת",
        "chainname": "שופרסל",
        "subchainname": "שופרסל אקספרס",
        "storeid": 743,
        "address": "28 הגבורה",
        "city": "קרית גת",
        "zipcode": null,
        "average_price_diff": 11.86288438,
        "kashi_item_count": 1630
      }
    },
    {
      "type": "Feature",
      "geometry": {
        "type": "Point",
        "coordinates": [
          34.56171775,
          31.64801247
        ]
      },
      "properties": {
        "store_code": "shu_744",
        "store_name": "אקספרס אשקלון",
        "chainname": "שופרסל",
        "subchainname": "שופרסל אקספרס",
        "storeid": 744,
        "address": "עמק האלה 2",
        "city": "אשקלון",
        "zipcode": 7888945,
        "average_price_diff": 12.48949613,
        "kashi_item_count": 1482
      }
    },
    {
      "type": "Feature",
      "geometry": {
        "type": "Point",
        "coordinates": [
          35.2002417,
          31.817648
        ]
      },
      "properties": {
        "store_code": "shu_750",
        "store_name": "גוד מרקט שירת הים",
        "chainname": "שופרסל",
        "subchainname": "יש Good",
        "storeid": 750,
        "address": "10 שירת הים",
        "city": "ירושלים",
        "zipcode": null,
        "average_price_diff": -4.221303692,
        "kashi_item_count": 1057
      }
    },
    {
      "type": "Feature",
      "geometry": {
        "type": "Point",
        "coordinates": [
          34.9293547,
          32.18498596
        ]
      },
      "properties": {
        "store_code": "shu_752",
        "store_name": "אקספרס כפר סבא דוכיפת",
        "chainname": "שופרסל",
        "subchainname": "שופרסל אקספרס",
        "storeid": 752,
        "address": "5 דוכיפת",
        "city": "כפר סבא",
        "zipcode": 0,
        "average_price_diff": 12.0360904,
        "kashi_item_count": 2273
      }
    },
    {
      "type": "Feature",
      "geometry": {
        "type": "Point",
        "coordinates": [
          35.2126548,
          31.7877827
        ]
      },
      "properties": {
        "store_code": "shu_753",
        "store_name": "גוד מרקט רש\"י ירושלים",
        "chainname": "שופרסל",
        "subchainname": "יש Good",
        "storeid": 753,
        "address": "53 רש\"י",
        "city": "ירושלים",
        "zipcode": null,
        "average_price_diff": -3.354756135,
        "kashi_item_count": 908
      }
    },
    {
      "type": "Feature",
      "geometry": {
        "type": "Point",
        "coordinates": [
          34.8475653,
          32.0657036
        ]
      },
      "properties": {
        "store_code": "shu_757",
        "store_name": "אקספרס קריית אונו",
        "chainname": "שופרסל",
        "subchainname": "שופרסל אקספרס",
        "storeid": 757,
        "address": "2 יצחק נבון",
        "city": "קרית אונו",
        "zipcode": 0,
        "average_price_diff": 12.46796293,
        "kashi_item_count": 2129
      }
    },
    {
      "type": "Feature",
      "geometry": {
        "type": "Point",
        "coordinates": [
          34.97969351,
          32.08022609
        ]
      },
      "properties": {
        "store_code": "shu_760",
        "store_name": "שלי ראש העין",
        "chainname": "שופרסל",
        "subchainname": "שופרסל שלי",
        "storeid": 760,
        "address": "מורטן מונדל 3",
        "city": "ראש העין",
        "zipcode": 48580,
        "average_price_diff": 7.085696415,
        "kashi_item_count": 3589
      }
    },
    {
      "type": "Feature",
      "geometry": {
        "type": "Point",
        "coordinates": [
          35.000494,
          31.747513
        ]
      },
      "properties": {
        "store_code": "shu_765",
        "store_name": "יש חסד בן איש חי",
        "chainname": "שופרסל",
        "subchainname": "יש חסד",
        "storeid": 765,
        "address": "43 בן איש חי",
        "city": "בית שמש",
        "zipcode": null,
        "average_price_diff": -15.00572024,
        "kashi_item_count": 1440
      }
    },
    {
      "type": "Feature",
      "geometry": {
        "type": "Point",
        "coordinates": [
          34.81934137,
          32.08427573
        ]
      },
      "properties": {
        "store_code": "shu_768",
        "store_name": "אקספרס קרניצי רמת גן",
        "chainname": "שופרסל",
        "subchainname": "שופרסל אקספרס",
        "storeid": 768,
        "address": "קריניצי 61",
        "city": "רמת גן",
        "zipcode": 0,
        "average_price_diff": 11.61406096,
        "kashi_item_count": 2347
      }
    },
    {
      "type": "Feature",
      "geometry": {
        "type": "Point",
        "coordinates": [
          34.8407225,
          32.0830437
        ]
      },
      "properties": {
        "store_code": "shu_771",
        "store_name": "גוד מרקט בני ברק",
        "chainname": "שופרסל",
        "subchainname": "יש Good",
        "storeid": 771,
        "address": "הרב כהנמן 64",
        "city": "בני ברק",
        "zipcode": 0,
        "average_price_diff": -3.449764457,
        "kashi_item_count": 1176
      }
    },
    {
      "type": "Feature",
      "geometry": {
        "type": "Point",
        "coordinates": [
          35.2184496,
          31.7883061
        ]
      },
      "properties": {
        "store_code": "shu_772",
        "store_name": "גוד מרקט מאה שערים",
        "chainname": "שופרסל",
        "subchainname": "יש Good",
        "storeid": 772,
        "address": "מאה שערים 42",
        "city": "ירושלים",
        "zipcode": 0,
        "average_price_diff": -2.848504456,
        "kashi_item_count": 680
      }
    },
    {
      "type": "Feature",
      "geometry": {
        "type": "Point",
        "coordinates": [
          34.58601844,
          31.69613239
        ]
      },
      "properties": {
        "store_code": "shu_773",
        "store_name": "GOOD MARKET אהבת שלום בית שמש",
        "chainname": "שופרסל",
        "subchainname": "יש Good",
        "storeid": 773,
        "address": "אהבת שלום 9",
        "city": "בית שמש",
        "zipcode": 0,
        "average_price_diff": -2.610777992,
        "kashi_item_count": 1229
      }
    },
    {
      "type": "Feature",
      "geometry": {
        "type": "Point",
        "coordinates": [
          34.82868491,
          31.96013331
        ]
      },
      "properties": {
        "store_code": "shu_777",
        "store_name": "אקספרס נרקיסים",
        "chainname": "שופרסל",
        "subchainname": "שופרסל אקספרס",
        "storeid": 777,
        "address": "121 שדרות ירושליים",
        "city": "ראשון לציון",
        "zipcode": 0,
        "average_price_diff": 12.41813303,
        "kashi_item_count": 2883
      }
    },
    {
      "type": "Feature",
      "geometry": {
        "type": "Point",
        "coordinates": [
          35.2006912,
          31.791268
        ]
      },
      "properties": {
        "store_code": "shu_778",
        "store_name": "GOOD MARKET אהליאב ירושלים",
        "chainname": "שופרסל",
        "subchainname": "יש Good",
        "storeid": 778,
        "address": "אהליאב 21",
        "city": "ירושלים",
        "zipcode": 2420531,
        "average_price_diff": -2.457207813,
        "kashi_item_count": 1189
      }
    },
    {
      "type": "Feature",
      "geometry": {
        "type": "Point",
        "coordinates": [
          34.7387102,
          31.8850261
        ]
      },
      "properties": {
        "store_code": "shu_779",
        "store_name": "אקספרס יבנה",
        "chainname": "שופרסל",
        "subchainname": "שופרסל אקספרס",
        "storeid": 779,
        "address": "דרך ז'בוטינסקי",
        "city": "יבנה",
        "zipcode": 0,
        "average_price_diff": 12.17659915,
        "kashi_item_count": 2712
      }
    },
    {
      "type": "Feature",
      "geometry": {
        "type": "Point",
        "coordinates": [
          34.816317,
          32.0899328
        ]
      },
      "properties": {
        "store_code": "shu_780",
        "store_name": "אקספרס המעפיל רמת גן",
        "chainname": "שופרסל",
        "subchainname": "שופרסל אקספרס",
        "storeid": 780,
        "address": "המעפיל",
        "city": "רמת גן",
        "zipcode": 0,
        "average_price_diff": 12.08785433,
        "kashi_item_count": 2604
      }
    },
    {
      "type": "Feature",
      "geometry": {
        "type": "Point",
        "coordinates": [
          34.6191484,
          31.301025
        ]
      },
      "properties": {
        "store_code": "shu_789",
        "store_name": "גוד מרקט אופקים",
        "chainname": "שופרסל",
        "subchainname": "יש Good",
        "storeid": 789,
        "address": "עובדיה יוסף 10",
        "city": "אופקים",
        "zipcode": 0,
        "average_price_diff": -3.367547344,
        "kashi_item_count": 1219
      }
    },
    {
      "type": "Feature",
      "geometry": {
        "type": "Point",
        "coordinates": [
          34.85036448,
          31.93200146
        ]
      },
      "properties": {
        "store_code": "shu_790",
        "store_name": "דיל רמלה",
        "chainname": "שופרסל",
        "subchainname": "שופרסל דיל",
        "storeid": 790,
        "address": "10 משה לוי",
        "city": "רמלה",
        "zipcode": 0,
        "average_price_diff": -4.205291856,
        "kashi_item_count": 2594
      }
    },
    {
      "type": "Feature",
      "geometry": {
        "type": "Point",
        "coordinates": [
          35.03822627,
          32.46611155
        ]
      },
      "properties": {
        "store_code": "shu_840",
        "store_name": "גוד מרקט חריש",
        "chainname": "שופרסל",
        "subchainname": "יש Good",
        "storeid": 840,
        "address": "אלה 1",
        "city": "חריש",
        "zipcode": 3760218,
        "average_price_diff": -3.867559782,
        "kashi_item_count": 919
      }
    },
    {
      "type": "Feature",
      "geometry": {
        "type": "Point",
        "coordinates": [
          34.8267762,
          32.1106072
        ]
      },
      "properties": {
        "store_code": "shu_842",
        "store_name": "אקספרס מטודלה תל אביב",
        "chainname": "שופרסל",
        "subchainname": "שופרסל אקספרס",
        "storeid": 842,
        "address": "30 מטודלה",
        "city": "תל אביב יפו",
        "zipcode": 0,
        "average_price_diff": 11.51863463,
        "kashi_item_count": 1985
      }
    },
    {
      "type": "Feature",
      "geometry": {
        "type": "Point",
        "coordinates": [
          34.96980181,
          31.70280763
        ]
      },
      "properties": {
        "store_code": "shu_843",
        "store_name": "גוד מרקט בית שמש",
        "chainname": "שופרסל",
        "subchainname": "יש Good",
        "storeid": 843,
        "address": "55 המוראים",
        "city": "בית שמש",
        "zipcode": 0,
        "average_price_diff": -2.944152473,
        "kashi_item_count": 995
      }
    },
    {
      "type": "Feature",
      "geometry": {
        "type": "Point",
        "coordinates": [
          34.8235178,
          32.0704448
        ]
      },
      "properties": {
        "store_code": "shu_844",
        "store_name": "אקספרס נגבה רמת גן",
        "chainname": "שופרסל",
        "subchainname": "שופרסל אקספרס",
        "storeid": 844,
        "address": "נגבה 8",
        "city": "רמת גן",
        "zipcode": 0,
        "average_price_diff": 11.63916651,
        "kashi_item_count": 2957
      }
    },
    {
      "type": "Feature",
      "geometry": {
        "type": "Point",
        "coordinates": [
          34.9057509,
          32.1747937
        ]
      },
      "properties": {
        "store_code": "shu_845",
        "store_name": "אקספרס נחשון כפר סבא",
        "chainname": "שופרסל",
        "subchainname": "שופרסל אקספרס",
        "storeid": 845,
        "address": "נחשון 10",
        "city": "כפר סבא",
        "zipcode": 0,
        "average_price_diff": 12.24409613,
        "kashi_item_count": 1952
      }
    },
    {
      "type": "Feature",
      "geometry": {
        "type": "Point",
        "coordinates": [
          34.9202669,
          32.49311956
        ]
      },
      "properties": {
        "store_code": "shu_846",
        "store_name": "אקספרס אור ים",
        "chainname": "שופרסל",
        "subchainname": "שופרסל אקספרס",
        "storeid": 846,
        "address": "34 דוד המלך",
        "city": "אור עקיבא",
        "zipcode": null,
        "average_price_diff": 11.6027828,
        "kashi_item_count": 1884
      }
    },
    {
      "type": "Feature",
      "geometry": {
        "type": "Point",
        "coordinates": [
          35.140975,
          32.813905
        ]
      },
      "properties": {
        "store_code": "shu_854",
        "store_name": "דיל גבעת אלונים",
        "chainname": "שופרסל",
        "subchainname": "שופרסל דיל",
        "storeid": 854,
        "address": "1 דוכיפת",
        "city": "קרית אתא",
        "zipcode": null,
        "average_price_diff": -4.622075559,
        "kashi_item_count": 2627
      }
    },
    {
      "type": "Feature",
      "geometry": {
        "type": "Point",
        "coordinates": [
          34.8625877,
          32.274064
        ]
      },
      "properties": {
        "store_code": "tiv_002",
        "store_name": "נתניה",
        "chainname": "טיב טעם",
        "subchainname": "טיב טעם",
        "storeid": 2,
        "address": "בני גאון 2 נתניה",
        "city": "נתניה",
        "zipcode": 4250489,
        "average_price_diff": 6.394177761,
        "kashi_item_count": 2731
      }
    },
    {
      "type": "Feature",
      "geometry": {
        "type": "Point",
        "coordinates": [
          34.6561539,
          31.8103602
        ]
      },
      "properties": {
        "store_code": "tiv_003",
        "store_name": "אשדוד",
        "chainname": "טיב טעם",
        "subchainname": "טיב טעם",
        "storeid": 3,
        "address": "ז'בוטינסקי 45 מתחם סטאר סנטר",
        "city": "אשדוד",
        "zipcode": 7710901,
        "average_price_diff": 5.981317886,
        "kashi_item_count": 2613
      }
    },
    {
      "type": "Feature",
      "geometry": {
        "type": "Point",
        "coordinates": [
          34.74954,
          32.010677
        ]
      },
      "properties": {
        "store_code": "tiv_006",
        "store_name": "בת ים",
        "chainname": "טיב טעם",
        "subchainname": "טיב טעם",
        "storeid": 6,
        "address": "אהוד קינמון 14 בת-ים",
        "city": "בת ים",
        "zipcode": 5959401,
        "average_price_diff": 5.239073882,
        "kashi_item_count": 2472
      }
    },
    {
      "type": "Feature",
      "geometry": {
        "type": "Point",
        "coordinates": [
          34.5888061,
          31.6575908
        ]
      },
      "properties": {
        "store_code": "tiv_007",
        "store_name": "אשקלון",
        "chainname": "טיב טעם",
        "subchainname": "טיב טעם",
        "storeid": 7,
        "address": "התחיה 1 אשקלון",
        "city": "אשקלון",
        "zipcode": 7858201,
        "average_price_diff": 6.054346269,
        "kashi_item_count": 2540
      }
    },
    {
      "type": "Feature",
      "geometry": {
        "type": "Point",
        "coordinates": [
          35.3225302,
          32.9269497
        ]
      },
      "properties": {
        "store_code": "tiv_010",
        "store_name": "כרמיאל",
        "chainname": "טיב טעם",
        "subchainname": "טיב טעם",
        "storeid": 10,
        "address": "מעלה כמון 3 מתחם ביג;\n",
        "city": "כרמיאל",
        "zipcode": 0,
        "average_price_diff": 4.270624473,
        "kashi_item_count": 2201
      }
    },
    {
      "type": "Feature",
      "geometry": {
        "type": "Point",
        "coordinates": [
          35.0548125,
          32.8073578
        ]
      },
      "properties": {
        "store_code": "tiv_012",
        "store_name": "חוצות המפרץ (קריות)",
        "chainname": "טיב טעם",
        "subchainname": "טיב טעם",
        "storeid": 12,
        "address": "חרושת 10, מתחם חוצות המפרץ;\n",
        "city": "קריות",
        "zipcode": 2620114,
        "average_price_diff": 5.294079743,
        "kashi_item_count": 2547
      }
    },
    {
      "type": "Feature",
      "geometry": {
        "type": "Point",
        "coordinates": [
          34.821606,
          32.000366
        ]
      },
      "properties": {
        "store_code": "tiv_014",
        "store_name": "ראשון מזרח",
        "chainname": "טיב טעם",
        "subchainname": "טיב טעם",
        "storeid": 14,
        "address": "המכבים 62 צומת בית דגן",
        "city": "ראשון לציון",
        "zipcode": 7534503,
        "average_price_diff": 5.631864914,
        "kashi_item_count": 2768
      }
    },
    {
      "type": "Feature",
      "geometry": {
        "type": "Point",
        "coordinates": [
          34.8119871,
          31.247881
        ]
      },
      "properties": {
        "store_code": "tiv_015",
        "store_name": "באר שבע חדש",
        "chainname": "טיב טעם",
        "subchainname": "טיב טעם",
        "storeid": 15,
        "address": "יצחק נפחא 25 מתחם מבנה",
        "city": "באר שבע",
        "zipcode": 8424403,
        "average_price_diff": 6.382945914,
        "kashi_item_count": 2739
      }
    },
    {
      "type": "Feature",
      "geometry": {
        "type": "Point",
        "coordinates": [
          34.96430879,
          31.8906077
        ]
      },
      "properties": {
        "store_code": "tiv_017",
        "store_name": "מודיעין ישפרו",
        "chainname": "טיב טעם",
        "subchainname": "טיב טעם",
        "storeid": 17,
        "address": "שדרות המלאכות 12 מודיעין",
        "city": "מודיעין מכבים רעות",
        "zipcode": 7177870,
        "average_price_diff": 4.273402256,
        "kashi_item_count": 1882
      }
    },
    {
      "type": "Feature",
      "geometry": {
        "type": "Point",
        "coordinates": [
          34.8052219,
          31.9093234
        ]
      },
      "properties": {
        "store_code": "tiv_018",
        "store_name": "רחובות",
        "chainname": "טיב טעם",
        "subchainname": "טיב טעם",
        "storeid": 18,
        "address": "אופנהימר 2 רחובות",
        "city": "רחובות",
        "zipcode": 7670102,
        "average_price_diff": 6.42852072,
        "kashi_item_count": 2631
      }
    },
    {
      "type": "Feature",
      "geometry": {
        "type": "Point",
        "coordinates": [
          34.8413772,
          32.1137123
        ]
      },
      "properties": {
        "store_code": "tiv_019",
        "store_name": "רמת החייל",
        "chainname": "טיב טעם",
        "subchainname": "טיב טעם",
        "storeid": 19,
        "address": "דבורה הנביאה 122",
        "city": "תל אביב יפו",
        "zipcode": 6944019,
        "average_price_diff": 6.345807448,
        "kashi_item_count": 2712
      }
    },
    {
      "type": "Feature",
      "geometry": {
        "type": "Point",
        "coordinates": [
          34.7987551,
          32.0077686
        ]
      },
      "properties": {
        "store_code": "tiv_020",
        "store_name": "חולון עזריאלי",
        "chainname": "טיב טעם",
        "subchainname": "טיב טעם",
        "storeid": 20,
        "address": "רחוב הרוקמים 26 , חולון",
        "city": "חולון",
        "zipcode": 5885849,
        "average_price_diff": 5.449496178,
        "kashi_item_count": 2077
      }
    },
    {
      "type": "Feature",
      "geometry": {
        "type": "Point",
        "coordinates": [
          34.8984562,
          32.0261789
        ]
      },
      "properties": {
        "store_code": "tiv_021",
        "store_name": "יהוד",
        "chainname": "טיב טעם",
        "subchainname": "טיב טעם",
        "storeid": 21,
        "address": "אלטלף 1",
        "city": "יהוד מונוסון",
        "zipcode": 5621601,
        "average_price_diff": 4.869924181,
        "kashi_item_count": 2078
      }
    },
    {
      "type": "Feature",
      "geometry": {
        "type": "Point",
        "coordinates": [
          34.8940356,
          32.2604802
        ]
      },
      "properties": {
        "store_code": "tiv_022",
        "store_name": "קניון דרורים",
        "chainname": "טיב טעם",
        "subchainname": "טיב טעם",
        "storeid": 22,
        "address": "קניון דרורים",
        "city": "בני דרור",
        "zipcode": 4581500,
        "average_price_diff": 5.943593341,
        "kashi_item_count": 2544
      }
    },
    {
      "type": "Feature",
      "geometry": {
        "type": "Point",
        "coordinates": [
          34.905156,
          32.5127785
        ]
      },
      "properties": {
        "store_code": "tiv_023",
        "store_name": "קיסריה",
        "chainname": "טיב טעם",
        "subchainname": "טיב טעם",
        "storeid": 23,
        "address": "דולב 14",
        "city": "קיסריה",
        "zipcode": 3099514,
        "average_price_diff": 6.246894418,
        "kashi_item_count": 2435
      }
    },
    {
      "type": "Feature",
      "geometry": {
        "type": "Point",
        "coordinates": [
          34.9019432,
          32.1687202
        ]
      },
      "properties": {
        "store_code": "tiv_024",
        "store_name": "הוד השרון",
        "chainname": "טיב טעם",
        "subchainname": "טיב טעם",
        "storeid": 24,
        "address": "סוקולוב 46, כיכר המושבה",
        "city": "הוד השרון",
        "zipcode": 4528476,
        "average_price_diff": 5.684957709,
        "kashi_item_count": 2329
      }
    },
    {
      "type": "Feature",
      "geometry": {
        "type": "Point",
        "coordinates": [
          34.86504,
          32.035899
        ]
      },
      "properties": {
        "store_code": "tiv_025",
        "store_name": "צומת סביון",
        "chainname": "טיב טעם",
        "subchainname": "טיב טעם",
        "storeid": 25,
        "address": "השדרה האקדמית 4, בקעת אונו",
        "city": "סביון",
        "zipcode": 0,
        "average_price_diff": 5.262941838,
        "kashi_item_count": 2461
      }
    },
    {
      "type": "Feature",
      "geometry": {
        "type": "Point",
        "coordinates": [
          35.286404,
          32.649879
        ]
      },
      "properties": {
        "store_code": "tiv_030",
        "store_name": "מפגש מזרע",
        "chainname": "טיב טעם",
        "subchainname": "טיב טעם",
        "storeid": 30,
        "address": "קיבוץ מזרע 19312",
        "city": "עפולה",
        "zipcode": 1931200,
        "average_price_diff": 5.685162241,
        "kashi_item_count": 2179
      }
    },
    {
      "type": "Feature",
      "geometry": {
        "type": "Point",
        "coordinates": [
          34.8530601,
          32.1836543
        ]
      },
      "properties": {
        "store_code": "tiv_051",
        "store_name": "דלי רעננה",
        "chainname": "טיב טעם",
        "subchainname": "טיב טעם",
        "storeid": 51,
        "address": "אחוזה 269 פארק מול רעננה",
        "city": "רעננה",
        "zipcode": 4355741,
        "average_price_diff": 18.10079501,
        "kashi_item_count": 2372
      }
    },
    {
      "type": "Feature",
      "geometry": {
        "type": "Point",
        "coordinates": [
          34.8419268,
          32.1579238
        ]
      },
      "properties": {
        "store_code": "tiv_052",
        "store_name": "הרצליה",
        "chainname": "טיב טעם",
        "subchainname": "טיב טעם",
        "storeid": 52,
        "address": "בן גוריון 56 פינת בר כוכבא",
        "city": "הרצליה",
        "zipcode": 4644612,
        "average_price_diff": 6.057188224,
        "kashi_item_count": 2454
      }
    },
    {
      "type": "Feature",
      "geometry": {
        "type": "Point",
        "coordinates": [
          34.8263703,
          32.1147225
        ]
      },
      "properties": {
        "store_code": "tiv_056",
        "store_name": "טופ דן",
        "chainname": "טיב טעם",
        "subchainname": "טיב טעם",
        "storeid": 56,
        "address": "פנחס רוזן 72",
        "city": "תל אביב יפו",
        "zipcode": 6951294,
        "average_price_diff": 16.16626951,
        "kashi_item_count": 1771
      }
    },
    {
      "type": "Feature",
      "geometry": {
        "type": "Point",
        "coordinates": [
          34.77663388,
          32.06614369
        ]
      },
      "properties": {
        "store_code": "tiv_057",
        "store_name": "מאז\"ה",
        "chainname": "טיב טעם",
        "subchainname": "טיב טעם",
        "storeid": 57,
        "address": "מאז\"ה 40, ת\"א",
        "city": "תל אביב יפו",
        "zipcode": 6521423,
        "average_price_diff": 15.18602728,
        "kashi_item_count": 1561
      }
    },
    {
      "type": "Feature",
      "geometry": {
        "type": "Point",
        "coordinates": [
          34.7726424,
          32.0849868
        ]
      },
      "properties": {
        "store_code": "tiv_058",
        "store_name": "בן-יהודה 130",
        "chainname": "טיב טעם",
        "subchainname": "טיב טעם",
        "storeid": 58,
        "address": "בן יהודה 130 פינת בן גוריון",
        "city": "תל אביב יפו",
        "zipcode": 6340144,
        "average_price_diff": 15.42874943,
        "kashi_item_count": 1516
      }
    },
    {
      "type": "Feature",
      "geometry": {
        "type": "Point",
        "coordinates": [
          34.7739418,
          32.0904228
        ]
      },
      "properties": {
        "store_code": "tiv_059",
        "store_name": "בן יהודה 181",
        "chainname": "טיב טעם",
        "subchainname": "טיב טעם",
        "storeid": 59,
        "address": "בן יהודה 181",
        "city": "תל אביב יפו",
        "zipcode": 6347210,
        "average_price_diff": 14.53118684,
        "kashi_item_count": 1363
      }
    },
    {
      "type": "Feature",
      "geometry": {
        "type": "Point",
        "coordinates": [
          34.7833787,
          32.0697233
        ]
      },
      "properties": {
        "store_code": "tiv_061",
        "store_name": "חשמונאים 91",
        "chainname": "טיב טעם",
        "subchainname": "טיב טעם",
        "storeid": 61,
        "address": "חשמונאים 91",
        "city": "תל אביב יפו",
        "zipcode": 6713308,
        "average_price_diff": 15.7935644,
        "kashi_item_count": 1815
      }
    },
    {
      "type": "Feature",
      "geometry": {
        "type": "Point",
        "coordinates": [
          34.7815765,
          32.0797764
        ]
      },
      "properties": {
        "store_code": "tiv_063",
        "store_name": "אבן גבירול 64",
        "chainname": "טיב טעם",
        "subchainname": "טיב טעם",
        "storeid": 63,
        "address": "אבן גבירול 64",
        "city": "תל אביב יפו",
        "zipcode": 6495201,
        "average_price_diff": 15.60089259,
        "kashi_item_count": 1619
      }
    },
    {
      "type": "Feature",
      "geometry": {
        "type": "Point",
        "coordinates": [
          34.8146964,
          32.0780044
        ]
      },
      "properties": {
        "store_code": "tiv_068",
        "store_name": "סירקין 13",
        "chainname": "טיב טעם",
        "subchainname": "טיב טעם",
        "storeid": 68,
        "address": "סירקין 13",
        "city": "גבעתיים",
        "zipcode": 5325007,
        "average_price_diff": 16.25089525,
        "kashi_item_count": 1824
      }
    },
    {
      "type": "Feature",
      "geometry": {
        "type": "Point",
        "coordinates": [
          34.7596358,
          32.0564932
        ]
      },
      "properties": {
        "store_code": "tiv_070",
        "store_name": "יפו",
        "chainname": "טיב טעם",
        "subchainname": "טיב טעם",
        "storeid": 70,
        "address": "שדרות ירושלים 4",
        "city": "תל אביב יפו",
        "zipcode": 6802102,
        "average_price_diff": 15.98929797,
        "kashi_item_count": 1672
      }
    },
    {
      "type": "Feature",
      "geometry": {
        "type": "Point",
        "coordinates": [
          34.7693294,
          32.0799978
        ]
      },
      "properties": {
        "store_code": "tiv_071",
        "store_name": "פרישמן 13 תל אביב",
        "chainname": "טיב טעם",
        "subchainname": "טיב טעם",
        "storeid": 71,
        "address": "פרישמן 13",
        "city": "תל אביב יפו",
        "zipcode": 6357813,
        "average_price_diff": 15.96397548,
        "kashi_item_count": 1716
      }
    },
    {
      "type": "Feature",
      "geometry": {
        "type": "Point",
        "coordinates": [
          34.7815765,
          32.0797764
        ]
      },
      "properties": {
        "store_code": "tiv_073",
        "store_name": "פנקס 2",
        "chainname": "טיב טעם",
        "subchainname": "טיב טעם",
        "storeid": 73,
        "address": "אבן גבירול 164, ת\"א;\n",
        "city": "תל אביב יפו",
        "zipcode": 6296615,
        "average_price_diff": 14.48651998,
        "kashi_item_count": 1512
      }
    },
    {
      "type": "Feature",
      "geometry": {
        "type": "Point",
        "coordinates": [
          34.7929363,
          32.0831578
        ]
      },
      "properties": {
        "store_code": "tiv_074",
        "store_name": "ארלוזורוב",
        "chainname": "טיב טעם",
        "subchainname": "טיב טעם",
        "storeid": 74,
        "address": "ארלוזורוב 149",
        "city": "תל אביב יפו",
        "zipcode": 6299502,
        "average_price_diff": 14.47252638,
        "kashi_item_count": 1316
      }
    },
    {
      "type": "Feature",
      "geometry": {
        "type": "Point",
        "coordinates": [
          34.7918134,
          32.0940317
        ]
      },
      "properties": {
        "store_code": "tiv_075",
        "store_name": "יהודה מכבי",
        "chainname": "טיב טעם",
        "subchainname": "טיב טעם",
        "storeid": 75,
        "address": "יהודה מכבי 69",
        "city": "תל אביב יפו",
        "zipcode": 6230024,
        "average_price_diff": 15.66087972,
        "kashi_item_count": 1678
      }
    },
    {
      "type": "Feature",
      "geometry": {
        "type": "Point",
        "coordinates": [
          34.775143,
          32.0331352
        ]
      },
      "properties": {
        "store_code": "tiv_079",
        "store_name": "חולון סיטי קוגל",
        "chainname": "טיב טעם",
        "subchainname": "טיב טעם",
        "storeid": 79,
        "address": "שדרות לוי אשכול 30",
        "city": "חולון",
        "zipcode": 5825901,
        "average_price_diff": 15.95216974,
        "kashi_item_count": 1743
      }
    },
    {
      "type": "Feature",
      "geometry": {
        "type": "Point",
        "coordinates": [
          34.7948052,
          32.0683632
        ]
      },
      "properties": {
        "store_code": "tiv_080",
        "store_name": "יגאל אלון דלי",
        "chainname": "טיב טעם",
        "subchainname": "טיב טעם",
        "storeid": 80,
        "address": "יגאל אלון 94",
        "city": "תל אביב יפו",
        "zipcode": 6789139,
        "average_price_diff": 17.23598613,
        "kashi_item_count": 2051
      }
    },
    {
      "type": "Feature",
      "geometry": {
        "type": "Point",
        "coordinates": [
          34.8147344,
          32.0598632
        ]
      },
      "properties": {
        "store_code": "tiv_082",
        "store_name": "דלי כורזין גבעתיים",
        "chainname": "טיב טעם",
        "subchainname": "טיב טעם",
        "storeid": 82,
        "address": "תפוצות ישראל 6 גבעתיים",
        "city": "גבעתיים",
        "zipcode": 5358323,
        "average_price_diff": 16.35437862,
        "kashi_item_count": 1903
      }
    },
    {
      "type": "Feature",
      "geometry": {
        "type": "Point",
        "coordinates": [
          34.8250777,
          32.1143404
        ]
      },
      "properties": {
        "store_code": "tiv_083",
        "store_name": "מרכז כיתן",
        "chainname": "טיב טעם",
        "subchainname": "טיב טעם",
        "storeid": 83,
        "address": "רחוב פנחס רוזן 65-67",
        "city": "תל אביב יפו",
        "zipcode": 0,
        "average_price_diff": 16.03766986,
        "kashi_item_count": 1782
      }
    },
    {
      "type": "Feature",
      "geometry": {
        "type": "Point",
        "coordinates": [
          34.7872142,
          32.1120215
        ]
      },
      "properties": {
        "store_code": "tiv_084",
        "store_name": "דלי איינשטיין",
        "chainname": "טיב טעם",
        "subchainname": "טיב טעם",
        "storeid": 84,
        "address": "איינשטיין 10 תל אביב",
        "city": "תל אביב יפו",
        "zipcode": 6910110,
        "average_price_diff": 16.48314929,
        "kashi_item_count": 1870
      }
    },
    {
      "type": "Feature",
      "geometry": {
        "type": "Point",
        "coordinates": [
          34.8645057,
          32.068757
        ]
      },
      "properties": {
        "store_code": "tiv_085",
        "store_name": "בית הדובדבן - אונו",
        "chainname": "טיב טעם",
        "subchainname": "טיב טעם",
        "storeid": 85,
        "address": "רחוב הדובדבן 7-9 קרית אונו",
        "city": "קרית אונו",
        "zipcode": 0,
        "average_price_diff": 4.052377495,
        "kashi_item_count": 1823
      }
    },
    {
      "type": "Feature",
      "geometry": {
        "type": "Point",
        "coordinates": [
          34.8812585,
          32.0893762
        ]
      },
      "properties": {
        "store_code": "tiv_087",
        "store_name": "מונטיפיורטי פתח תקוה",
        "chainname": "טיב טעם",
        "subchainname": "טיב טעם",
        "storeid": 87,
        "address": "רחוב רוטישילד 57",
        "city": "פתח תקווה",
        "zipcode": 6416202,
        "average_price_diff": 4.038676214,
        "kashi_item_count": 1571
      }
    },
    {
      "type": "Feature",
      "geometry": {
        "type": "Point",
        "coordinates": [
          34.8401689,
          32.0510148
        ]
      },
      "properties": {
        "store_code": "tiv_088",
        "store_name": "רמת אפעל",
        "chainname": "טיב טעם",
        "subchainname": "טיב טעם",
        "storeid": 88,
        "address": "דרך שיבא 16",
        "city": "רמת אפעל",
        "zipcode": 0,
        "average_price_diff": 16.1985999,
        "kashi_item_count": 1830
      }
    },
    {
      "type": "Feature",
      "geometry": {
        "type": "Point",
        "coordinates": [
          34.7717569,
          32.0705158
        ]
      },
      "properties": {
        "store_code": "tiv_089",
        "store_name": "קינג גורג",
        "chainname": "טיב טעם",
        "subchainname": "טיב טעם",
        "storeid": 89,
        "address": "קינג גורג 8",
        "city": "תל אביב יפו",
        "zipcode": 6357808,
        "average_price_diff": 15.96285973,
        "kashi_item_count": 1770
      }
    },
    {
      "type": "Feature",
      "geometry": {
        "type": "Point",
        "coordinates": [
          34.785848,
          32.0652137
        ]
      },
      "properties": {
        "store_code": "tiv_091",
        "store_name": "המסגר",
        "chainname": "טיב טעם",
        "subchainname": "טיב טעם",
        "storeid": 91,
        "address": "המסגר 37",
        "city": "תל אביב יפו",
        "zipcode": 6721426,
        "average_price_diff": 15.69565905,
        "kashi_item_count": 1674
      }
    },
    {
      "type": "Feature",
      "geometry": {
        "type": "Point",
        "coordinates": [
          34.9862052,
          32.8035359
        ]
      },
      "properties": {
        "store_code": "tiv_092",
        "store_name": "מחניים",
        "chainname": "טיב טעם",
        "subchainname": "טיב טעם",
        "storeid": 92,
        "address": "מחניים 4",
        "city": "חיפה",
        "zipcode": 0,
        "average_price_diff": 3.11947439,
        "kashi_item_count": 1692
      }
    },
    {
      "type": "Feature",
      "geometry": {
        "type": "Point",
        "coordinates": [
          34.89231096,
          32.19043247
        ]
      },
      "properties": {
        "store_code": "tiv_093",
        "store_name": "כפר סבא הירוקה",
        "chainname": "טיב טעם",
        "subchainname": "טיב טעם",
        "storeid": 93,
        "address": "נעמי שמר 15",
        "city": 6900,
        "zipcode": null,
        "average_price_diff": 4.79885825,
        "kashi_item_count": 2046
      }
    },
    {
      "type": "Feature",
      "geometry": {
        "type": "Point",
        "coordinates": [
          35.08603122,
          32.85257522
        ]
      },
      "properties": {
        "store_code": "tiv_094",
        "store_name": "קרית מוצקין",
        "chainname": "טיב טעם",
        "subchainname": "טיב טעם",
        "storeid": 94,
        "address": "ש\"י עגנון 16",
        "city": 8200,
        "zipcode": 2603827,
        "average_price_diff": 4.769074377,
        "kashi_item_count": 2220
      }
    },
    {
      "type": "Feature",
      "geometry": {
        "type": "Point",
        "coordinates": [
          34.7815765,
          32.0797764
        ]
      },
      "properties": {
        "store_code": "tiv_156",
        "store_name": "עדן גן העיר",
        "chainname": "טיב טעם",
        "subchainname": "טיב טעם",
        "storeid": 156,
        "address": "אבן גבירול 71",
        "city": "תל אביב יפו",
        "zipcode": 6416202,
        "average_price_diff": 4.994051018,
        "kashi_item_count": 2093
      }
    },
    {
      "type": "Feature",
      "geometry": {
        "type": "Point",
        "coordinates": [
          34.853196,
          32.321458
        ]
      },
      "properties": {
        "store_code": "tiv_502",
        "store_name": "ליקוט נתניה",
        "chainname": "טיב טעם",
        "subchainname": "טיב טעם",
        "storeid": 502,
        "address": "https://www.tivtaam.co.il/",
        "city": "נתניה",
        "zipcode": 0,
        "average_price_diff": 5.893850509,
        "kashi_item_count": 2643
      }
    },
    {
      "type": "Feature",
      "geometry": {
        "type": "Point",
        "coordinates": [
          34.6561539,
          31.8103602
        ]
      },
      "properties": {
        "store_code": "tiv_503",
        "store_name": "ליקוט טיב טעם אשדוד",
        "chainname": "טיב טעם",
        "subchainname": "טיב טעם",
        "storeid": 503,
        "address": "https://www.tivtaam.co.il/",
        "city": "אשדוד",
        "zipcode": 0,
        "average_price_diff": 5.318929555,
        "kashi_item_count": 2519
      }
    },
    {
      "type": "Feature",
      "geometry": {
        "type": "Point",
        "coordinates": [
          35.0548125,
          32.8073578
        ]
      },
      "properties": {
        "store_code": "tiv_512",
        "store_name": "ליקוט טיב טעם קריות",
        "chainname": "טיב טעם",
        "subchainname": "טיב טעם",
        "storeid": 512,
        "address": "https://www.tivtaam.co.il/",
        "city": "חיפה",
        "zipcode": 0,
        "average_price_diff": 5.472791785,
        "kashi_item_count": 2496
      }
    },
    {
      "type": "Feature",
      "geometry": {
        "type": "Point",
        "coordinates": [
          34.8020886,
          31.9590813
        ]
      },
      "properties": {
        "store_code": "tiv_514",
        "store_name": "ליקוט ראשון מזרח",
        "chainname": "טיב טעם",
        "subchainname": "טיב טעם",
        "storeid": 514,
        "address": "https://www.tivtaam.co.il/",
        "city": "ראשון לציון",
        "zipcode": 0,
        "average_price_diff": 6.009130734,
        "kashi_item_count": 2709
      }
    },
    {
      "type": "Feature",
      "geometry": {
        "type": "Point",
        "coordinates": [
          34.7867691,
          31.2521018
        ]
      },
      "properties": {
        "store_code": "tiv_515",
        "store_name": "ליקוט טיב באר שבע",
        "chainname": "טיב טעם",
        "subchainname": "טיב טעם",
        "storeid": 515,
        "address": "https://www.tivtaam.co.il/",
        "city": "באר שבע",
        "zipcode": 0,
        "average_price_diff": 5.681712322,
        "kashi_item_count": 2522
      }
    },
    {
      "type": "Feature",
      "geometry": {
        "type": "Point",
        "coordinates": [
          34.8366371,
          32.1133727
        ]
      },
      "properties": {
        "store_code": "tiv_519",
        "store_name": "ליקוט רמת החייל",
        "chainname": "טיב טעם",
        "subchainname": "טיב טעם",
        "storeid": 519,
        "address": "https://www.tivtaam.co.il/",
        "city": "רמת החייל",
        "zipcode": 0,
        "average_price_diff": 5.954460593,
        "kashi_item_count": 2650
      }
    },
    {
      "type": "Feature",
      "geometry": {
        "type": "Point",
        "coordinates": [
          34.9062798,
          32.5154686
        ]
      },
      "properties": {
        "store_code": "tiv_523",
        "store_name": "ליקוט קיסריה",
        "chainname": "טיב טעם",
        "subchainname": "טיב טעם",
        "storeid": 523,
        "address": "https://www.tivtaam.co.il/",
        "city": "קיסריה",
        "zipcode": 0,
        "average_price_diff": 2.318019513,
        "kashi_item_count": 25
      }
    },
    {
      "type": "Feature",
      "geometry": {
        "type": "Point",
        "coordinates": [
          34.7042045,
          31.7754364
        ]
      },
      "properties": {
        "store_code": "vic_001",
        "store_name": "גן-יבנה",
        "chainname": "ויקטורי",
        "subchainname": "ויקטורי",
        "storeid": 1,
        "address": "הכישור 8",
        "city": "גן יבנה",
        "zipcode": 7080000,
        "average_price_diff": -3.033341523,
        "kashi_item_count": 2792
      }
    },
    {
      "type": "Feature",
      "geometry": {
        "type": "Point",
        "coordinates": [
          34.7777441,
          31.8165241
        ]
      },
      "properties": {
        "store_code": "vic_002",
        "store_name": "גדרה",
        "chainname": "ויקטורי",
        "subchainname": "ויקטורי",
        "storeid": 2,
        "address": "פינס 3",
        "city": "גדרה",
        "zipcode": 7056502,
        "average_price_diff": -2.998323214,
        "kashi_item_count": 2739
      }
    },
    {
      "type": "Feature",
      "geometry": {
        "type": "Point",
        "coordinates": [
          34.5947348,
          31.5213336
        ]
      },
      "properties": {
        "store_code": "vic_003",
        "store_name": "שדרות",
        "chainname": "ויקטורי",
        "subchainname": "ויקטורי",
        "storeid": 3,
        "address": "סמטת הפלדה 3",
        "city": "שדרות",
        "zipcode": 8710446,
        "average_price_diff": -3.263463993,
        "kashi_item_count": 2601
      }
    },
    {
      "type": "Feature",
      "geometry": {
        "type": "Point",
        "coordinates": [
          34.995119,
          32.1298842
        ]
      },
      "properties": {
        "store_code": "vic_005",
        "store_name": "אורנית",
        "chainname": "ויקטורי",
        "subchainname": "ויקטורי",
        "storeid": 5,
        "address": "הערבה 10",
        "city": "אורנית",
        "zipcode": 4481300,
        "average_price_diff": -2.201043257,
        "kashi_item_count": 2687
      }
    },
    {
      "type": "Feature",
      "geometry": {
        "type": "Point",
        "coordinates": [
          34.6417835,
          31.7760173
        ]
      },
      "properties": {
        "store_code": "vic_008",
        "store_name": "אשדוד",
        "chainname": "ויקטורי",
        "subchainname": "ויקטורי",
        "storeid": 8,
        "address": "דוד המלך 18",
        "city": "אשדוד",
        "zipcode": 7748109,
        "average_price_diff": -3.635491384,
        "kashi_item_count": 1924
      }
    },
    {
      "type": "Feature",
      "geometry": {
        "type": "Point",
        "coordinates": [
          34.7831746,
          32.0703364
        ]
      },
      "properties": {
        "store_code": "vic_009",
        "store_name": "הארבעה תא",
        "chainname": "ויקטורי",
        "subchainname": "ויקטורי",
        "storeid": 9,
        "address": "הארבעה 6",
        "city": "תל אביב יפו",
        "zipcode": 6473906,
        "average_price_diff": -2.310605511,
        "kashi_item_count": 2541
      }
    },
    {
      "type": "Feature",
      "geometry": {
        "type": "Point",
        "coordinates": [
          34.8794005,
          31.9463438
        ]
      },
      "properties": {
        "store_code": "vic_010",
        "store_name": "לוד",
        "chainname": "ויקטורי",
        "subchainname": "ויקטורי",
        "storeid": 10,
        "address": "יוספטל 23",
        "city": "לוד",
        "zipcode": 7136823,
        "average_price_diff": -3.133156206,
        "kashi_item_count": 2726
      }
    },
    {
      "type": "Feature",
      "geometry": {
        "type": "Point",
        "coordinates": [
          34.987559,
          31.7494502
        ]
      },
      "properties": {
        "store_code": "vic_014",
        "store_name": "בית שמש",
        "chainname": "ויקטורי",
        "subchainname": "ויקטורי",
        "storeid": 14,
        "address": "הרצל 7",
        "city": "בית שמש",
        "zipcode": 9903113,
        "average_price_diff": -2.977243261,
        "kashi_item_count": 2542
      }
    },
    {
      "type": "Feature",
      "geometry": {
        "type": "Point",
        "coordinates": [
          34.7672519,
          32.0551334
        ]
      },
      "properties": {
        "store_code": "vic_016",
        "store_name": "פלורנטין",
        "chainname": "ויקטורי",
        "subchainname": "ויקטורי",
        "storeid": 16,
        "address": "סלמה 53",
        "city": "תל אביב יפו",
        "zipcode": 6606034,
        "average_price_diff": 8.935194325,
        "kashi_item_count": 2216
      }
    },
    {
      "type": "Feature",
      "geometry": {
        "type": "Point",
        "coordinates": [
          34.8540757,
          31.9334559
        ]
      },
      "properties": {
        "store_code": "vic_021",
        "store_name": "רמלה הולצברג",
        "chainname": "ויקטורי",
        "subchainname": "ויקטורי",
        "storeid": 21,
        "address": "שמחה הולצברג 16",
        "city": "רמלה",
        "zipcode": 72276,
        "average_price_diff": -3.187637167,
        "kashi_item_count": 2709
      }
    },
    {
      "type": "Feature",
      "geometry": {
        "type": "Point",
        "coordinates": [
          34.93264,
          32.4279153
        ]
      },
      "properties": {
        "store_code": "vic_022",
        "store_name": "חדרה בפארק",
        "chainname": "ויקטורי",
        "subchainname": "ויקטורי",
        "storeid": 22,
        "address": "משמר הגבול",
        "city": "חדרה",
        "zipcode": 3825104,
        "average_price_diff": -3.149639261,
        "kashi_item_count": 2707
      }
    },
    {
      "type": "Feature",
      "geometry": {
        "type": "Point",
        "coordinates": [
          34.763876,
          31.9682049
        ]
      },
      "properties": {
        "store_code": "vic_023",
        "store_name": "ראשון פרס נובל",
        "chainname": "ויקטורי",
        "subchainname": "ויקטורי",
        "storeid": 23,
        "address": "שמעון פרס 33",
        "city": "ראשון לציון",
        "zipcode": 7579932,
        "average_price_diff": -2.31842425,
        "kashi_item_count": 2627
      }
    },
    {
      "type": "Feature",
      "geometry": {
        "type": "Point",
        "coordinates": [
          34.9216738,
          32.4376562
        ]
      },
      "properties": {
        "store_code": "vic_024",
        "store_name": "חדרה בקניון",
        "chainname": "ויקטורי",
        "subchainname": "ויקטורי",
        "storeid": 24,
        "address": "שד רוטשילד 40",
        "city": "חדרה",
        "zipcode": 3826850,
        "average_price_diff": -2.933589565,
        "kashi_item_count": 2658
      }
    },
    {
      "type": "Feature",
      "geometry": {
        "type": "Point",
        "coordinates": [
          35.0929603,
          32.9201965
        ]
      },
      "properties": {
        "store_code": "vic_025",
        "store_name": "עכו",
        "chainname": "ויקטורי",
        "subchainname": "ויקטורי",
        "storeid": 25,
        "address": "שלום הגליל 1",
        "city": "עכו",
        "zipcode": 2455301,
        "average_price_diff": -3.070316873,
        "kashi_item_count": 2771
      }
    },
    {
      "type": "Feature",
      "geometry": {
        "type": "Point",
        "coordinates": [
          34.9428615,
          32.0965466
        ]
      },
      "properties": {
        "store_code": "vic_026",
        "store_name": "ראש העין",
        "chainname": "ויקטורי",
        "subchainname": "ויקטורי",
        "storeid": 26,
        "address": "שבזי 26",
        "city": "ראש העין",
        "zipcode": 4802126,
        "average_price_diff": -3.160841536,
        "kashi_item_count": 2728
      }
    },
    {
      "type": "Feature",
      "geometry": {
        "type": "Point",
        "coordinates": [
          34.9586672,
          32.8173664
        ]
      },
      "properties": {
        "store_code": "vic_027",
        "store_name": "שער העליה",
        "chainname": "ויקטורי",
        "subchainname": "ויקטורי",
        "storeid": 27,
        "address": "שלוסברג 1",
        "city": "חיפה",
        "zipcode": 3584001,
        "average_price_diff": -3.083312536,
        "kashi_item_count": 2749
      }
    },
    {
      "type": "Feature",
      "geometry": {
        "type": "Point",
        "coordinates": [
          34.8797378,
          32.0592765
        ]
      },
      "properties": {
        "store_code": "vic_028",
        "store_name": "גני תקווה",
        "chainname": "ויקטורי",
        "subchainname": "ויקטורי",
        "storeid": 28,
        "address": "הכרמל 20",
        "city": "גני תקווה",
        "zipcode": 5591620,
        "average_price_diff": -2.813040592,
        "kashi_item_count": 2811
      }
    },
    {
      "type": "Feature",
      "geometry": {
        "type": "Point",
        "coordinates": [
          34.815928,
          32.0834004
        ]
      },
      "properties": {
        "store_code": "vic_029",
        "store_name": "רמת גן",
        "chainname": "ויקטורי",
        "subchainname": "ויקטורי",
        "storeid": 29,
        "address": "הרצל 42",
        "city": "רמת גן",
        "zipcode": 5243130,
        "average_price_diff": -2.252994315,
        "kashi_item_count": 2815
      }
    },
    {
      "type": "Feature",
      "geometry": {
        "type": "Point",
        "coordinates": [
          35.0274226,
          32.1132236
        ]
      },
      "properties": {
        "store_code": "vic_030",
        "store_name": "אלקנה",
        "chainname": "ויקטורי",
        "subchainname": "ויקטורי",
        "storeid": 30,
        "address": "שיר השירים 75/1",
        "city": "אלקנה",
        "zipcode": 4481400,
        "average_price_diff": -2.488306801,
        "kashi_item_count": 2634
      }
    },
    {
      "type": "Feature",
      "geometry": {
        "type": "Point",
        "coordinates": [
          34.7709504,
          32.062815
        ]
      },
      "properties": {
        "store_code": "vic_031",
        "store_name": "סיטי רוטשילד",
        "chainname": "ויקטורי",
        "subchainname": "ויקטורי סיטי",
        "storeid": 31,
        "address": "שד` רוטשילד 14",
        "city": "תל אביב יפו",
        "zipcode": 66881,
        "average_price_diff": 7.700316672,
        "kashi_item_count": 1826
      }
    },
    {
      "type": "Feature",
      "geometry": {
        "type": "Point",
        "coordinates": [
          35.1058408,
          32.8040805
        ]
      },
      "properties": {
        "store_code": "vic_034",
        "store_name": "מוצקין",
        "chainname": "ויקטורי",
        "subchainname": "ויקטורי",
        "storeid": 34,
        "address": "שד ירושלים 1",
        "city": "קרית מוצקין",
        "zipcode": 2623804,
        "average_price_diff": -3.211261764,
        "kashi_item_count": 2774
      }
    },
    {
      "type": "Feature",
      "geometry": {
        "type": "Point",
        "coordinates": [
          34.7741588,
          32.0645392
        ]
      },
      "properties": {
        "store_code": "vic_035",
        "store_name": "סיטי אחד העם",
        "chainname": "ויקטורי",
        "subchainname": "ויקטורי סיטי",
        "storeid": 35,
        "address": "אחד העם 54",
        "city": "תל אביב יפו",
        "zipcode": 65202,
        "average_price_diff": 7.572705113,
        "kashi_item_count": 1760
      }
    },
    {
      "type": "Feature",
      "geometry": {
        "type": "Point",
        "coordinates": [
          34.6409568,
          31.8105983
        ]
      },
      "properties": {
        "store_code": "vic_037",
        "store_name": "קניון אשדוד",
        "chainname": "ויקטורי",
        "subchainname": "ויקטורי",
        "storeid": 37,
        "address": "הטיילת 20",
        "city": "אשדוד",
        "zipcode": 7722218,
        "average_price_diff": -3.30703949,
        "kashi_item_count": 2740
      }
    },
    {
      "type": "Feature",
      "geometry": {
        "type": "Point",
        "coordinates": [
          35.149033,
          31.8002473
        ]
      },
      "properties": {
        "store_code": "vic_038",
        "store_name": "מבשרת ציון",
        "chainname": "ויקטורי",
        "subchainname": "ויקטורי",
        "storeid": 38,
        "address": "הראל 1",
        "city": "מבשרת ציון",
        "zipcode": 9079129,
        "average_price_diff": -3.085073057,
        "kashi_item_count": 2757
      }
    },
    {
      "type": "Feature",
      "geometry": {
        "type": "Point",
        "coordinates": [
          34.774054,
          32.0233772
        ]
      },
      "properties": {
        "store_code": "vic_039",
        "store_name": "חולון קוגל",
        "chainname": "ויקטורי",
        "subchainname": "ויקטורי",
        "storeid": 39,
        "address": "קוגל 40",
        "city": "חולון",
        "zipcode": 5825816,
        "average_price_diff": -2.901298712,
        "kashi_item_count": 2686
      }
    },
    {
      "type": "Feature",
      "geometry": {
        "type": "Point",
        "coordinates": [
          34.5758953,
          31.6971812
        ]
      },
      "properties": {
        "store_code": "vic_041",
        "store_name": "ברנע",
        "chainname": "ויקטורי",
        "subchainname": "ויקטורי",
        "storeid": 41,
        "address": "רחבעם זאבי",
        "city": "אשקלון",
        "zipcode": 7829304,
        "average_price_diff": -2.242809794,
        "kashi_item_count": 2654
      }
    },
    {
      "type": "Feature",
      "geometry": {
        "type": "Point",
        "coordinates": [
          34.869891,
          32.1818416
        ]
      },
      "properties": {
        "store_code": "vic_045",
        "store_name": "רעננה אחוזה 158",
        "chainname": "ויקטורי",
        "subchainname": "ויקטורי",
        "storeid": 45,
        "address": "אחוזה 158",
        "city": "רעננה",
        "zipcode": 4330018,
        "average_price_diff": -2.010970172,
        "kashi_item_count": 2705
      }
    },
    {
      "type": "Feature",
      "geometry": {
        "type": "Point",
        "coordinates": [
          35.0241686,
          31.0615094
        ]
      },
      "properties": {
        "store_code": "vic_046",
        "store_name": "דימונה",
        "chainname": "ויקטורי",
        "subchainname": "ויקטורי",
        "storeid": 46,
        "address": "המלאכה 3",
        "city": "דימונה",
        "zipcode": 8621106,
        "average_price_diff": -2.962837141,
        "kashi_item_count": 2710
      }
    },
    {
      "type": "Feature",
      "geometry": {
        "type": "Point",
        "coordinates": [
          34.6229422,
          31.3089715
        ]
      },
      "properties": {
        "store_code": "vic_047",
        "store_name": "אופקים",
        "chainname": "ויקטורי",
        "subchainname": "ויקטורי",
        "storeid": 47,
        "address": "החידא 1",
        "city": "אופקים",
        "zipcode": 8759102,
        "average_price_diff": -3.383328848,
        "kashi_item_count": 2719
      }
    },
    {
      "type": "Feature",
      "geometry": {
        "type": "Point",
        "coordinates": [
          34.968224,
          32.7685502
        ]
      },
      "properties": {
        "store_code": "vic_048",
        "store_name": "טירת הכרמל",
        "chainname": "ויקטורי",
        "subchainname": "ויקטורי",
        "storeid": 48,
        "address": "קרן היסוד 2",
        "city": "טירת הכרמל",
        "zipcode": 3902621,
        "average_price_diff": -3.214803731,
        "kashi_item_count": 2773
      }
    },
    {
      "type": "Feature",
      "geometry": {
        "type": "Point",
        "coordinates": [
          34.9186163,
          32.2577503
        ]
      },
      "properties": {
        "store_code": "vic_050",
        "store_name": "תל מונד",
        "chainname": "ויקטורי",
        "subchainname": "ויקטורי",
        "storeid": 50,
        "address": "השקד 4",
        "city": "תל מונד",
        "zipcode": 4060105,
        "average_price_diff": -2.41482787,
        "kashi_item_count": 2593
      }
    },
    {
      "type": "Feature",
      "geometry": {
        "type": "Point",
        "coordinates": [
          35.0186781,
          31.8798648
        ]
      },
      "properties": {
        "store_code": "vic_051",
        "store_name": "מודיעין",
        "chainname": "ויקטורי",
        "subchainname": "ויקטורי",
        "storeid": 51,
        "address": "מנחם בגין 21",
        "city": "מודיעין מכבים רעות",
        "zipcode": 7178081,
        "average_price_diff": -2.940227858,
        "kashi_item_count": 2780
      }
    },
    {
      "type": "Feature",
      "geometry": {
        "type": "Point",
        "coordinates": [
          34.576329,
          31.6764381
        ]
      },
      "properties": {
        "store_code": "vic_052",
        "store_name": "אשקלון",
        "chainname": "ויקטורי",
        "subchainname": "ויקטורי",
        "storeid": 52,
        "address": "בן צבי 8",
        "city": "אשקלון",
        "zipcode": 7846117,
        "average_price_diff": -3.070736563,
        "kashi_item_count": 2747
      }
    },
    {
      "type": "Feature",
      "geometry": {
        "type": "Point",
        "coordinates": [
          35.166003,
          32.704029
        ]
      },
      "properties": {
        "store_code": "vic_053",
        "store_name": "רמת ישי",
        "chainname": "ויקטורי",
        "subchainname": "ויקטורי",
        "storeid": 53,
        "address": "מרכז מסחרי",
        "city": "רמת ישי",
        "zipcode": 3009503,
        "average_price_diff": -2.366779851,
        "kashi_item_count": 2600
      }
    },
    {
      "type": "Feature",
      "geometry": {
        "type": "Point",
        "coordinates": [
          34.745,
          31.7266667
        ]
      },
      "properties": {
        "store_code": "vic_054",
        "store_name": "קרית מלאכי",
        "chainname": "ויקטורי",
        "subchainname": "ויקטורי",
        "storeid": 54,
        "address": "זבוטינסקי 8",
        "city": "קרית מלאכי",
        "zipcode": 8305115,
        "average_price_diff": -2.257208056,
        "kashi_item_count": 2478
      }
    },
    {
      "type": "Feature",
      "geometry": {
        "type": "Point",
        "coordinates": [
          34.7697747,
          31.6070835
        ]
      },
      "properties": {
        "store_code": "vic_055",
        "store_name": "קרית גת",
        "chainname": "ויקטורי",
        "subchainname": "ויקטורי",
        "storeid": 55,
        "address": "הגפן 3",
        "city": "קרית גת",
        "zipcode": 8201807,
        "average_price_diff": -3.317706719,
        "kashi_item_count": 2749
      }
    },
    {
      "type": "Feature",
      "geometry": {
        "type": "Point",
        "coordinates": [
          34.7414604,
          31.864079
        ]
      },
      "properties": {
        "store_code": "vic_056",
        "store_name": "יבנה",
        "chainname": "ויקטורי",
        "subchainname": "ויקטורי",
        "storeid": 56,
        "address": "המיסב 7",
        "city": "יבנה",
        "zipcode": 8121307,
        "average_price_diff": -3.121773163,
        "kashi_item_count": 2729
      }
    },
    {
      "type": "Feature",
      "geometry": {
        "type": "Point",
        "coordinates": [
          34.7554971,
          32.0519789
        ]
      },
      "properties": {
        "store_code": "vic_057",
        "store_name": "סיטי מרגוזה",
        "chainname": "ויקטורי",
        "subchainname": "ויקטורי סיטי",
        "storeid": 57,
        "address": "מרגוזה יהודה 16",
        "city": "תל אביב יפו",
        "zipcode": 6813612,
        "average_price_diff": 7.520248746,
        "kashi_item_count": 1792
      }
    },
    {
      "type": "Feature",
      "geometry": {
        "type": "Point",
        "coordinates": [
          34.9346133,
          32.3185475
        ]
      },
      "properties": {
        "store_code": "vic_058",
        "store_name": "כפר יונה",
        "chainname": "ויקטורי",
        "subchainname": "ויקטורי",
        "storeid": 58,
        "address": "הרצל 5",
        "city": "כפר יונה",
        "zipcode": 4031452,
        "average_price_diff": -2.376002138,
        "kashi_item_count": 2615
      }
    },
    {
      "type": "Feature",
      "geometry": {
        "type": "Point",
        "coordinates": [
          35.2979883,
          32.6039772
        ]
      },
      "properties": {
        "store_code": "vic_059",
        "store_name": "עפולה",
        "chainname": "ויקטורי",
        "subchainname": "ויקטורי",
        "storeid": 59,
        "address": "מנחם בגין 79",
        "city": "עפולה",
        "zipcode": 1830101,
        "average_price_diff": -3.085890915,
        "kashi_item_count": 2779
      }
    },
    {
      "type": "Feature",
      "geometry": {
        "type": "Point",
        "coordinates": [
          34.7640126,
          32.0058229
        ]
      },
      "properties": {
        "store_code": "vic_060",
        "store_name": "חולון התנאים",
        "chainname": "ויקטורי",
        "subchainname": "ויקטורי",
        "storeid": 60,
        "address": "התנאים 5",
        "city": "חולון",
        "zipcode": 5858112,
        "average_price_diff": -2.433529849,
        "kashi_item_count": 2386
      }
    },
    {
      "type": "Feature",
      "geometry": {
        "type": "Point",
        "coordinates": [
          34.7755775,
          32.0886661
        ]
      },
      "properties": {
        "store_code": "vic_065",
        "store_name": "דיזנגוף",
        "chainname": "ויקטורי",
        "subchainname": "ויקטורי",
        "storeid": 65,
        "address": "דיזנגוף 224",
        "city": "תל אביב יפו",
        "zipcode": 6311519,
        "average_price_diff": -2.493685996,
        "kashi_item_count": 2417
      }
    },
    {
      "type": "Feature",
      "geometry": {
        "type": "Point",
        "coordinates": [
          34.7720178,
          32.0616314
        ]
      },
      "properties": {
        "store_code": "vic_067",
        "store_name": "סיטי יהודה הלוי",
        "chainname": "ויקטורי",
        "subchainname": "ויקטורי סיטי",
        "storeid": 67,
        "address": "יהודה הלוי 40",
        "city": "תל אביב יפו",
        "zipcode": 65136,
        "average_price_diff": 7.974578308,
        "kashi_item_count": 1805
      }
    },
    {
      "type": "Feature",
      "geometry": {
        "type": "Point",
        "coordinates": [
          34.7487449,
          31.2683491
        ]
      },
      "properties": {
        "store_code": "vic_068",
        "store_name": "באר שבע",
        "chainname": "ויקטורי",
        "subchainname": "ויקטורי",
        "storeid": 68,
        "address": "בן גוריון 15",
        "city": "באר שבע",
        "zipcode": 8443944,
        "average_price_diff": -3.306346813,
        "kashi_item_count": 2782
      }
    },
    {
      "type": "Feature",
      "geometry": {
        "type": "Point",
        "coordinates": [
          34.87538659,
          32.18066944
        ]
      },
      "properties": {
        "store_code": "vic_069",
        "store_name": "רעננה פארק",
        "chainname": "ויקטורי",
        "subchainname": "ויקטורי",
        "storeid": 69,
        "address": "אחוזה 114",
        "city": "רעננה",
        "zipcode": 4350108,
        "average_price_diff": -3.172530125,
        "kashi_item_count": 2817
      }
    },
    {
      "type": "Feature",
      "geometry": {
        "type": "Point",
        "coordinates": [
          34.997998,
          32.241478
        ]
      },
      "properties": {
        "store_code": "vic_070",
        "store_name": "צור יצחק",
        "chainname": "ויקטורי",
        "subchainname": "ויקטורי",
        "storeid": 70,
        "address": "דרך איילון 20",
        "city": "צור יצחק",
        "zipcode": 4580800,
        "average_price_diff": -2.901536812,
        "kashi_item_count": 2763
      }
    },
    {
      "type": "Feature",
      "geometry": {
        "type": "Point",
        "coordinates": [
          34.8124462,
          31.9705226
        ]
      },
      "properties": {
        "store_code": "vic_071",
        "store_name": "ראשון מזרח",
        "chainname": "ויקטורי",
        "subchainname": "ויקטורי",
        "storeid": 71,
        "address": "צבי פרנק 39",
        "city": "ראשון לציון",
        "zipcode": 7566088,
        "average_price_diff": -3.164393898,
        "kashi_item_count": 2770
      }
    },
    {
      "type": "Feature",
      "geometry": {
        "type": "Point",
        "coordinates": [
          35.4942557,
          32.4970754
        ]
      },
      "properties": {
        "store_code": "vic_073",
        "store_name": "בית שאן",
        "chainname": "ויקטורי",
        "subchainname": "ויקטורי",
        "storeid": 73,
        "address": "הגלבוע 1",
        "city": "בית שאן",
        "zipcode": 1174001,
        "average_price_diff": -3.491587381,
        "kashi_item_count": 2594
      }
    },
    {
      "type": "Feature",
      "geometry": {
        "type": "Point",
        "coordinates": [
          34.8242079,
          32.1647849
        ]
      },
      "properties": {
        "store_code": "vic_074",
        "store_name": "שבעת הכוכבים",
        "chainname": "ויקטורי",
        "subchainname": "ויקטורי",
        "storeid": 74,
        "address": "קניון שבעת הכוכבי",
        "city": "הרצליה",
        "zipcode": 4650504,
        "average_price_diff": -3.133221782,
        "kashi_item_count": 2767
      }
    },
    {
      "type": "Feature",
      "geometry": {
        "type": "Point",
        "coordinates": [
          34.789189,
          32.0848954
        ]
      },
      "properties": {
        "store_code": "vic_075",
        "store_name": "סיטי ויצמן",
        "chainname": "ויקטורי",
        "subchainname": "ויקטורי סיטי",
        "storeid": 75,
        "address": "ויצמן 53",
        "city": "תל אביב יפו",
        "zipcode": 62091,
        "average_price_diff": 7.998064223,
        "kashi_item_count": 2040
      }
    },
    {
      "type": "Feature",
      "geometry": {
        "type": "Point",
        "coordinates": [
          34.74609201,
          32.00685236
        ]
      },
      "properties": {
        "store_code": "vic_076",
        "store_name": "ויקטורי בת ים",
        "chainname": "ויקטורי",
        "subchainname": "ויקטורי",
        "storeid": 76,
        "address": "העמל 11",
        "city": "בת ים",
        "zipcode": 5959821,
        "average_price_diff": -3.584529174,
        "kashi_item_count": 2794
      }
    },
    {
      "type": "Feature",
      "geometry": {
        "type": "Point",
        "coordinates": [
          34.8985361,
          31.9685149
        ]
      },
      "properties": {
        "store_code": "vic_077",
        "store_name": "לוד נתבג",
        "chainname": "ויקטורי",
        "subchainname": "ויקטורי",
        "storeid": 77,
        "address": "פסח לב 2",
        "city": "לוד",
        "zipcode": 7129320,
        "average_price_diff": -3.144498472,
        "kashi_item_count": 2831
      }
    },
    {
      "type": "Feature",
      "geometry": {
        "type": "Point",
        "coordinates": [
          34.8903535,
          32.1982013
        ]
      },
      "properties": {
        "store_code": "vic_079",
        "store_name": "כפר סבא הירוקה",
        "chainname": "ויקטורי",
        "subchainname": "ויקטורי",
        "storeid": 79,
        "address": "אנגל 78",
        "city": "כפר סבא",
        "zipcode": 4465140,
        "average_price_diff": -2.906621147,
        "kashi_item_count": 2749
      }
    },
    {
      "type": "Feature",
      "geometry": {
        "type": "Point",
        "coordinates": [
          34.7711272,
          32.0681025
        ]
      },
      "properties": {
        "store_code": "vic_080",
        "store_name": "סיטי אלנבי",
        "chainname": "ויקטורי",
        "subchainname": "ויקטורי סיטי",
        "storeid": 80,
        "address": "אלנבי 65",
        "city": "תל אביב יפו",
        "zipcode": 65134,
        "average_price_diff": 9.044642116,
        "kashi_item_count": 2251
      }
    },
    {
      "type": "Feature",
      "geometry": {
        "type": "Point",
        "coordinates": [
          34.964138,
          32.1081848
        ]
      },
      "properties": {
        "store_code": "vic_081",
        "store_name": "פארק אפק רע",
        "chainname": "ויקטורי",
        "subchainname": "ויקטורי",
        "storeid": 81,
        "address": "העמל 2",
        "city": "ראש העין",
        "zipcode": 4809202,
        "average_price_diff": -2.981212881,
        "kashi_item_count": 2829
      }
    },
    {
      "type": "Feature",
      "geometry": {
        "type": "Point",
        "coordinates": [
          34.7889942,
          31.914131
        ]
      },
      "properties": {
        "store_code": "vic_082",
        "store_name": "נס ציונה",
        "chainname": "ויקטורי",
        "subchainname": "ויקטורי",
        "storeid": 82,
        "address": "הפרדסים 1",
        "city": "נס ציונה",
        "zipcode": 7400448,
        "average_price_diff": -2.856373388,
        "kashi_item_count": 2323
      }
    },
    {
      "type": "Feature",
      "geometry": {
        "type": "Point",
        "coordinates": [
          34.8074069,
          31.9100444
        ]
      },
      "properties": {
        "store_code": "vic_083",
        "store_name": "רחובות",
        "chainname": "ויקטורי",
        "subchainname": "ויקטורי",
        "storeid": 83,
        "address": "אופנהיימר 10",
        "city": "רחובות",
        "zipcode": 7670110,
        "average_price_diff": -3.16974134,
        "kashi_item_count": 2811
      }
    },
    {
      "type": "Feature",
      "geometry": {
        "type": "Point",
        "coordinates": [
          34.89983373,
          32.40071494
        ]
      },
      "properties": {
        "store_code": "vic_084",
        "store_name": "עמק חפר",
        "chainname": "ויקטורי",
        "subchainname": "ויקטורי",
        "storeid": 84,
        "address": "נחל אלכסנדר 3",
        "city": "מ.א. עמק חפר",
        "zipcode": 4279900,
        "average_price_diff": -3.553365995,
        "kashi_item_count": 2753
      }
    },
    {
      "type": "Feature",
      "geometry": {
        "type": "Point",
        "coordinates": [
          35.1447145,
          32.7306786
        ]
      },
      "properties": {
        "store_code": "vic_086",
        "store_name": "טבעון",
        "chainname": "ויקטורי",
        "subchainname": "ויקטורי",
        "storeid": 86,
        "address": "המרווה 1",
        "city": "טבעון",
        "zipcode": 3653201,
        "average_price_diff": -2.384149906,
        "kashi_item_count": 2547
      }
    },
    {
      "type": "Feature",
      "geometry": {
        "type": "Point",
        "coordinates": [
          35.5850662,
          32.7029522
        ]
      },
      "properties": {
        "store_code": "vic_087",
        "store_name": "צמח",
        "chainname": "ויקטורי",
        "subchainname": "ויקטורי",
        "storeid": 87,
        "address": "צומת צמח מול כנרת",
        "city": "צמח",
        "zipcode": 1510501,
        "average_price_diff": -2.806812019,
        "kashi_item_count": 2740
      }
    },
    {
      "type": "Feature",
      "geometry": {
        "type": "Point",
        "coordinates": [
          34.8268328,
          32.1013734
        ]
      },
      "properties": {
        "store_code": "vic_088",
        "store_name": "איילון",
        "chainname": "ויקטורי",
        "subchainname": "ויקטורי",
        "storeid": 88,
        "address": "אבא הילל 301",
        "city": "רמת גן",
        "zipcode": 5259408,
        "average_price_diff": -3.115545828,
        "kashi_item_count": 2821
      }
    },
    {
      "type": "Feature",
      "geometry": {
        "type": "Point",
        "coordinates": [
          35.1879781,
          31.75189678
        ]
      },
      "properties": {
        "store_code": "vic_089",
        "store_name": "מלחה",
        "chainname": "ויקטורי",
        "subchainname": "ויקטורי",
        "storeid": 89,
        "address": "אגודת הספורט 1",
        "city": "ירושלים",
        "zipcode": 9695989,
        "average_price_diff": -2.969998706,
        "kashi_item_count": 2828
      }
    },
    {
      "type": "Feature",
      "geometry": {
        "type": "Point",
        "coordinates": [
          34.9467393,
          32.0054259
        ]
      },
      "properties": {
        "store_code": "vic_091",
        "store_name": "שוהם",
        "chainname": "ויקטורי",
        "subchainname": "ויקטורי",
        "storeid": 91,
        "address": "עמק איילון 161",
        "city": "שוהם",
        "zipcode": 6083646,
        "average_price_diff": -2.8229415,
        "kashi_item_count": 2782
      }
    },
    {
      "type": "Feature",
      "geometry": {
        "type": "Point",
        "coordinates": [
          34.5945039,
          31.416317
        ]
      },
      "properties": {
        "store_code": "vic_092",
        "store_name": "נתיבות",
        "chainname": "ויקטורי",
        "subchainname": "ויקטורי",
        "storeid": 92,
        "address": "בעלי המלאכה 5",
        "city": "נתיבות",
        "zipcode": 8776202,
        "average_price_diff": -3.289594532,
        "kashi_item_count": 2771
      }
    },
    {
      "type": "Feature",
      "geometry": {
        "type": "Point",
        "coordinates": [
          35.04290958,
          32.46408714
        ]
      },
      "properties": {
        "store_code": "vic_093",
        "store_name": "חריש",
        "chainname": "ויקטורי",
        "subchainname": "ויקטורי",
        "storeid": 84,
        "address": "ספיר 1",
        "city": "חריש",
        "zipcode": 3760623,
        "average_price_diff": -3.323895122,
        "kashi_item_count": 2657
      }
    },
    {
      "type": "Feature",
      "geometry": {
        "type": "Point",
        "coordinates": [
          34.8105114,
          31.978379
        ]
      },
      "properties": {
        "store_code": "vic_094",
        "store_name": "שמוטקין",
        "chainname": "ויקטורי",
        "subchainname": "ויקטורי",
        "storeid": 94,
        "address": "משה בקר 32",
        "city": "ראשון לציון",
        "zipcode": 0,
        "average_price_diff": -3.131227344,
        "kashi_item_count": 2815
      }
    },
    {
      "type": "Feature",
      "geometry": {
        "type": "Point",
        "coordinates": [
          34.56188806,
          31.66286784
        ]
      },
      "properties": {
        "store_code": "vic_095",
        "store_name": "אשקלון מרכז",
        "chainname": "ויקטורי",
        "subchainname": "ויקטורי",
        "storeid": 95,
        "address": "בן גוריון 1",
        "city": "אשקלון",
        "zipcode": 7828124,
        "average_price_diff": -2.996416215,
        "kashi_item_count": 2759
      }
    },
    {
      "type": "Feature",
      "geometry": {
        "type": "Point",
        "coordinates": [
          35.1024643,
          32.8052995
        ]
      },
      "properties": {
        "store_code": "vic_096",
        "store_name": "קרית אתא",
        "chainname": "ויקטורי",
        "subchainname": "ויקטורי",
        "storeid": 96,
        "address": "זבולון 14",
        "city": "קרית אתא",
        "zipcode": 2806007,
        "average_price_diff": -2.81188868,
        "kashi_item_count": 2633
      }
    },
    {
      "type": "Feature",
      "geometry": {
        "type": "Point",
        "coordinates": [
          34.781055,
          31.886744
        ]
      },
      "properties": {
        "store_code": "yoh_001",
        "store_name": "יוחננוף מפוח",
        "chainname": "יוחננוף",
        "subchainname": "יוחננוף",
        "storeid": 1,
        "address": "רחוב המפוח 11, אזור התעשיה",
        "city": "רחובות",
        "zipcode": 0,
        "average_price_diff": -9.17546874,
        "kashi_item_count": 2825
      }
    },
    {
      "type": "Feature",
      "geometry": {
        "type": "Point",
        "coordinates": [
          34.8216302,
          31.8701392
        ]
      },
      "properties": {
        "store_code": "yoh_004",
        "store_name": "בילו",
        "chainname": "יוחננוף",
        "subchainname": "יוחננוף",
        "storeid": 4,
        "address": "צומת בילו",
        "city": "כפר ביל\"ו",
        "zipcode": 0,
        "average_price_diff": -9.377471593,
        "kashi_item_count": 2255
      }
    },
    {
      "type": "Feature",
      "geometry": {
        "type": "Point",
        "coordinates": [
          34.6540808,
          31.8112446
        ]
      },
      "properties": {
        "store_code": "yoh_005",
        "store_name": "אשדוד",
        "chainname": "יוחננוף",
        "subchainname": "יוחננוף",
        "storeid": 5,
        "address": "זבוטינסקי 27, סטאר סנטר",
        "city": "אשדוד",
        "zipcode": 0,
        "average_price_diff": -9.152245602,
        "kashi_item_count": 2374
      }
    },
    {
      "type": "Feature",
      "geometry": {
        "type": "Point",
        "coordinates": [
          34.8111,
          31.8979797
        ]
      },
      "properties": {
        "store_code": "yoh_008",
        "store_name": "אחד העם",
        "chainname": "יוחננוף",
        "subchainname": "יוחננוף",
        "storeid": 8,
        "address": "רחוב אחד העם 19",
        "city": "רחובות",
        "zipcode": 0,
        "average_price_diff": -3.583429747,
        "kashi_item_count": 1845
      }
    },
    {
      "type": "Feature",
      "geometry": {
        "type": "Point",
        "coordinates": [
          34.5973492,
          31.4182895
        ]
      },
      "properties": {
        "store_code": "yoh_009",
        "store_name": "נתיבות",
        "chainname": "יוחננוף",
        "subchainname": "יוחננוף",
        "storeid": 9,
        "address": "רחוב בעלי המלאכה 2, א.התעשיה",
        "city": "נתיבות",
        "zipcode": 0,
        "average_price_diff": -9.228233345,
        "kashi_item_count": 2111
      }
    },
    {
      "type": "Feature",
      "geometry": {
        "type": "Point",
        "coordinates": [
          34.8862915,
          31.9372787
        ]
      },
      "properties": {
        "store_code": "yoh_012",
        "store_name": "רמלה",
        "chainname": "יוחננוף",
        "subchainname": "יוחננוף",
        "storeid": 12,
        "address": "שדרות ירושלים פינת נופי חמד",
        "city": "רמלה",
        "zipcode": 0,
        "average_price_diff": -8.534220713,
        "kashi_item_count": 2285
      }
    },
    {
      "type": "Feature",
      "geometry": {
        "type": "Point",
        "coordinates": [
          35.0568101,
          32.8107072
        ]
      },
      "properties": {
        "store_code": "yoh_013",
        "store_name": "חוצות המפרץ",
        "chainname": "יוחננוף",
        "subchainname": "יוחננוף",
        "storeid": 13,
        "address": "החרושת 10 חוצות המפרץ",
        "city": "חיפה",
        "zipcode": 0,
        "average_price_diff": -9.225401366,
        "kashi_item_count": 2405
      }
    },
    {
      "type": "Feature",
      "geometry": {
        "type": "Point",
        "coordinates": [
          34.8509935,
          32.0327584
        ]
      },
      "properties": {
        "store_code": "yoh_015",
        "store_name": "אור יהודה",
        "chainname": "יוחננוף",
        "subchainname": "יוחננוף",
        "storeid": 15,
        "address": "רחוב הפלדה 1",
        "city": "אור יהודה",
        "zipcode": 0,
        "average_price_diff": -4.323980786,
        "kashi_item_count": 1653
      }
    },
    {
      "type": "Feature",
      "geometry": {
        "type": "Point",
        "coordinates": [
          34.7046109,
          31.7952094
        ]
      },
      "properties": {
        "store_code": "yoh_016",
        "store_name": "גן יבנה",
        "chainname": "יוחננוף",
        "subchainname": "יוחננוף",
        "storeid": 16,
        "address": "דרך מנחם בגין פינת המגנים 57",
        "city": "גן יבנה",
        "zipcode": 0,
        "average_price_diff": -4.153268407,
        "kashi_item_count": 2103
      }
    },
    {
      "type": "Feature",
      "geometry": {
        "type": "Point",
        "coordinates": [
          34.9613304,
          31.8905467
        ]
      },
      "properties": {
        "store_code": "yoh_017",
        "store_name": "מודיעין ישפרו",
        "chainname": "יוחננוף",
        "subchainname": "יוחננוף",
        "storeid": 17,
        "address": "המלאכות 101",
        "city": "מודיעין מכבים רעות",
        "zipcode": 0,
        "average_price_diff": -9.34979862,
        "kashi_item_count": 2407
      }
    },
    {
      "type": "Feature",
      "geometry": {
        "type": "Point",
        "coordinates": [
          35.009964,
          31.916163
        ]
      },
      "properties": {
        "store_code": "yoh_018",
        "store_name": "מודיעין כרמים",
        "chainname": "יוחננוף",
        "subchainname": "יוחננוף",
        "storeid": 18,
        "address": "תשר\"י 34",
        "city": "מודיעין מכבים רעות",
        "zipcode": 0,
        "average_price_diff": -3.892104098,
        "kashi_item_count": 1942
      }
    },
    {
      "type": "Feature",
      "geometry": {
        "type": "Point",
        "coordinates": [
          34.8509935,
          32.0327584
        ]
      },
      "properties": {
        "store_code": "yoh_019",
        "store_name": "אור יהודה גדול",
        "chainname": "יוחננוף",
        "subchainname": "יוחננוף",
        "storeid": 19,
        "address": "אור יהודה",
        "city": "אור יהודה",
        "zipcode": 0,
        "average_price_diff": -9.087081101,
        "kashi_item_count": 2378
      }
    },
    {
      "type": "Feature",
      "geometry": {
        "type": "Point",
        "coordinates": [
          35.2115478,
          31.7492504
        ]
      },
      "properties": {
        "store_code": "yoh_020",
        "store_name": "ירושלים תלפיות",
        "chainname": "יוחננוף",
        "subchainname": "יוחננוף",
        "storeid": 20,
        "address": "האומן",
        "city": "ירושלים",
        "zipcode": 0,
        "average_price_diff": -9.462140508,
        "kashi_item_count": 2193
      }
    },
    {
      "type": "Feature",
      "geometry": {
        "type": "Point",
        "coordinates": [
          34.8943176,
          32.10503
        ]
      },
      "properties": {
        "store_code": "yoh_021",
        "store_name": "סגולה פתח תקווה",
        "chainname": "יוחננוף",
        "subchainname": "יוחננוף",
        "storeid": 21,
        "address": "סגולה",
        "city": "פתח תקווה",
        "zipcode": 0,
        "average_price_diff": -9.467051114,
        "kashi_item_count": 2346
      }
    },
    {
      "type": "Feature",
      "geometry": {
        "type": "Point",
        "coordinates": [
          34.930406,
          32.4414918
        ]
      },
      "properties": {
        "store_code": "yoh_022",
        "store_name": "חדרה",
        "chainname": "יוחננוף",
        "subchainname": "יוחננוף",
        "storeid": 22,
        "address": "צה\"ל 35",
        "city": "חדרה",
        "zipcode": 0,
        "average_price_diff": -9.329084356,
        "kashi_item_count": 2398
      }
    },
    {
      "type": "Feature",
      "geometry": {
        "type": "Point",
        "coordinates": [
          35.5029344,
          32.77922828
        ]
      },
      "properties": {
        "store_code": "yoh_023",
        "store_name": "טבריה",
        "chainname": "יוחננוף",
        "subchainname": "יוחננוף",
        "storeid": 23,
        "address": "unknown",
        "city": "טבריה",
        "zipcode": 0,
        "average_price_diff": -9.478175493,
        "kashi_item_count": 2222
      }
    },
    {
      "type": "Feature",
      "geometry": {
        "type": "Point",
        "coordinates": [
          34.9284553,
          32.1669158
        ]
      },
      "properties": {
        "store_code": "yoh_024",
        "store_name": "כפר סבא",
        "chainname": "יוחננוף",
        "subchainname": "יוחננוף",
        "storeid": 24,
        "address": "unknown",
        "city": "כפר סבא",
        "zipcode": 0,
        "average_price_diff": -9.358518009,
        "kashi_item_count": 2465
      }
    },
    {
      "type": "Feature",
      "geometry": {
        "type": "Point",
        "coordinates": [
          34.7973195,
          31.930427
        ]
      },
      "properties": {
        "store_code": "yoh_025",
        "store_name": "נס ציונה",
        "chainname": "יוחננוף",
        "subchainname": "יוחננוף",
        "storeid": 25,
        "address": "נס ציונה",
        "city": "נס ציונה",
        "zipcode": 0,
        "average_price_diff": -4.238363872,
        "kashi_item_count": 1952
      }
    },
    {
      "type": "Feature",
      "geometry": {
        "type": "Point",
        "coordinates": [
          34.8590274,
          32.1283385
        ]
      },
      "properties": {
        "store_code": "yoh_026",
        "store_name": "רמת השרון",
        "chainname": "יוחננוף",
        "subchainname": "יוחננוף",
        "storeid": 26,
        "address": "חרושת 10",
        "city": "רמת השרון",
        "zipcode": 0,
        "average_price_diff": -8.697194974,
        "kashi_item_count": 2346
      }
    },
    {
      "type": "Feature",
      "geometry": {
        "type": "Point",
        "coordinates": [
          34.791603,
          32.0626068
        ]
      },
      "properties": {
        "store_code": "yoh_027",
        "store_name": "יד אליהו",
        "chainname": "יוחננוף",
        "subchainname": "יוחננוף",
        "storeid": 27,
        "address": "יגאל אלון 57",
        "city": "תל אביב יפו",
        "zipcode": 0,
        "average_price_diff": -8.694199208,
        "kashi_item_count": 2307
      }
    },
    {
      "type": "Feature",
      "geometry": {
        "type": "Point",
        "coordinates": [
          34.7923622,
          31.9828662
        ]
      },
      "properties": {
        "store_code": "yoh_028",
        "store_name": "ראשלצ רמת אליהו",
        "chainname": "יוחננוף",
        "subchainname": "יוחננוף",
        "storeid": 28,
        "address": "משורר השואה 15",
        "city": "ראשון לציון",
        "zipcode": 0,
        "average_price_diff": -9.49278145,
        "kashi_item_count": 2086
      }
    },
    {
      "type": "Feature",
      "geometry": {
        "type": "Point",
        "coordinates": [
          34.7516713,
          32.0135807
        ]
      },
      "properties": {
        "store_code": "yoh_029",
        "store_name": "בת ים",
        "chainname": "יוחננוף",
        "subchainname": "יוחננוף",
        "storeid": 29,
        "address": "בת ים",
        "city": "בת ים",
        "zipcode": 0,
        "average_price_diff": -4.451276969,
        "kashi_item_count": 2162
      }
    },
    {
      "type": "Feature",
      "geometry": {
        "type": "Point",
        "coordinates": [
          34.8664061,
          32.2868611
        ]
      },
      "properties": {
        "store_code": "yoh_030",
        "store_name": "נתניה",
        "chainname": "יוחננוף",
        "subchainname": "יוחננוף",
        "storeid": 30,
        "address": "נתניה",
        "city": "נתניה",
        "zipcode": 0,
        "average_price_diff": -9.427227011,
        "kashi_item_count": 2319
      }
    },
    {
      "type": "Feature",
      "geometry": {
        "type": "Point",
        "coordinates": [
          34.7900746,
          31.8942716
        ]
      },
      "properties": {
        "store_code": "yoh_031",
        "store_name": "מרכז סנטרו רחובות",
        "chainname": "יוחננוף",
        "subchainname": "יוחננוף",
        "storeid": 31,
        "address": "רחובות",
        "city": "רחובות",
        "zipcode": 0,
        "average_price_diff": -9.302006134,
        "kashi_item_count": 2402
      }
    },
    {
      "type": "Feature",
      "geometry": {
        "type": "Point",
        "coordinates": [
          34.7690582,
          32.0443009
        ]
      },
      "properties": {
        "store_code": "yoh_032",
        "store_name": "בן צבי תל אביב",
        "chainname": "יוחננוף",
        "subchainname": "יוחננוף",
        "storeid": 32,
        "address": "דרך בן צבי 112",
        "city": "תל אביב יפו",
        "zipcode": 0,
        "average_price_diff": -8.557270273,
        "kashi_item_count": 2336
      }
    },
    {
      "type": "Feature",
      "geometry": {
        "type": "Point",
        "coordinates": [
          34.914539,
          31.9861295
        ]
      },
      "properties": {
        "store_code": "yoh_033",
        "store_name": "איירפורט סיטי",
        "chainname": "יוחננוף",
        "subchainname": "יוחננוף",
        "storeid": 33,
        "address": "איירפורט סיטי",
        "city": "איירפורט סיטי",
        "zipcode": 0,
        "average_price_diff": -3.588738666,
        "kashi_item_count": 2214
      }
    },
    {
      "type": "Feature",
      "geometry": {
        "type": "Point",
        "coordinates": [
          34.5823216,
          31.6262096
        ]
      },
      "properties": {
        "store_code": "yoh_034",
        "store_name": "מבקיעים אשקלון",
        "chainname": "יוחננוף",
        "subchainname": "יוחננוף",
        "storeid": 34,
        "address": "מתחם גלובוס סנטר, מבקיעים",
        "city": "אשקלון",
        "zipcode": 0,
        "average_price_diff": -9.488090574,
        "kashi_item_count": 2261
      }
    },
    {
      "type": "Feature",
      "geometry": {
        "type": "Point",
        "coordinates": [
          34.7981136,
          32.0739817
        ]
      },
      "properties": {
        "store_code": "yoh_035",
        "store_name": "תל אביב נחלת יצחק",
        "chainname": "יוחננוף",
        "subchainname": "יוחננוף",
        "storeid": 35,
        "address": "נחלת יצחק 20",
        "city": "תל אביב יפו",
        "zipcode": 0,
        "average_price_diff": -3.813027471,
        "kashi_item_count": 1935
      }
    },
    {
      "type": "Feature",
      "geometry": {
        "type": "Point",
        "coordinates": [
          34.8949244,
          32.4407789
        ]
      },
      "properties": {
        "store_code": "yoh_036",
        "store_name": "חדרה צפוני",
        "chainname": "יוחננוף",
        "subchainname": "יוחננוף",
        "storeid": 36,
        "address": "דן שכטמן 10",
        "city": "חדרה",
        "zipcode": 0,
        "average_price_diff": -9.522133321,
        "kashi_item_count": 2294
      }
    },
    {
      "type": "Feature",
      "geometry": {
        "type": "Point",
        "coordinates": [
          35.2974223,
          32.6065955
        ]
      },
      "properties": {
        "store_code": "yoh_037",
        "store_name": "עפולה",
        "chainname": "יוחננוף",
        "subchainname": "יוחננוף",
        "storeid": 37,
        "address": "קהילת ציון 30",
        "city": "עפולה",
        "zipcode": 0,
        "average_price_diff": -9.940138797,
        "kashi_item_count": 2167
      }
    },
    {
      "type": "Feature",
      "geometry": {
        "type": "Point",
        "coordinates": [
          35.53184442,
          32.79081408
        ]
      },
      "properties": {
        "store_code": "yoh_038",
        "store_name": "טבריה תחתית",
        "chainname": "יוחננוף",
        "subchainname": "יוחננוף",
        "storeid": 38,
        "address": "יהודה הלוי 113",
        "city": "טבריה",
        "zipcode": 0,
        "average_price_diff": -8.48701249,
        "kashi_item_count": 1930
      }
    },
    {
      "type": "Feature",
      "geometry": {
        "type": "Point",
        "coordinates": [
          35.5694944,
          33.1971022
        ]
      },
      "properties": {
        "store_code": "yoh_039",
        "store_name": "קרית שמונה",
        "chainname": "יוחננוף",
        "subchainname": "יוחננוף",
        "storeid": 39,
        "address": "שדרות תל חי 93",
        "city": "קרית שמונה",
        "zipcode": 0,
        "average_price_diff": -9.75906448,
        "kashi_item_count": 2130
      }
    },
    {
      "type": "Feature",
      "geometry": {
        "type": "Point",
        "coordinates": [
          34.8092079,
          31.2416655
        ]
      },
      "properties": {
        "store_code": "yoh_040",
        "store_name": "באר שבע",
        "chainname": "יוחננוף",
        "subchainname": "יוחננוף",
        "storeid": 40,
        "address": "דרך חברון 48",
        "city": "באר שבע",
        "zipcode": 0,
        "average_price_diff": -9.29571825,
        "kashi_item_count": 2232
      }
    },
    {
      "type": "Feature",
      "geometry": {
        "type": "Point",
        "coordinates": [
          34.5798745,
          31.7011517
        ]
      },
      "properties": {
        "store_code": "yoh_041",
        "store_name": "אשקלון ברנע",
        "chainname": "יוחננוף",
        "subchainname": "יוחננוף",
        "storeid": 41,
        "address": "אריה טגר 45",
        "city": "אשקלון",
        "zipcode": 0,
        "average_price_diff": -4.096760834,
        "kashi_item_count": 1849
      }
    },
    {
      "type": "Feature",
      "geometry": {
        "type": "Point",
        "coordinates": [
          34.7742545,
          31.9756564
        ]
      },
      "properties": {
        "store_code": "yoh_042",
        "store_name": "קניון הבאר",
        "chainname": "יוחננוף",
        "subchainname": "יוחננוף",
        "storeid": 42,
        "address": "מורשת ישראל 15",
        "city": "ראשון לציון",
        "zipcode": 0,
        "average_price_diff": -4.2684396,
        "kashi_item_count": 1765
      }
    },
    {
      "type": "Feature",
      "geometry": {
        "type": "Point",
        "coordinates": [
          35.33826925,
          31.78710377
        ]
      },
      "properties": {
        "store_code": "yoh_046",
        "store_name": "מישור אדומים",
        "chainname": "יוחננוף",
        "subchainname": "יוחננוף",
        "storeid": null,
        "address": "מישור אדומים",
        "city": "מעלה אדומים",
        "zipcode": null,
        "average_price_diff": -9.302626028,
        "kashi_item_count": 2126
      }
    },
    {
      "type": "Feature",
      "geometry": {
        "type": "Point",
        "coordinates": [
          35.5715331,
          32.6620459
        ]
      },
      "properties": {
        "store_code": "yoh_048",
        "store_name": "אשדות יעקב",
        "chainname": "יוחננוף",
        "subchainname": "יוחננוף",
        "storeid": 48,
        "address": "אשדות יעקב",
        "city": "אשדות יעקב",
        "zipcode": 0,
        "average_price_diff": -4.039700982,
        "kashi_item_count": 1594
      }
    },
    {
      "type": "Feature",
      "geometry": {
        "type": "Point",
        "coordinates": [
          34.8715049,
          32.3232133
        ]
      },
      "properties": {
        "store_code": "yoh_050",
        "store_name": "נתניה הדרים",
        "chainname": "יוחננוף",
        "subchainname": "יוחננוף",
        "storeid": 50,
        "address": "האורזים 2",
        "city": "נתניה",
        "zipcode": 0,
        "average_price_diff": -9.347335008,
        "kashi_item_count": 2296
      }
    },
    {
      "type": "Feature",
      "geometry": {
        "type": "Point",
        "coordinates": [
          34.7774347,
          31.8120082
        ]
      },
      "properties": {
        "store_code": "yoh_052",
        "store_name": "גדרה",
        "chainname": "יוחננוף",
        "subchainname": "יוחננוף",
        "storeid": null,
        "address": "אברהם דורון 1",
        "city": "גדרה",
        "zipcode": null,
        "average_price_diff": -9.129353507,
        "kashi_item_count": 2300
      }
    },
    {
      "type": "Feature",
      "geometry": {
        "type": "Point",
        "coordinates": [
          34.8654493,
          32.1931177
        ]
      },
      "properties": {
        "store_code": "yoh_053",
        "store_name": "רעננה",
        "chainname": "יוחננוף",
        "subchainname": "יוחננוף",
        "storeid": 53,
        "address": "נווה זמר",
        "city": "רעננה",
        "zipcode": 0,
        "average_price_diff": -3.608889487,
        "kashi_item_count": 1546
      }
    },
    {
      "type": "Feature",
      "geometry": {
        "type": "Point",
        "coordinates": [
          34.77591,
          32.06564
        ]
      },
      "properties": {
        "store_code": "yoh_054",
        "store_name": "תא - אחד העם",
        "chainname": "יוחננוף",
        "subchainname": "יוחננוף",
        "storeid": 54,
        "address": "unknown",
        "city": "תל אביב יפו",
        "zipcode": 0,
        "average_price_diff": 7.729500756,
        "kashi_item_count": 767
      }
    },
    {
      "type": "Feature",
      "geometry": {
        "type": "Point",
        "coordinates": [
          34.5728863,
          31.4124752
        ]
      },
      "properties": {
        "store_code": "yoh_055",
        "store_name": "נתיבות מנהטן",
        "chainname": "יוחננוף",
        "subchainname": "יוחננוף",
        "storeid": 55,
        "address": "אליהו אילוז 2",
        "city": "נתיבות",
        "zipcode": 0,
        "average_price_diff": -9.651620601,
        "kashi_item_count": 1597
      }
    },
    {
      "type": "Feature",
      "geometry": {
        "type": "Point",
        "coordinates": [
          34.917818,
          32.5046361
        ]
      },
      "properties": {
        "store_code": "yoh_059",
        "store_name": "אור עקיבא -שקמים",
        "chainname": "יוחננוף",
        "subchainname": "יוחננוף",
        "storeid": 59,
        "address": "השקמים 8",
        "city": "אור עקיבא",
        "zipcode": 0,
        "average_price_diff": -4.61685877,
        "kashi_item_count": 1339
      }
    },
    {
      "type": "Feature",
      "geometry": {
        "type": "Point",
        "coordinates": [
          35.503976,
          32.498671
        ]
      },
      "properties": {
        "store_code": "yoh_060",
        "store_name": "בית שאן",
        "chainname": "יוחננוף",
        "subchainname": "יוחננוף",
        "storeid": null,
        "address": "מנחם בגין 1 ",
        "city": "בית שאן",
        "zipcode": null,
        "average_price_diff": -7.667549903,
        "kashi_item_count": 1705
      }
    }
  ]
}