store_code,store_name,chainname,subchainname,storeid,address,city,zipcode,latitude,longitude,average_price_diff,kashi_item_count
car_002,מרקט אשקלון החאן,קרפור,קרפור מרקט,2.0,הרצל 33,אשקלון,7860132.0,31.6690874,34.586559,8.245943642448575,871
car_004,אשקלון צפוני,קרפור,קרפור היפר,,הפנינים 28,אשקלון,7863636.0,31.6682664,34.6023671,-5.567548728964946,2292
car_009,היפר רעננה רמה,קרפור,קרפור היפר,9.0,זרחין 12,רעננה,4320906.0,32.1958481,34.88363940000001,-5.353693805425376,2404
car_010,כפר סבא,קרפור,קרפור,10.0,השקמה 21,כפר סבא,4450012.0,32.176305,34.933172,-5.157682306793417,2292
car_012,פתח תקוה,קרפור,קרפור מרקט,12.0,בר כוכבא 63,פתח תקווה,4922055.0,32.096693,34.8856478,-8.307509196380607,2556
car_019,תל מונד,קרפור,קרפור,,בני דרור 8,תל נונד,4063134.0,32.261756,34.901082,3.0437369601893813,1700
car_026,מרקט ראש העין יהושע,קרפור,קרפור מרקט,26.0,יהושע בן נון 77,ראש העין,4804824.0,32.1047554,34.9425888,0.5568573798324112,2152
car_030,קרפור מרקט אילת,קרפור,קרפור,30.0,חטיבת גולני 41,אילת,8852601.0,29.56601874337275,34.954978548384084,-18.884573891353735,1785
car_033,היפר בית שמש,קרפור,קרפור היפר,33.0,"שדרות יגאל אלון ,מרכז ביג",בית שמש,9906201.0,31.7564164,34.9902576,-5.563193052935758,2395
car_037,מרקט אור יהודה,קרפור,קרפור מרקט,37.0,המפעל 13,אור יהודה,0.0,32.0347675,34.8499789,-6.951652760660561,2881
car_041,מרקט אור עקיבא,קרפור,קרפור היפר,41.0,האילן 2 א.ת צפוני אור עקיבא,אור עקיבא,3063907.0,32.5146179,34.9232696,-5.781026394377322,2045
car_044,מרקט מעלות תרשיחא,קרפור,קרפור מרקט,44.0,שלמה שרירא 3 מעלות תרשיחא,מעלות תרשיחא,2120107.0,33.0216836,35.2802834,0.13768034022316136,2065
car_046,רמלה,קרפור,קרפור,46.0,קלאוזנר 10,רמלה,7243224.0,31.9229092,34.8779067,0.47244210535585396,1957
car_055,דליית אל כרמל,קרפור,קרפור היפר,55.0,דרך ראשית 672 כיכר חמוד אל-קארה,דלית אלכרמל,3005600.0,32.6955201,35.0514526,-0.8066666491411829,1193
car_056,מרקט ערד,קרפור,קרפור מרקט,56.0,התעשיה 60,ערד,8909424.0,31.2481659,35.2011827,-5.386375369334823,2004
car_057,היפר בית שאן,קרפור,קרפור היפר,57.0,א.ת צפוני בית שאן,בית שאן,1177940.0,32.497103,35.497336,-5.5163051779102705,2041
car_059,מרקט קרית גת,קרפור,קרפור מרקט,59.0,אסתר המלכה 19,קרית גת,0.0,31.6353946,34.7722321,0.4102544478887671,273
car_060,מרקט אשדוד,קרפור,קרפור מרקט,60.0,השייטים 9,אשדוד,7744140.0,31.800285,34.6415622,2.931999956990889,1618
car_061,נתניה בסיטי,קרפור,קרפור,61.0,"האר""י 12",נתניה,4628555.0,32.3119039,34.8565982,0.8749990349635803,1387
car_062,בסיטי מודיעין,קרפור,קרפור סיטי,62.0,עמק החולה 76,מודיעין מכבים רעות,7170399.0,31.8962796,35.0112568,12.384441161756952,1223
car_063,קרפור קרית ראשון,קרפור,קרפור,,החלמונית 29,ראשון לציון,7542033.0,31.9696904,34.7832776,0.8077400765602167,2537
car_064,סיטי הרצליה ליד הבית,קרפור,קרפור סיטי,64.0,רבי עקיבא 50,הרצליה,46422360.0,32.153352,34.8496839,11.632600618682403,963
car_065,קרפור מרקט אשקלון,קרפור,קרפור מרקט,,קיבוץ גלויות 5,אשקלון,7834104.0,31.666314018445128,34.56677971519415,-0.5941342812443202,1300
car_067,סיטי חולון,קרפור,קרפור סיטי,67.0,המרגנית 2,חולון,5845909.0,32.00964386207322,34.778821579198784,12.443141370433931,1600
car_068,מרקט אשקלון ברנע,קרפור,קרפור מרקט,68.0,הודית לייפר מילר 6,אשקלון,7880811.0,31.69902796455685,34.583199940113595,11.3400038039646,930
car_073,קרפור מרקט עתלית,קרפור,קרפור מרקט,73.0,רחוב הרדוף מרכז מסחרי,עתלית,3032706.0,32.6960656,34.9458283,11.531294159651807,1500
car_074,קרפור רמלה לוין,קרפור,קרפור מרקט,,אבא אחימאיר 1 קרית מנחם,רמלה,7228401.0,31.9189548,34.8694953,0.060275571418280674,1278
car_080,טבעון,קרפור,קרפור,80.0,"קק""ל 16 קרית טבעון",טבעון,3608208.0,32.7116459,35.1201256,12.53628659393672,1090
car_081,ראשון מערב,קרפור,קרפור מרקט,81.0,השירה העברית 10,ראשון לציון,7573105.0,31.97772708027238,34.76956833686881,7.755808612390573,1038
car_083,סיטי צור יצחק,קרפור,קרפור סיטי,83.0,א.ת מסחרי צור יצחק,צור יצחק,4580800.0,32.2415041,34.9972202,3.9906589611504266,1239
car_084,סיטי מתן,קרפור,קרפור סיטי,84.0,הדר 84,מתן,4585800.0,32.1590279,34.9733804,12.786908276397767,1453
car_085,סיטי מנחם בגין,קרפור,קרפור סיטי,85.0,מנחם בגין 152,תל אביב יפו,0.0,32.0794051,34.7950758,2.54641769227959,1758
car_089,סיטי תל אביב TLV,קרפור,קרפור סיטי,,קניון גינדי - רחוב קרליבך תל אביב,תל אביב יפו,6713208.0,32.0692273,34.7863364,3.9352264468068907,2485
car_091,קרפור מרקט ריינס,קרפור,קרפור מרקט,,ריינס 6 שכונת קרית משה,ירושלים,9542731.0,31.8408456,35.2481814,-1.8733841881442823,1357
car_108,סיטי פנקס תל אביב,קרפור,קרפור סיטי,108.0,46-50 פנקס,תל אביב יפו,6226112.0,32.090765,34.788861,5.2719525552489435,2878
car_1139,סיטי רון כפר סבא,קרפור,קרפור סיטי,1139.0,2 יעקב כהן,כפר סבא,4440202.0,32.1817468,34.909965,4.805453271209669,2777
car_116,סיטי ככר דיזנגוף,קרפור,קרפור סיטי,116.0,9 ככר דיזנגוף,תל אביב יפו,6428110.0,32.0983446,34.77493980000001,3.814533237638107,2512
car_117,סינמה סיטי,קרפור,קרפור היפר,117.0,סינמה סיטי באר שבע,באר שבע,3541416.0,31.234323996656695,34.799772831474684,-12.01326534858532,3004
car_119,מרקט כרכור,קרפור,קרפור מרקט,119.0,"שדרות מחנה 80, מספר 4",פרדס חנה כרכור,0.0,32.46547413534561,34.98856952472133,-6.417143270054114,2704
car_120,היפר אופקים,קרפור,קרפור היפר,120.0,בצלאל 1,אופקים,,31.318865510178096,34.629278389071956,-5.429663950142212,1971
car_1201,מגה יהלומים גבעתיים,קרפור,מגה,1201.0,1 כורזין,גבעתיים,5358301.0,32.05918965714699,34.81596990988867,1.1630987383663074,1964
car_121,קרפור טמרה,קרפור,קרפור מרקט,121.0,טמרה,טמרה,1234456.0,32.85543142729637,35.18640762177128,-5.218444417142438,1572
car_1228,תל כביר,קרפור,קרפור,1228.0,גרינבאום 45 תל כביר,תל אביב יפו,6810982.0,32.0404773,34.7658227,1.8661336568608384,1716
car_123,מרקט בית שמש האמוראי,קרפור,קרפור מרקט,123.0,שדרות האמרואים 28,בית שמש,8713504.0,31.70741493158054,34.96692603908121,-8.667818628538011,2243
car_124,מרקט יבנה דואני,קרפור,קרפור מרקט,1.0,דואני 42,יבנה,7564312.0,31.87436402760722,34.73732356642603,-7.818467246632432,2391
car_125,קרפור יבנה נאות שמיר,קרפור,קרפור מרקט,1.0,הרצל 19,יבנה,7080919.0,31.859517459941006,34.72168715796869,-6.404014348807769,2705
car_1252,קרפור אילת מעלה,קרפור,קרפור מרקט,,דרך יותם פינת רח ארגמן,אילת,8820206.0,29.55571120085781,34.94119398083048,-13.000542775602261,2096
car_126,היפר עפולה,קרפור,קרפור היפר,126.0,מנחם בגין 53,עפולה,1871338.0,32.60020237303198,35.29282357742796,-12.035664905921884,2990
car_127,היפר נתיבות מרכז,קרפור,קרפור היפר,1.0,בעלי מלאכה 3,נתיבות,8776202.0,31.418128767771762,34.59509801058291,-12.26642080833775,2952
car_128,היפר ירושלים תלפיות,קרפור,קרפור היפר,1.0,האומן 14,ירושלים,9342109.0,31.7507613153456,35.20996770874763,-12.099256029681502,3002
car_129,קרפור קרית שמונה,קרפור,קרפור מרקט,129.0,טשרניחובסקי 4,קרית שמונה,1103131.0,33.21086415546926,35.56873232415067,-12.495631559492635,2812
car_132,סיטי ויצמן תל אביב,קרפור,קרפור סיטי,132.0,20 ויצמן,תל אביב יפו,6423001.0,32.0831251,34.7893552,3.8782613537262303,2452
car_140,סיטי גרינברג חיפה,קרפור,קרפור סיטי,140.0,20 א.צ גרינברג,חיפה,3475712.0,32.7754412,34.9915007,3.6070115918627295,2020
car_1430,סיטי קניון קיראון,קרפור,קרפור סיטי,1430.0,שלמה המלך,קרית אונו,542335.0,32.0556897,34.86268950000001,13.424856363705072,1843
car_183,עוזיאל בת ים,קרפור,קרפור,,5 עוזיאל,בת ים,5946105.0,32.023287,34.7479501,4.986746620828087,2703
car_191,מגה ויצמן חולון,קרפור,מגה,191.0,48 סוקולוב,חולון,5832201.0,32.0182484,34.7707667,-5.305172640892955,2555
car_2040,מגה כרמליה חיפה,קרפור,מגה,,אלכסנדר ינאי 3 חיפה,חיפה,3481603.0,32.797406,34.975196,12.02153358939023,1105
car_2070,סיטי כפר יונה דרום,קרפור,קרפור סיטי,2070.0,40 מנחם בגין,כפר יונה,4035736.0,32.3117945,34.9367876,13.666587452797724,1674
car_213,סיטי אבן גבירול תא,קרפור,קרפור סיטי,213.0,30 אבן גבירול,תל אביב יפו,6467807.0,32.0750419,34.7819586,5.634199926712883,2816
car_2150,קרפור מרקט אילת,קרפור,קרפור מרקט,2150.0,חטיבת גולני 43,אילת,88000.0,29.565905026747682,34.955755317253164,-18.95365484193799,1921
car_2180,מגה אבן יהודה,קרפור,מגה,2180.0,הדרים פינת המיסדים,אבן יהודה,4051113.0,32.2692212,34.89067910000001,13.307363069559829,1741
car_2190,מגה גני העיר רחובות,קרפור,מגה,,15 דרך ירושלים,רחובות,7663008.0,31.8802184,34.8206734,13.401279752774155,1627
car_221,מרקט מגדל נחום בת ים,קרפור,קרפור מרקט,221.0,65 שדרות העצמאות,בת ים,5939552.0,32.0283833,34.7488523,-4.62571163488333,2804
car_2230,מרקט גני אביב לוד,קרפור,קרפור מרקט,2230.0,ארבע עונות 14,לוד,7145806.0,31.9590876,34.8803708,0.17251182759608694,2047
car_2240,מרקט בית וגן ק.אתא,קרפור,קרפור מרקט,2240.0,10 העצמאות,קרית אתא,2807110.0,32.7983003,35.1027423,2.918510122291821,1793
car_2310,מרקט גן יבנה,קרפור,קרפור מרקט,2310.0,הרצל פ.קיבוץ גלויות,גן יבנה,7080901.0,31.7895298,34.7118682,0.5780188149935893,1645
car_2320,סיטי קניון גבעתיים,קרפור,קרפור סיטי,2320.0,ויצמן פינת יצחק רבין,גבעתיים,5346903.0,32.0663446,34.8109297,13.857493434750921,2256
car_2330,סיטי אשדוד יב,קרפור,קרפור סיטי,2330.0,תמוז 14 מרכז מסחרי,אשדוד,7775114.0,31.7814535,34.6380512,13.536747989334348,1689
car_2410,מרקט עיר ימים נתניה,קרפור,קרפור מרקט,2410.0,שדרות בן גוריון,נתניה,4227231.0,32.2791567,34.8470676,2.8507498801021085,2064
car_2470,ש. נאות חן חדרה,קרפור,קרפור,2470.0,הלל יפה 5 פינת סמילנסקי,חדרה,3820308.0,32.4339439,34.9158956,-0.8886858010603947,1652
car_2490,מגה כפר שלם,קרפור,מגה,2490.0,10 סנפיר,תל אביב יפו,6729801.0,32.0515996,34.8056166,13.109761649889505,1625
car_2518,מגה פארק הירקון,קרפור,מגה,,1 שלום אש,תל אביב יפו,6948307.0,32.100744,34.807026,13.15864756875685,1500
car_2530,מגה בת גלים,קרפור,מגה,2530.0,37 העליה השניה,חיפה,3501601.0,32.8318585,34.9792929,13.378117295006428,1340
car_2540,מרקט מודעין שמשוני,קרפור,קרפור מרקט,2540.0,עמק בית שאן פינת יחזקאל הנביא,מודיעין מכבים רעות,7171702.0,31.9120349,35.0018653,0.0804943513380009,2019
car_256,מגה רמת יוסף בת ים,קרפור,מגה,256.0,20 מבצע סיני,בת ים,5951503.0,32.0206175,34.7568551,3.536588539802509,2220
car_2577,מגה לב נתניה,קרפור,מגה,2577.0,32 הרב קוק,נתניה,4226110.0,32.2950621,34.8505542,13.709561587904519,1688
car_2730,מגדל העמק,קרפור,קרפור,2730.0,ניצנים 39,מגדל העמק,2351330.0,32.6823717,35.2373076,-0.41916095903516415,1592
car_2740,מרקט שרונה רחובות,קרפור,קרפור מרקט,2740.0,מדר פינת דרך ירושלים,רחובות,7663101.0,31.8874564,34.8200824,2.071195548156349,2046
car_2750,"קרפור עמישב פ""ת",קרפור,קרפור מהדרין,,דרך מנחם בגין 96,פתח תקווה,4973295.0,32.069694,34.9142034,-0.6974499323218545,1746
car_2840,מרקט אשדוד ח,קרפור,קרפור מרקט,2840.0,הרב לוין מ.מסחרי,אשדוד,7763804.0,31.7836627,34.6534113,-1.3740719813754,1574
car_2960,סיטי זכרון יעקב,קרפור,קרפור סיטי,2960.0,.10 חברה חשבונאית,זכרון יעקב,3094089.0,32.5661431,34.9424895,12.819087041999277,1827
car_2976,סיטי צפון באר שבע,קרפור,קרפור סיטי,2976.0,101 אברהם אבינו,באר שבע,8454001.0,31.2700224,34.7972186,13.021433553707878,1327
car_3020,בית אליעזר,קרפור,קרפור היפר,,חדרה,חדרה,3848221.0,32.4339559,34.9158064,8.25942825246988,1343
car_3050,מגה קניון כפר יונה,קרפור,מגה,3050.0,6 שרת,כפר יונה,4035806.0,32.3207607,34.9360101,14.12450384382277,1377
car_3174,סיטי גבעת שמואל,קרפור,קרפור סיטי,3174.0,האורנים,גבעת שמואל,54045301.0,32.0679616,34.8457903,13.012081818453595,1336
car_3180,מגה רמות צהלה,קרפור,מגה,3180.0,4-6 גרפית,תל אביב יפו,6930041.0,32.121315,34.830805,6.779816311207286,1223
car_3210,מגה לב אשקלון,קרפור,מגה,,שכונת שמשון,אשקלון,7864118.0,31.65515009416126,34.55664150563116,12.407447672133136,1522
car_3280,סיטי אלוני השרון,קרפור,קרפור סיטי,3280.0,תום לנטוס 26 ק.השרון,נתניה,4276001.0,32.30698939271339,34.86910161128421,13.993021079727974,1430
car_329,סיטי נאות רחל חולון,קרפור,קרפור סיטי,329.0,מגה בעיר,חולון,5836111.0,32.018338341531155,34.76472249454291,5.265072833394921,2833
car_3300,מגה שכונה ו באר שבע,קרפור,מגה,,קנ.אביה שד.שאול המלך,באר שבע,8479612.0,31.261528,34.784254,-0.3680864306515242,1602
car_337,מגה נאות אפקה,קרפור,מגה,,15 לאה,תל אביב יפו,6941215.0,32.1202037931965,34.8203992233843,4.545541222288412,2669
car_3420,מגה אלנבי ירושלים,קרפור,מגה,,"בית""ר פינת ינובסקי",ירושלים,9338603.0,31.7554312561794,35.2243191828876,-0.005634359717700101,1506
car_3440,סיטי מזכרת בתיה,קרפור,קרפור סיטי,3440.0,8 שדרות אליהו,מזכרת בתיה,7685448.0,31.8544885,34.8422381,13.361162384966129,1510
car_345,סיטי נאות שושנים חול,קרפור,קרפור סיטי,345.0,הסתדרות 104,חולון,5840006.0,32.0167759,34.7813891,4.713458716924873,2523
car_3506,סיטי גבעת סביון,קרפור,קרפור סיטי,3506.0,78 הגליל,גני תקווה,5591478.0,32.0570106,34.8686103,13.51310651048489,1888
car_353,סיטי הצרכנייה אשדוד,קרפור,קרפור סיטי,353.0,25 רוגוזין,אשדוד,7744003.0,31.8041835,34.6429239,4.871536846088659,2723
car_3580,סיטי רמות אלון חיפה,קרפור,קרפור סיטי,3580.0,29 יגאל אלון,חיפה,3298331.0,32.7732794,35.0130904,12.940276468763123,1631
car_3600,מגה בעיר- שטמפפר,קרפור,מגה,,"שטמפפר 73, פינת אבניאל פ""ת",פתח תקווה,4929078.0,32.093471,34.8902527,8.414097848176329,1492
car_3610,הרצל חיפה,קרפור,קרפור,,הרצל 97,חיפה,3321609.0,32.804778,35.0033715,-1.0005558150008549,1451
car_3680,קרפור מרקט בית שמש,קרפור,קרפור מרקט,,נחל השורק 23,בית שמש,9909135.0,31.7145524,34.9886899,-0.8055953065027522,1742
car_3700,מרקט נווה זאב בש,קרפור,קרפור מרקט,3700.0,64 יוהנה זבוטינסקי,באר שבע,8425842.0,31.2395415,34.7740533,1.8034324340936434,2112
car_3740,מרקט אפרידר אשקלון,קרפור,קרפור מרקט,3740.0,5 שדרות ירושלים,אשקלון,761719.0,31.6778055,34.5753127,-0.5435186016383394,1463
car_3850,סיטי בית הכרם ים,קרפור,קרפור סיטי,3850.0,אבי זהר,ירושלים,9626701.0,31.7753984,35.1875994,13.019902193691202,1999
car_3990,סיטי תל ברוך תא,קרפור,קרפור סיטי,3990.0,8 בקר,תל אביב יפו,6464316.0,32.1227035,34.816677,12.643078824475488,1860
car_400,רפור סיטי קניון כפר סבא (1030),קרפור,קרפור סיטי,400.0,כצנלסון 20,כפר סבא,4440522.0,32.17866029246674,34.90361539912085,4.809521188555085,2735
car_401,קרפור סיטי הוד השרון,קרפור,קרפור סיטי,401.0,שלום עליכם 1,הוד השרון,4500901.0,32.15934863573798,34.887957125952326,4.6091344409172885,2567
car_402,קרפור סיטי דיזנגוף,קרפור,קרפור סיטי,402.0,דיזנגוף 65,תל אביב יפו,6433237.0,32.07590257397277,34.774601381768896,1.6089404673742358,2893
car_403,קרפור סיטי הצרכנייה רמלה,קרפור,קרפור סיטי,403.0,שדרות הרצל 45,רמלה,7240613.0,31.931969207144462,34.869324564567385,-7.6098608529099145,2346
car_405,קרפור סיטי נווה כרמית,קרפור,קרפור סיטי,405.0,זבוטינסקי 65,ארשון לציון,7521819.0,31.966792099340918,34.799095807509204,4.9923696681959315,2658
car_406,קרפור סיטי מכבים (1150),קרפור,קרפור סיטי,406.0,מ.מסחרי רננים מכבים,רעות-מכבים,7176538.0,31.89200775058172,35.03370919986499,4.713617863491966,2579
car_407,קרפור בעיר חפץ חיים,קרפור,קרפור סיטי,407.0,הרצל 28,רחובות,4943519.0,31.881655487737174,34.81784746742578,5.2333770085957445,2829
car_408,קרפור סיטי צמרות,קרפור,קרפור סיטי,408.0,ניסים אלוני,תל אביב יפו,6291924.0,32.08899725592976,34.797171246061765,5.613809837171153,2838
car_411,קרפור סיטי מגדלי דוד,קרפור,קרפור סיטי,411.0,אורי 12,תל אביב יפו,6495410.0,32.08148226444495,34.78546305293324,4.987775937087716,2682
car_4110,קרפור מרקט לב הרצליה,קרפור,קרפור מרקט,,בן גוריון 2,הרצליה,4678501.0,32.1666234,34.8422973,3.3797146898429435,1827
car_4120,מגה הדר הרצליה,קרפור,מגה,,2 הדר,הרצליה,4629025.0,32.16757451108522,34.849346267566425,13.05254265443794,1653
car_413,קרפור סיטי מגדלי דוד,קרפור,קרפור סיטי,413.0,קפלן 13,קרפור סיטי בילינסון פתח תקווה,4943712.0,32.088539758490725,34.86884250600394,4.253460130061232,2569
car_4130,סיטי נווה אמירים,קרפור,קרפור סיטי,4130.0,82 בן גוריון,הרצליה,4644630.0,32.1545039,34.8421088,12.841840094338286,1911
car_414,קרפור סיטי מעוז אביב,קרפור,קרפור סיטי,414.0,בני אפרים 209,תל אביב יפו,6998421.0,32.111225011416536,34.81612726827828,5.065553463306737,2218
car_415,קרפור סיטי רמת אביב,קרפור,קרפור סיטי,415.0,אבא אחימאיר 35,תל אביב יפו,6949219.0,32.12482529093308,34.80448503759174,5.097153895135444,2822
car_4150,סיטי הרצליה פיתוח,קרפור,קרפור סיטי,4150.0,34 זהר טל,הרצליה,4674134.0,32.1708537,34.8028265,13.687579247987886,1241
car_416,קרפור היפר שדרות,קרפור,קרפור היפר,416.0,קניון פנינת הנגב שדרות,שדרות,8714517.0,31.52869307851911,34.60617883964183,-11.987501901689575,3000
car_4160,סיטי נוף ים הרצליה,קרפור,קרפור סיטי,4160.0,10 שער הים,הרצליה,4660610.0,32.1879828,34.8128297,12.780050847146804,993
car_4170,מגה נוה עמל,קרפור,מגה,4170.0,19 כצנלסון,הרצליה,4629010.0,32.16909877756077,34.85627551781642,13.122770243834141,1371
car_4200,סיטי זרובבל ר.השרון,קרפור,קרפור סיטי,4200.0,33 סוקולוב,רמת השרון,4723602.0,32.141958,34.8365545,12.958874847365031,1437
car_4220,סיטי נס ציונה,קרפור,קרפור סיטי,4220.0,1 אבנר בן נר,נס ציונה,7422018.0,31.9220671,34.8099931,12.636628344270395,1719
car_4270,קרפור מרקט אלעד,קרפור,קרפור מרקט,,בן זכאי 32,אלעד,4080041.0,32.0475883,34.9556007,-1.1623857577409369,1457
car_4280,מרקט אודיטוריום חיפה,קרפור,קרפור מרקט,4280.0,134 שדרות הנשיא,חיפה,3464502.0,32.8032646,34.9858779,0.7950120729416474,1848
car_4420,מגה אואזיס רמת גן,קרפור,מגה,,87 הרצל,רמת גן,5244346.0,32.087926882504064,34.81447435036713,11.616328349378078,1652
car_470,קרפור סיטי מגדלי כרמל,קרפור,קרפור סיטי,470.0,חנה סנש 20,חיפה,3385401.0,32.80119205548193,34.99636820693629,9.810082261582389,2031
car_493,"מגה הרוא""ה ר""ג",קרפור,מגה,493.0,"2 הרוא""ה",רמת גן,5243201.0,32.08362050582349,34.816014094546404,4.38576446448095,2194
car_515,"מגה רווה ר""ג - חדש",קרפור,מגה,515.0,113 עוזיאל,רמת גן,5234439.0,32.06848391881082,34.82197887252382,4.123985501102918,2550
car_5204,קוויק כפר סבא,קרפור,קוויק,5204.0,,כפר סבא,,32.17352634870429,34.89124840690674,16.220391860875655,505
car_523,מגה דימונה,קרפור,מגה,,1 הנשיא,דימונה,8603401.0,31.069419,35.033363,3.992586925427629,2400
car_5304,כפא סבא @ קרפור,קרפור,קרפור,, כפר סבא,כפר סבא,4450012.0,32.1862357,34.9044103,3.9731044563203235,1824
car_558,סיטי רמת החייל תא,קרפור,קרפור סיטי,558.0,7 ד.מ. מרכוס,תל אביב יפו,6988213.0,32.1141968,34.8356933,6.242030557416864,2369
car_580,סיטי עמק הברכה,קרפור,קרפור סיטי,580.0,עמק הברכה,תל אביב יפו,6745613.0,32.076308,34.7989587,3.7811783061548545,2290
car_610,סיטי באר שבע,קרפור,קרפור סיטי,610.0,42 שדרות י-ם,באר שבע,8477116.0,31.24748704184297,34.780067818357125,3.9576135252171354,2206
car_620,סיטי נתניה,קרפור,קרפור סיטי,620.0,29 ירושלים,נתניה,4230317.0,32.3242633652502,34.8550983080518,3.661730680283634,2170
car_698,סיטי בית אבות רמת א,קרפור,קרפור סיטי,698.0,2 שד.הארזים,רמת אפעל,5290366.0,32.0518163,34.8366946,2.9956151341108326,1501
car_701,סיטי קרית אונו,קרפור,קרפור סיטי,701.0,57 הנשיא,קרית אונו,5557057.0,32.0605508,34.8559181,3.796130432253426,1990
car_752,מגה רמת אפעל מרכז מ,קרפור,מגה,,16 שד.האורנים,רמת אפעל,5290350.0,32.047236,34.835859,4.5324887915296115,2629
car_820,מגה מרכז רעננה- חדש,קרפור,מגה,,114 אחוזה,רעננה,4345015.0,32.1818726,34.8699162,4.684617306128147,2314
car_830,קרפור גולן רעננה,קרפור,קרפור,,אחוזה 198,רעננה,4355801.0,32.1827356,34.8657024,0.7086801063399819,1523
car_850,מגה מרכז מסחרי קרית,קרפור,מגה,,1 התקומה,רעננה,4353501.0,32.1923797,34.8745337,4.907489400209366,2470
car_870,סיטי ותיקים רעננה,קרפור,קרפור סיטי,870.0,11 ההסתדרות,רעננה,4345605.0,32.1860931,34.8763149,3.6150439232775886,2193
car_906,סיטי מרכז נתניה,קרפור,קרפור סיטי,906.0,שטמפר,נתניה,4240223.0,32.3280827,34.8539921,4.872879821600171,2666
car_914,סיטי נווה אביבים תא,קרפור,קרפור סיטי,914.0,13 אופנהיימר,תל אביב יפו,6939513.0,32.1201658,34.7997804,5.143682126743511,2782
car_981,מגה אזורים נתניה,קרפור,מגה,,14 גרינבאום יצחק,נתניה,4246514.0,32.2950621,34.8505542,4.731545590978778,2657
mah_001,"1 ב""ש-בית אשל",מחסני השוק,מחסני השוק,1.0,בית אשל 1,באר שבע,,31.239921,34.7939865,-24.42149152339416,2878
mah_011,11  עין יהב,מחסני השוק,מחסני השוק בסיטי,11.0,ד.נ.ערבה 86820,עין יהב,,30.6567034,35.2334266,-18.36128482938331,2617
mah_015,"15  שכונה ט ב""ש",מחסני השוק,מחסני השוק בסיטי,15.0,שד` ירושלים 10,באר שבע,,31.245752,34.771617,-20.48733554805003,2865
mah_016,"16 יעלים ב""ש",מחסני השוק,מחסני השוק בסיטי,16.0, ,באר שבע,,31.2509597,34.7796984,-21.86701754146867,2602
mah_018,18 נוף הגליל,מחסני השוק,מחסני השוק,18.0, ,נוף הגליל,,32.7035785,35.3186256,-24.09577040717531,2887
mah_020,20 להבים,מחסני השוק,מחסני השוק,20.0,מרכז מסחרי להבים ,להבים,,31.3733931,34.8092845,-24.402626137435522,2885
mah_026,"26  רמות- ב""ש",מחסני השוק,מחסני השוק בסיטי,26.0,מנחם דידנר 18,באר שבע,,31.2804515,34.8041813,-4.504684862696981,2556
mah_030,"30 נווה זאב- ב""ש",מחסני השוק,מחסני השוק בסיטי,30.0,מאפו 7,באר שבע,,31.23426599999999,34.768057,-18.741553830884186,2667
mah_035,35 שלומי,מחסני השוק,מחסני השוק בסיטי,35.0,ההשראה 2,שלומי,,33.0754389,35.1450494,-21.21289307175287,2666
mah_036,36 עפולה ביהח העמק,מחסני השוק,מחסני השוק בסיטי,36.0,יצחק רבין 21,פרדס חנה כרכור,1834111.0,32.621521714497554,35.317284101725456,-25.09023208685171,2288
mah_040,40 אופקים,מחסני השוק,מחסני השוק,40.0,יהדות דרום אפריקה 14,אופקים,87573.0,31.3152192,34.6247327,-24.551840977678918,2866
mah_041,41 אופקים אזור תעשיה,מחסני השוק,מחסני השוק,41.0,שדרות יהדות דרום אפריקה 14,אופקים,0.0,31.315346322776204,34.62468190467515,-24.639076603299824,2730
mah_044,44 ערד,מחסני השוק,מחסני השוק,,שמיר 5,ערד,,31.26125469999999,35.2152179,-24.75312302032088,2847
mah_045,45 מיתרים,מחסני השוק,מחסני השוק בסיטי,45.0,אזור תעשיה הר חרמ 1,מיתרים,,31.375119581811,35.0067509528218,-20.613823321997632,2705
mah_050,"50 רד""ק- ב""ש",מחסני השוק,מחסני השוק בסיטי,50.0,"רחבת רד""ק 28",באר שבע,,31.2521018,34.7867691,-19.24120432101458,2553
mah_051,51 חיפה - נשר,מחסני השוק,מחסני השוק,51.0,דרך בר יהודה http 147,נשר,,32.7785192,35.0406357,-24.352474034379167,2864
mah_052,52 מודיעין,מחסני השוק,מחסני השוק בסיטי,52.0,עמק דותן 24,מודיעין מכבים רעות,,31.8991267,35.0209953,-20.62345429153658,2698
mah_054,54 רחובות - הנשיא,מחסני השוק,מחסני השוק בסיטי,54.0, ,רחובות,,31.8981815,34.8215989,-18.42996466698058,2675
mah_055,55  יד בנימין,מחסני השוק,מחסני השוק בסיטי,55.0,מרכז מסחרי 1,יד בנימין,,31.792365,34.8241596,-22.51574834782585,2566
mah_058,"58 סניף אורגים- ב""ש",מחסני השוק,מחסני השוק,58.0,האורגים http://ww 1,באר שבע,,31.2543238,34.8183187,-24.35065084255492,2937
mah_059,59 יקנעם,מחסני השוק,מחסני השוק,59.0,התמר 1,יקנעם,,32.6592962,35.1045404,-24.26940640085739,2803
mah_060,60 דימונה,מחסני השוק,מחסני השוק,60.0,מרכז פרץ סנטר ,דימונה,,31.060612403611987,35.020142038359246,-24.303534906369965,2899
mah_061,61 דימונה ממשית,מחסני השוק,מחסני השוק,,תל לכיש 6,דימונה,,31.060269211788118,35.03529194277279,-24.3623172864668,2751
mah_065,65 קרית אתא,מחסני השוק,מחסני השוק בסיטי,65.0,חנקין 1,קרית אתא,28212.0,32.8125999,35.1053976,-19.95446549081721,2661
mah_066,66 צופים,מחסני השוק,מחסני השוק בסיטי,66.0, ,צופים,,32.197318,35.008912,-19.474961630478155,2504
mah_071,71 קריית מלאכי,מחסני השוק,מחסני השוק בסיטי,71.0,"צה""ל 1",קרית מלאכי,,31.793440697338085,34.63994849453074,-19.965375614412405,2674
mah_072,72 הפלמח (ג) אשדוד,מחסני השוק,מחסני השוק מהדרין,72.0,"הפלמ""ח 20",אשדוד,77376.0,31.800443512273272,34.66238003685925,-24.479321031508093,2299
mah_075,75 טבריה הדר,מחסני השוק,מחסני השוק,75.0,יהודה הלוי 113,טבריה,14246.0,32.7895736,35.5318199,-25.077795238363116,2680
mah_076,76 צפת,מחסני השוק,מחסני השוק,76.0,לוחמי הגטאות 1,צפת,13401.0,32.964648,35.495997,-24.432293654598418,2777
mah_077,77 קרית גת,מחסני השוק,מחסני השוק,77.0,דרך הדרום http:// 1,קרית גת,82021.0,31.6022033,34.7729873,-24.13139606659489,2847
mah_078,78 כפר עציון,מחסני השוק,מחסני השוק,78.0, ,כפר עציון,,31.6543398,35.1177985,-24.613733284012635,2591
mah_080,"80 המשחררים-ב""ש",מחסני השוק,מחסני השוק בסיטי,80.0,דרך המשחררים 100,באר שבע,,31.2487005,34.7834716,-18.807255736520666,1969
mah_081,"81 מבצע עובדה- ב""ש",מחסני השוק,מחסני השוק בסיטי,81.0,מבצע עובדה 2,באר שבע,,31.2596827,34.78035,-18.415247522198754,2550
mah_082,"82 קריה חרדית מהדרין ב""ש",מחסני השוק,מחסני השוק,82.0,טולדנו 12,באר שבע,8452311.0,31.267850394480696,34.778129334671746,-23.951626082643212,2650
mah_083,83 גבעת שמואל,מחסני השוק,מחסני השוק בסיטי,83.0, ,גבעת שמואל,,32.077607,34.8469088,-18.71070597752669,2362
mah_091,"91 זבוטינסקי- ת""א",מחסני השוק,מחסני השוק בסיטי,91.0,ז`בוטינסקי 128,רמת גן,52602.0,32.0903051,34.8211636,-18.542286289133884,2489
mah_098,98 אילת,מחסני השוק,מחסני השוק,98.0,הספן 1,אילת,,29.5712356,34.9588279,-35.89031809029643,2818
mah_202,202 בית הכרם ירושלים,מחסני השוק,מחסני השוק בשבילך,202.0,כיכר דניה 1,ירושלים,,31.7804105,35.1885692,-14.455715736020808,2712
mah_203,"203 הפלמ""ח ירושלים",מחסני השוק,מחסני השוק בשבילך,203.0,הפלמח 42,ירושלים,,31.766256,35.2089708,-14.509312628043586,2678
mah_205,205 קרית מנחם ירושלים,מחסני השוק,מחסני השוק בשבילך,205.0,דהומי 6,ירושלים,,31.75671343154569,35.16596771028976,-14.870724361147449,2295
mah_207,207 גבעת זאב- ירושלים,מחסני השוק,מחסני השוק בשבילך,207.0,מרכז מסחרי 1,גבעת זאב,,31.867021509040047,35.14872410987831,-14.931514187496322,2546
mah_211,211 פסגת זאב ירושלים,מחסני השוק,מחסני השוק בשבילך,211.0,שדרקות משה דיין 1,ירושלים,,31.838138170183,35.23439430814793,-14.718157045961734,2593
mah_212,212 תלפיות מזרח ירושלים,מחסני השוק,מחסני השוק בשבילך,212.0,דב גרונר מרכז מסח 2,ירושלים,,31.749309,35.236047,-14.938869751338363,2616
mah_217,217 גבעת שפירא ירושלים,מחסני השוק,מחסני השוק בשבילך,217.0,ההגנה 19,ירושלים,97851.0,31.805577,35.238607,-14.515062674369059,2613
mah_218,218 נווה יעקב ירושלים,מחסני השוק,מחסני השוק מהדרין,218.0,מרכז מסחרי נווה י 1,ירושלים,,31.84122226967315,35.240681481028304,-18.182286674227797,2318
mah_220,220 גבעת אורנים ירושלים,מחסני השוק,מחסני השוק בשבילך,220.0,שי עגנון 20,ירושלים,,31.76146,35.206462,-15.85743524367858,2617
mah_222,222 וולפסון ירושלים,מחסני השוק,מחסני השוק בשבילך,222.0, ,ירושלים,,31.756478,35.1660279,-14.228945186786666,2641
mah_223,223 פסגת זאב מזרח ירושלים,מחסני השוק,מחסני השוק בשבילך,223.0,מאיר גרשון פ.יוסף 3/1,ירושלים,,31.819819,35.245497,-14.034923116370303,2690
mah_230,230 קייזר מודיעין בשבילך,מחסני השוק,מחסני השוק בשבילך,230.0,גינת זבולון קייזר 24,מודיעין מכבים רעות,,31.9073565,34.9980728,-14.126437024672121,2669
mah_238,238 קריית ים שרת,מחסני השוק,מחסני השוק בשבילך,238.0,משה שרת 2,קרית ים,,32.851004,35.070244,-15.002479659722304,2288
mah_239,239 קצרין,מחסני השוק,מחסני השוק בשבילך,239.0,קניון לב קצרין 1,קצרין,,32.9938584,35.690649,-16.327526341948204,2581
mah_241,241 אורה -ירושלים,מחסני השוק,מחסני השוק בשבילך,241.0,הנריטה סולד 1,ירושלים,,31.75494,35.1605834,-12.804779754617298,2679
mah_242,242 אפרת,מחסני השוק,מחסני השוק בשבילך,242.0,מרכז מסחרי ג רחוב 1,אפרת,,31.6570062,35.152073,-21.200241349024253,2253
mah_244,244 יבנה,מחסני השוק,מחסני השוק בשבילך,244.0,האגוז 2,יבנה,,31.87535339999999,34.7350096,-19.357930036223237,2497
mah_245,245 גדרה,מחסני השוק,מחסני השוק בשבילך,245.0,מנחם בגין 40,גדרה,,31.80367499999999,34.7848455,-14.441696049302935,2531
mah_246,246 חפץ חיים נתניה,מחסני השוק,מחסני השוק בשבילך,246.0,חפץ חיים 4,נתניה,,32.29564,34.845049,-13.446705189365668,2532
mah_247,247 לב יסמין נתניה,מחסני השוק,מחסני השוק בשבילך,247.0,פנחס ליבון 18,נתניה,,32.2833633823406,34.85369215470922,-14.481086236218163,2633
mah_250,250 עפולה מחסני השוק,מחסני השוק,מחסני השוק בסיטי,250.0,קפלן 10,עפולה,,32.6309394,35.3255424,-20.600539970239147,2329
mah_260,260 אשדוד דב גור,מחסני השוק,מחסני השוק בשבילך,260.0,דב גור 27,אשדוד,,31.7920608,34.6552344,-14.642835098938116,2430
mah_261,"261 ראשל""צ",מחסני השוק,מחסני השוק בשבילך,261.0,השדה 12,ראשון לציון,,31.963084507575793,34.79458462152449,-14.826311915553381,2342
mah_262,262 ויצמן נתניה,מחסני השוק,מחסני השוק בשבילך,262.0,הרצוג 23,נתניה,,32.31999235476718,34.85523069548115,-14.055619882800993,2536
mah_263,263 בנימין נתניה,מחסני השוק,מחסני השוק בשבילך,263.0,שדרות בנימין 60,נתניה,,32.283226,34.8534622,-14.231693245882406,2637
mah_264,264 פולג נתניה,מחסני השוק,מחסני השוק בשבילך,264.0,אמנון ותמר 6,נתניה,,32.274935224934374,34.847958303019254,-14.671306894222091,2512
mah_265,265 רחובות - גורודצקי,מחסני השוק,מחסני השוק בשבילך,265.0,גורודסקי 51,רחובות,,31.898435209318382,34.821684239149995,-14.777901347224411,2547
mah_267,267 צור הדסה-ירושלים,מחסני השוק,מחסני השוק בשבילך,267.0,רכסים 2,צור הדסה,,31.7130181,35.09893890000001,-14.400692221289512,2605
mah_268,268 נהריה מחסני השוק,מחסני השוק,מחסני השוק בשבילך,268.0,הזמיר 63,נהריה,,33.0030477,35.1062362,-17.724799267390694,2319
mah_274,274 ברקת אילת מחסני השוק,מחסני השוק,מחסני השוק בסיטי,274.0, ,אילת,,29.5502464,34.9474577,-34.737483166145395,2714
mah_277,"277 הראשונים ראשל""צ",מחסני השוק,מחסני השוק בשבילך,277.0,הנחשול 30,ראשון לציון,,31.9845279685415,34.782646824255245,-14.274622613426555,2619
mah_289,289 ניצה  נתניה,מחסני השוק,מחסני השוק בשבילך,289.0,שדרות ניצה 8,נתניה,,32.3365629,34.852049,-15.9694715319886,1864
osh_001,מגדל העמק,אושר עד,אושר עד,1.0,האיצטדיון 11,מגדל העמק,2303401.0,32.6696574,35.2368042,-13.451958358349636,1825
osh_003,גבעת שאול,אושר עד,אושר עד,3.0,בית הדפוס 29,ירושלים,9548334.0,31.7852087,35.1828468,-13.238257051361746,1776
osh_005,קרית ביאליק,אושר עד,אושר עד,5.0,"הנס מולר 6, צור שלום",קרית ביאליק,2751206.0,32.8618235,35.098291,-11.83150402418282,1795
osh_006,כנות,אושר עד,אושר עד,6.0,אדום 24 פארק התעשיות כנות,כנות,7982500.0,31.8113771,34.7675852,-12.695384451125763,1744
osh_009,אשדוד,אושר עד,אושר עד,9.0,בעלי המלאכה 4,אשדוד,7761205.0,31.8123216,34.6635063,-15.04195257250443,1827
osh_010,פתח תקווה - סגולה,אושר עד,אושר עד,10.0,בן ציון גליס 30,פתח תקווה,4927930.0,32.1056568,34.8919915,-13.878272567033237,1861
osh_011,בני ברק,אושר עד,אושר עד,11.0,הקישון 11,בני ברק,5120314.0,32.0989129,34.8300771,-15.056739889084044,1747
osh_013,באר שבע,אושר עד,אושר עד,13.0,הקוצר 15 אזור תעשיה עמק שרה,באר שבע,8480904.0,31.213135783007726,34.810774460109904,-11.381989821143708,1805
osh_014,חדרה,אושר עד,אושר עד,14.0,"המסגר 22 אזה""ת הצפוני",חדרה,3850169.0,32.4493907,34.914005,-11.704323382465473,1791
osh_016,בית שמש - גליל,אושר עד,אושר עד,16.0,מורדי הגיטאות 6,בית שמש,9958206.0,31.747651,34.990749,-13.661099531121488,1774
osh_018,ביתר עילית,אושר עד,אושר עד,18.0,ביתר עילית,ביתר עילית,0.0,31.704385684599483,35.1165733934329,-12.867308622546087,1739
osh_019,עפולה,אושר עד,אושר עד,19.0,לסקוב,עפולה,0.0,32.62501598837555,35.31467838100988,-15.733301235635365,1834
osh_020,לוד,אושר עד,אושר עד,20.0,בת שבע 1 מתחם טלרד,לוד,7120101.0,31.9533935,34.8917808,-11.164774853083467,1768
osh_022,אשקלון בת הדר,אושר עד,אושר עד,22.0,בת הדר,אשקלון,7910300.0,31.648125,34.597146,-10.877228626129154,1761
osh_023,נתניה,אושר עד,אושר עד,23.0,שדרות תום לנטוס,נתניה,4276019.0,32.3036425,34.8696287,-10.982126745555012,1813
osh_024,תל אביב,אושר עד,אושר עד,24.0,קרמינצקי 3,תל אביב יפו,6789903.0,32.067096,34.7936383,-11.396620592513438,1777
osh_025,ראשון לציון,אושר עד,אושר עד,25.0,אצל 26,ראשון לציון,7570630.0,31.9722597,34.8093139,-11.72615201313278,1794
osh_026,תלפיות,אושר עד,אושר עד,26.0,פייר קניג 26 קניון הדר,ירושלים,9346934.0,31.7534343,35.213897,-12.055900741447033,1803
osh_028,שמגר,אושר עד,אושר עד,28.0,שמגר 16,ירושלים,9446116.0,31.7947479,35.208407,-13.933451700868538,1547
osh_029,קרית ים,אושר עד,אושר עד,29.0,גולדה מאיר 2,קרית ים,2905737.0,32.8560183,35.0776785,-11.125190354346568,1771
osh_030,חיפה,אושר עד,אושר עד,30.0,דרך בר יהודה 31,חיפה,3262724.0,32.8009038,35.013511,-11.434347711043912,1810
osh_031,כפר סבא,אושר עד,אושר עד,31.0,דרך הים 9,כפר סבא,4418001.0,32.18499,34.953063,-12.630382408432611,1793
osh_032,קרית אונו,אושר עד,אושר עד,32.0,שמירה אימבר גדיש 9,קרית אונו,5510101.0,32.035023,34.864173,-11.688836910262184,1795
ram_002,בזק מחסני מזון,רמי לוי,רמי לוי,2.0,יד חרוצים 18,ירושלים,0.0,31.7510508,35.2153716,-12.80513154829479,2120
ram_003,רמי לוי בשכונה,רמי לוי,רמי לוי,3.0,90 דרך החורש,ירושלים,0.0,31.8092121,35.1941519,-12.742378162669848,1677
ram_005,רב מכר,רמי לוי,רמי לוי,5.0,הפרסה 3,ירושלים,0.0,31.7520269,35.2091884,-12.695385282437698,2378
ram_006,מישור אדומים,רמי לוי,רמי לוי,6.0,איתם 1,מישור אדומים,0.0,31.793032568625936,35.334513115197595,-12.96718668011863,2491
ram_007,מבשרת,רמי לוי,רמי לוי,7.0,החוצבים 10,מבשרת ציון,0.0,31.7964782,35.1465644,-12.757984632962193,2360
ram_008,שער בנימין,רמי לוי,רמי לוי,8.0,מרכז מסחרי מטה בנמין,ירושלים,0.0,31.8657346800454,35.2596698516709,-13.004982793106116,2259
ram_009,קסיטנה,רמי לוי,רמי לוי,9.0,א.ת באר טוביה,קרית מלאכי,0.0,31.7278229,34.754139,-14.047720936359632,2286
ram_010,מודיעין חדש,רמי לוי,רמי לוי,10.0,א.ת שילת,מודיעין מכבים רעות,0.0,31.921173,35.014572,-12.76778916593441,2346
ram_011,עפולה,רמי לוי,רמי לוי,11.0,יהושוע חנקין 14,עפולה,0.0,32.6036284,35.2930192,-13.755564070077725,2441
ram_012,ביתר עלית,רמי לוי,רמי לוי,12.0,ביתר עלית,ירושלים,0.0,31.69984809999999,35.107769,-13.266082410514203,1816
ram_013,גבעת שאול,רמי לוי,רמי לוי,13.0,בית הדפוס 13,ירושלים,0.0,31.7857605,35.1873851,-12.53134495396195,2142
ram_014,טבריה,רמי לוי,רמי לוי,14.0,צומת פוריה ביג,טבריה,0.0,32.7844835,35.4986223,-12.931259350729905,2386
ram_015,נשר,רמי לוי,רמי לוי,15.0,דרך השלום 13,חיפה,0.0,32.7701955,35.0473851,-12.9450002903666,2428
ram_016,רמת גן איילון,רמי לוי,רמי לוי,16.0,מבצע קדש 68,בני ברק,0.0,32.1013984,34.8311958,-12.689962003840208,2327
ram_017,ראש העין,רמי לוי,רמי לוי,17.0,א.ת לב הארץ,ראש העין,0.0,32.1072425,34.9555511,-12.865091122897807,2372
ram_019,אדמרליטי,רמי לוי,רמי לוי,19.0,חלוצי התעשיה 73,חיפה,0.0,32.8187067,35.0536682,-12.523752053089508,2462
ram_020,זכרון יעקב,רמי לוי,רמי לוי,20.0,מול זכרון,זכרון יעקב,0.0,32.569352,34.93345,-13.05653265736172,2558
ram_022,כנפי נשרים,רמי לוי,רמי לוי,22.0,כנפי נשרים 26,ירושלים,0.0,31.7882871,35.1850293,-12.57928109930448,2002
ram_023,גוש עציון,רמי לוי,רמי לוי,23.0,צומת גוש עציון,גוש עציון,0.0,31.6425423,35.15158,-13.182528766950204,2365
ram_024,נתניה,רמי לוי,רמי לוי,24.0,המחקר 3,נתניה,0.0,32.2927627,34.8623046,-12.831599927302396,2410
ram_025,מודעין ישפרו,רמי לוי,רמי לוי,25.0,מתחם ישפרו,מודיעין מכבים רעות,0.0,31.889053458316987,34.96044549373903,-13.004456779641211,2272
ram_026,אשדוד,רמי לוי,רמי לוי,26.0,היהלומים 8,אשדוד,0.0,31.8142964,34.6595852,-14.059730258811932,2429
ram_027,באר שבע,רמי לוי,רמי לוי,27.0,הע.ל עמק שרה,באר שבע,0.0,31.23328170126853,34.799941899372875,-12.969484117208783,2353
ram_028,עכו,רמי לוי,רמי לוי,28.0,בוליטמור 2,עכו,0.0,32.8990325,35.0914497,-12.925764680729092,2326
ram_029,פרדס חנה ביג,רמי לוי,רמי לוי,29.0,תדהר 1,פרדס חנה כרכור,0.0,32.4888176,34.9705182,-12.829374127150176,2438
ram_030,קדימה,רמי לוי,רמי לוי,30.0,הזרם 2,קדימה,0.0,32.2762888,34.9204034,-12.979012172040473,2278
ram_031,נתיבות,רמי לוי,רמי לוי,31.0,צומת בית הגדי,נתיבות,0.0,31.422839,34.607878,-13.029747837130177,2321
ram_032,נהריה,רמי לוי,רמי לוי,32.0,היוצרים א.ת צפוני,נהריה,0.0,33.0327904,35.1034588,-12.173840695102282,2424
ram_033,כפר סבא,רמי לוי,רמי לוי,33.0,גלגלי פלדה 2,כפר סבא,0.0,32.1728401,34.9275245,-12.795745106484864,2339
ram_034,פתח תקווה,רמי לוי,רמי לוי,34.0,הסיבים 37,פתח תקווה,0.0,32.0877037,34.8573341,-13.189065367742028,2342
ram_035,אשקלון,רמי לוי,רמי לוי,35.0,המתכנן 8,אשקלון,0.0,31.6355114,34.5528526,-12.780482898038102,2251
ram_036,כרמיאל,רמי לוי,רמי לוי,36.0,היוצרים 7,כרמיאל,2165233.0,32.9235,35.3080062,-12.934144764254391,2384
ram_037,נתניה חדש,רמי לוי,רמי לוי,37.0,האורזים 8,נתניה,0.0,32.322118237156204,34.87136195739262,-12.54975091910011,2288
ram_038,קרית שמונה,רמי לוי,רמי לוי,38.0,איזור תעשיה צפוני קרית שמונה,קרית שמונה,0.0,33.216187,35.587746,-13.133327256716495,2200
ram_040,יבנה,רמי לוי,רמי לוי,40.0,הקישון 9 קניון G,יבנה,0.0,31.885868,34.7338294,-12.965157967699582,2367
ram_041,רחובות,רמי לוי,רמי לוי,41.0,מוטי קינד 1,רחובות,7638507.0,31.89335419999999,34.7865316,-9.945057442572388,2321
ram_042,לוד,רמי לוי,רמי לוי,42.0,שד הציונות 1,לוד,7127710.0,31.94530289999999,34.8917808,-13.056937007887674,2089
ram_043,ראשון לציון,רמי לוי,רמי לוי,43.0,שד משה דיין,ראשון לציון,7565839.0,31.98476377570436,34.76957949454104,-12.952725972663272,2269
ram_044,חדרה,רמי לוי,רמי לוי,44.0,השלום 1,חדרה,3846201.0,32.4555358,34.9052124,-13.921196915024423,2913
ram_045,בת ים,רמי לוי,רמי לוי,45.0,העמל 20,בת ים,5960705.0,32.0045095,34.7475226,-12.870696401874767,2359
ram_046,רעננה,רמי לוי,רמי לוי,46.0,החרושת 12,רעננה,4365706.0,32.194741,34.8812187,-12.87790776796092,2337
ram_048,עטרות,רמי לוי,רמי לוי,48.0,קניון עטרות,ירושלים,0.0,31.8534787,35.2175129,-12.849550133941019,2283
ram_049,בית שמש,רמי לוי,רמי לוי,49.0,יגאל אלון 4,בית שמש,9906204.0,31.756019391952368,34.986640894528605,-12.840152237440748,2260
ram_050,חולון,רמי לוי,רמי לוי,50.0,תמנע 6,חולון,5881213.0,32.0239698,34.7983618,-12.80650172653558,2501
ram_053,אריאל,רמי לוי,רמי לוי,53.0,הבנאי 6,אריאל,0.0,32.1007198,35.1701331,-12.895721643285265,2347
ram_054,קרית גת,רמי לוי,רמי לוי,54.0,דרך הדרום 3 מרכז ביג,קרית גת,0.0,31.6038516,34.7722626,-12.96098575268148,2343
ram_055,רמת החייל,רמי לוי,רמי לוי,55.0,דבורה הנביאה 127,תל אביב יפו,8424408.0,32.1130943,34.8425025,-13.050101224652014,2456
ram_056,אשקלון צפון,רמי לוי,רמי לוי,56.0,צהל 99,אשקלון,0.0,31.6619129,34.5945205,-13.037123941617674,2189
ram_057,עזריאלי חיפה,רמי לוי,רמי לוי,57.0,משה פלימן 4,חיפה,3508416.0,32.7896594,34.9656482,-12.629054640986043,2269
ram_058,חדרה ויוה,רמי לוי,רמי לוי,58.0,תרנא 20,חדרה,0.0,32.4368339,34.9254335,-12.656115473610331,1666
ram_059,רמלה,רמי לוי,רמי לוי,59.0,שדרות הרצל 91,רמלה,7243003.0,31.9263512,34.876961,-13.315549424782901,1629
ram_061,כרמי גת,רמי לוי,רמי לוי,61.0,כרמי גת,קרית גת,,31.604080015409,34.7722625952482,-12.983349024901914,2345
ram_062,צק פוסט,רמי לוי,רמי לוי,62.0,בר יהודה ישראל 111,חיפה,0.0,32.7705497,35.0478477,-10.280607700346035,2335
ram_063,ביג באר שבע החדש,רמי לוי,רמי לוי,63.0,דרך חברון 21,באר שבע,8424408.0,31.243032289663315,34.8144199480922,-13.070452957309751,2316
ram_064,אור עקיבא,רמי לוי,רמי לוי,64.0,הכרמל 1,אור עקיבא,0.0,32.5180022290255,34.9164170712881,-13.231448224395429,1929
ram_066,מגדל העמק,רמי לוי,רמי לוי,66.0,כפר החורש,מגדל העמק,,32.6958230414412,35.2315663738441,-13.778685908995124,2351
ram_068,רמי לוי יהלום נתניה,רמי לוי, רמי לוי לעסקים,68.0,יהלום,נתניה,0.0,32.3290985063897,34.86044690214812,-12.742217927830808,2066
ram_069,אופקים,רמי לוי,רמי לוי,69.0,מנחם בגין 2,אופקים,87585.0,31.849837621937873,34.843866481768934,-12.892503511731197,2270
ram_071,רמת בית שמש,רמי לוי,רמי לוי,71.0,שדרות נהר הירקון 38,בית שמש,0.0,31.7074303,34.9994121,-12.886053926071776,2004
ram_074,רמי לוי בית שאן,רמי לוי,רמי לוי,74.0,בית שאן,בית שאן,0.0,32.49803100835091,35.50451942226555,-13.659528800306203,1722
ram_203,אילת,רמי לוי,רמי לוי,203.0,הזגג 11,אילת,8850713.0,29.5698833,34.9612922,-25.916840785188402,2396
ram_700,בית הפירות פסגת זאב,רמי לוי,רמי לוי,700.0,הרוזמרין 33,ירושלים,0.0,31.7323116,35.200415,0.9207716344886818,923
ram_703,בית הפירות פת,רמי לוי,רמי לוי,703.0,(כתובת לא מצוינת),ירושלים,0.0,31.7488339422687,35.1978327989126,-0.4537589581864202,927
ram_704,בית הפירות בית שמש,רמי לוי,רמי לוי,704.0,unknown,בית שמש,0.0,31.748987925058373,34.98618402336423,0.5019817214828305,1025
ram_705,בית הפירות קרית יובל,רמי לוי,רמי לוי,705.0,אורוגוואי 1,ירושלים,0.0,31.7610863760781,35.1754852443161,-0.05128755222060467,925
ram_708,עזריאלי אור יהודה,רמי לוי,רמי לוי,708.0,קניון עזריאלי אור יהודה מינוס 1,אור יהודה,0.0,32.025119,34.858117,0.9151650656480543,806
ram_709,שבט לוי אשדוד,רמי לוי,רמי לוי בשכונה,709.0,שבט לוי 14 רובע יב,אשדוד,0.0,31.7778244,34.636615,0.6131487967282812,1173
ram_710,אלי כהן אשקלון,רמי לוי,רמי לוי בשכונה,710.0,אלי כהן 43,אשקלון,0.0,31.669926,34.582204,0.9211178397793937,854
ram_711,רגר באר שבע,רמי לוי,רמי לוי בשכונה,711.0,יעקב כהן 12,באר שבע,0.0,31.254603,34.79755862431955,1.9781361200735654,957
ram_713,בן גוריון גבעתיים,רמי לוי,רמי לוי בשכונה,713.0,בן גוריון 182,גבעתיים,0.0,32.0750352,34.8183712,1.0798136436406915,1607
ram_714,מגדיאל הוד השרון,רמי לוי,רמי לוי בשכונה,714.0,מגדיאל 57,הוד השרון,0.0,32.1595098,34.90185185,0.5190718321969131,1179
ram_715,סוקולוב הרצליה,רמי לוי,רמי לוי בשכונה,715.0,סוקולוב 56,הרצליה,0.0,32.1670426,34.846248,1.0770208919627526,1077
ram_716,הרצל חדרה,רמי לוי,רמי לוי בשכונה,716.0,הרצל 27,חדרה,0.0,32.437384322,34.9190038,0.48446593237267893,986
ram_718,שוויצריה סוקולוב,רמי לוי,שוויצריה הקטנה,718.0,סוקולוב 84,חולון,0.0,32.0226326,34.77825519,-0.8931800367398973,592
ram_719,רוטשילד כפר סבא,רמי לוי,רמי לוי בשכונה,719.0,רוטשילד 39,כפר סבא,0.0,32.1743881,34.90785819,1.100462808566805,966
ram_720,הרטום נתניה,רמי לוי,רמי לוי בשכונה,720.0,הרטום 40,נתניה,0.0,32.3105188,34.87186989,-0.28658892376988315,1048
ram_721,שוויצריה ויצמן נתניה,רמי לוי,שוויצריה הקטנה,721.0,וייצמן 14,נתניה,0.0,32.329873159,34.859164426,1.0504589711962293,1459
ram_722,חטיבה תשע עפולה,רמי לוי,סופר קופיקס,722.0,חטיבה תשע 34,7700,0.0,32.611977947,35.288221368,-0.18869929887426776,824
ram_723,רמי לוי פרדסיה,רמי לוי,רמי לוי בשכונה,723.0,הארז 32,פרדסיה,0.0,32.30571776866573,34.90780931643254,1.3811724666355718,1001
ram_724,קניון אבנת פתח תקווה,רמי לוי,שוויצריה הקטנה,724.0,זבוטינסקי 72,פתח תקווה,0.0,32.09309438,34.8654668,0.22631164800931677,1013
ram_725,שטמפפר פתח תקווה,רמי לוי,רמי לוי בשכונה,725.0,שטמפפר 37,פתח תקווה,0.0,32.0914146638,34.88715995,1.5627190156573925,821
ram_726,רוטשילד פתח תקווה,רמי לוי,רמי לוי בשכונה,726.0,רוטשילד 182,פתח תקווה,0.0,32.0759584767,34.8854813,0.44370034166139416,962
ram_727,קיריון קרית ביאליק,רמי לוי,רמי לוי בשכונה,727.0,דרך עכו 192,קרית ביאליק,0.0,32.8429886,35.0923142,-0.09870783891411718,862
ram_728,שבזי ראש העין,רמי לוי,רמי לוי בשכונה,728.0,שבזי 12,2640,0.0,32.0978894,34.9409454,0.33194384567692914,778
ram_729,קניון הבאר,רמי לוי,רמי לוי בשכונה,729.0,קניון הבאר,ראשון לציון,0.0,31.975858685645637,34.77402106570462,-9.17818339145907,1201
ram_730,רמי לוי רוטשילד ראשון לציון,רמי לוי,רמי לוי בשכונה,730.0,רוטשילד 45,ראשון לציון,0.0,31.963593884931356,34.80152142594321,0.6285467079381821,1295
ram_731,ביאליק רמת גן,רמי לוי,רמי לוי בשכונה,731.0,ביאליק 79,רמת גן,0.0,32.08595115438999,34.81007812224632,0.7306807706578271,1135
ram_732,רמי לוי אחוזה,רמי לוי,רמי לוי בשכונה,732.0, 83 אחוזה,רעננה,0.0,32.17979178887613,34.87857854504146,0.10055956527555684,1045
ram_733,בן יהודה תל אביב,רמי לוי,רמי לוי בשכונה,733.0,בן יהודה 23,תל אביב,0.0,32.0762671,34.7679687,-0.10366469319168731,1164
ram_734,אסתר המלכה תל אביב,רמי לוי,רמי לוי בשכונה,734.0,אסתר המלכה 4,תל אביב,0.0,32.0790473,34.7744319,0.5520617362900015,1136
ram_735,החשמונאים תל אביב,רמי לוי,רמי לוי בשכונה,735.0,חשמונאים 100,תל אביב,0.0,32.0692075,34.786733,0.619633285376756,1039
ram_736,שוקן תל אביב,רמי לוי,רמי לוי בשכונה,736.0,שוקן 1,תל אביב,0.0,32.0547148,34.7722382,0.16984721505405523,1219
ram_737,בן יהודה תל אביב,רמי לוי,רמי לוי בשכונה,737.0,בן יהודה 174,תל אביב,0.0,32.0875412,34.773397,0.4060692264071799,811
shu_001,"שלי ת""א- בן יהודה",שופרסל,שופרסל שלי,1.0,בן יהודה 79,תל אביב יפו,6343504.0,32.0813121,34.7704048,5.187193181164105,2631
shu_002,שלי ירושלים- אגרון,שופרסל,שופרסל שלי,2.0,אגרון 1,ירושלים,942650.0,31.7767924,35.2201038,5.53797668557689,2897
shu_003,שלי גבעתיים- סירקין,שופרסל,שופרסל שלי,3.0,סירקין 17,גבעתיים,5325101.0,32.0783522,34.8154036,5.257584053168694,2752
shu_004,שלי חיפה- כרמל,שופרסל,שופרסל שלי,4.0,שד' הנשיא 124 מר,חיפה,3463305.0,32.80263,34.983837,5.540056858667357,3034
shu_005,שלי ירושלים- יובל,שופרסל,שופרסל שלי,5.0,אורוגאי 3,ירושלים,9670102.0,31.760715229964752,35.17664214055967,5.426584070646512,3080
shu_007,"שלי ת""א- ארלוזורוב",שופרסל,שופרסל שלי,7.0,ארלוזרוב 53,תל אביב יפו,6264605.0,32.0860627,34.7787596,5.373127630953783,2831
shu_009,שלי נתניה- ויצמן,שופרסל,שופרסל שלי,9.0,שד' ויצמן 27,נתניה,4225012.0,32.3314167,34.8586214,5.375369278911661,2800
shu_011,"שלי ת""א- נורדאו",שופרסל,שופרסל שלי,11.0,אבן גבירול 157,תל אביב יפו,6203719.0,32.0915815108724,34.7825578835811,4.985394017846725,2705
shu_012,יש בני ברק- ירושלים,שופרסל,יש בשכונה,12.0,ירושלים  70,בני ברק,5144404.0,32.0830544,34.8262388,-4.6146270198167425,1773
shu_013,יוניברס בית שמש- העליה,שופרסל,יוניברס,13.0,העליה 1,בית שמש,9902101.0,31.7526603,34.986746,-5.178226109542343,2786
shu_014,דיל ברנע אשקלון,שופרסל,שופרסל דיל,14.0,שדרות ירושלים 122,אשקלון,0.0,31.688549,34.572634,-3.8390405156408063,3179
shu_015,"יש פ""ת- רוטשילד",שופרסל,יש בשכונה,15.0,רוטשילד 79,פתח תקווה,4947352.0,32.0863037,34.8822187,-4.39662226196425,1789
shu_017,שלי חיפה- חורב,שופרסל,שופרסל שלי,17.0,חורב 15,חיפה,3434119.0,32.7843377,34.9870127,5.703956126421643,3119
shu_018,דיל חולון-קרן היסוד,שופרסל,שופרסל דיל,18.0,קרן היסוד 1 ק.שר,חולון,5848930.0,32.0082068,34.7912443,-3.799558102690156,3184
shu_019,שלי חיפה- זיו,שופרסל,שופרסל שלי,19.0,כצנלסון/מנדל 67,חיפה,3276617.0,32.78046500000001,35.017019,5.289981385083625,2864
shu_020,שלי רחובות- הרצל,שופרסל,שופרסל שלי,20.0,הרצל 183,רחובות,7626902.0,31.8989977,34.8099711,5.213067274209769,2945
shu_021,יש מרים ירושלים-  פארן,שופרסל,יש בשכונה,21.0,פארן 7 רמת אשכול,ירושלים,9780209.0,31.8006054,35.228641,-4.743314203841129,1651
shu_022,שלי נתניה- סמילנסקי,שופרסל,שופרסל שלי,22.0,סמילנסקי 13,נתניה,4243111.0,32.3272194,34.8550823,5.090792519931745,2853
shu_023,שלי מיתר,שופרסל,שופרסל שלי,23.0,מרכז מסחרי מיתר,מיתר,8502500.0,31.327465,34.9391288,5.522228448909659,2943
shu_024,שלי אשדוד- הנביאים,שופרסל,שופרסל שלי,24.0,הנביאים 3 רובע י,אשדוד,7747303.0,31.7835101,34.6474636,5.471401563833576,2844
shu_027,שלי רעננה- אחוזה,שופרסל,שופרסל שלי,27.0,אחוזה 82,רעננה,4320945.0,32.1797063,34.8791798,6.8876662062848455,3096
shu_028,"שלי ת""א- צה""ל",שופרסל,שופרסל שלי,28.0,"צה""ל 71, מרכ",תל אביב יפו,6935139.0,32.1227143,34.8295488,6.747419166712478,3392
shu_029,אקספרס האודם חריש,שופרסל,שופרסל אקספרס,29.0,האודם,חריש,0.0,32.46726065097,35.041493028267894,10.229159219008446,2317
shu_030,שלי רמת גן- קריניצי,שופרסל,שופרסל שלי,30.0,יוסף ספיר 9,רמת גן,5262209.0,32.05577321333753,34.84955919400675,7.051509113377009,2976
shu_032,שלי רמת גן- קסם,שופרסל,שופרסל שלי,32.0,הירדן 90,רמת גן,5224701.0,32.06140799872491,34.82813629551786,5.233861958681434,2724
shu_033,שלי חיפה- סטלה,שופרסל,שופרסל שלי,33.0,טשרניחובסקי/35,חיפה,3570323.0,32.7940463,34.989571,5.328327750544042,2869
shu_034,שלי רמת השרון- סוקולוב,שופרסל,שופרסל שלי,34.0,סוקולוב 48,רמת השרון,4723514.0,32.1436352,34.8378613,5.495960423516266,2865
shu_035,יוניברס באר שבע וולפסון,שופרסל,יוניברס,35.0,רח' וולפסון 13,באר שבע,8489721.0,31.2220096,34.8034019,-5.355371153745606,2755
shu_036,"שלי כ""ס- רוטשילד",שופרסל,שופרסל שלי,36.0,רוטשילד 65,כפר סבא,4420131.0,32.1737383,34.9080277,5.341904195043837,2733
shu_038,שלי חיפה- דניה,שופרסל,שופרסל שלי,38.0,ליבריה 2 דניה,חיפה,3491370.0,32.768007,35.005274,5.1019101585183035,2594
shu_039,"שלי ת""א- ברזיל",שופרסל,שופרסל שלי,39.0,ברזיל 15,תל אביב יפו,6946025.0,32.11181132483824,34.7963370541252,5.610980718761495,3243
shu_040,"שלי ב""ש- עומר",שופרסל,שופרסל שלי,40.0,רותם מרכ מסחרי ע,עומר,8496500.0,31.264479,34.8505942,6.643848628853613,3193
shu_042,שלי ירושלים- ניות,שופרסל,שופרסל שלי,42.0,בורלא 1 שכ.ניות,ירושלים,9371401.0,31.768303,35.202846,5.719352620402396,2906
shu_043,שלי הוד השרון- הבנים,שופרסל,שופרסל שלי,43.0,הבנים 12,הוד השרון,4526814.0,32.156077,34.8922831,5.3851070288085205,2905
shu_045,דיל ירושלים- תלפיות,שופרסל,שופרסל דיל,45.0,פייר קניג 35,ירושלים,9346943.0,31.753757040940155,35.21500114426202,-3.74250714780388,3337
shu_049,"דיל ב""ש- הר בוקר",שופרסל,שופרסל דיל,49.0,הר בוקר  17,באר שבע,8489819.0,31.2726101,34.8105409,-4.055861885118675,2839
shu_050,שלי מבשרת ציון,שופרסל,שופרסל שלי,50.0,שלום 75 שכונה ג,מבשרת ציון,9071425.0,31.8041219,35.1551013,5.159021698914534,2845
shu_051,אקספרס הרצליה,שופרסל,שופרסל אקספרס,51.0,צמרות 2,הרצליה,0.0,32.162413,34.844675,12.31805582433803,2381
shu_056,אקספרס  חריש הרימון,שופרסל,שופרסל אקספרס,56.0,האורן 47,חריש,0.0,32.459159742005724,35.04421448071977,12.4401522925729,2766
shu_057,שלי רמת השרון- אוסישקין,שופרסל,שופרסל שלי,57.0,אוסישקין 5,רמת השרון,4721005.0,32.1384018,34.8413326,4.992266760935885,2877
shu_061,אקספרס צור משה,שופרסל,שופרסל אקספרס,61.0,הערבה,צור משה,,32.2999732,34.9104653,11.558226616931186,2866
shu_062,יש חסד רכסים,שופרסל,יש חסד,62.0,הכלניות 49,רכסים,0.0,32.7547372,35.1034611,-14.659353143893428,1715
shu_065,"דיל ב""ש- צ'ורלי",שופרסל,שופרסל דיל,65.0,אורגים פינת ב.ג,באר שבע,84105.0,31.2539529,34.8148199,-4.243132911978602,2673
shu_068,דיל כורדני,שופרסל,שופרסל דיל,68.0,ירושלים 1,קרית מוצקין,0.0,32.8590833060804,35.0928376822774,-3.840262235134367,3243
shu_069,"שלי ת""א- רמת אביב ב",שופרסל,שופרסל שלי,69.0,טאגור 38,תל אביב יפו,6920340.0,32.107476,34.795951,5.693744044579322,3181
shu_070,שלי רמת גן-מרום נווה,שופרסל,שופרסל שלי,70.0,"תרצה 19 ר""ג",רמת גן,5236431.0,32.071648,34.830577,5.661022939760477,3222
shu_071,יוניברס תל חנן  נשר,שופרסל,יוניברס,71.0,בר יהודה 147,נשר,3688306.0,32.7804467,35.0380194,-5.0426858564533195,2840
shu_072,שלי רעות,שופרסל,שופרסל שלי,72.0,חבל מודיעין,מודיעין מכבים רעות,71908.0,31.887127426466417,35.018523115256244,5.568860516148996,3165
shu_073,יש חסד אשדוד,שופרסל,יש חסד,73.0,חנה סנש 9,אשדוד,7747303.0,31.7998277,34.6623938,-14.411157098766424,1862
shu_076,דיל אריאל,שופרסל,שופרסל דיל,76.0,רח' מוריה,אריאל,0.0,32.10235580000001,35.2061426,-3.9394592826048354,3166
shu_077,דיל  חריש,שופרסל,שופרסל דיל,77.0,דרך ארץ,חריש,0.0,32.470755701829056,35.03926815409079,-4.235071054039737,2690
shu_078,יש הר נוף ירושלים-שאולזו,שופרסל,יש בשכונה,78.0,שאולזון 56,ירושלים,9540057.0,31.7861401,35.1737005,-4.035569405976806,1581
shu_079,אקספרס חריש,שופרסל,שופרסל אקספרס,79.0,נחשול 30,חריש,3786100.0,32.4625603287282,35.046575814361255,11.821073821571762,2332
shu_080,"שלי ראשל""צ- נווה הדרים",שופרסל,שופרסל שלי,80.0,ברנשטיין 2,ראשון לציון,7550302.0,31.960039,34.817174,5.631156895724324,2830
shu_081,יש חסד מודיעין עלית דרום,שופרסל,יש חסד,81.0,שערי תשובה 3,מודיעין עילית,0.0,31.927326714471672,35.03835288104565,-14.48563737811953,1708
shu_082,אקספרס חולון,שופרסל,שופרסל אקספרס,82.0,שמריהו לוין 2,חולון,0.0,32.0180655,34.7706369,12.2620175103296,3012
shu_083,"דיל ב""ש- שאול המלך",שופרסל,שופרסל דיל,83.0,קניון שאול המלך,באר שבע,8446811.0,31.2621396,34.776395,-4.197050933207462,2803
shu_084,אקספרס בית חשמונאי,שופרסל,שופרסל אקספרס,84.0,אקספרס בית חשמונאי,ביתחשמונאי,0.0,31.889624,34.9173131,12.033121589648559,2314
shu_087,דיל רעננה- החרושת,שופרסל,שופרסל דיל,87.0,החרושת 8,רעננה,4365704.0,32.1931117,34.8816089,-3.980175481397618,3218
shu_089,דיל עזריאלי - רמלה,שופרסל,שופרסל דיל,89.0,שמשון הגיבור 32,רמלה,72500.0,31.9257367,34.8638844,-3.9841934006504145,2877
shu_090,אקספרס גב ים באר שבע,שופרסל,שופרסל אקספרס,90.0,האנרגיה 77,באר שבע,0.0,31.2636026,34.8112207,12.287943583764934,2082
shu_091,יוניברס עמק חפר- אזור תעשיה,שופרסל,יוניברס,91.0,א.ת. עמק חפר,חדרה,3877701.0,32.4013889,34.9019444,-5.121427254630707,2697
shu_092,דיל אשדוד- שבט לוי,שופרסל,שופרסל דיל,92.0,שבט לוי 12,אשדוד,0.0,31.778083,34.6356393,-4.013549066116017,2829
shu_093,שלי יהוד- סביונים,שופרסל,שופרסל שלי,93.0,דרך משה דיין 7,יהוד מונוסון,5645001.0,32.0303568,34.8782129,5.297987758449713,2714
shu_095,דיל חדרה- קניון אורות,שופרסל,שופרסל דיל,95.0,1ניון אורות,אור עקיבא,3060000.0,32.501976,34.9270172,-3.8233883658122396,3164
shu_096,דיל חדרה- הפרדס,שופרסל,שופרסל דיל,96.0,קניון גני הדרים,חדרה,3849207.0,32.41586814403237,34.95187903689265,-4.253338988067731,2624
shu_097,דיל קרית שמונה- מתחם ביג,שופרסל,שופרסל דיל,97.0,מתחם ביג,קרית שמונה,1162401.0,33.19169979999999,35.5707447,-4.186384336864226,3108
shu_098,דיל קרית טבעון- אלונים,שופרסל,שופרסל דיל,98.0,חוצות אלונים,טבעון,3604701.0,32.7146161,35.1252205,-4.140952409190355,3027
shu_101,שלי הוד השרון- ק מרגלית,שופרסל,שופרסל שלי,101.0,נחליאלי 2,הוד השרון,4535502.0,32.14339427602499,34.892095081057384,5.57811563796099,2950
shu_102,שלי פרדסיה- הנשיא,שופרסל,שופרסל שלי,102.0,הנשיא 1 צ.פרדסיה,פרדסיה,4281500.0,32.3044377,34.903248,6.565806150411745,3445
shu_103,שלי שוהם- מרכז מסחרי,שופרסל,שופרסל שלי,103.0,מרכז מסחרי,שוהם,6083530.0,31.9991264,34.9472744,5.385129957372591,2959
shu_104,"שלי פ""ת- גד מכנס",שופרסל,שופרסל שלי,104.0,רוטשילד 180,פתח תקווה,9435700.0,32.077118,34.886727,5.120701414968918,2530
shu_105,"דיל פ""ת- אליעזר פרדימן",שופרסל,שופרסל דיל,105.0,אליעזר פרידמן 9,פתח תקווה,4941916.0,32.0798866,34.9023987,-4.403469409129887,3094
shu_106,יוניברס נס ציונה - הפטיש,שופרסל,יוניברס,106.0,"הפטיש 8,א.ת.",נס ציונה,7404730.0,31.9218546,34.7928326,-5.081430247776893,2772
shu_109,שלי ראש העין- ז'בוטינסקי,שופרסל,שופרסל שלי,109.0,גבעת טל,ראש העין,4857301.0,32.0925903,34.9662017,5.736519921445754,3082
shu_110,"דיל הפארק ב""ש",שופרסל,שופרסל דיל,110.0,20 נחל פרת,באר שבע,,31.2307493,34.8230902,-4.0860311264417,2766
shu_111,יש חסד טבריה עלית-לב האג,שופרסל,יש חסד,111.0,לב האגם 10,טבריה,14431.0,32.7795991,35.51695309999999,-14.542519743736205,1675
shu_113,"דיל ראשל""צ- גולדה מאיר",שופרסל,שופרסל דיל,113.0,גולדה מאיר 1,ראשון לציון,7549050.0,31.967552,34.7852707,-4.092881200776796,3009
shu_114,דילירושלים- גילה,שופרסל,שופרסל דיל,114.0,צביה ויצחק 17,ירושלים,9384014.0,31.73148,35.186812,-4.049644278146859,3296
shu_116,שלי גבעתיים- מכתש,שופרסל,שופרסל שלי,116.0,בורוכוב 54,גבעתיים,5322205.0,32.07962235584178,34.80999527078125,5.518151889499358,2864
shu_117,שלי תל אביב-איכילוב,שופרסל,שופרסל שלי,117.0,ויצמן 6,תל אביב יפו,6423914.0,32.08066989803344,34.790138601474546,5.5014593410542005,2855
shu_118,דיל אילת  הסתת,שופרסל,שופרסל דיל,118.0,הסתת 15 א תעשיה,אילת,8850415.0,29.5683498,34.9597588,-16.05252958048833,3387
shu_119,דיל מודיעין- סנטר,שופרסל,שופרסל דיל,119.0,צאלון   21,מודיעין מכבים רעות,0.0,31.9060575,35.0171739,-4.1791810712124775,2687
shu_121,יוניברס נהריה- לוחמי הגטאות,שופרסל,יוניברס,121.0,לוחמי הגטאות 36,נהריה,2244744.0,33.0011199,35.09698059999999,-5.020893176164263,3312
shu_122,דיל יבנה- ברוש דרך הים,שופרסל,שופרסל דיל,122.0,דרך הים 3,יבנה,8157014.0,31.8643673,34.7264833,-3.9193836543595415,3261
shu_123,דיל חולון- גולדה,שופרסל,שופרסל דיל,123.0,גולדה מאיר  7,חולון,5839101.0,32.0128283,34.7790294,-4.059217401173685,3148
shu_124,יוניברס בת ים- אורט ישראל,שופרסל,יוניברס,124.0,אורט ישראל 25,בת ים,5959036.0,32.00892,34.746448,-5.148017243773852,3308
shu_127,אקספרס טירת הכרמל,שופרסל,שופרסל אקספרס,127.0,הדולפין 1,טירת הכרמל,0.0,32.762127,34.97298,11.484211356851187,2075
shu_128,יוניברס טירת הכרמל- נחום חת,שופרסל,יוניברס,128.0,נחום חת 5,טירת הכרמל,35085.0,32.7830105,34.9601418,-5.2111996971886505,2740
shu_129,יוניברס נתניה- המלאכה,שופרסל,יוניברס,129.0,רח' המלאכה 32,נתניה,4250567.0,32.28540284693322,34.860423865721465,-5.433085283030751,2646
shu_130,דיל נתניה- קלאוזנר עמליה,שופרסל,שופרסל דיל,130.0,קלאוזנר 1,נתניה,0.0,32.30877746903207,34.875715239875355,-4.1254868353419605,2925
shu_131,אקספרס הוד השרון,שופרסל,שופרסל אקספרס,131.0,סוקולוב 37,הוד השרון,0.0,32.16571225904715,34.90176208105864,11.820848793459072,2195
shu_133,"יש חסד ביתר עילית-  הר""ן",שופרסל,יש חסד,133.0,"הר""ן 6 פינת פנים המאירים",ביתר עילית,9056506.0,31.7043471,35.1175965,-14.78274783935559,1661
shu_134,יוניברס מודיעין- ישפרו סנטר,שופרסל,יוניברס,134.0,ישפרו סנטר,מודיעין מכבים רעות,0.0,31.889990997218607,34.96250670987946,-5.34328721359558,2693
shu_135,יוניברס אשקלון- פאור סנטר,שופרסל,יוניברס,135.0,צומת כפר סילבר,אשקלון,7929500.0,31.6748007,34.6060214,-5.229319398433135,2724
shu_139,דיל צפת-  דובק ויצמן,שופרסל,שופרסל דיל,139.0,ויצמן 20,צפת,1321736.0,32.9576669,35.4979823,-3.858008426746055,3194
shu_140,אקספרס תל חי,שופרסל,שופרסל אקספרס,140.0,תל חי 40,תל אביב יפו,0.0,32.07699716489422,34.77626703687426,12.008466076336218,2228
shu_141,דיל יוקנעם- שדרות רבין,שופרסל,שופרסל דיל,141.0,שדרות רבין 9,יקנעם,2060000.0,32.6424195,35.0924242,-3.7876697516423423,3270
shu_142,דיל זכרון- המייסדים,שופרסל,שופרסל דיל,142.0,המייסדים,זכרון יעקב,3095067.0,32.5730214,34.9540304,-4.058059649651086,3257
shu_144,דיל שבירו כפר סבא,שופרסל,שופרסל דיל,144.0,רפפורט 6,כפר סבא,,32.1920475,34.8916444,-4.375611929091616,2600
shu_147,אקספרס זכרון,שופרסל,שופרסל אקספרס,147.0,ההנפה,זכרון יעקב,0.0,32.5686035,34.9551162,11.75785774307374,2638
shu_148,אקספרסמלצר רחובות,שופרסל,שופרסל אקספרס,148.0,מלצר 20,רחובות,0.0,31.90295469240869,34.82667939524262,12.528376357081987,2245
shu_150,"אקספרס רודנסקי ת""א",שופרסל,שופרסל אקספרס,150.0,רודנסקי 5,תל אביב יפו,,32.1206979,34.7927823,11.188857986412893,2364
shu_151,דיל רעננה- קניון רננים,שופרסל,שופרסל דיל,151.0,רח.המלאכה 2,רעננה,4366101.0,32.1974692,34.8791319,-4.3228442361889075,2645
shu_152,דיל ערד- ישפרו המנוף,שופרסל,שופרסל דיל,152.0,המנוף 7,ערד,8909460.0,31.2482662,35.1958045,-4.03806026762989,3019
shu_153,דיל אופקים- ז'בוטינסקי,שופרסל,שופרסל דיל,153.0,זבוטינסקי 25,אופקים,8759908.0,31.3182278,34.6253776,-4.039884449411623,3058
shu_155,דיל צור יגאל- מרכז מסחרי,שופרסל,שופרסל דיל,155.0,מרכז מסחרי,צור יגאל,4486400.0,32.2189326,34.9815343,-4.2165809451470615,2699
shu_159,דיל רמת הנשיא חיפה,שופרסל,שופרסל דיל,159.0,שלמה המלך 55,חיפה,0.0,32.8124983,34.9608358,-4.004674611455707,3074
shu_161,המפיץ סיטונאות אשדוד,שופרסל,Cash&Carry,161.0,הבושם 16,אשדוד,,31.82112871642435,34.66168908205065,-34.44655417547056,1133
shu_163,דיל שדרות- הפלדה,שופרסל,שופרסל דיל,163.0,הפלדה קניון אחים,שדרות,80100.0,31.5207301,34.594066,-3.7498545005505473,3144
shu_164,שלי רמת גן- ביאליק,שופרסל,שופרסל שלי,164.0,רח. ביאליק 76,רמת גן,5244136.0,32.0857925,34.8115272,6.717493809546315,3264
shu_166,יוניברס אקסטרה  אשדוד- הבושם,שופרסל,יוניברס,166.0,הבושם 7 א.ת. קלה,אשדוד,7761007.0,31.8180465,34.6622085,-5.2526330098593945,2744
shu_168,שלי אשדוד- כינרת,שופרסל,שופרסל שלי,168.0,"שכונת י""א כנרת",אשדוד,7770071.0,31.7844314,34.6340866,6.966226009655348,3577
shu_169,אקספרס באר שבע,שופרסל,שופרסל אקספרס,169.0,אפרים לרון 20,באר שבע,0.0,31.231108299883353,34.767196173445065,12.197069977862766,2818
shu_171,אקספרס אוסטשינסקי,שופרסל,שופרסל אקספרס,171.0,אוסטשינסקי 15,כפר סבא,0.0,32.1722128,34.9043166,12.04112910925208,2584
shu_173,דיל כפר יונה,שופרסל,שופרסל דיל,173.0,נעמישמר,כפר יונה,0.0,32.320644,34.93599,-3.9427710543535346,3149
shu_174,דיל ערד- קניון,שופרסל,שופרסל דיל,174.0,הקנאים 29,ערד,8902342.0,31.2597999,35.2088394,-3.5599574351450105,3266
shu_176,שערי רווחה ירושלים,שופרסל,שערי רווחה,176.0,לואיס ברנדס 3,ירושלים,,31.79217,35.2099448,-13.122829992800904,1678
shu_177,דיל מצפה רמון- בן גוריון,שופרסל,שופרסל דיל,177.0,מרכז מסחרי,מצפה רמון,8060000.0,30.612762,34.802429,-4.170389788196061,2624
shu_179,"שופרסל אקספרס הרוא""ה רמת גן",שופרסל,שופרסל אקספרס,179.0,"רח' הרוא""ה 152",רמת גן,,32.074360359422805,34.82492058105363,11.86731531346407,2496
shu_180,דיל ק.מוצקין- בן גוריון,שופרסל,שופרסל דיל,180.0,שד' בן גוריון 84,קרית מוצקין,2642439.0,32.8406715,35.0804138,-4.280252455088475,2694
shu_181,דיל אשקלון- רמז,שופרסל,שופרסל דיל,181.0,דוד רמז 39,אשקלון,7853339.0,31.668009,34.5827367,-3.7989459457611114,3316
shu_182,יוניברס דימונה- גולדה מאיר,שופרסל,יוניברס,182.0,גולדה מאיר 1,דימונה,86000.0,31.074295,35.032371,-4.96251190272715,3341
shu_183,דיל אשדוד- הרצל,שופרסל,שופרסל דיל,183.0,1 רח' הרצל,אשדוד,7745401.0,31.7936909,34.64089420000001,-4.154517769310957,3124
shu_184,"דיל ראשל""צ- זבוטינסקי",שופרסל,שופרסל דיל,184.0,זבוטינסקי 16,ראשון לציון,,31.9615072,34.800662,-3.972008431653386,2934
shu_186,אקספרס התשבי,שופרסל,שופרסל אקספרס,186.0,התשבי 9,חיפה,0.0,32.81601250000001,34.9778335,11.356755636317512,1941
shu_187,דיל קניון מעלה אדומים,שופרסל,שופרסל דיל,187.0,דרך קדם 5,מעלה אדומים,0.0,31.771535222294382,35.29840181084888,-3.8812245342831537,3339
shu_188,דיל ירוחם- צבי בורנשטיין,שופרסל,שופרסל דיל,188.0,צבי בורנשטין,ירוחם,8050000.0,30.9883432,34.9272665,-4.089546608824476,2703
shu_189,דיל פרדס חנה,שופרסל,שופרסל דיל,189.0,14 רחוב הבנים,פרדס חנה כרכור,0.0,32.4728028,34.9742001,-4.083355230408692,3046
shu_190,דיל חצור- הגלילית,שופרסל,שופרסל דיל,190.0,קניון גליל עליון,חצור,1030000.0,32.9813889,35.5561111,-3.948576461029807,3071
shu_193,"שלי ראשל""צ- מזרח",שופרסל,שופרסל שלי,193.0,שד' יעקב 50,ראשון לציון,7550903.0,31.95908129999999,34.8020886,5.310273114442553,2623
shu_195,יוניברס קריון- דרך עכו,שופרסל,יוניברס,195.0,דרך עכו  192,קרית ביאליק,2723211.0,32.842769822419335,35.09225064900311,-5.123086979664975,2754
shu_199,דיל בת ים- בלפור,שופרסל,שופרסל דיל,199.0,בלפור 25,בת ים,0.0,32.0290122,34.745195,-3.5734319521532316,2728
shu_203,יוניברס רמלה לוד- הצופית,שופרסל,יוניברס,203.0,הצופית 40,רמלה,0.0,31.932199,34.8890965,-4.833822354030485,3437
shu_205,יוניברס יהוד- אלטלף,שופרסל,יוניברס,205.0,אלטלף 4 א.ת יהוד,יהוד מונוסון,5621604.0,32.0257949,34.9009857,-5.312466682223006,2646
shu_207,יש אור יהודה - אליהו סעדו,שופרסל,יש בשכונה,207.0,אליהו סעדון 128,אור יהודה,6039727.0,32.0257793,34.859212,-4.68823121390248,1471
shu_208,דיל אילת נחל אורה,שופרסל,שופרסל דיל,208.0,ירושלים השלמה 52,אילת,0.0,29.564247303079448,34.94564769017903,-16.718734855442996,2464
shu_209,דיל אשקלון- רוטשילד,שופרסל,שופרסל דיל,209.0,אדמונד רוטשילד 8,אשקלון,7822602.0,31.687853873915714,34.57894650736695,-4.397796247517222,2582
shu_210,"יוניברס ראשל""צ- שמוטקין",שופרסל,יוניברס,210.0,שמוטקין 30,ראשון לציון,7536333.0,31.9764175,34.8121871,-5.09302990148813,2737
shu_211,יוניברס כרמיאל- אזור התעשיה,שופרסל,יוניברס,211.0,א.ת חוצות כרמיאל,כרמיאל,2165006.0,32.92901620038814,35.325641428071066,-5.406951557844629,2703
shu_212,שלי חיפה- ורדיה,שופרסל,שופרסל שלי,212.0,ורדיה 10,חיפה,3465710.0,32.7949865,34.9963889,6.518234837787354,3210
shu_214,יוניברס קרית גת- מלכי ישראל,שופרסל,יוניברס,214.0,מלכי ישראל 178,קרית גת,8205002.0,31.603493329908446,34.75683013181416,-5.112297638597641,2710
shu_215,דיל בית שאן-ירושלים הבירה,שופרסל,שופרסל דיל,215.0,ירושלים הבירה,בית שאן,10900.0,32.4953548,35.4972484,-4.202659146013012,2734
shu_216,שלי הוד השרון,שופרסל,שופרסל שלי,216.0,2 הנשיאים,הוד השרון,0.0,32.16455867150475,34.90719852153541,6.620400894254507,3120
shu_218,יוניברס עפולה- יצחק רבין,שופרסל,יוניברס,218.0,שד' יצחק רבין 5,עפולה,1834171.0,32.6229362,35.3154373,-4.989306031164398,3392
shu_219,יש חסד בני ברק- עזרא,שופרסל,יש חסד,219.0,עזרה בני ברק,בני ברק,5155103.0,32.07937035994891,34.83843575221792,-14.422145348198923,1806
shu_222,"דיל רמות ב""ש ב'",שופרסל,שופרסל דיל,222.0,הערים התאומות 28,באר שבע,,31.2822648,34.80047930000001,-3.7868344958790634,3203
shu_224,"אקספרס ראשל""צ-נווה דקלים",שופרסל,שופרסל אקספרס,224.0,נווה דקלים 44,ראשון לציון,,31.9793122,34.7610407,11.98956303809438,2031
shu_226,דיל כרמיאל,שופרסל,שופרסל דיל,226.0,ההגנה 2,כרמיאל,0.0,32.905123868823516,35.281619728131595,-4.128690083140618,2805
shu_227,דיל-איקאה קרית אתא,שופרסל,שופרסל דיל,227.0,דרך חיפה 52,קרית אתא,0.0,32.808657,35.075575,-3.75798214478991,3347
shu_228,שלי בנימינה - הגביע,שופרסל,שופרסל שלי,228.0,הגביע 1,בנימינה,3056601.0,32.5175279,34.9403751,6.569055648466935,3098
shu_229,"דיל ת""א- יגאל אלון",שופרסל,שופרסל דיל,229.0,יגאל אלון 76,תל אביב יפו,6706701.0,32.0654728,34.793731,-3.962730582413932,3211
shu_230,"שלי כ""ס- ויצמן",שופרסל,שופרסל שלי,230.0,ויצמן 29,כפר סבא,4435227.0,32.1744564,34.9117835,6.450207186334964,2652
shu_231,אקספרס רעננה- רבקה גרובר,שופרסל,שופרסל אקספרס,231.0,רבקה גובר  7,רעננה,0.0,32.1939468,34.8503227,11.319319641340012,2260
shu_232,שלי צפת- מ.מסחר רמת רזים,שופרסל,שופרסל שלי,232.0,מרכז מסחרי רמת,צפת,1341219.0,32.9580793,35.498291,6.619165259950941,3078
shu_234,יש חסד רסידו,שופרסל,יש חסד,234.0,נהר הירדן,בית שמש,9902101.0,31.73639069999999,34.9929427,-14.38830314103722,1427
shu_236,אקספרס אילת שחמון,שופרסל,שופרסל אקספרס,236.0,ששת הימים 310,אילת,0.0,29.547332,34.935701,-7.509863413068756,2362
shu_238,דיל באר יעקב,שופרסל,שופרסל דיל,238.0,רח' שא - נס 17,באר יעקב,0.0,31.9419763693318,34.8339142712638,-4.057996366351079,2866
shu_239,אקספרס יפו- הדרור,שופרסל,שופרסל אקספרס,239.0,הדרור 2,תל אביב יפו,0.0,32.051084683019006,34.753867681052334,11.925421563840098,1924
shu_240,דיל רהט,שופרסל,שופרסל דיל,240.0,מרכז מסחרי רהט,רהט,8535700.0,31.39467,34.7538711,-2.7206379887529444,3209
shu_241,יוניברס בני ברק איילון,שופרסל,יוניברס,241.0,"הלח""י 28",בני ברק,5120045.0,32.1029795757971,34.83670992523469,-5.122047340127905,2748
shu_244,יוניברס גלילות רמתהשרון,שופרסל,יוניברס,244.0,צומת גלילות,רמת השרון,47100.0,32.1464078,34.8041896,-5.360365354276432,2695
shu_245,דיל ירושלים- פסגת זאב,שופרסל,שופרסל דיל,245.0,שד' משה דין 106,ירושלים,9783701.0,31.824335677432572,35.23726816754773,-4.215839099135869,2687
shu_247,שלי חולון- רבינוביץ,שופרסל,שופרסל שלי,247.0,רבינוביץ 58,חולון,5867256.0,31.9970439,34.773446,6.937260349263075,3511
shu_248,"דיל ב""ש- נווה מנחם",שופרסל,שופרסל דיל,248.0,החשמונאים 15,באר שבע,8452015.0,31.26761,34.760164,-3.8422187244903716,3147
shu_249,דיל נתניה- פולג,שופרסל,שופרסל דיל,249.0,גיבורי ישראל 5,נתניה,4250409.0,32.321458,34.853196,-4.278969663048874,2677
shu_250,קריית שמונה,שופרסל,שופרסל דיל,250.0,"צומת המצודות, קריית שמונה",קרית שמונה,1162401.0,33.22297820000001,35.576867,-4.040711610749804,3083
shu_251,יוניברס עפולה- כורש,שופרסל,יוניברס,251.0,כורש 5,עפולה,1831007.0,32.6099152,35.2937306,-4.974397680346061,3292
shu_254,דיל כרמי גת,שופרסל,שופרסל דיל,254.0,1 אבני חושן,קרית גת,0.0,31.6250003420226,34.7761371119927,-3.6206911111176887,3502
shu_255,דיל כפר תבור,שופרסל,שופרסל דיל,255.0,4 רחוב הבזלת,כפר תבור,0.0,32.6949958,35.41860580000001,-3.9999008755682883,2705
shu_259,"יוניברס גזית כ""ס- ויצמן",שופרסל,יוניברס,259.0,ויצמן 300 מתחם G,כפר סבא,4439656.0,32.1725965,34.9295905,-5.383803407882315,2673
shu_260,דיל ירושלים-קניון תלפיות,שופרסל,שופרסל דיל,260.0,האומן 17,ירושלים,9342111.0,31.75080622236997,35.20910448658995,-3.942951484733692,3265
shu_262,שלי מזכרת בתיה- בגין,שופרסל,שופרסל שלי,262.0,שד' מנחם בגין 2,מזכרת בתיה,7680400.0,31.8501486,34.8405332,5.1415678963118365,2593
shu_263,שופרסל אקספרס מקס ברוד,שופרסל,שופרסל אקספרס,263.0,רח' מקס ברוד 34,תל אביב יפו,0.0,32.1269193,34.8299441,11.382075377544714,2618
shu_265,אקספרס חולון - זלמן ארן,שופרסל,שופרסל אקספרס,265.0,זלמן ארן 1,חולון,0.0,32.0202794,34.7679239,11.441418593107626,1905
shu_266,שלי רזין אילת,שופרסל,שופרסל שלי,266.0,רח' שדרות התמרים 37,אילת,0.0,29.557669,34.951925,-8.811938165690968,2529
shu_267,דיל קצרין- חרמון,שופרסל,שופרסל דיל,267.0,חרמון 7 א ת.,קצרין,1290000.0,32.99083,35.7086193,-3.7698766080518875,3180
shu_269,"יוניברס פ""ת- סגולה",שופרסל,יוניברס,269.0,הרב מסעוד אשר20א,פתח תקווה,4900519.0,32.0999994,34.89518450000001,-5.148687432352951,2781
shu_271,שלירחובות- יעקובי,שופרסל,שופרסל שלי,271.0,פנחס יעקובי 1,רחובות,0.0,31.8820899,34.8147164,6.569712920616347,3660
shu_272,שלי גבעתיים- ויצמן,שופרסל,שופרסל שלי,272.0,ויצמן 20,גבעתיים,5339005.0,32.0741055,34.8083823,5.227678524255622,2662
shu_274,"אקספרס ת""א- פלורנטין",שופרסל,שופרסל אקספרס,274.0,פלורנטין 27,תל אביב יפו,,32.0562844,34.7697156,12.000482466973676,2492
shu_276,"יוניברס אמט""ל רחובות",שופרסל,יוניברס,276.0,רח משה יתום  46,רחובות,76396.0,31.892102268699436,34.78972419823861,-5.2363244197724885,2729
shu_277,אקספרס.בני בנימין הרצליה,שופרסל,שופרסל אקספרס,277.0,בני בנימין 23,הרצליה,,32.1722076,34.8405805,11.682610218631135,2535
shu_278,"שלי פ""ת -העצמאות",שופרסל,שופרסל שלי,278.0,העצמאות 65,פתח תקווה,4937999.0,32.074364,34.8696498,5.156249222062974,2754
shu_279,"אקספרס-ת""א דרויאנוב",שופרסל,שופרסל אקספרס,279.0,רח' דרויאנוב 5,תל אביב יפו,,32.076927,34.771436,12.034725906256073,2504
shu_281,דיל מגדל העמק- המדע,שופרסל,שופרסל דיל,281.0,שד' מדע 77,מגדל העמק,0.0,32.678340618715644,35.24339289457904,-4.311157973947548,2883
shu_282,דיל צומת גבעת מרדכי,שופרסל,שופרסל דיל,282.0,"רח' שחר 79, ירושלים.",ירושלים,7692000.0,31.7662887672684,35.1946045677783,-3.960223082630863,3257
shu_283,"יוניברס קרית עקרון- ביל""ו",שופרסל,יוניברס,283.0,"מ.תדיראן,ק.עקרון",רחובות,7692000.0,31.86123199999999,34.817667,-5.231460249655226,2614
shu_284,שלי תל מונד- הדקל,שופרסל,שופרסל שלי,284.0,הדקל 49,תל מונד,4060049.0,32.2535587,34.9180425,6.451906149304225,2965
shu_285,"אקספרס סוקולוב פ""ת",שופרסל,שופרסל אקספרס,285.0,סוקולוב 26,פתח תקווה,,32.0913108,34.8933094,11.912827591430755,2596
shu_287,שלי גבעתיים-שביט,שופרסל,שופרסל שלי,287.0,עמישב 45,גבעתיים,5348832.0,32.061882315062036,34.80641679454527,6.685054442504376,3389
shu_288,יש רחובות- סירני,שופרסל,יש בשכונה,288.0,חיים סרני 1,רחובות,7626902.0,31.8933255,34.8215304,-4.1751886886512635,1472
shu_290,"דיל  פ""ת- יכין סנטר",שופרסל,שופרסל דיל,290.0,יצחק רבין 17,פתח תקווה,4951711.0,32.0878644,34.8597884,-3.969642466223701,2745
shu_295,יש חסד בני ברק-שלמה המלך,שופרסל,יש חסד,295.0,שלמה המלך   12,בני ברק,5155205.0,32.0788954720735,34.840556679202564,-14.062659110308068,1655
shu_296,"אקספרס פ""ת רחל המשוררת",שופרסל,שופרסל אקספרס,296.0,רחל המשוררת 29,פתח תקווה,,32.0841111,34.8954469,11.90886928042081,2426
shu_297,יוניברס חדרה- ארבע האגודות,שופרסל,יוניברס,297.0,ארבע אגודות 1,חדרה,3843101.0,32.435374045372974,34.90872722155019,-5.298912445264605,2680
shu_299,אקספרס הוד השרון,שופרסל,שופרסל אקספרס,299.0,חנקין 12,הוד השרון,0.0,32.159863731409594,34.90509873687872,11.675886183779012,2138
shu_300,יש חסד בארות יצחק- פאוור,שופרסל,יש חסד,300.0,בארות יצחק,בארות יצחק,0.0,32.0468299,34.90857150000001,-13.95522109170337,1941
shu_301,אקספרס אחי מאיר,שופרסל,שופרסל אקספרס,301.0,1 אחי מאיר,תל אביב יפו,0.0,32.1253734,34.7984514,11.84301949264803,2832
shu_302,שלי חיפה- קלר,שופרסל,שופרסל שלי,302.0,קלר 7,חיפה,3448314.0,32.802313,34.9831698,4.911143223426306,2563
shu_303,אקספרס טבעון - יהודה הנשיא,שופרסל,שופרסל אקספרס,303.0,יהודה הנשיא,קרית טבעון,3604701.0,32.7146161,35.1252205,12.003480352227982,2821
shu_305,"אקספרסת""א- יהודה המכבי",שופרסל,שופרסל אקספרס,305.0,יהודה מכבי 81,תל אביב יפו,,32.094182,34.7928439,11.96023747132916,3026
shu_306,יש נוה שאנן חיפה- חניתה,שופרסל,יש בשכונה,306.0,רח' חניתה 64,חיפה,3244411.0,32.7900282,35.0136973,-4.556435223762719,1622
shu_307,יש קרית אתא- זבולון,שופרסל,יש בשכונה,307.0,רח.זבולון 4,קרית אתא,2806007.0,32.805805,35.1030579,-4.577509093283092,1608
shu_308,שלי קרית אתא- איינשטין,שופרסל,שופרסל שלי,308.0,איינשטיין 20,קרית אתא,2805152.0,32.809144,35.119773,6.671844813789313,3132
shu_310,שלי קרית חיים- דגניה,שופרסל,שופרסל שלי,310.0,ד.דגניה 14,קרית חיים,2621019.0,32.8287419,35.0601773,6.5200034069049995,2504
shu_311,אקספרס רחובות- בוסתנאי,שופרסל,שופרסל אקספרס,311.0,בוסתנאי 14,רחובות,0.0,31.9035165,34.8122607,12.176938880571424,2298
shu_312,דיל חיפה- קרית אליעזר,שופרסל,שופרסל דיל,312.0,ככר מאירהוף,חיפה,35154.0,32.827336,34.982659,-3.895035247690731,3261
shu_313,"שלי קרית חיים-אח""י אילת",שופרסל,שופרסל שלי,313.0,"שד.אח""י אילת 20",קרית חיים,2626907.0,32.821635,35.069351,6.926747654409957,3399
shu_314,יש חיפה- צרפת,שופרסל,יש בשכונה,314.0,דרך צרפת 11,חיפה,3559602.0,32.8204746,34.9593184,-4.616227724882633,1390
shu_315,אקספרס כפר נטר,שופרסל,שופרסל אקספרס,315.0,ההדרים 17,כפר נטר,0.0,32.2735829,34.8740584,12.042562123849548,2327
shu_316,דיל קרית מוצקין-שד ויצמן,שופרסל,שופרסל דיל,316.0,ד.ויצמן 1,קרית מוצקין,2635101.0,32.8334852,35.0738389,-4.063809884451688,2775
shu_317,אקספרס גבעת עדה,שופרסל,שופרסל אקספרס,317.0,חי 67,גבעת עדה,0.0,32.5172326,35.0065338,11.735664504956222,2360
shu_318,אקספרס חולון - וולפסון,שופרסל,שופרסל אקספרס,318.0,הלוחמים 62,חולון,0.0,32.0362056,34.7620058,11.718774838689628,2098
shu_319,שלי עכו- שפירא,שופרסל,שופרסל שלי,319.0,רח.משה שפירא 28,עכו,2440929.0,32.933052,35.082678,7.104898432002582,3297
shu_320,דיל האגס,שופרסל,שופרסל דיל,320.0,מנגו 2,אשדוד,,31.771243919412953,34.63870361059071,-4.295382700920833,2692
shu_325,אקספרס ששת הימים נס ציונ,שופרסל,שופרסל אקספרס,325.0,ששת הימים 1,נס ציונה,0.0,31.936063,34.7964159,11.850647880941926,2761
shu_326,שלי נהריה- הגעתון,שופרסל,שופרסל שלי,326.0,רח.הרצל-שד.הגעתו,נהריה,2240029.0,33.0067252,35.0964972,5.1651083268555436,2635
shu_327,אקספרס חיפה- ראול ולנברג,שופרסל,שופרסל אקספרס,327.0,ראול וולנברג 9,חיפה,3499009.0,32.7797806,34.9851863,11.23006471347509,1873
shu_329,יש  יוקנעם עילית- היובלים,שופרסל,יש בשכונה,329.0,מ.מסחרי יקנעם על,יוקנעם,20692.0,32.660225,35.104606,-5.267416789903807,1466
shu_330,שלי חיפה- נתיב חן,שופרסל,שופרסל שלי,330.0,"נתיב חן 1,נוה שא",חיפה,3224001.0,32.7959783,35.0099278,6.664212938319787,3427
shu_333,שלי חיפה- אורן,שופרסל,שופרסל שלי,333.0,רח.אורן 25 רוממה,חיפה,3473402.0,32.7848302,34.9965532,4.974441455518468,2459
shu_334,"אקספרס פ""ת - שפירא",שופרסל,שופרסל אקספרס,334.0,"קק""ל 35",פתח תקווה,,32.08055875140699,34.88719255221802,12.089693260557636,2462
shu_335,"אקספרס כ""ס- בן גוריון",שופרסל,שופרסל אקספרס,335.0,בן גוריון 35,כפר סבא,,32.17279784361976,34.907165994551235,11.280769995713166,1915
shu_336,שלי חיפה- רמות ספיר,שופרסל,שופרסל שלי,336.0,רח' גוט לוין 48,חיפה,3292240.0,32.7860722,35.0046155,5.1248810870360835,2497
shu_338,אקספרס כוכב הצפון,שופרסל,שופרסל אקספרס,338.0,בוני העיר 9,תל אביב יפו,0.0,32.101499,34.785787,11.604298937348805,2798
shu_339,דיל טבריה- העמקים,שופרסל,שופרסל דיל,339.0,העמקים 1,טבריה,1420401.0,32.7892614,35.5351425,-4.0985486675905705,3267
shu_340,"אקספרס ת""א- זריצקי",שופרסל,שופרסל אקספרס,340.0,זריצקי 4,תל אביב יפו,,32.1144509,34.7912523,11.631466243115273,2869
shu_341,"אקספרס רמת גן- הרוא""ה",שופרסל,שופרסל אקספרס,341.0,"הרוא""ה 131",רמת גן,,32.079230311202544,34.82516803268583,11.69138977355557,2778
shu_342,דיל כרמיאל- קניון לב,שופרסל,שופרסל דיל,342.0,מורד הגיא 100,כרמיאל,2192401.0,32.908214463079375,35.29371733536555,-4.0810300907938535,2880
shu_343,שלי ראש העין- ברקן,שופרסל,שופרסל שלי,343.0,בזק 1 פינת ברקן,ראש העין,4863016.0,32.09353830000001,34.9738092,5.032783626507881,2640
shu_344,דיל מעלות- דרך האלוף עוז,שופרסל,שופרסל דיל,344.0,קניון כוכב הצפון,מעלות תרשיחא,21020.0,33.0191612,35.2829704,-3.9612412381586304,3018
shu_347,אקספרס גדרה- דרך הפרחים,שופרסל,שופרסל אקספרס,347.0,דרך הפרחים 38,גדרה,0.0,31.809980934806497,34.78448505220345,12.23236269799965,2493
shu_348,"אקספרס פ""ת- קק""ל",שופרסל,שופרסל אקספרס,348.0,"קק""ל 2",פתח תקווה,,32.079448353771184,34.882942424751185,12.051886305277971,2086
shu_349,יש חסד צפת- כנען,שופרסל,יש חסד,349.0,הר כנען,צפת,13200.0,32.9715869,35.5050237,-14.423430842039114,1745
shu_350,דיל גבעת אולגה-הרב ניסים,שופרסל,שופרסל דיל,350.0,שד' ברוך בוארון1,גבעת אולגה,0.0,32.440414912915884,34.8832403579008,-4.042204555294864,2945
shu_353,אקספרס יותם,שופרסל,שופרסל אקספרס,353.0,יותם 20,חיפה,0.0,32.7924878,34.9879275,11.704884384603618,1746
shu_354,"'אקספרס ת""א- קינג ג'ורג",שופרסל,שופרסל אקספרס,354.0,קינג ג'ורג' 58,תל אביב יפו,,32.0752118,34.7763521,11.958213136273859,1690
shu_357,דיל צורן קדימה- לב השרון,שופרסל,שופרסל דיל,357.0,דרך לב השרון 422,צורן,4282300.0,32.2879702,34.9458451,-3.746731864897844,2851
shu_359,דיל חיפה- גרנד קניון,שופרסל,שופרסל דיל,359.0,שמחה גולן 54,חיפה,3299001.0,32.789635,35.0088946,-3.9127040161720914,3264
shu_360,"אקספרס מאירוביץ ראשל""צ",שופרסל,שופרסל אקספרס,360.0,מאירוביץ 17,ראשון לציון,,31.9586614,34.8083768,12.2806279386688,2904
shu_361,דיל מגדל העמק- א ת דרומי,שופרסל,שופרסל דיל,361.0,אזור התעשייה ב,מגדל העמק,2353021.0,32.6782684,35.2433929,-4.059553297147661,3119
shu_362,אקספרס קרן היסוד ירושלים,שופרסל,שופרסל אקספרס,362.0,קרן היסוד 27,ירושלים,0.0,31.77341109999999,35.2201442,12.1485013781146,2195
shu_364,יש חסד בית וגן,שופרסל,יש חסד,364.0,1 זנגוויל,ירושלים,,31.76797599999999,35.1789844,-14.528474518152809,1805
shu_365,שלי פרדס חנה כרכור- קדמה,שופרסל,שופרסל שלי,365.0,דרך הקידמה צמרת,פרדס חנה כרכור,3707307.0,32.4748111,34.9976808,6.246864358853169,2594
shu_366,שלי כפר ורדים- מרכז מסחר,שופרסל,שופרסל שלי,366.0,מרכז מסחרי כפר ו,כפר ורדים,2451700.0,32.9955566,35.2755959,6.208679573842052,2602
shu_368,אקספרס-נשר מרגנית,שופרסל,שופרסל אקספרס,368.0,נשר המרגנית 1,חיפה,0.0,32.7721793,35.045039,11.927731917762715,2367
shu_369,שלי שוהם- תרשיש,שופרסל,שופרסל שלי,369.0,עמק איילון פינת,שוהם,6080001.0,31.9938747,34.9458434,6.21977137905777,3182
shu_371,שלי ברניצקי,שופרסל,שופרסל שלי,371.0,נתן ברניצקי 13,ראשון לציון,0.0,31.9589758,34.7994432,5.732896682695014,2722
shu_372,אקספרס בת ים- חשמונאים,שופרסל,שופרסל אקספרס,372.0,החשמונאים 41,בת ים,0.0,32.0184307,34.7511524,10.175223433618086,2353
shu_374,שלי הרצליה- הבנים,שופרסל,שופרסל שלי,374.0,הבנים 46,הרצליה,4637948.0,32.1629121,34.8505207,6.620945124793537,2552
shu_375,"אקספרס כ""ס- הגליל",שופרסל,שופרסל אקספרס,375.0,הגליל 58,כפר סבא,,32.1791943235464,34.9188273528995,12.043476257299535,2897
shu_376,אקספרס רעננה- משה דיין,שופרסל,שופרסל אקספרס,376.0,משה דיין 8,רעננה,0.0,32.1816708,34.8630715,12.05144334989178,2744
shu_377,אקספרס ירושלים- הדסה,שופרסל,שופרסל אקספרס,377.0,בית חולים הדסה,ירושלים,0.0,31.766161,35.1477105,12.012265672055335,2209
shu_379,אקספרס גבעתיים- כצנלסון,שופרסל,שופרסל אקספרס,379.0,כצנלסון 19,גבעתיים,0.0,32.0754177,34.8037801,12.356278692455886,1929
shu_380,"אקספרס ת""א- מרמורק",שופרסל,שופרסל אקספרס,380.0,מרמורק 10,תל אביב יפו,,32.0715654,34.7798863,11.836046536629889,2182
shu_382,"אקספרס פ""ת- היבנר",שופרסל,שופרסל אקספרס,382.0,היבנר 29,פתח תקווה,,32.0801654,34.8753501,11.698089376813021,3001
shu_384,אקספרס קרית ביאליק,שופרסל,שופרסל אקספרס,384.0,שדרות ירושלים 15,קרית ביאליק,0.0,32.82382747365335,35.081455223423,12.30101359198496,2206
shu_385,אקספרס מאיר יערי תל אביב,שופרסל,שופרסל אקספרס,385.0,מאיר יערי 19,תל אביב יפו,0.0,32.1000821,34.7888717,11.632226503654833,2814
shu_388,אקספרס דניה,שופרסל,שופרסל אקספרס,388.0,חיים הזז 5,חיפה,0.0,32.7669868,35.0133399,11.59503790062398,2712
shu_390,שופרסל אקספרס אם המושבות,שופרסל,שופרסל אקספרס,390.0,יעל רום 8,פתח תקווה,0.0,32.09828313966387,34.88080126756258,10.079393711299296,2295
shu_391,אקספרס אלקנה,שופרסל,שופרסל אקספרס,391.0,אלנקווה,אלנקווה,0.0,32.1114006079443,35.0359992054912,11.991294257771715,1966
shu_393,אקספרס להבים באר שבע,שופרסל,שופרסל אקספרס,393.0,שדרות הרימון,באר שבע,0.0,31.286821474663146,34.80024987934792,11.200684666015123,1891
shu_394,אקספרס הכרמל כפר סבא,שופרסל,שופרסל אקספרס,394.0,הגליל 31,כפר סבא,0.0,32.178432,34.9070416,11.982768240313918,2815
shu_396,דיל הקדר נתניה,שופרסל,שופרסל דיל,396.0,האורזים 2,נתניה,0.0,32.3226356,34.8734588,-3.659735771428589,3266
shu_397,אקספרס פארק עפולה,שופרסל,שופרסל אקספרס,397.0,רובע יזרעאל,עפולה,0.0,32.6169255,35.3088978,12.180487602997921,2914
shu_398,אקספרס אגמים,שופרסל,שופרסל אקספרס,398.0,73 עמק יזרעאל,אשקלון,,31.6512292362506,34.5694450700742,12.088015151556213,2546
shu_400,אקספרס שבזיראש העין,שופרסל,שופרסל אקספרס,400.0,שלמה שבזי 172,ראש העין,0.0,32.090304,34.947393,11.869788941314225,2399
shu_444,"אקספרס.ב""ש אביסרור",שופרסל,שופרסל אקספרס,444.0,רח' יעקב כהן 8,באר שבע,,31.253941682893537,34.797660267517294,11.51064000563019,2937
shu_445,אקספרס רחובות,שופרסל,שופרסל אקספרס,445.0,רח' יעקב 41,רחובות,0.0,31.8943652,34.8115292,12.549363961405565,2453
shu_448,שערי רווחה,שופרסל,שערי רווחה,448.0,25 ירמיהו,ירושלים,9446710.0,31.7919167,35.2045525,-12.593211784403515,1657
shu_477,אקספרס הציפורים מודיעין,שופרסל,שופרסל אקספרס,477.0,2 החסידה,מודיעין מכבים רעות,0.0,31.8960237,34.9964661,12.053777346534446,2482
shu_478,אקספרס גדרה,שופרסל,שופרסל אקספרס,478.0,דרך האילנות 41,גדרה,0.0,31.80472766049253,34.790687765695445,11.80578658492123,2036
shu_479,אקספרס בר אילן,שופרסל,שופרסל אקספרס,479.0,בר אילן 24,רעננה,0.0,32.0691989,34.8430876,11.649088530244766,1896
shu_489,אקספרס מודיעין,שופרסל,שופרסל אקספרס,489.0,26 חיים ויצמן,מודיעין מכבים רעות,0.0,31.904468370543306,34.98647625220851,11.684285454273544,2127
shu_496,יש חסד כנפי נשרים,שופרסל,יש חסד,496.0,כנפי נשרים 24,ירושלים,0.0,31.788167067102385,35.1864330945304,-14.366233812164221,1784
shu_499,יש חסד עפולה עילית,שופרסל,יש חסד,499.0,24 פנחס רוזן,עפולה,0.0,32.6328414,35.325233,-14.46047950237292,1862
shu_511,אקספרס רסקו נצרת,שופרסל,שופרסל אקספרס,511.0,מרכז רסקו רח' עצמון,נוף הגליל,,32.708921802513444,35.32491528608056,12.405753259667476,2535
shu_579,אקספרס סביון,שופרסל,שופרסל אקספרס,579.0,1 השיקמה,סביון,0.0,32.0494274,34.875514,12.067133482317118,3284
shu_593,יש חסד באר טוביה,שופרסל,יש חסד,593.0,אזור התעשייה,באר טוביה,,31.7250778,34.7480523,-14.32211315524004,1783
shu_595,אקספרס בת חפר,שופרסל,שופרסל אקספרס,595.0,שדרות עמק חפר,בת חפר,,32.335781,35.0127258,11.884067228326527,2915
shu_596,אקספרס אבן גבירול,שופרסל,שופרסל אקספרס,596.0,124 אבן גבירול,תל אביב יפו,,32.0867596,34.7825374,12.208748581843611,2665
shu_598,אקספרס הירדן,שופרסל,שופרסל אקספרס,598.0,רמת גן הירדן 29,רמת גן,0.0,32.066218553953874,34.82872183969157,12.45230154277248,3280
shu_599,אקספרס ההסתדרות,שופרסל,שופרסל אקספרס,599.0,27 ההסתדרות,גבעתיים,,32.06134670000001,34.811789,11.652391210562923,2479
shu_606,יש חסד בית שמש- מ. מסחרי,שופרסל,יש חסד,606.0,מרכז מסחרי רמה א,בית שמש,99090.0,31.7133116,34.98834739999999,-14.153839642105211,1689
shu_607,יש חסד מודיעין עלי-ק.ספר,שופרסל,יש חסד,607.0,אבני נזר 46,מודיעין עילית,0.0,31.93049477403838,35.038802594538126,-14.208138482553226,1895
shu_608,יש חסד ירושלים-קרית שאול,שופרסל,יש חסד,608.0,נאג'רה 2,ירושלים,0.0,31.78635334371882,35.17420437135221,-14.609362315250804,1735
shu_609,יש חסד אלעד-ניסים גאון,שופרסל,יש חסד,609.0,ניסים גאון 79,אלעד,0.0,32.052559,34.9512194,-14.431318730994532,1680
shu_610,יש חסד ירושלים- רמת שלמה,שופרסל,יש חסד,610.0,ברכת אברהם 22,ירושלים,0.0,31.811922,35.21672,-14.18639748274574,1758
shu_611,יש חסד בני ברק- השומר,שופרסל,יש חסד,611.0,השומר 10,בני ברק,5137705.0,32.081311688428755,34.8221120657104,-14.157279799174844,1780
shu_734,גוד מרקט גאולה חיפה,שופרסל,יש Good,734.0,28 גאולה,חיפה,0.0,32.803091,34.997742,-3.137095055840645,1029
shu_737,המפיץ סיטונאות באר שבע,שופרסל,Cash&Carry,737.0,סולל בונה 11,באר שבע,8413301.0,31.223794819150186,34.803866724064996,-34.15540978193438,1132
shu_740,אקספרס שלמה המלך,שופרסל,שופרסל אקספרס,740.0,2 שלמה המלך,קרית אונו,,32.0541195,34.8592106,12.535709849232175,2788
shu_741,אקספרס יצחק רבין,שופרסל,שופרסל אקספרס,741.0,34 יצחק רבין,קרית אונו,,32.06453790711851,34.86149928877057,11.870827166378035,2213
shu_743,אקספרס קריית גת,שופרסל,שופרסל אקספרס,743.0,28 הגבורה,קרית גת,,31.607389496658673,34.75734010986436,11.862884380154512,1630
shu_744,אקספרס אשקלון,שופרסל,שופרסל אקספרס,744.0,עמק האלה 2,אשקלון,7888945.0,31.648012474139758,34.56171775477493,12.489496132054445,1482
shu_750,גוד מרקט שירת הים,שופרסל,יש Good,750.0,10 שירת הים,ירושלים,,31.817648,35.2002417,-4.221303692175576,1057
shu_752,אקספרס כפר סבא דוכיפת,שופרסל,שופרסל אקספרס,752.0,5 דוכיפת,כפר סבא,0.0,32.18498595594647,34.929354702553866,12.036090403874573,2273
shu_753,"גוד מרקט רש""י ירושלים",שופרסל,יש Good,753.0,"53 רש""י",ירושלים,,31.7877827,35.2126548,-3.3547561347786643,908
shu_756,שלי באר יעקב,שופרסל,שופרסל שלי,756.0,17 יצחק שמיר,באר יעקב,0.0,,,6.964054777075735,3037
shu_757,אקספרס קריית אונו,שופרסל,שופרסל אקספרס,757.0,2 יצחק נבון,קרית אונו,0.0,32.0657036,34.8475653,12.467962931598864,2129
shu_760,שלי ראש העין,שופרסל,שופרסל שלי,760.0,מורטן מונדל 3,ראש העין,48580.0,32.08022608939971,34.979693510604974,7.085696415238826,3589
shu_765,יש חסד בן איש חי,שופרסל,יש חסד,765.0,43 בן איש חי,בית שמש,,31.747513,35.000494,-15.005720240048259,1440
shu_768,אקספרס קרניצי רמת גן,שופרסל,שופרסל אקספרס,768.0,קריניצי 61,רמת גן,0.0,32.08427572701742,34.81934136571052,11.614060958726917,2347
shu_771,גוד מרקט בני ברק,שופרסל,יש Good,771.0,הרב כהנמן 64,בני ברק,0.0,32.0830437,34.8407225,-3.4497644566802146,1176
shu_772,גוד מרקט מאה שערים,שופרסל,יש Good,772.0,מאה שערים 42,ירושלים,0.0,31.7883061,35.2184496,-2.8485044561575186,680
shu_773,GOOD MARKET אהבת שלום בית שמש,שופרסל,יש Good,773.0,אהבת שלום 9,בית שמש,0.0,31.696132388723946,34.58601843685368,-2.6107779920686154,1229
shu_777,אקספרס נרקיסים,שופרסל,שופרסל אקספרס,777.0,121 שדרות ירושליים,ראשון לציון,0.0,31.9601333067769,34.8286849124125,12.418133031069132,2883
shu_778,GOOD MARKET אהליאב ירושלים,שופרסל,יש Good,778.0,אהליאב 21,ירושלים,2420531.0,31.791268,35.2006912,-2.457207812833479,1189
shu_779,אקספרס יבנה,שופרסל,שופרסל אקספרס,779.0,דרך ז'בוטינסקי,יבנה,0.0,31.8850261,34.7387102,12.176599148769665,2712
shu_780,אקספרס המעפיל רמת גן,שופרסל,שופרסל אקספרס,780.0,המעפיל,רמת גן,0.0,32.0899328,34.816317,12.087854325574535,2604
shu_789,גוד מרקט אופקים,שופרסל,יש Good,789.0,עובדיה יוסף 10,אופקים,0.0,31.301025,34.6191484,-3.3675473441495303,1219
shu_790,דיל רמלה,שופרסל,שופרסל דיל,790.0,10 משה לוי,רמלה,0.0,31.932001462317743,34.85036447616337,-4.205291856185002,2594
shu_840,גוד מרקט חריש,שופרסל,יש Good,840.0,אלה 1,חריש,3760218.0,32.466111546030156,35.03822626645664,-3.8675597818823175,919
shu_842,אקספרס מטודלה תל אביב,שופרסל,שופרסל אקספרס,842.0,30 מטודלה,תל אביב יפו,0.0,32.1106072,34.8267762,11.51863463334909,1985
shu_843,גוד מרקט בית שמש,שופרסל,יש Good,843.0,55 המוראים,בית שמש,0.0,31.70280763489975,34.96980181242474,-2.9441524729212096,995
shu_844,אקספרס נגבה רמת גן,שופרסל,שופרסל אקספרס,844.0,נגבה 8,רמת גן,0.0,32.0704448,34.8235178,11.63916650725389,2957
shu_845,אקספרס נחשון כפר סבא,שופרסל,שופרסל אקספרס,845.0,נחשון 10,כפר סבא,0.0,32.1747937,34.9057509,12.244096131557168,1952
shu_846,אקספרס אור ים,שופרסל,שופרסל אקספרס,846.0,34 דוד המלך,אור עקיבא,,32.4931195640387,34.9202669004772,11.602782798014072,1884
shu_854,דיל גבעת אלונים,שופרסל,שופרסל דיל,854.0,1 דוכיפת,קרית אתא,,32.813905,35.140975,-4.62207555919399,2627
tiv_002,נתניה,טיב טעם,טיב טעם,2.0,בני גאון 2 נתניה,נתניה,4250489.0,32.274064,34.8625877,6.394177760805001,2731
tiv_003,אשדוד,טיב טעם,טיב טעם,3.0,ז'בוטינסקי 45 מתחם סטאר סנטר,אשדוד,7710901.0,31.8103602,34.6561539,5.981317885991582,2613
tiv_006,בת ים,טיב טעם,טיב טעם,6.0,אהוד קינמון 14 בת-ים,בת ים,5959401.0,32.010677,34.74954,5.239073881744458,2472
tiv_007,אשקלון,טיב טעם,טיב טעם,7.0,התחיה 1 אשקלון,אשקלון,7858201.0,31.6575908,34.5888061,6.054346269209878,2540
tiv_010,כרמיאל,טיב טעם,טיב טעם,10.0,"מעלה כמון 3 מתחם ביג;
",כרמיאל,0.0,32.9269497,35.3225302,4.2706244731356415,2201
tiv_012,חוצות המפרץ (קריות),טיב טעם,טיב טעם,12.0,"חרושת 10, מתחם חוצות המפרץ;
",קריות,2620114.0,32.8073578,35.0548125,5.294079743160767,2547
tiv_014,ראשון מזרח,טיב טעם,טיב טעם,14.0,המכבים 62 צומת בית דגן,ראשון לציון,7534503.0,32.000366,34.821606,5.631864914385068,2768
tiv_015,באר שבע חדש,טיב טעם,טיב טעם,15.0,יצחק נפחא 25 מתחם מבנה,באר שבע,8424403.0,31.247881,34.8119871,6.382945914072201,2739
tiv_017,מודיעין ישפרו,טיב טעם,טיב טעם,17.0,שדרות המלאכות 12 מודיעין,מודיעין מכבים רעות,7177870.0,31.890607696425178,34.96430879453595,4.273402255651558,1882
tiv_018,רחובות,טיב טעם,טיב טעם,18.0,אופנהימר 2 רחובות,רחובות,7670102.0,31.9093234,34.8052219,6.428520719606356,2631
tiv_019,רמת החייל,טיב טעם,טיב טעם,19.0,דבורה הנביאה 122,תל אביב יפו,6944019.0,32.1137123,34.8413772,6.345807447782778,2712
tiv_020,חולון עזריאלי,טיב טעם,טיב טעם,20.0,"רחוב הרוקמים 26 , חולון",חולון,5885849.0,32.0077686,34.7987551,5.449496177734127,2077
tiv_021,יהוד,טיב טעם,טיב טעם,21.0,אלטלף 1,יהוד מונוסון,5621601.0,32.0261789,34.89845620000001,4.869924180822244,2078
tiv_022,קניון דרורים,טיב טעם,טיב טעם,22.0,קניון דרורים,בני דרור,4581500.0,32.2604802,34.8940356,5.943593340534839,2544
tiv_023,קיסריה,טיב טעם,טיב טעם,23.0,דולב 14,קיסריה,3099514.0,32.5127785,34.905156,6.246894418190422,2435
tiv_024,הוד השרון,טיב טעם,טיב טעם,24.0,"סוקולוב 46, כיכר המושבה",הוד השרון,4528476.0,32.1687202,34.9019432,5.684957709312298,2329
tiv_025,צומת סביון,טיב טעם,טיב טעם,25.0,"השדרה האקדמית 4, בקעת אונו",סביון,0.0,32.035899,34.86504,5.262941837901474,2461
tiv_030,מפגש מזרע,טיב טעם,טיב טעם,30.0,קיבוץ מזרע 19312,עפולה,1931200.0,32.649879,35.286404,5.685162241257343,2179
tiv_051,דלי רעננה,טיב טעם,טיב טעם,51.0,אחוזה 269 פארק מול רעננה,רעננה,4355741.0,32.1836543,34.8530601,18.100795011885495,2372
tiv_052,הרצליה,טיב טעם,טיב טעם,52.0,בן גוריון 56 פינת בר כוכבא,הרצליה,4644612.0,32.1579238,34.8419268,6.0571882238801535,2454
tiv_056,טופ דן,טיב טעם,טיב טעם,56.0,פנחס רוזן 72,תל אביב יפו,6951294.0,32.1147225,34.8263703,16.1662695064146,1771
tiv_057,"מאז""ה",טיב טעם,טיב טעם,57.0,"מאז""ה 40, ת""א",תל אביב יפו,6521423.0,32.0661436859079,34.7766338817315,15.186027280622815,1561
tiv_058,בן-יהודה 130,טיב טעם,טיב טעם,58.0,בן יהודה 130 פינת בן גוריון,תל אביב יפו,6340144.0,32.0849868,34.7726424,15.428749430153083,1516
tiv_059,בן יהודה 181,טיב טעם,טיב טעם,59.0,בן יהודה 181,תל אביב יפו,6347210.0,32.0904228,34.7739418,14.531186837953475,1363
tiv_061,חשמונאים 91,טיב טעם,טיב טעם,61.0,חשמונאים 91,תל אביב יפו,6713308.0,32.0697233,34.7833787,15.793564399855715,1815
tiv_063,אבן גבירול 64,טיב טעם,טיב טעם,63.0,אבן גבירול 64,תל אביב יפו,6495201.0,32.0797764,34.7815765,15.600892587983756,1619
tiv_068,סירקין 13,טיב טעם,טיב טעם,68.0,סירקין 13,גבעתיים,5325007.0,32.0780044,34.8146964,16.250895247906083,1824
tiv_070,יפו,טיב טעם,טיב טעם,70.0,שדרות ירושלים 4,תל אביב יפו,6802102.0,32.0564932,34.7596358,15.98929796870805,1672
tiv_071,פרישמן 13 תל אביב,טיב טעם,טיב טעם,71.0,פרישמן 13,תל אביב יפו,6357813.0,32.07999780000001,34.7693294,15.963975484899228,1716
tiv_073,פנקס 2,טיב טעם,טיב טעם,73.0,"אבן גבירול 164, ת""א;
",תל אביב יפו,6296615.0,32.0797764,34.7815765,14.486519975458844,1512
tiv_074,ארלוזורוב,טיב טעם,טיב טעם,74.0,ארלוזורוב 149,תל אביב יפו,6299502.0,32.0831578,34.7929363,14.472526375959102,1316
tiv_075,יהודה מכבי,טיב טעם,טיב טעם,75.0,יהודה מכבי 69,תל אביב יפו,6230024.0,32.0940317,34.7918134,15.660879715512204,1678
tiv_079,חולון סיטי קוגל,טיב טעם,טיב טעם,79.0,שדרות לוי אשכול 30,חולון,5825901.0,32.0331352,34.775143,15.95216974217362,1743
tiv_080,יגאל אלון דלי,טיב טעם,טיב טעם,80.0,יגאל אלון 94,תל אביב יפו,6789139.0,32.0683632,34.7948052,17.235986126999364,2051
tiv_082,דלי כורזין גבעתיים,טיב טעם,טיב טעם,82.0,תפוצות ישראל 6 גבעתיים,גבעתיים,5358323.0,32.0598632,34.8147344,16.35437862452595,1903
tiv_083,מרכז כיתן,טיב טעם,טיב טעם,83.0,רחוב פנחס רוזן 65-67,תל אביב יפו,0.0,32.1143404,34.8250777,16.03766986121076,1782
tiv_084,דלי איינשטיין,טיב טעם,טיב טעם,84.0,איינשטיין 10 תל אביב,תל אביב יפו,6910110.0,32.1120215,34.7872142,16.48314928723275,1870
tiv_085,בית הדובדבן - אונו,טיב טעם,טיב טעם,85.0,רחוב הדובדבן 7-9 קרית אונו,קרית אונו,0.0,32.068757,34.8645057,4.052377495331163,1823
tiv_087,מונטיפיורטי פתח תקוה,טיב טעם,טיב טעם,87.0,רחוב רוטישילד 57,פתח תקווה,6416202.0,32.0893762,34.8812585,4.038676213968454,1571
tiv_088,רמת אפעל,טיב טעם,טיב טעם,88.0,דרך שיבא 16,רמת אפעל,0.0,32.0510148,34.8401689,16.19859989749799,1830
tiv_089,קינג גורג,טיב טעם,טיב טעם,89.0,קינג גורג 8,תל אביב יפו,6357808.0,32.0705158,34.7717569,15.962859730527333,1770
tiv_091,המסגר,טיב טעם,טיב טעם,91.0,המסגר 37,תל אביב יפו,6721426.0,32.0652137,34.785848,15.695659050439001,1674
tiv_092,מחניים,טיב טעם,טיב טעם,92.0,מחניים 4,חיפה,0.0,32.8035359,34.9862052,3.119474389902879,1692
tiv_093,כפר סבא הירוקה,טיב טעם,טיב טעם,93.0,נעמי שמר 15,6900,,32.19043247391876,34.89231095503786,4.7988582504328985,2046
tiv_094,קרית מוצקין,טיב טעם,טיב טעם,94.0,"ש""י עגנון 16",8200,2603827.0,32.85257522012578,35.08603122452761,4.7690743767104955,2220
tiv_156,עדן גן העיר,טיב טעם,טיב טעם,156.0,אבן גבירול 71,תל אביב יפו,6416202.0,32.0797764,34.7815765,4.994051018112725,2093
tiv_502,ליקוט נתניה,טיב טעם,טיב טעם,502.0,https://www.tivtaam.co.il/,נתניה,0.0,32.321458,34.853196,5.893850508799465,2643
tiv_503,ליקוט טיב טעם אשדוד,טיב טעם,טיב טעם,503.0,https://www.tivtaam.co.il/,אשדוד,0.0,31.8103602,34.6561539,5.318929554839477,2519
tiv_512,ליקוט טיב טעם קריות,טיב טעם,טיב טעם,512.0,https://www.tivtaam.co.il/,חיפה,0.0,32.8073578,35.0548125,5.472791784866159,2496
tiv_514,ליקוט ראשון מזרח,טיב טעם,טיב טעם,514.0,https://www.tivtaam.co.il/,ראשון לציון,0.0,31.95908129999999,34.8020886,6.009130734116634,2709
tiv_515,ליקוט טיב באר שבע,טיב טעם,טיב טעם,515.0,https://www.tivtaam.co.il/,באר שבע,0.0,31.2521018,34.7867691,5.681712322147031,2522
tiv_519,ליקוט רמת החייל,טיב טעם,טיב טעם,519.0,https://www.tivtaam.co.il/,רמת החייל,0.0,32.1133727,34.8366371,5.95446059261333,2650
tiv_523,ליקוט קיסריה,טיב טעם,טיב טעם,523.0,https://www.tivtaam.co.il/,קיסריה,0.0,32.5154686,34.9062798,2.318019512726661,25
vic_001,גן-יבנה,ויקטורי,ויקטורי,1.0,הכישור 8,גן יבנה,7080000.0,31.7754364,34.7042045,-3.0333415231801104,2792
vic_002,גדרה,ויקטורי,ויקטורי,2.0,פינס 3,גדרה,7056502.0,31.8165241,34.7777441,-2.9983232140917644,2739
vic_003,שדרות,ויקטורי,ויקטורי,3.0,סמטת הפלדה 3,שדרות,8710446.0,31.5213336,34.5947348,-3.2634639934734455,2601
vic_005,אורנית,ויקטורי,ויקטורי,5.0,הערבה 10,אורנית,4481300.0,32.1298842,34.995119,-2.2010432571007614,2687
vic_008,אשדוד,ויקטורי,ויקטורי,8.0,דוד המלך 18,אשדוד,7748109.0,31.7760173,34.6417835,-3.6354913842842826,1924
vic_009,הארבעה תא,ויקטורי,ויקטורי,9.0,הארבעה 6,תל אביב יפו,6473906.0,32.0703364,34.7831746,-2.3106055113725024,2541
vic_010,לוד,ויקטורי,ויקטורי,10.0,יוספטל 23,לוד,7136823.0,31.9463438,34.8794005,-3.1331562060650797,2726
vic_014,בית שמש,ויקטורי,ויקטורי,14.0,הרצל 7,בית שמש,9903113.0,31.7494502,34.987559,-2.977243260790297,2542
vic_016,פלורנטין,ויקטורי,ויקטורי,16.0,סלמה 53,תל אביב יפו,6606034.0,32.0551334,34.7672519,8.935194324768437,2216
vic_021,רמלה הולצברג,ויקטורי,ויקטורי,21.0,שמחה הולצברג 16,רמלה,72276.0,31.9334559,34.8540757,-3.187637167486922,2709
vic_022,חדרה בפארק,ויקטורי,ויקטורי,22.0,משמר הגבול,חדרה,3825104.0,32.4279153,34.93264,-3.1496392611871515,2707
vic_023,ראשון פרס נובל,ויקטורי,ויקטורי,23.0,שמעון פרס 33,ראשון לציון,7579932.0,31.9682049,34.763876,-2.318424250168513,2627
vic_024,חדרה בקניון,ויקטורי,ויקטורי,24.0,שד רוטשילד 40,חדרה,3826850.0,32.4376562,34.9216738,-2.9335895653975887,2658
vic_025,עכו,ויקטורי,ויקטורי,25.0,שלום הגליל 1,עכו,2455301.0,32.9201965,35.0929603,-3.0703168725663215,2771
vic_026,ראש העין,ויקטורי,ויקטורי,26.0,שבזי 26,ראש העין,4802126.0,32.0965466,34.9428615,-3.1608415360383506,2728
vic_027,שער העליה,ויקטורי,ויקטורי,27.0,שלוסברג 1,חיפה,3584001.0,32.8173664,34.9586672,-3.0833125355871736,2749
vic_028,גני תקווה,ויקטורי,ויקטורי,28.0,הכרמל 20,גני תקווה,5591620.0,32.0592765,34.8797378,-2.8130405922908595,2811
vic_029,רמת גן,ויקטורי,ויקטורי,29.0,הרצל 42,רמת גן,5243130.0,32.0834004,34.815928,-2.252994315161623,2815
vic_030,אלקנה,ויקטורי,ויקטורי,30.0,שיר השירים 75/1,אלקנה,4481400.0,32.1132236,35.0274226,-2.488306801285,2634
vic_031,סיטי רוטשילד,ויקטורי,ויקטורי סיטי,31.0,שד` רוטשילד 14,תל אביב יפו,66881.0,32.062815,34.7709504,7.700316671619014,1826
vic_034,מוצקין,ויקטורי,ויקטורי,34.0,שד ירושלים 1,קרית מוצקין,2623804.0,32.8040805,35.1058408,-3.2112617638842575,2774
vic_035,סיטי אחד העם,ויקטורי,ויקטורי סיטי,35.0,אחד העם 54,תל אביב יפו,65202.0,32.0645392,34.7741588,7.572705113324098,1760
vic_037,קניון אשדוד,ויקטורי,ויקטורי,37.0,הטיילת 20,אשדוד,7722218.0,31.8105983,34.6409568,-3.307039490034099,2740
vic_038,מבשרת ציון,ויקטורי,ויקטורי,38.0,הראל 1,מבשרת ציון,9079129.0,31.8002473,35.149033,-3.0850730571636142,2757
vic_039,חולון קוגל,ויקטורי,ויקטורי,39.0,קוגל 40,חולון,5825816.0,32.0233772,34.774054,-2.901298711777503,2686
vic_041,ברנע,ויקטורי,ויקטורי,41.0,רחבעם זאבי,אשקלון,7829304.0,31.6971812,34.5758953,-2.242809793627199,2654
vic_045,רעננה אחוזה 158,ויקטורי,ויקטורי,45.0,אחוזה 158,רעננה,4330018.0,32.1818416,34.869891,-2.0109701720335624,2705
vic_046,דימונה,ויקטורי,ויקטורי,46.0,המלאכה 3,דימונה,8621106.0,31.0615094,35.0241686,-2.9628371412321357,2710
vic_047,אופקים,ויקטורי,ויקטורי,47.0,החידא 1,אופקים,8759102.0,31.3089715,34.6229422,-3.383328847615166,2719
vic_048,טירת הכרמל,ויקטורי,ויקטורי,48.0,קרן היסוד 2,טירת הכרמל,3902621.0,32.76855020000001,34.968224,-3.2148037313535083,2773
vic_050,תל מונד,ויקטורי,ויקטורי,50.0,השקד 4,תל מונד,4060105.0,32.2577503,34.9186163,-2.414827869885853,2593
vic_051,מודיעין,ויקטורי,ויקטורי,51.0,מנחם בגין 21,מודיעין מכבים רעות,7178081.0,31.8798648,35.0186781,-2.9402278575075775,2780
vic_052,אשקלון,ויקטורי,ויקטורי,52.0,בן צבי 8,אשקלון,7846117.0,31.6764381,34.576329,-3.0707365633167245,2747
vic_053,רמת ישי,ויקטורי,ויקטורי,53.0,מרכז מסחרי,רמת ישי,3009503.0,32.704029,35.166003,-2.3667798510311595,2600
vic_054,קרית מלאכי,ויקטורי,ויקטורי,54.0,זבוטינסקי 8,קרית מלאכי,8305115.0,31.7266667,34.745,-2.2572080561848717,2478
vic_055,קרית גת,ויקטורי,ויקטורי,55.0,הגפן 3,קרית גת,8201807.0,31.6070835,34.7697747,-3.3177067189484974,2749
vic_056,יבנה,ויקטורי,ויקטורי,56.0,המיסב 7,יבנה,8121307.0,31.864079,34.7414604,-3.121773163388858,2729
vic_057,סיטי מרגוזה,ויקטורי,ויקטורי סיטי,57.0,מרגוזה יהודה 16,תל אביב יפו,6813612.0,32.0519789,34.7554971,7.520248746138594,1792
vic_058,כפר יונה,ויקטורי,ויקטורי,58.0,הרצל 5,כפר יונה,4031452.0,32.3185475,34.9346133,-2.3760021384451924,2615
vic_059,עפולה,ויקטורי,ויקטורי,59.0,מנחם בגין 79,עפולה,1830101.0,32.6039772,35.2979883,-3.0858909152000376,2779
vic_060,חולון התנאים,ויקטורי,ויקטורי,60.0,התנאים 5,חולון,5858112.0,32.0058229,34.7640126,-2.433529849291999,2386
vic_065,דיזנגוף,ויקטורי,ויקטורי,65.0,דיזנגוף 224,תל אביב יפו,6311519.0,32.0886661,34.7755775,-2.493685996148848,2417
vic_067,סיטי יהודה הלוי,ויקטורי,ויקטורי סיטי,67.0,יהודה הלוי 40,תל אביב יפו,65136.0,32.0616314,34.7720178,7.974578308079862,1805
vic_068,באר שבע,ויקטורי,ויקטורי,68.0,בן גוריון 15,באר שבע,8443944.0,31.2683491,34.7487449,-3.306346813252443,2782
vic_069,רעננה פארק,ויקטורי,ויקטורי,69.0,אחוזה 114,רעננה,4350108.0,32.18066943812175,34.87538659455173,-3.1725301246961686,2817
vic_070,צור יצחק,ויקטורי,ויקטורי,70.0,דרך איילון 20,צור יצחק,4580800.0,32.241478,34.997998,-2.9015368121227794,2763
vic_071,ראשון מזרח,ויקטורי,ויקטורי,71.0,צבי פרנק 39,ראשון לציון,7566088.0,31.9705226,34.8124462,-3.164393897505846,2770
vic_073,בית שאן,ויקטורי,ויקטורי,73.0,הגלבוע 1,בית שאן,1174001.0,32.4970754,35.4942557,-3.491587380990346,2594
vic_074,שבעת הכוכבים,ויקטורי,ויקטורי,74.0,קניון שבעת הכוכבי,הרצליה,4650504.0,32.1647849,34.8242079,-3.133221782335834,2767
vic_075,סיטי ויצמן,ויקטורי,ויקטורי סיטי,75.0,ויצמן 53,תל אביב יפו,62091.0,32.0848954,34.789189,7.998064222747726,2040
vic_076,ויקטורי בת ים,ויקטורי,ויקטורי,76.0,העמל 11,בת ים,5959821.0,32.0068523571343,34.746092008760826,-3.584529173544733,2794
vic_077,לוד נתבג,ויקטורי,ויקטורי,77.0,פסח לב 2,לוד,7129320.0,31.9685149,34.8985361,-3.1444984719562155,2831
vic_079,כפר סבא הירוקה,ויקטורי,ויקטורי,79.0,אנגל 78,כפר סבא,4465140.0,32.1982013,34.8903535,-2.906621146594268,2749
vic_080,סיטי אלנבי,ויקטורי,ויקטורי סיטי,80.0,אלנבי 65,תל אביב יפו,65134.0,32.0681025,34.7711272,9.044642115915629,2251
vic_081,פארק אפק רע,ויקטורי,ויקטורי,81.0,העמל 2,ראש העין,4809202.0,32.1081848,34.964138,-2.9812128812967673,2829
vic_082,נס ציונה,ויקטורי,ויקטורי,82.0,הפרדסים 1,נס ציונה,7400448.0,31.914131,34.7889942,-2.856373387642143,2323
vic_083,רחובות,ויקטורי,ויקטורי,83.0,אופנהיימר 10,רחובות,7670110.0,31.9100444,34.8074069,-3.169741340114702,2811
vic_084,עמק חפר,ויקטורי,ויקטורי,84.0,נחל אלכסנדר 3,מ.א. עמק חפר,4279900.0,32.40071493550128,34.899833725250886,-3.553365994994332,2753
vic_086,טבעון,ויקטורי,ויקטורי,86.0,המרווה 1,טבעון,3653201.0,32.7306786,35.1447145,-2.384149906093045,2547
vic_087,צמח,ויקטורי,ויקטורי,87.0,צומת צמח מול כנרת,צמח,1510501.0,32.7029522,35.5850662,-2.8068120185493353,2740
vic_088,איילון,ויקטורי,ויקטורי,88.0,אבא הילל 301,רמת גן,5259408.0,32.1013734,34.8268328,-3.1155458284108035,2821
vic_089,מלחה,ויקטורי,ויקטורי,89.0,אגודת הספורט 1,ירושלים,9695989.0,31.751896775801,35.1879780995492,-2.969998705865098,2828
vic_091,שוהם,ויקטורי,ויקטורי,91.0,עמק איילון 161,שוהם,6083646.0,32.0054259,34.9467393,-2.822941500142332,2782
vic_092,נתיבות,ויקטורי,ויקטורי,92.0,בעלי המלאכה 5,נתיבות,8776202.0,31.416317,34.5945039,-3.2895945321560953,2771
vic_093,חריש,ויקטורי,ויקטורי,84.0,ספיר 1,חריש,3760623.0,32.46408714382093,35.04290957922363,-3.3238951220174755,2657
vic_094,שמוטקין,ויקטורי,ויקטורי,94.0,משה בקר 32,ראשון לציון,0.0,31.978379,34.8105114,-3.1312273440553504,2815
vic_095,אשקלון מרכז,ויקטורי,ויקטורי,95.0,בן גוריון 1,אשקלון,7828124.0,31.66286783622757,34.56188805626226,-2.996416214887977,2759
vic_096,קרית אתא,ויקטורי,ויקטורי,96.0,זבולון 14,קרית אתא,2806007.0,32.8052995,35.1024643,-2.8118886799021863,2633
yoh_001,יוחננוף מפוח,יוחננוף,יוחננוף,1.0,"רחוב המפוח 11, אזור התעשיה",רחובות,0.0,31.886744,34.781055,-9.175468739605988,2825
yoh_004,בילו,יוחננוף,יוחננוף,4.0,צומת בילו,"כפר ביל""ו",0.0,31.8701392,34.8216302,-9.37747159334653,2255
yoh_005,אשדוד,יוחננוף,יוחננוף,5.0,"זבוטינסקי 27, סטאר סנטר",אשדוד,0.0,31.8112446,34.6540808,-9.152245602094975,2374
yoh_008,אחד העם,יוחננוף,יוחננוף,8.0,רחוב אחד העם 19,רחובות,0.0,31.8979797,34.8111,-3.5834297468671434,1845
yoh_009,נתיבות,יוחננוף,יוחננוף,9.0,"רחוב בעלי המלאכה 2, א.התעשיה",נתיבות,0.0,31.4182895,34.5973492,-9.22823334454833,2111
yoh_012,רמלה,יוחננוף,יוחננוף,12.0,שדרות ירושלים פינת נופי חמד,רמלה,0.0,31.9372787,34.8862915,-8.534220712558913,2285
yoh_013,חוצות המפרץ,יוחננוף,יוחננוף,13.0,החרושת 10 חוצות המפרץ,חיפה,0.0,32.8107072,35.0568101,-9.225401365513472,2405
yoh_015,אור יהודה,יוחננוף,יוחננוף,15.0,רחוב הפלדה 1,אור יהודה,0.0,32.0327584,34.85099350000001,-4.323980786251024,1653
yoh_016,גן יבנה,יוחננוף,יוחננוף,16.0,דרך מנחם בגין פינת המגנים 57,גן יבנה,0.0,31.7952094,34.7046109,-4.153268407247858,2103
yoh_017,מודיעין ישפרו,יוחננוף,יוחננוף,17.0,המלאכות 101,מודיעין מכבים רעות,0.0,31.8905467,34.9613304,-9.349798619979671,2407
yoh_018,מודיעין כרמים,יוחננוף,יוחננוף,18.0,"תשר""י 34",מודיעין מכבים רעות,0.0,31.916163,35.009964,-3.8921040981768336,1942
yoh_019,אור יהודה גדול,יוחננוף,יוחננוף,19.0,אור יהודה,אור יהודה,0.0,32.0327584,34.85099350000001,-9.087081100862127,2378
yoh_020,ירושלים תלפיות,יוחננוף,יוחננוף,20.0,האומן,ירושלים,0.0,31.7492504,35.2115478,-9.46214050766045,2193
yoh_021,סגולה פתח תקווה,יוחננוף,יוחננוף,21.0,סגולה,פתח תקווה,0.0,32.10503,34.8943176,-9.467051113640995,2346
yoh_022,חדרה,יוחננוף,יוחננוף,22.0,"צה""ל 35",חדרה,0.0,32.4414918,34.930406,-9.329084356391308,2398
yoh_023,טבריה,יוחננוף,יוחננוף,23.0,unknown,טבריה,0.0,32.779228281584146,35.50293440000964,-9.478175493311802,2222
yoh_024,כפר סבא,יוחננוף,יוחננוף,24.0,unknown,כפר סבא,0.0,32.1669158,34.9284553,-9.358518009478264,2465
yoh_025,נס ציונה,יוחננוף,יוחננוף,25.0,נס ציונה,נס ציונה,0.0,31.930427,34.7973195,-4.23836387195786,1952
yoh_026,רמת השרון,יוחננוף,יוחננוף,26.0,חרושת 10,רמת השרון,0.0,32.1283385,34.8590274,-8.697194973780071,2346
yoh_027,יד אליהו,יוחננוף,יוחננוף,27.0,יגאל אלון 57,תל אביב יפו,0.0,32.0626068,34.79160299999999,-8.694199208033977,2307
yoh_028,ראשלצ רמת אליהו,יוחננוף,יוחננוף,28.0,משורר השואה 15,ראשון לציון,0.0,31.9828662,34.7923622,-9.492781450150801,2086
yoh_029,בת ים,יוחננוף,יוחננוף,29.0,בת ים,בת ים,0.0,32.0135807,34.7516713,-4.451276968772903,2162
yoh_030,נתניה,יוחננוף,יוחננוף,30.0,נתניה,נתניה,0.0,32.2868611,34.8664061,-9.427227011072008,2319
yoh_031,מרכז סנטרו רחובות,יוחננוף,יוחננוף,31.0,רחובות,רחובות,0.0,31.8942716,34.7900746,-9.302006134234096,2402
yoh_032,בן צבי תל אביב,יוחננוף,יוחננוף,32.0,דרך בן צבי 112,תל אביב יפו,0.0,32.0443009,34.7690582,-8.557270272806557,2336
yoh_033,איירפורט סיטי,יוחננוף,יוחננוף,33.0,איירפורט סיטי,איירפורט סיטי,0.0,31.9861295,34.914539,-3.588738666430178,2214
yoh_034,מבקיעים אשקלון,יוחננוף,יוחננוף,34.0,"מתחם גלובוס סנטר, מבקיעים",אשקלון,0.0,31.6262096,34.5823216,-9.488090573922669,2261
yoh_035,תל אביב נחלת יצחק,יוחננוף,יוחננוף,35.0,נחלת יצחק 20,תל אביב יפו,0.0,32.0739817,34.7981136,-3.8130274708168352,1935
yoh_036,חדרה צפוני,יוחננוף,יוחננוף,36.0,דן שכטמן 10,חדרה,0.0,32.4407789,34.8949244,-9.52213332128124,2294
yoh_037,עפולה,יוחננוף,יוחננוף,37.0,קהילת ציון 30,עפולה,0.0,32.6065955,35.2974223,-9.94013879690823,2167
yoh_038,טבריה תחתית,יוחננוף,יוחננוף,38.0,יהודה הלוי 113,טבריה,0.0,32.79081408461976,35.53184441507727,-8.487012489569588,1930
yoh_039,קרית שמונה,יוחננוף,יוחננוף,39.0,שדרות תל חי 93,קרית שמונה,0.0,33.1971022,35.5694944,-9.759064479869325,2130
yoh_040,באר שבע,יוחננוף,יוחננוף,40.0,דרך חברון 48,באר שבע,0.0,31.2416655,34.8092079,-9.295718249973735,2232
yoh_041,אשקלון ברנע,יוחננוף,יוחננוף,41.0,אריה טגר 45,אשקלון,0.0,31.70115169999999,34.5798745,-4.096760834490595,1849
yoh_042,קניון הבאר,יוחננוף,יוחננוף,42.0,מורשת ישראל 15,ראשון לציון,0.0,31.9756564,34.7742545,-4.2684396002320915,1765
yoh_046,מישור אדומים,יוחננוף,יוחננוף,,מישור אדומים,מעלה אדומים,,31.787103766782728,35.338269248029206,-9.30262602825875,2126
yoh_048,אשדות יעקב,יוחננוף,יוחננוף,48.0,אשדות יעקב,אשדות יעקב,0.0,32.6620459,35.5715331,-4.039700982281639,1594
yoh_050,נתניה הדרים,יוחננוף,יוחננוף,50.0,האורזים 2,נתניה,0.0,32.3232133,34.8715049,-9.3473350082612,2296
yoh_052,גדרה,יוחננוף,יוחננוף,,אברהם דורון 1,גדרה,,31.8120082,34.7774347,-9.129353507350404,2300
yoh_053,רעננה,יוחננוף,יוחננוף,53.0,נווה זמר,רעננה,0.0,32.1931177,34.8654493,-3.608889487482556,1546
yoh_054,תא - אחד העם,יוחננוף,יוחננוף,54.0,unknown,תל אביב יפו,0.0,32.06564,34.77591,7.729500756025724,767
yoh_055,נתיבות מנהטן,יוחננוף,יוחננוף,55.0,אליהו אילוז 2,נתיבות,0.0,31.4124752,34.5728863,-9.651620601371857,1597
yoh_059,אור עקיבא -שקמים,יוחננוף,יוחננוף,59.0,השקמים 8,אור עקיבא,0.0,32.5046361,34.917818,-4.616858769699294,1339
yoh_060,בית שאן,יוחננוף,יוחננוף,,מנחם בגין 1 ,בית שאן,,32.498671,35.503976,-7.667549902968813,1705
