source,osm_id,store_name,chainname,address,city,latitude,longitude,store_type,phone,website
OpenStreetMap,n8834210517,,,الفارعة - النصارية طريق سهل سميط,,32.2811331,35.3417001,supermarket,,
OpenStreetMap,n10001451472,,,شارع حسني صوبر 5,,31.9559773,35.8456887,supermarket,,
OpenStreetMap,n10101730018,,,طريق مسحة - الزاوية,,32.107449,35.050196,supermarket,0599044860,
OpenStreetMap,n8297074731,,,قفين,,32.4222391,35.0852874,supermarket,,
OpenStreetMap,n5033851637,,,פרישמן 61,,32.0797187,34.7769194,convenience,,
OpenStreetMap,n2079204160,,,אינשטיין 69,,32.113519,34.799449,convenience,,
OpenStreetMap,n13195283501,,,בר יוחאי,,31.7539277,35.1926398,convenience,,
OpenStreetMap,n12762979801,,,הדר יוסף,,32.109287,34.8185952,supermarket,,
OpenStreetMap,n12755443501,,,00962776233979,,30.325379,35.4730329,supermarket,00962776233979,
OpenStreetMap,w352770611,,,איילה 17,,31.6621103,34.576414,supermarket,,
OpenStreetMap,w686891971,,,Sa'eed Moh'd Al-Abbadi Street 101,,31.8876633,35.8577066,supermarket,,
OpenStreetMap,n4442514492,,,Yusre Salah Street,,32.2185221,35.2339949,supermarket,,
OpenStreetMap,n2702791981,,,ליבריה 2,,32.7685982,35.0036188,supermarket,,
OpenStreetMap,n4694464792,,,Rafedya Street,,32.2231848,35.2412872,supermarket,,
OpenStreetMap,n4807530621,,,שלם 2,,32.0532805,34.813124,supermarket,,
OpenStreetMap,n4924452423,,,שדרות העצמאות 10,,32.0219738,34.7415948,supermarket,,
OpenStreetMap,n1314891137,,,הרצל 1,,32.330896,34.8511896,supermarket,,
OpenStreetMap,n569640235,,,שמואל הנציב 43,,32.3348639,34.8565838,supermarket,,
OpenStreetMap,n2079194769,,,אינשטיין 56,,32.11289,34.798673,supermarket,,
OpenStreetMap,n1935684718,,,At Tarbeya Street,,32.307557,35.0258148,supermarket,,
OpenStreetMap,n1620137397,,,הראשונים 30,,32.7395556,35.0792942,supermarket,,
OpenStreetMap,n9178008880,,,,,30.7072584,35.8870644,convenience,,
OpenStreetMap,n4959048264,,,,,31.8102674,35.1978909,supermarket,,
OpenStreetMap,n5921553485,,,,,31.5129518,35.1615623,supermarket,,
OpenStreetMap,n6031683097,,,,,32.814342,34.9922149,convenience,,
OpenStreetMap,n7931624009,,,,,33.0805265,35.3725377,general,,
OpenStreetMap,n6130051653,,,,,31.965831,35.8894641,convenience,,
OpenStreetMap,n432044636,,,,,32.1390006,35.2834723,supermarket,,
OpenStreetMap,n5921553089,,,,,31.516404,35.160138,supermarket,,
OpenStreetMap,n432094317,,,,,32.1600148,35.2929447,supermarket,,
OpenStreetMap,n432040783,,,,,32.2087667,35.1904563,supermarket,,
OpenStreetMap,n432099892,,,,,32.1619557,35.2878743,supermarket,,
OpenStreetMap,n8933776118,,,,,31.2459925,34.8002977,convenience,,
OpenStreetMap,n432099785,,,,,32.1619112,35.2898513,supermarket,,
OpenStreetMap,n5921553486,,,,,31.5167308,35.1638044,supermarket,,
OpenStreetMap,n5921553093,,,,,31.5628954,35.1278906,supermarket,,
OpenStreetMap,n8951460721,,,,,30.6125799,34.8047683,convenience,,
OpenStreetMap,n5921553091,,,,,31.5116516,35.1608811,supermarket,,
OpenStreetMap,n5921553097,,,,,31.5739825,35.1371707,supermarket,,
OpenStreetMap,n9038098477,,,,,31.983057,35.8944167,convenience,,
OpenStreetMap,n11068946005,,,,,31.5020967,34.4647742,supermarket,,
OpenStreetMap,n432042101,,,,,32.1607015,35.2869783,supermarket,,
OpenStreetMap,n5921553095,,,,,31.5663158,35.131651,supermarket,,
OpenStreetMap,n432047288,,,,,32.125555,35.3100108,supermarket,,
OpenStreetMap,n5921553096,,,,,31.5712325,35.1354429,supermarket,,
OpenStreetMap,n432352837,,,,,32.0677853,35.0846626,supermarket,,
OpenStreetMap,n9112097902,,,,,31.2576631,35.2106986,convenience,,
OpenStreetMap,n432094720,,,,,32.1260054,35.3404999,supermarket,,
OpenStreetMap,n9178198994,,,,,32.0055467,35.872454,convenience,,
OpenStreetMap,n11137776574,,,,,31.9522949,35.8366112,supermarket,,
OpenStreetMap,n5921553090,,,,,31.5132696,35.1617482,supermarket,,
OpenStreetMap,n8952370361,,,,,32.1720035,34.852633,convenience,,
OpenStreetMap,n432041119,,,,,32.1080301,35.268713,supermarket,,
OpenStreetMap,n9178121001,,,,,31.9253313,35.8688542,convenience,,
OpenStreetMap,n6088732855,,,,,29.5700461,35.4203844,supermarket,,
OpenStreetMap,n9178455668,,,,,31.9804689,35.8355757,convenience,,
OpenStreetMap,n11076744005,,,,,31.4935015,34.4787925,supermarket,,
OpenStreetMap,n9480592182,,,,,31.5258011,34.6005755,convenience,,
OpenStreetMap,n432352412,,,,,32.1292971,35.143836,supermarket,,
OpenStreetMap,n432009129,,,,,32.1587063,35.2239963,supermarket,,
OpenStreetMap,n5921552987,,,,,31.5156863,35.1619787,supermarket,,
OpenStreetMap,n432352298,,,,,32.1265895,35.1001513,supermarket,,
OpenStreetMap,n432008433,,,,,32.164294,35.2851444,supermarket,,
OpenStreetMap,n11076607205,,,,,31.4971255,34.4688243,supermarket,,
OpenStreetMap,n5921552985,,,,,31.600125,35.0144417,supermarket,,
OpenStreetMap,n432006922,,,,,32.1071886,35.2653983,supermarket,,
OpenStreetMap,n9623734519,,,,,32.9648734,35.3795925,convenience,,
OpenStreetMap,n11076682905,,,,,31.49869,34.4683398,supermarket,,
OpenStreetMap,n6231218339,,,,,29.5633774,34.9571126,supermarket,,
OpenStreetMap,n9396134820,,,,,29.5235322,35.0074893,convenience,,
OpenStreetMap,n432352286,,,,,32.1163259,35.1983632,supermarket,,
OpenStreetMap,n432111093,,,,,32.3019515,35.1902383,supermarket,,
OpenStreetMap,n6232949110,,,,,29.5628671,34.942846,supermarket,,
OpenStreetMap,n13688812001,,,,,31.9034214,35.1974258,grocery,,
OpenStreetMap,n5934127573,,,,,32.119818,34.843272,convenience,,
OpenStreetMap,n432002920,,,,,32.1849463,35.2312681,supermarket,,
OpenStreetMap,n9665829574,,,,,32.023571,34.7694925,convenience,,
OpenStreetMap,n9668078148,,,,,29.6731623,35.4687066,convenience,,
OpenStreetMap,n5907613139,,,,,31.7784561,35.2455778,convenience,,
OpenStreetMap,n13204079602,,,,,32.9342836,35.0765064,grocery,,
OpenStreetMap,n12604024318,,,,,31.7769822,35.2115638,supermarket,,
OpenStreetMap,n432010439,,,,,32.2345335,35.2100584,supermarket,,
OpenStreetMap,n9383556317,,,,,30.5192498,35.5373824,convenience,,
OpenStreetMap,n432040640,,,,,32.1940135,35.3716732,supermarket,,
OpenStreetMap,n11076553006,,,,,31.4956955,34.4689014,supermarket,,
OpenStreetMap,n432101365,,,,,32.2920898,35.2145312,supermarket,,
OpenStreetMap,n5921553088,,,,,31.5191501,35.1468969,supermarket,,
OpenStreetMap,n5921553086,,,,,31.4303972,34.9246847,supermarket,,
OpenStreetMap,n6567714569,,,,,32.6844835,35.4196195,general,,
OpenStreetMap,n5921553085,,,,,31.3937933,35.0748917,supermarket,,
OpenStreetMap,n4951580126,,,,,32.1924071,34.9702213,supermarket,,
OpenStreetMap,n11071223506,,,,,31.5100408,34.4635667,supermarket,,
OpenStreetMap,n9278423955,,,,,31.7795755,35.2300546,convenience,,
OpenStreetMap,n5921552996,,,,,31.5776731,35.1453658,supermarket,,
OpenStreetMap,n432093772,,,,,32.1021508,35.3224424,supermarket,,
OpenStreetMap,n11074768705,,,,,31.4893992,34.4664618,supermarket,,
OpenStreetMap,n5921552992,,,,,31.585879,35.146749,supermarket,,
OpenStreetMap,n432108473,,,,,32.1249022,35.3097026,supermarket,,
OpenStreetMap,n11076587605,,,,,31.4935499,34.4691341,supermarket,,
OpenStreetMap,n12821154829,,,,,32.1952792,34.8824677,food,,
OpenStreetMap,n5921552990,,,,,31.5808526,35.1429833,supermarket,,
OpenStreetMap,n6178993985,,,,,31.5703018,35.4002825,supermarket,,
OpenStreetMap,n6181551622,,,,,31.7698793,34.6332321,supermarket,,
OpenStreetMap,n9294366318,,,,,31.2482312,34.7992037,convenience,,
OpenStreetMap,n5921552988,,,,,31.5173113,35.1633268,supermarket,,
OpenStreetMap,n9383553518,,,,,30.5191162,35.5370376,convenience,,
OpenStreetMap,n4950526217,,,,,31.7935177,35.1172409,supermarket,,
OpenStreetMap,n10914576894,,,,,32.0010294,35.8861347,supermarket,,
OpenStreetMap,n9383556018,,,,,30.5191882,35.556638,convenience,,
OpenStreetMap,n5921552995,,,,,31.5753749,35.1405729,supermarket,,
OpenStreetMap,n6192298574,,,,,32.5703731,35.1826886,convenience,,
OpenStreetMap,n8891537417,,,,,31.2656646,34.7993987,convenience,,
OpenStreetMap,n5027797321,,,,,31.9372765,35.8671151,supermarket,,
OpenStreetMap,n432071197,,,,,32.1454111,35.2877949,supermarket,,
OpenStreetMap,n432353492,,,,,32.1147665,35.1423001,supermarket,,
OpenStreetMap,n7088073180,,,,,33.1408304,35.6467712,convenience,,
OpenStreetMap,n7099779485,,,,,31.847011,35.4918872,convenience,,
OpenStreetMap,n6605540992,,,,,32.1938297,34.9525889,convenience,,
OpenStreetMap,n6603751485,,,,,32.1705762,34.803544,convenience,,
OpenStreetMap,w867315485,,,,,33.1889458,35.4433315,general,,
OpenStreetMap,n7104124185,,,,,31.8739461,35.4465948,convenience,,
OpenStreetMap,n7115547989,,,,,31.7633837,35.5930878,convenience,,
OpenStreetMap,n12826212235,,,,,32.0617161,35.7062059,supermarket,,
OpenStreetMap,n7140987385,,,,,32.7820788,35.6394302,convenience,,
OpenStreetMap,n6569733185,,,,,29.5610783,34.9338836,convenience,,
OpenStreetMap,n432085045,,,,,32.1608752,35.2916644,supermarket,,
OpenStreetMap,n7147393646,,,,,31.8199779,35.1957189,convenience,,
OpenStreetMap,n432086794,,,,,32.1433347,35.2785773,supermarket,,
OpenStreetMap,n432069301,,,,,32.1621325,35.2871875,supermarket,,
OpenStreetMap,n432087174,,,,,32.2752077,35.197254,supermarket,,
OpenStreetMap,n7233457256,,,,,31.2586458,34.7818116,convenience,,
OpenStreetMap,n432067225,,,,,32.101136,35.2699613,supermarket,,
OpenStreetMap,n11017499805,,,,,32.074122,34.7760806,supermarket,,
OpenStreetMap,n432066224,,,,,32.2609345,35.1957369,supermarket,,
OpenStreetMap,n11056341405,,,,,31.5136861,34.4659429,supermarket,,
OpenStreetMap,n5070038036,,,,,31.250438,34.7711411,supermarket,,
OpenStreetMap,n5071586363,,,,,30.6088097,34.8019082,supermarket,,
OpenStreetMap,n7447965485,,,,,32.7837158,34.995455,convenience,,
OpenStreetMap,n12830567219,,,,,31.7525198,35.2352527,supermarket,,
OpenStreetMap,n432083771,,,,,32.1845937,35.2314133,supermarket,,
OpenStreetMap,n6435450086,,,,,29.6996638,35.3836518,convenience,,
OpenStreetMap,n432082452,,,,,32.2355416,35.2092964,supermarket,,
OpenStreetMap,n6088734188,,,,,29.5760798,35.4193571,supermarket,,
OpenStreetMap,n6789051401,,,,,31.7056939,35.2017812,convenience,,
OpenStreetMap,n6089409485,,,,,31.7653077,35.2567057,supermarket,,
OpenStreetMap,n6088732854,,,,,29.5697965,35.4202824,supermarket,,
OpenStreetMap,n6857825188,,,,,31.8160104,34.7710652,convenience,,
OpenStreetMap,n6860080286,,,,,31.2485753,34.7785175,convenience,,
OpenStreetMap,n6864188485,,,,,32.6830282,35.0684425,convenience,,
OpenStreetMap,n6864203885,,,,,32.6881975,35.0645465,convenience,,
OpenStreetMap,n6789046356,,,,,31.7038455,35.2069011,convenience,,
OpenStreetMap,n6885508386,,,,,31.8156814,34.7706991,convenience,,
OpenStreetMap,n432353539,,,,,32.1145245,35.1430973,supermarket,,
OpenStreetMap,n6782312686,,,,,32.2952439,34.8507543,convenience,,
OpenStreetMap,n432077448,,,,,32.1254824,35.3099019,supermarket,,
OpenStreetMap,n6766004299,,,,,32.6283261,35.0785765,convenience,,
OpenStreetMap,n432077026,,,,,32.1610356,35.2914704,supermarket,,
OpenStreetMap,n6914914543,,,,,31.7752804,35.2298159,convenience,,
OpenStreetMap,n6919004586,,,,,31.812835,34.6412044,convenience,,
OpenStreetMap,n432353573,,,,,32.1100298,35.2390458,supermarket,,
OpenStreetMap,n11036792005,,,,,31.4951093,34.4817009,supermarket,,
OpenStreetMap,n6939585016,,,,,32.8208451,34.9920966,convenience,,
OpenStreetMap,n6982010587,,,,,31.8949069,35.1943136,convenience,,
OpenStreetMap,n6982127677,,,,,32.9225871,35.0711862,convenience,,
OpenStreetMap,n432353676,,,,,32.1299606,35.1011392,supermarket,,
OpenStreetMap,n432082294,,,,,32.111164,35.2869273,supermarket,,
OpenStreetMap,n432073803,,,,,32.1615163,35.2914229,supermarket,,
OpenStreetMap,n432355979,,,,,32.1193894,35.1560408,supermarket,,
OpenStreetMap,n7578873148,,,,,32.1557507,34.8363502,convenience,,
OpenStreetMap,n6192298567,,,,,32.6460448,35.125125,convenience,,
OpenStreetMap,n8428748673,,,,,31.986468,35.8932795,convenience,,
OpenStreetMap,n8428748678,,,,,31.9855769,35.8933403,convenience,,
OpenStreetMap,n8446078735,,,,,31.9881012,35.899648,convenience,,
OpenStreetMap,n8446078753,,,,,31.9862716,35.8894569,convenience,,
OpenStreetMap,n6317883381,,,,,32.099989,34.8338424,convenience,,
OpenStreetMap,n6316054685,,,,,32.059565,34.7731529,convenience,,
OpenStreetMap,n8446078763,,,,,31.9889473,35.8982936,convenience,,
OpenStreetMap,n8467730958,,,,,31.9870894,35.8999543,convenience,,
OpenStreetMap,n8585130953,,,,,32.3148467,34.8738488,convenience,,
OpenStreetMap,n8590165417,,,,,31.2457497,34.7815103,convenience,,
OpenStreetMap,n6284022185,,,,,31.6983384,35.2186361,convenience,,
OpenStreetMap,n432056050,,,,,32.3074177,35.1643999,supermarket,,
OpenStreetMap,n432055185,,,,,32.1842848,35.2503541,supermarket,,
OpenStreetMap,n432092224,,,,,32.2921415,35.2152879,supermarket,,
OpenStreetMap,n11068944705,,,,,31.5022787,34.4647301,supermarket,,
OpenStreetMap,n8718444383,,,,,31.5291577,35.1174565,convenience,,
OpenStreetMap,n11068944706,,,,,31.5023115,34.4649955,supermarket,,
OpenStreetMap,n8761750417,,,,,31.9639597,35.8644887,convenience,,
OpenStreetMap,n8769625218,,,,,31.963938,35.864501,convenience,,
OpenStreetMap,n8769731319,,,,,31.9193282,35.8584621,convenience,,
OpenStreetMap,n8769731419,,,,,31.9667003,35.8640092,convenience,,
OpenStreetMap,n5921553489,,,,,31.5839848,35.1456714,supermarket,,
OpenStreetMap,n432052753,,,,,32.1197114,35.3398473,supermarket,,
OpenStreetMap,n6192298573,,,,,32.6534456,35.1200309,convenience,,
OpenStreetMap,n5921553488,,,,,31.56351,35.1283117,supermarket,,
OpenStreetMap,n5921553487,,,,,31.5177624,35.162522,supermarket,,
OpenStreetMap,n8428748677,,,,,31.9856954,35.8932328,convenience,,
OpenStreetMap,n6320494400,,,,,32.1485274,34.8305272,convenience,,
OpenStreetMap,n5993593085,,,,,31.45141,35.3817674,supermarket,,
OpenStreetMap,n432090270,,,,,32.1040958,35.2882601,supermarket,,
OpenStreetMap,n5071972755,,,,,32.0793013,34.8150126,supermarket,,
OpenStreetMap,n6387649986,,,,,30.3067536,35.1351719,convenience,,
OpenStreetMap,n432063316,,,,,32.1038272,35.2884937,supermarket,,
OpenStreetMap,n5087080958,,,,,32.3181672,35.3736429,supermarket,,
OpenStreetMap,n5087081435,,,,,32.3193299,35.3758849,supermarket,,
OpenStreetMap,n9786947349,,,,,32.5912914,35.7696107,general,,
OpenStreetMap,n432087891,,,,,32.0833863,35.2958444,supermarket,,
OpenStreetMap,n432061011,,,,,32.2924051,35.2103695,supermarket,,
OpenStreetMap,n5953325187,,,,,31.8538405,35.2370027,supermarket,,
OpenStreetMap,n432353988,,,,,32.0660022,35.0862548,supermarket,,
OpenStreetMap,n432059125,,,,,32.1607488,35.2870718,supermarket,,
OpenStreetMap,n7904350766,,,,,31.7147997,35.0624977,convenience,,
OpenStreetMap,n7967018237,,,,,32.9878257,35.5702987,convenience,,
OpenStreetMap,n432354044,,,,,32.1292645,35.099339,supermarket,,
OpenStreetMap,n432058153,,,,,32.070391,35.2400163,supermarket,,
OpenStreetMap,n11060793906,,,,,32.5979537,35.8539739,supermarket,,
OpenStreetMap,n8138556487,,,,,31.2741454,34.8046598,convenience,,
OpenStreetMap,n6364711587,,,,,30.4844673,35.5253486,convenience,,
OpenStreetMap,n8168379324,,,,,31.6088473,35.1021954,convenience,,
OpenStreetMap,w887371340,,,,,33.2067139,35.4188867,general,,
OpenStreetMap,n8255355828,,,,,31.8214077,35.1935511,convenience,,
OpenStreetMap,n5921554988,,,,,31.5776462,35.1454262,supermarket,,
OpenStreetMap,n432353010,,,,,32.0682932,35.0896359,supermarket,,
OpenStreetMap,n8321535298,,,,,32.1147487,34.8260994,convenience,,
OpenStreetMap,n432056490,,,,,32.2162724,35.238281,supermarket,,
OpenStreetMap,w238027327,,,,,31.7965776,34.6448311,convenience,,
OpenStreetMap,n10130881017,,,,,32.8334432,35.0738089,convenience,,
OpenStreetMap,n9735723177,,,,,31.7138904,35.7885821,convenience,,
OpenStreetMap,w468733679,,,,,32.5692473,34.9359111,convenience,,
OpenStreetMap,n431928357,,,,,32.2668036,35.1977361,supermarket,,
OpenStreetMap,n431928350,,,,,32.1429588,35.2874286,supermarket,,
OpenStreetMap,n5324204224,,,,,32.1532014,35.0492457,supermarket,,
OpenStreetMap,n5324212228,,,,,32.1518716,35.0465156,supermarket,,
OpenStreetMap,n431925761,,,,,32.3017327,35.1864345,supermarket,,
OpenStreetMap,n431925643,,,,,32.1620051,35.2884394,supermarket,,
OpenStreetMap,n431925604,,,,,32.1623202,35.2861899,supermarket,,
OpenStreetMap,n12689969812,,,,,32.3501654,34.9952227,convenience,,
OpenStreetMap,n11612530969,,,,,30.3177077,35.4823945,supermarket,,
OpenStreetMap,w475591060,,,,,32.0023183,34.7963398,convenience,,
OpenStreetMap,w475591059,,,,,32.0026847,34.7963116,convenience,,
OpenStreetMap,n5384300121,,,,,31.5152544,34.4298731,supermarket,,
OpenStreetMap,n12722658199,,,,,31.5224681,34.6002675,convenience,,
OpenStreetMap,n5385354845,,,,,31.5217809,34.4451044,supermarket,,
OpenStreetMap,n431924871,,,,,32.2646612,35.1986898,supermarket,,
OpenStreetMap,n5904799272,,,,,31.7795058,35.2460025,convenience,,
OpenStreetMap,n5875497818,,,,,31.5384291,35.04666,supermarket,,
OpenStreetMap,n431924796,,,,,32.0856745,35.2932126,supermarket,,
OpenStreetMap,n12830567214,,,,,31.7474079,35.231568,convenience,,
OpenStreetMap,n5423582321,,,,,32.4603199,35.2993554,supermarket,,
OpenStreetMap,w435602029,,,,,31.5251614,34.5989306,convenience,,
OpenStreetMap,n431920194,,,,,32.1928925,35.3707875,supermarket,,
OpenStreetMap,n431919342,,,,,32.0853305,35.2932103,supermarket,,
OpenStreetMap,n431917913,,,,,32.159835,35.2837398,supermarket,,
OpenStreetMap,n12958839684,,,,,31.782312,35.2173301,convenience,,
OpenStreetMap,n431915142,,,,,32.1928896,35.3703683,supermarket,,
OpenStreetMap,w434744448,,,,,31.9431342,34.8758323,convenience,,
OpenStreetMap,n5875497989,,,,,31.4501116,35.0272384,supermarket,,
OpenStreetMap,n13057940091,,,,,32.0743548,34.8868744,convenience,,
OpenStreetMap,n13057940094,,,,,32.0816706,34.8756755,convenience,,
OpenStreetMap,n431929338,,,,,32.0709962,35.2406962,supermarket,,
OpenStreetMap,n431929787,,,,,32.1607556,35.284267,supermarket,,
OpenStreetMap,n12491957067,,,,,31.9043562,34.986992,convenience,,
OpenStreetMap,n431936871,,,,,32.1930751,35.36874,supermarket,,
OpenStreetMap,n431949388,,,,,32.1437238,35.2921212,supermarket,,
OpenStreetMap,n432359543,,,,,32.0867091,35.1721512,supermarket,,
OpenStreetMap,n5875497797,,,,,31.4797519,35.0625929,supermarket,,
OpenStreetMap,n431948232,,,,,32.3021392,35.191587,supermarket,,
OpenStreetMap,n431947690,,,,,32.0851348,35.2577105,supermarket,,
OpenStreetMap,n432360375,,,,,32.126258,35.1003371,supermarket,,
OpenStreetMap,n12105735106,,,,,32.0604459,34.7749899,convenience,,
OpenStreetMap,n432360595,,,,,32.1138966,35.1938127,supermarket,,
OpenStreetMap,n12110688753,,,,,32.0521226,34.7703495,convenience,,
OpenStreetMap,n431946298,,,,,32.1020289,35.3216718,supermarket,,
OpenStreetMap,n432360642,,,,,32.0690007,35.1541353,supermarket,,
OpenStreetMap,n12186038056,,,,,31.9719407,35.8336301,supermarket,,
OpenStreetMap,n431945223,,,,,32.276731,35.1931153,supermarket,,
OpenStreetMap,n431944922,,,,,32.2114387,35.1887752,supermarket,,
OpenStreetMap,n12184505171,,,,,32.0597587,34.7715966,convenience,,
OpenStreetMap,n5875497800,,,,,31.4770368,35.0660356,supermarket,,
OpenStreetMap,n11508541869,,,,,32.5114463,35.2325395,supermarket,,
OpenStreetMap,n431944172,,,,,32.1795725,35.214889,supermarket,,
OpenStreetMap,n12232463691,,,,,31.7031257,34.98429,convenience,,
OpenStreetMap,n5875497806,,,,,31.4673979,35.012122,supermarket,,
OpenStreetMap,n12326941352,,,,,32.0571153,34.7792084,convenience,,
OpenStreetMap,n5875497809,,,,,31.4693656,35.0006886,supermarket,,
OpenStreetMap,n12366602298,,,,,33.2103425,35.2961066,convenience,,
OpenStreetMap,n431939698,,,,,32.1624124,35.2832853,supermarket,,
OpenStreetMap,n12128328820,,,,,31.9013401,34.9768473,supermarket,,
OpenStreetMap,n12398454098,,,,,32.1940772,34.8830497,convenience,,
OpenStreetMap,n431937597,,,,,32.1270839,35.3093214,supermarket,,
OpenStreetMap,n432361092,,,,,32.1292894,35.0986625,supermarket,,
OpenStreetMap,n431936891,,,,,32.0631311,35.3636673,supermarket,,
OpenStreetMap,n5875497990,,,,,31.4465779,35.0783923,supermarket,,
OpenStreetMap,w421145115,,,,,31.2617317,34.7967565,convenience,,
OpenStreetMap,n13057940098,,,,,32.0887263,34.8725152,convenience,,
OpenStreetMap,n13516617021,,,,,32.065846,34.8427879,convenience,,
OpenStreetMap,n13522941418,,,,,32.9215723,35.0677061,convenience,,
OpenStreetMap,w339950648,,,,,31.754231,35.1714702,convenience,,
OpenStreetMap,n13522948720,,,,,32.9212195,35.0685156,convenience,,
OpenStreetMap,w318513136,,,,,31.9596615,34.8774161,convenience,,
OpenStreetMap,n5514536436,,,,,30.3295396,35.4756122,supermarket,,
OpenStreetMap,n13538906069,,,,,31.781063,35.2306968,convenience,,
OpenStreetMap,n5875498185,,,,,31.49125,34.9461636,supermarket,,
OpenStreetMap,n5875498186,,,,,31.4502909,35.0287967,supermarket,,
OpenStreetMap,n5567304724,,,,,30.3196467,35.4772739,supermarket,,
OpenStreetMap,n13610104304,,,,,30.583385,35.3704834,convenience,,
OpenStreetMap,n11923492672,,,,,31.9346115,34.909319,supermarket,,
OpenStreetMap,n11911636436,,,,,32.0840108,34.8141329,supermarket,,
OpenStreetMap,n13644815502,,,,,32.8430198,35.0602999,convenience,,
OpenStreetMap,n5589121038,,,,,31.6642161,34.5632869,supermarket,,
OpenStreetMap,n5875498189,,,,,31.4814697,35.0174123,supermarket,,
OpenStreetMap,n432537753,,,,,32.2976667,35.0198874,supermarket,,
OpenStreetMap,w244796434,,,,,31.1349738,34.9604743,convenience,,
OpenStreetMap,n13705573002,,,,,31.7293165,35.7913148,convenience,,
OpenStreetMap,n13725384982,,,,,32.024729,34.8027268,convenience,,
OpenStreetMap,n13809189462,,,,,32.0567392,34.759581,convenience,,
OpenStreetMap,w242977341,,,,,31.8027392,34.6627905,convenience,,
OpenStreetMap,n11882769754,,,,,30.9917309,34.7710442,supermarket,,
OpenStreetMap,n5601253580,,,,,32.967364,35.4932717,supermarket,,
OpenStreetMap,n5605064590,,,,,32.0535073,34.7774236,supermarket,,
OpenStreetMap,n5605064594,,,,,32.0533662,34.7775168,supermarket,,
OpenStreetMap,n11851032043,,,,,30.8979377,34.4014588,supermarket,,
OpenStreetMap,n11844826601,,,,,30.9036651,34.3962154,supermarket,,
OpenStreetMap,w165356059,,,,,33.0126874,35.6418048,convenience,,
OpenStreetMap,n5687552821,,,,,32.2210036,35.2593801,supermarket,,
OpenStreetMap,n431897558,,,,,32.2739046,35.1994323,supermarket,,
OpenStreetMap,n13516575490,,,,,32.0692064,34.7738974,convenience,,
OpenStreetMap,n13057940099,,,,,32.0854467,34.8705351,convenience,,
OpenStreetMap,n5875498000,,,,,31.5375289,35.0391617,supermarket,,
OpenStreetMap,n431914865,,,,,32.2984859,35.1949364,supermarket,,
OpenStreetMap,n5875497992,,,,,31.4472748,35.0913819,supermarket,,
OpenStreetMap,n5875497993,,,,,31.4475092,35.0912192,supermarket,,
OpenStreetMap,w414265014,,,,,32.0958289,34.9522732,convenience,,
OpenStreetMap,n5875497994,,,,,31.4517111,35.0975879,supermarket,,
OpenStreetMap,n13124554699,,,,,32.0809872,34.7776233,convenience,,
OpenStreetMap,n5490248223,,,,,32.0194349,35.8631915,supermarket,,
OpenStreetMap,n431911181,,,,,32.1620927,35.2873663,supermarket,,
OpenStreetMap,n431909938,,,,,32.1928064,35.3707831,supermarket,,
OpenStreetMap,w386710373,,,,,32.7076972,35.5768966,convenience,,
OpenStreetMap,n431907635,,,,,32.1521491,35.2762249,supermarket,,
OpenStreetMap,n431907324,,,,,32.1008858,35.2900921,supermarket,,
OpenStreetMap,n13204082701,,,,,32.9345318,35.0766244,convenience,,
OpenStreetMap,n13204082801,,,,,32.9345668,35.0767069,convenience,,
OpenStreetMap,n13249877101,,,,,32.2329566,35.7352595,convenience,,
OpenStreetMap,n431906601,,,,,32.2011545,35.2444377,supermarket,,
OpenStreetMap,n11962620569,,,,,32.1621234,34.8245086,supermarket,,
OpenStreetMap,n5500468621,,,,,31.9922922,35.8689097,supermarket,,
OpenStreetMap,n13344260068,,,,,31.9437622,35.8338165,convenience,,
OpenStreetMap,n431901943,,,,,32.0568144,35.3676062,supermarket,,
OpenStreetMap,n5747117500,,,,,32.6461211,35.1927822,supermarket,,
OpenStreetMap,n13377924806,,,,,31.8999593,34.8097557,convenience,,
OpenStreetMap,n5875497998,,,,,31.5062777,35.0338868,supermarket,,
OpenStreetMap,w376132043,,,,,31.7663054,35.229383,convenience,,
OpenStreetMap,n5501774149,,,,,31.7950418,35.1203036,supermarket,,
OpenStreetMap,w363802600,,,,,31.248265,34.8053288,convenience,,
OpenStreetMap,n431898694,,,,,32.0710365,35.2431097,supermarket,,
OpenStreetMap,n431898346,,,,,32.1441214,35.2909533,supermarket,,
OpenStreetMap,w363802599,,,,,31.2478129,34.8070996,convenience,,
OpenStreetMap,n12050619151,,,,,32.0639379,34.7803253,convenience,,
OpenStreetMap,n431949482,,,,,32.276554,35.1983981,supermarket,,
OpenStreetMap,n9741509020,,,,,29.6539464,35.5087917,convenience,,
OpenStreetMap,n5892758986,,,,,31.5169684,34.9709915,supermarket,,
OpenStreetMap,n431983523,,,,,32.1839351,35.2477767,supermarket,,
OpenStreetMap,n431983470,,,,,32.0853534,35.2580915,supermarket,,
OpenStreetMap,w239090405,,,,,31.7979458,34.6600148,convenience,,
OpenStreetMap,n5892758989,,,,,31.5242533,34.9691917,supermarket,,
OpenStreetMap,n10223086899,,,,,31.7828169,35.2476873,convenience,,
OpenStreetMap,n10248341009,,,,,32.0591789,34.7764749,convenience,,
OpenStreetMap,n431981112,,,,,32.2162766,35.2380125,supermarket,,
OpenStreetMap,w1304654884,,,,,33.3942402,35.6484689,convenience,,
OpenStreetMap,n10299977110,,,,,32.4333628,34.9250854,convenience,,
OpenStreetMap,n5875026917,,,,,32.8050109,34.9714215,supermarket,,
OpenStreetMap,n5892758987,,,,,31.521048,34.9736146,supermarket,,
OpenStreetMap,n10302663499,,,,,30.8761819,35.6854348,convenience,,
OpenStreetMap,n10302706800,,,,,31.0603706,35.6949241,convenience,,
OpenStreetMap,n10302716211,,,,,31.0632966,35.6946391,convenience,,
OpenStreetMap,n10304434239,,,,,30.726027,35.6242982,convenience,,
OpenStreetMap,n12201161711,,,,,31.7885947,35.1734792,supermarket,,
OpenStreetMap,n10304533497,,,,,30.5188569,35.5736737,convenience,,
OpenStreetMap,n10304555858,,,,,30.2386279,35.4615963,convenience,,
OpenStreetMap,n10304592210,,,,,30.3205617,35.4741997,convenience,,
OpenStreetMap,n10304592225,,,,,30.3220111,35.4786569,convenience,,
OpenStreetMap,n10304711327,,,,,29.6394056,35.4340235,convenience,,
OpenStreetMap,n10314762424,,,,,31.5165786,34.4487498,convenience,,
OpenStreetMap,w1304628823,,,,,33.3277939,35.6926776,convenience,,
OpenStreetMap,n5892758985,,,,,31.53791,35.05574,supermarket,,
OpenStreetMap,n5892758888,,,,,31.5244717,34.9658717,supermarket,,
OpenStreetMap,n5892758887,,,,,31.5236783,34.9708067,supermarket,,
OpenStreetMap,n10583672406,,,,,32.1462989,34.8366334,convenience,,
OpenStreetMap,n10588831892,,,,,32.0923192,34.8857082,convenience,,
OpenStreetMap,n11287393270,,,,,32.8256503,34.9829855,supermarket,,
OpenStreetMap,w1240098003,,,,,31.9222227,34.7985601,convenience,,
OpenStreetMap,n5892758990,,,,,31.5270406,34.9679466,supermarket,,
OpenStreetMap,n5892758991,,,,,31.533255,34.9664733,supermarket,,
OpenStreetMap,w1304798393,,,,,33.3675627,35.6971091,convenience,,
OpenStreetMap,n5892758992,,,,,31.5577769,34.9792636,supermarket,,
OpenStreetMap,n13008659093,,,,,31.7654799,35.1764433,grocery,,
OpenStreetMap,n9786906431,,,,,32.5796122,35.7794566,convenience,,
OpenStreetMap,n9786906440,,,,,32.5868015,35.7756083,convenience,,
OpenStreetMap,n9786906441,,,,,32.5879271,35.7748695,convenience,,
OpenStreetMap,n9786906445,,,,,32.5906785,35.7721133,convenience,,
OpenStreetMap,n9786906448,,,,,32.5915369,35.7685306,convenience,,
OpenStreetMap,n9786906450,,,,,32.585042,35.7692526,convenience,,
OpenStreetMap,w1465120737,,,,,31.7712644,34.7209266,convenience,,
OpenStreetMap,n11237957937,,,,,31.8105578,35.2427156,supermarket,,
OpenStreetMap,n9786906452,,,,,32.5824166,35.776479,convenience,,
OpenStreetMap,n9786906453,,,,,32.5841659,35.7722509,convenience,,
OpenStreetMap,n9786906454,,,,,32.5838606,35.7724183,convenience,,
OpenStreetMap,n9786906462,,,,,32.5649815,35.8036069,convenience,,
OpenStreetMap,n9793852083,,,,,32.5647517,35.8038002,convenience,,
OpenStreetMap,n431998830,,,,,32.1786492,35.2151229,supermarket,,
OpenStreetMap,w1410030545,,,,,31.714857,35.1203001,convenience,,
OpenStreetMap,n431997901,,,,,32.1617126,35.2836435,supermarket,,
OpenStreetMap,n432356165,,,,,32.1141788,35.1976363,supermarket,,
OpenStreetMap,n5892759385,,,,,31.5749233,35.0140933,supermarket,,
OpenStreetMap,n5892759285,,,,,31.5975876,35.0253119,supermarket,,
OpenStreetMap,n5892758998,,,,,31.57492,35.0135933,supermarket,,
OpenStreetMap,n5892758997,,,,,31.5974016,35.0283676,supermarket,,
OpenStreetMap,n5892758996,,,,,31.5975925,35.027521,supermarket,,
OpenStreetMap,n431991635,,,,,32.1604235,35.2838802,supermarket,,
OpenStreetMap,n5892758994,,,,,31.5590556,34.9797308,supermarket,,
OpenStreetMap,n9933397078,,,,,31.8058337,35.1524045,convenience,,
OpenStreetMap,n431988206,,,,,32.1607784,35.2847484,supermarket,,
OpenStreetMap,n5892758993,,,,,31.5590481,34.9787515,supermarket,,
OpenStreetMap,n10012819525,,,,,31.7808574,35.2179357,convenience,0547288106,
OpenStreetMap,n10649032831,,,,,29.4322557,35.2084136,convenience,,
OpenStreetMap,n431977786,,,,,32.137849,35.2713119,supermarket,,
OpenStreetMap,w1208019841,,,,,33.1619945,35.1798917,convenience,,
OpenStreetMap,w804540082,,,,,31.2518624,34.8017986,convenience,,
OpenStreetMap,w804531731,,,,,31.2731982,34.80328,convenience,,
OpenStreetMap,n5237905329,,,,,32.4973515,35.5030453,supermarket,,
OpenStreetMap,w786528785,,,,,32.848645,35.2468607,convenience,,
OpenStreetMap,n5260671121,,,,,32.0887811,34.7755539,supermarket,,
OpenStreetMap,n11264266636,,,,,33.1610965,35.1809599,convenience,,
OpenStreetMap,n11287393269,,,,,32.8319448,34.9827887,convenience,,
OpenStreetMap,n5875497789,,,,,31.4807615,34.9507758,supermarket,,
OpenStreetMap,n5875497790,,,,,31.5196809,34.9761822,supermarket,,
OpenStreetMap,n431955991,,,,,32.2655735,35.2025471,supermarket,,
OpenStreetMap,n431955860,,,,,32.2648422,35.1998582,supermarket,,
OpenStreetMap,n11380786494,,,,,32.8998791,35.0912707,convenience,,
OpenStreetMap,w707053183,,,,,32.9801921,35.5407581,convenience,,
OpenStreetMap,n431954922,,,,,32.1433553,35.2896524,supermarket,,
OpenStreetMap,n11391565721,,,,,33.0152364,35.1611518,convenience,,
OpenStreetMap,n11397573642,,,,,33.0251969,35.2342139,convenience,,
OpenStreetMap,n12403739403,,,,,32.5640611,35.8946321,supermarket,,
OpenStreetMap,n11492319169,,,,,32.9474059,35.1749683,convenience,,
OpenStreetMap,n11513864975,,,,,32.0764345,34.7816612,convenience,,
OpenStreetMap,n5875497795,,,,,31.4491955,35.0526373,supermarket,,
OpenStreetMap,n5286792923,,,,,32.3177757,34.857612,supermarket,,
OpenStreetMap,w665953175,,,,,32.6737775,35.2499704,convenience,,
OpenStreetMap,w661210637,,,,,31.9613033,34.8780273,convenience,,
OpenStreetMap,w661210636,,,,,31.961542,34.8781254,convenience,,
OpenStreetMap,n431951899,,,,,32.1849846,35.2310884,supermarket,,
OpenStreetMap,n11868835024,,,,,32.0663081,34.766192,convenience,,
OpenStreetMap,n11900407021,,,,,32.0509826,34.7719649,convenience,,
OpenStreetMap,n431950785,,,,,32.2746582,35.1992953,supermarket,,
OpenStreetMap,w647293834,,,,,32.9535959,35.5307761,convenience,,
OpenStreetMap,w589165470,,,,,32.1937841,34.9081588,convenience,,
OpenStreetMap,n432357786,,,,,32.0824254,35.1768898,supermarket,,
OpenStreetMap,n432357440,,,,,32.1099722,35.2389019,supermarket,,
OpenStreetMap,n5892758885,,,,,31.4653867,35.0231167,supermarket,,
OpenStreetMap,n5875497787,,,,,31.4800673,34.9514169,supermarket,,
OpenStreetMap,n5875497689,,,,,31.5193059,34.97569,supermarket,,
OpenStreetMap,n432387645,,,,,32.3139591,35.0230352,supermarket,,
OpenStreetMap,n432356540,,,,,32.0663808,35.084069,supermarket,,
OpenStreetMap,n5875497691,,,,,31.4794421,35.063432,supermarket,,
OpenStreetMap,w1126952613,,,,,29.5738347,35.4232588,convenience,,
OpenStreetMap,w1126921645,,,,,30.6759845,35.6091737,convenience,,
OpenStreetMap,n5163373855,,,,,31.9081093,34.7982121,supermarket,,
OpenStreetMap,w1105591591,,,,,31.8298819,35.2556796,convenience,,
OpenStreetMap,w1105591589,,,,,31.8297508,35.2559272,convenience,,
OpenStreetMap,n5875497692,,,,,31.4516955,35.0982816,supermarket,,
OpenStreetMap,n431973616,,,,,32.1941837,35.3686817,supermarket,,
OpenStreetMap,n432387167,,,,,32.2980229,35.0199432,supermarket,,
OpenStreetMap,n431970069,,,,,32.1043904,35.319873,supermarket,,
OpenStreetMap,w1002015513,,,,,31.4949008,34.4619116,convenience,,
OpenStreetMap,n431969996,,,,,32.0851535,35.2584391,supermarket,,
OpenStreetMap,n12525866002,,,,,32.4105805,35.7056699,supermarket,,
OpenStreetMap,n12525866001,,,,,32.41068,35.7054991,supermarket,,
OpenStreetMap,n12525848800,,,,,32.4107818,35.7050798,supermarket,,
OpenStreetMap,n431968202,,,,,32.1102847,35.2691945,supermarket,,
OpenStreetMap,n431967809,,,,,32.2089121,35.1904497,supermarket,,
OpenStreetMap,n10963058505,,,,,31.7885523,35.1956444,convenience,,
OpenStreetMap,n431966045,,,,,32.1842492,35.2336492,supermarket,,
OpenStreetMap,n11358510527,,,,,32.0439425,35.883151,supermarket,,
OpenStreetMap,w851809391,,,,,32.1949723,34.9167841,convenience,,
OpenStreetMap,n450656586,,,,,32.360095,34.8622072,supermarket,,
OpenStreetMap,n11165495666,,,,,31.7234226,35.2035874,convenience,,
OpenStreetMap,n11178641249,,,,,32.0833617,34.7893188,convenience,,
OpenStreetMap,n11191434372,,,,,32.1536319,34.8424564,convenience,,
OpenStreetMap,n11195982375,,,,,33.0595156,35.4343741,convenience,,
OpenStreetMap,n5904799277,,,,,31.7793564,35.2455782,convenience,,
OpenStreetMap,n4799069022,,,,,31.9059678,35.2038859,supermarket,,
OpenStreetMap,n432111785,,,,,32.0706945,35.2426098,supermarket,,
OpenStreetMap,n4199907014,,,,,32.0189156,35.0677759,supermarket,,
OpenStreetMap,n1186123514,,,,,31.9207399,35.0369244,supermarket,,
OpenStreetMap,n4244047400,,,,,32.8457489,35.7908521,supermarket,,
OpenStreetMap,n4243970788,,,,,33.087358,35.7593594,supermarket,,
OpenStreetMap,n432292354,,,,,31.9050456,35.0613663,supermarket,,
OpenStreetMap,n8138556486,,,,,31.2741225,34.8045284,supermarket,,
OpenStreetMap,w372841600,,,,,31.8738571,34.7394391,supermarket,,
OpenStreetMap,w373571564,,,,,31.8725561,34.7431303,supermarket,,
OpenStreetMap,n2040803440,,,,,32.7728867,35.0276312,convenience,,
OpenStreetMap,w362395471,,,,,31.2552303,34.8175698,supermarket,,
OpenStreetMap,n2040514308,,,,,32.0224615,34.7634656,convenience,,
OpenStreetMap,w376893066,,,,,31.9643094,34.8048786,supermarket,,
OpenStreetMap,n4184909591,,,,,32.0367367,35.280199,supermarket,,
OpenStreetMap,w384892214,,,,,32.1726107,34.8499107,supermarket,,
OpenStreetMap,w385827369,,,,,32.055818,35.4691778,supermarket,,
OpenStreetMap,n1976549201,,,,,32.4389537,34.9095699,convenience,,
OpenStreetMap,n432291940,,,,,31.9062986,35.0580101,supermarket,,
OpenStreetMap,n432268169,,,,,31.8710788,35.0676587,supermarket,,
OpenStreetMap,n2185114117,,,,,32.1760113,34.8946301,convenience,,
OpenStreetMap,n1196970321,,,,,31.9034876,35.1964563,supermarket,,
OpenStreetMap,n432293143,,,,,31.9067479,35.0580382,supermarket,,
OpenStreetMap,n2323347826,,,,,32.0917882,34.8183028,convenience,,
OpenStreetMap,n1125973207,,,,,32.1204449,34.7999592,supermarket,,
OpenStreetMap,n1125973321,,,,,32.1192509,34.796084,supermarket,,
OpenStreetMap,n432267721,,,,,31.8677111,35.0669384,supermarket,,
OpenStreetMap,w307111471,,,,,31.8927926,35.0033385,supermarket,,
OpenStreetMap,n2296412788,,,,,32.3244814,34.8532864,convenience,,
OpenStreetMap,n2295458767,,,,,32.0177277,34.7642151,convenience,,
OpenStreetMap,n7931624007,,,,,33.0810556,35.3735456,supermarket,,
OpenStreetMap,n7944815156,,,,,32.1950171,34.9166764,supermarket,,
OpenStreetMap,w327943126,,,,,32.7328415,35.1423696,supermarket,,
OpenStreetMap,n2264923583,,,,,32.0395999,34.7511023,convenience,,
OpenStreetMap,w331751224,,,,,30.3264033,35.494102,supermarket,,
OpenStreetMap,n2247266808,,,,,32.1966716,34.8804045,convenience,,
OpenStreetMap,w340380235,,,,,32.8357186,35.0651017,supermarket,,
OpenStreetMap,w341143853,,,,,31.2566372,35.2111164,supermarket,,
OpenStreetMap,n2211335829,,,,,32.1778708,34.9184459,convenience,,
OpenStreetMap,n1952682268,,,,,32.0861244,34.8837477,convenience,,
OpenStreetMap,n432269260,,,,,31.951932,35.2097289,supermarket,,
OpenStreetMap,n3693999587,,,,,31.9045714,35.1970248,supermarket,,
OpenStreetMap,n1764159119,,,,,31.2645031,34.7926029,convenience,,
OpenStreetMap,w490695196,,,,,31.9159246,35.0236637,supermarket,,
OpenStreetMap,n432290453,,,,,31.9506008,35.210512,supermarket,,
OpenStreetMap,n1747038372,,,,,32.0227551,34.7631745,convenience,,
OpenStreetMap,n3739375126,,,,,29.5486442,34.9531756,supermarket,,
OpenStreetMap,n3736155726,,,,,32.9940276,35.6907014,supermarket,,
OpenStreetMap,w497654398,,,,,32.9587481,35.4919646,supermarket,,
OpenStreetMap,n432290323,,,,,31.8844277,35.0678525,supermarket,,
OpenStreetMap,n1786340369,,,,,31.9030884,35.2023234,convenience,,
OpenStreetMap,w498855961,,,,,32.4441336,34.9732121,supermarket,,
OpenStreetMap,n3657606485,,,,,32.0482423,35.1644024,supermarket,,
OpenStreetMap,n1732496190,,,,,31.7823412,35.2246267,convenience,,
OpenStreetMap,n3657606484,,,,,32.0483113,35.1644723,supermarket,,
OpenStreetMap,n1716729941,,,,,32.0329899,34.7439856,convenience,,
OpenStreetMap,n1716729923,,,,,32.0322115,34.7448585,convenience,,
OpenStreetMap,n1714738072,,,,,31.80066,35.453153,convenience,,
OpenStreetMap,n1783323627,,,,,32.6960364,35.0490356,convenience,,
OpenStreetMap,n1339369028,,,,,32.6517902,35.1153588,supermarket,,
OpenStreetMap,n4150999706,,,,,32.2783213,34.9488284,supermarket,,
OpenStreetMap,n1839899517,,,,,31.2542211,35.2146512,convenience,,
OpenStreetMap,n432291857,,,,,31.9843935,35.3165741,supermarket,,
OpenStreetMap,w407751861,,,,,32.831823,34.9793509,supermarket,,
OpenStreetMap,w409273566,,,,,31.7545379,35.1686648,supermarket,,
OpenStreetMap,n1896861007,,,,,31.8969454,34.8245667,convenience,,
OpenStreetMap,n4103565291,,,,,31.9361658,35.0054018,supermarket,,
OpenStreetMap,w419674502,,,,,32.017656,35.0677872,supermarket,,
OpenStreetMap,n1839907342,,,,,31.2587465,35.2129242,convenience,,
OpenStreetMap,n432270053,,,,,31.8726235,35.0625154,supermarket,,
OpenStreetMap,n1318520821,,,,,32.7848539,35.4987127,supermarket,,
OpenStreetMap,n1821596732,,,,,31.7776781,35.1854384,convenience,,
OpenStreetMap,n432270099,,,,,31.8849466,35.0765753,supermarket,,
OpenStreetMap,n3973076119,,,,,32.6168616,35.3273244,supermarket,,
OpenStreetMap,n432291421,,,,,31.9495336,35.2124971,supermarket,,
OpenStreetMap,n1299992581,,,,,29.5506866,34.9555779,supermarket,,
OpenStreetMap,n432291001,,,,,31.8942727,35.0847917,supermarket,,
OpenStreetMap,n1794416334,,,,,31.7524694,35.2229299,convenience,,
OpenStreetMap,n7930911840,,,,,33.2765299,35.2148518,supermarket,,
OpenStreetMap,n1112623200,,,,,31.8709256,34.9460598,supermarket,,
OpenStreetMap,n432267476,,,,,31.8687003,35.070082,supermarket,,
OpenStreetMap,n9597783995,,,,,31.9470982,34.8172581,supermarket,,
OpenStreetMap,n3352209072,,,,,31.7751269,35.2224203,convenience,,
OpenStreetMap,n3324186414,,,,,32.0933217,34.8815001,convenience,,
OpenStreetMap,n3237136495,,,,,31.5492785,35.1019573,convenience,,
OpenStreetMap,n7613527985,,,,,31.5743323,35.0117404,supermarket,,
OpenStreetMap,n4388785755,,,,,31.8672385,34.8859307,supermarket,,
OpenStreetMap,n1056716290,,,,,31.7547602,35.1605345,supermarket,,
OpenStreetMap,n4371773993,,,,,31.8705579,35.2225331,supermarket,,
OpenStreetMap,n3162346070,,,,,32.0891659,34.821442,convenience,,
OpenStreetMap,w253515336,,,,,32.3966372,35.0067142,supermarket,,
OpenStreetMap,n432265945,,,,,31.9006384,35.0720943,supermarket,,
OpenStreetMap,n432265955,,,,,31.8738994,35.0660876,supermarket,,
OpenStreetMap,n4370177881,,,,,32.327336,34.8552551,supermarket,,
OpenStreetMap,w267623002,,,,,32.0465558,34.8045671,supermarket,,
OpenStreetMap,n3084312745,,,,,31.9125882,34.8042165,convenience,,
OpenStreetMap,w295331905,,,,,32.8524705,35.0719009,supermarket,,
OpenStreetMap,w295333699,,,,,32.8432246,35.0712312,supermarket,,
OpenStreetMap,n432265159,,,,,31.8849616,35.0692964,supermarket,,
OpenStreetMap,n7542599491,,,,,31.9119822,35.0054714,supermarket,,
OpenStreetMap,n1104596149,,,,,32.1118693,34.7976447,supermarket,,
OpenStreetMap,n432295821,,,,,31.867888,35.0668959,supermarket,,
OpenStreetMap,n3736154610,,,,,32.9946249,35.6893389,convenience,,
OpenStreetMap,n7499587732,,,,,31.9138088,35.0060533,supermarket,,
OpenStreetMap,n3706988132,,,,,31.9269073,34.7982556,convenience,,
OpenStreetMap,n992964862,,,,,31.2537272,34.7721885,supermarket,,
OpenStreetMap,n432264548,,,,,31.8877347,35.0719605,supermarket,,
OpenStreetMap,n3515312697,,,,,31.8050636,34.7006867,convenience,,
OpenStreetMap,n3514685640,,,,,32.1104088,35.7988775,convenience,,
OpenStreetMap,n432264590,,,,,31.8968214,35.0821407,supermarket,,
OpenStreetMap,n432264919,,,,,31.9502593,35.2100981,supermarket,,
OpenStreetMap,n1002015526,,,,,32.7845895,34.9965759,supermarket,,
OpenStreetMap,n432264782,,,,,31.9526501,35.2108776,supermarket,,
OpenStreetMap,n432295559,,,,,31.9496509,35.2143372,supermarket,,
OpenStreetMap,n3423822873,,,,,31.7567362,35.1670348,convenience,,
OpenStreetMap,n3420474799,,,,,31.753813,35.1706264,convenience,,
OpenStreetMap,n3402044730,,,,,32.4383188,34.9100481,convenience,,
OpenStreetMap,w252683904,,,,,31.7806081,35.1888603,supermarket,,
OpenStreetMap,n7725589723,,,,,33.2448409,35.2351659,supermarket,,
OpenStreetMap,n432266792,,,,,32.0019996,35.2733846,supermarket,,
OpenStreetMap,n1071388514,,,,,31.8169823,35.1957905,supermarket,,
OpenStreetMap,n432294220,,,,,31.9529225,35.2099061,supermarket,,
OpenStreetMap,n7884333488,,,,,32.0148652,35.8695681,supermarket,,
OpenStreetMap,n2463869457,,,,,31.7999596,34.6431343,convenience,,
OpenStreetMap,n1097776170,,,,,29.5567352,34.9519054,supermarket,,
OpenStreetMap,n1097776173,,,,,29.5555583,34.9538058,supermarket,,
OpenStreetMap,n7904350765,,,,,31.7165919,35.0605007,supermarket,,
OpenStreetMap,n432294245,,,,,32.003356,35.2732234,supermarket,,
OpenStreetMap,n2416581755,,,,,33.2212457,35.5710857,convenience,,
OpenStreetMap,w301678537,,,,,31.5366814,34.4914449,supermarket,,
OpenStreetMap,w296371474,,,,,31.3911633,34.3629244,supermarket,,
OpenStreetMap,n1097791463,,,,,29.5518646,34.9582345,supermarket,,
OpenStreetMap,n1097801533,,,,,29.56436,34.956975,supermarket,,
OpenStreetMap,n4311168862,,,,,31.8032633,35.2362262,supermarket,,
OpenStreetMap,n432267372,,,,,31.9510182,35.2096807,supermarket,,
OpenStreetMap,n2365931129,,,,,31.7164217,35.4517992,convenience,,
OpenStreetMap,n1104562774,,,,,32.1117422,34.7963356,supermarket,,
OpenStreetMap,n7928561762,,,,,33.2030267,35.4411118,supermarket,,
OpenStreetMap,n9588022750,,,,,32.5980161,35.8535616,supermarket,,
OpenStreetMap,n9588381736,,,,,32.0168624,35.8623839,supermarket,,
OpenStreetMap,n1097776166,,,,,29.5555023,34.9513269,supermarket,,
OpenStreetMap,n2493162878,,,,,32.2008796,35.0372008,convenience,,
OpenStreetMap,n1078621859,,,,,31.7143751,34.9888898,supermarket,,
OpenStreetMap,n1097761110,,,,,29.5440605,34.9391253,supermarket,,
OpenStreetMap,n7821075382,,,,,31.835244,35.125476,supermarket,,
OpenStreetMap,n2767962743,,,,,31.9644391,34.7932359,convenience,,
OpenStreetMap,n1097761124,,,,,29.5540183,34.9453193,supermarket,,
OpenStreetMap,n1097776143,,,,,29.5555303,34.9413282,supermarket,,
OpenStreetMap,n1097776153,,,,,29.5618643,34.9480279,supermarket,,
OpenStreetMap,n2619678639,,,,,31.775516,35.2327661,convenience,,
OpenStreetMap,n2583904835,,,,,32.8262323,35.2342098,convenience,,
OpenStreetMap,n2577660879,,,,,32.1041852,34.7918168,convenience,,
OpenStreetMap,n1097776156,,,,,29.5606165,34.9507803,supermarket,,
OpenStreetMap,n2505967059,,,,,31.7983577,34.6478845,convenience,,
OpenStreetMap,n2505967053,,,,,31.8001454,34.6478201,convenience,,
OpenStreetMap,n2499834316,,,,,31.8023546,34.6625438,convenience,,
OpenStreetMap,n1097776164,,,,,29.5559652,34.9510952,supermarket,,
OpenStreetMap,n1696112714,,,,,31.7916893,35.3017506,convenience,,
OpenStreetMap,n3493767715,,,,,29.5563747,34.9461799,supermarket,,
OpenStreetMap,n432290042,,,,,31.894331,35.087088,supermarket,,
OpenStreetMap,n8804948717,,,,,31.6916099,35.2115561,supermarket,,
OpenStreetMap,n636119339,,,,,31.7935536,35.1449139,convenience,,
OpenStreetMap,n566600180,,,,,31.7562885,35.1986587,convenience,,
OpenStreetMap,n432286748,,,,,31.9514079,35.2119112,supermarket,,
OpenStreetMap,n559659679,,,,,32.3298839,34.8530881,convenience,,
OpenStreetMap,n8428748679,,,,,31.9858962,35.8930596,supermarket,,
OpenStreetMap,n515065038,,,,,31.4664953,35.3939687,convenience,,
OpenStreetMap,n432286646,,,,,31.9005208,35.0698533,supermarket,,
OpenStreetMap,w1126932638,,,,,30.2460516,35.4697131,supermarket,,
OpenStreetMap,w1075609155,,,,,32.3352636,35.3009177,supermarket,,
OpenStreetMap,w1126937918,,,,,29.8029666,35.3110883,supermarket,,
OpenStreetMap,n504264427,,,,,31.5251698,34.4393272,convenience,,
OpenStreetMap,n504261029,,,,,31.5241132,34.438078,convenience,,
OpenStreetMap,n432281034,,,,,31.8946818,35.0822708,supermarket,,
OpenStreetMap,n467681591,,,,,32.3487411,34.8706897,convenience,,
OpenStreetMap,n444727973,,,,,32.316946,34.8474177,convenience,,
OpenStreetMap,n2598769945,,,,,31.9624773,34.812394,supermarket,,
OpenStreetMap,n641349142,,,,,31.8767296,34.761369,convenience,,
OpenStreetMap,w1075113424,,,,,32.3400301,35.3023703,supermarket,,
OpenStreetMap,n8920533036,,,,,32.0458533,34.8414092,supermarket,,
OpenStreetMap,n977480378,,,,,31.2680331,35.2130119,convenience,,
OpenStreetMap,n8920256495,,,,,32.0774487,34.8469215,supermarket,,
OpenStreetMap,n989114195,,,,,31.2499686,34.7765493,convenience,,
OpenStreetMap,n1717762519,,,,,31.8652623,35.1680892,supermarket,,
OpenStreetMap,n1717762529,,,,,31.8623576,35.1757022,supermarket,,
OpenStreetMap,n988613947,,,,,31.806297,34.9320077,convenience,,
OpenStreetMap,w1007788827,,,,,31.9428038,35.1008048,supermarket,,
OpenStreetMap,n1732981178,,,,,32.8007873,35.6886485,supermarket,,
OpenStreetMap,n945164729,,,,,31.2428594,34.7909121,convenience,,
OpenStreetMap,n682358510,,,,,32.0566801,34.8662897,convenience,,
OpenStreetMap,n924526347,,,,,32.9802877,35.8075093,convenience,,
OpenStreetMap,w1023974550,,,,,32.347462,34.8990953,supermarket,,
OpenStreetMap,n869044211,,,,,31.7695938,35.2131589,convenience,,
OpenStreetMap,n824066787,,,,,32.3308978,34.8545752,convenience,,
OpenStreetMap,w1050204033,,,,,31.2639784,34.7896239,supermarket,,
OpenStreetMap,n759956493,,,,,31.7542908,34.9930708,convenience,,
OpenStreetMap,n696740638,,,,,32.2808832,34.8522632,convenience,,
OpenStreetMap,n8769731418,,,,,31.9835027,35.865014,supermarket,,
OpenStreetMap,n2598394712,,,,,31.9657218,34.7901464,supermarket,,
OpenStreetMap,n2598394689,,,,,31.9615977,34.800721,supermarket,,
OpenStreetMap,n2393010708,,,,,33.1952049,35.5762815,supermarket,,
OpenStreetMap,n2449155065,,,,,30.3217494,35.480251,supermarket,,
OpenStreetMap,n432283188,,,,,31.8951828,35.0813482,supermarket,,
OpenStreetMap,n2145135902,,,,,32.2734223,34.8741782,supermarket,,
OpenStreetMap,n8537137957,,,,,32.0576594,34.764591,supermarket,,
OpenStreetMap,w1415144870,,,,,32.2016538,34.8246877,supermarket,,
OpenStreetMap,n8598003546,,,,,31.8888814,34.9107969,supermarket,,
OpenStreetMap,n8544621844,,,,,32.0884264,34.8062319,supermarket,,
OpenStreetMap,n8544693911,,,,,32.0861929,34.803047,supermarket,,
OpenStreetMap,w1194955645,,,,,31.8998652,35.2556415,supermarket,,
OpenStreetMap,n2376981015,,,,,32.0998397,34.8880987,supermarket,,
OpenStreetMap,n2344065878,,,,,31.7220095,35.793023,supermarket,,
OpenStreetMap,n2344061533,,,,,29.5303471,35.0053451,supermarket,,
OpenStreetMap,n2344061526,,,,,29.5739653,35.4209963,supermarket,,
OpenStreetMap,n8556158994,,,,,32.0924246,34.8094123,supermarket,,
OpenStreetMap,n2344061483,,,,,29.5285313,35.0035666,supermarket,,
OpenStreetMap,n2281250410,,,,,31.8170778,35.200217,supermarket,,
OpenStreetMap,n2449157669,,,,,30.0469152,35.4472174,supermarket,,
OpenStreetMap,w1336786195,,,,,32.1158509,35.0807129,supermarket,,
OpenStreetMap,n2501085803,,,,,29.5521022,35.028189,supermarket,,
OpenStreetMap,n2501095622,,,,,29.5299134,35.0069561,supermarket,,
OpenStreetMap,n432281874,,,,,31.8852283,35.0690062,supermarket,,
OpenStreetMap,w1194970228,,,,,31.8959497,35.254307,supermarket,,
OpenStreetMap,w1225412087,,,,,32.0756473,35.8493018,supermarket,,
OpenStreetMap,n1939462606,,,,,31.7079364,35.2005718,supermarket,,
OpenStreetMap,n432281995,,,,,31.9503574,35.211534,supermarket,,
OpenStreetMap,n2546704022,,,,,30.9429545,35.3662943,supermarket,,
OpenStreetMap,n2545256750,,,,,32.8153173,34.997417,supermarket,,
OpenStreetMap,n8714443875,,,,,33.1036093,35.1834907,supermarket,,
OpenStreetMap,n8431133117,,,,,32.318883,35.0401999,supermarket,,
OpenStreetMap,n8701837069,,,,,32.07947,34.8158709,supermarket,,
OpenStreetMap,n2539806146,,,,,31.9500712,35.8833078,supermarket,,
OpenStreetMap,w1304642827,,,,,33.3541861,35.6655927,supermarket,,
OpenStreetMap,n2539792316,,,,,31.9532994,35.8838849,supermarket,,
OpenStreetMap,w1304654870,,,,,33.3795117,35.6462961,supermarket,,
OpenStreetMap,w1336783218,,,,,32.1156637,35.0751574,supermarket,,
OpenStreetMap,n993567724,,,,,31.7673606,35.1993616,convenience,,
OpenStreetMap,n995355776,,,,,31.8598012,34.883736,convenience,,
OpenStreetMap,n1673719808,,,,,31.7652679,35.2095402,convenience,,
OpenStreetMap,n1561766758,,,,,31.505026,34.4635868,supermarket,,
OpenStreetMap,w657706541,,,,,29.5150923,34.9250602,supermarket,,
OpenStreetMap,w662211286,,,,,32.467263,35.0458245,supermarket,,
OpenStreetMap,n1500184628,,,,,32.1253646,34.7983879,supermarket,,
OpenStreetMap,n1524779055,,,,,33.0557738,35.7368082,convenience,,
OpenStreetMap,n432275718,,,,,31.8694786,35.0654151,supermarket,,
OpenStreetMap,w687207267,,,,,31.8904539,34.842979,supermarket,,
OpenStreetMap,n432275789,,,,,31.885402,35.0773864,supermarket,,
OpenStreetMap,n432288773,,,,,31.8671558,35.0674953,supermarket,,
OpenStreetMap,n3409625035,,,,,32.2217355,35.257472,supermarket,,
OpenStreetMap,n1588349457,,,,,32.0367106,34.7611902,supermarket,,
OpenStreetMap,n1636359549,,,,,32.7098918,35.1437323,supermarket,,
OpenStreetMap,n1449351878,,,,,32.0707835,34.7916652,convenience,,
OpenStreetMap,n1449026791,,,,,32.790394,35.516716,convenience,,
OpenStreetMap,n3123233058,,,,,32.2534491,34.9179949,supermarket,,
OpenStreetMap,n1425499579,,,,,31.7870958,35.0903202,convenience,,
OpenStreetMap,n1650260470,,,,,31.245806,34.7653243,supermarket,,
OpenStreetMap,n8297081317,,,,,32.3860091,35.0516766,supermarket,,
OpenStreetMap,n3420474798,,,,,31.7538677,35.1705996,supermarket,,
OpenStreetMap,n996751211,,,,,31.8048606,34.8971963,convenience,,
OpenStreetMap,n1620137409,,,,,32.7409656,35.0781274,convenience,,
OpenStreetMap,n3491377012,,,,,32.1300621,35.0420374,supermarket,,
OpenStreetMap,n432273394,,,,,31.8970061,35.0782741,supermarket,,
OpenStreetMap,n1664599268,,,,,31.7794447,35.1856348,convenience,,
OpenStreetMap,n1654300261,,,,,31.976359,35.8503658,convenience,,
OpenStreetMap,n3491343945,,,,,32.1283381,35.0501296,supermarket,,
OpenStreetMap,n3491343944,,,,,32.1286902,35.0477596,supermarket,,
OpenStreetMap,n1466758519,,,,,32.0592468,34.8796405,supermarket,,
OpenStreetMap,w569997096,,,,,31.8893083,34.9317392,supermarket,,
OpenStreetMap,n1473191197,,,,,32.3910594,34.9010364,supermarket,,
OpenStreetMap,n1467943272,,,,,32.0569189,34.8686055,supermarket,,
OpenStreetMap,n1606834725,,,,,31.788259,35.21061,convenience,,
OpenStreetMap,n3473002510,,,,,32.0452418,34.8852789,supermarket,,
OpenStreetMap,w599256765,,,,,31.8696835,34.9037968,supermarket,,
OpenStreetMap,n1570760079,,,,,32.3117412,34.8578177,convenience,,
OpenStreetMap,n1570717489,,,,,32.3119192,34.8566456,convenience,,
OpenStreetMap,n432289333,,,,,32.0480189,35.1634994,supermarket,,
OpenStreetMap,n1404611841,,,,,31.5390873,35.1040621,convenience,,
OpenStreetMap,n1404061573,,,,,31.3273688,34.9389016,convenience,,
OpenStreetMap,n3110760217,,,,,31.9449844,34.7751973,supermarket,,
OpenStreetMap,n1102754505,,,,,31.995277,34.8968767,convenience,,
OpenStreetMap,w926508251,,,,,31.8748874,34.8551392,supermarket,,
OpenStreetMap,n8380566517,,,,,31.7081583,35.2000288,supermarket,,
OpenStreetMap,n432278556,,,,,31.8674466,35.0672058,supermarket,,
OpenStreetMap,n1132561810,,,,,31.7736467,34.6835741,convenience,,
OpenStreetMap,n1122391121,,,,,31.8987865,34.8993712,convenience,,
OpenStreetMap,n432278728,,,,,31.9863133,35.2578359,supermarket,,
OpenStreetMap,n2780856239,,,,,32.3858159,35.3268484,supermarket,,
OpenStreetMap,w959764268,,,,,29.5642517,34.9455387,supermarket,,
OpenStreetMap,w781759104,,,,,32.7144987,35.1252293,supermarket,,
OpenStreetMap,n1095185365,,,,,31.7391734,34.9926419,convenience,,
OpenStreetMap,n1088379515,,,,,29.5556726,34.9589852,convenience,,
OpenStreetMap,n1078732786,,,,,31.7241461,34.9941322,convenience,,
OpenStreetMap,n1076073269,,,,,31.9706073,35.8904628,convenience,,
OpenStreetMap,n1076073265,,,,,31.9644909,35.8948295,convenience,,
OpenStreetMap,n1068459664,,,,,31.7382426,34.9767102,convenience,,
OpenStreetMap,n1068447853,,,,,31.7391975,34.9818523,convenience,,
OpenStreetMap,n1164049844,,,,,31.9641311,34.7932255,convenience,,
OpenStreetMap,w926503520,,,,,31.8709864,34.946065,supermarket,,
OpenStreetMap,n1193560570,,,,,32.3800888,35.0176936,convenience,,
OpenStreetMap,n1193560573,,,,,32.3808408,35.0170015,convenience,,
OpenStreetMap,n3032559331,,,,,32.6202409,35.3244141,supermarket,,
OpenStreetMap,n1387736544,,,,,32.8028685,34.9864553,convenience,,
OpenStreetMap,w867315458,,,,,33.1981544,35.4416372,supermarket,,
OpenStreetMap,w884642161,,,,,32.4673441,35.0447609,supermarket,,
OpenStreetMap,w892592056,,,,,33.3751536,35.4948512,supermarket,,
OpenStreetMap,n2969083521,,,,,31.2542933,34.7929296,supermarket,,
OpenStreetMap,n2931878942,,,,,32.0404936,34.7656788,supermarket,,
OpenStreetMap,n2920335286,,,,,31.9631132,35.0675633,supermarket,,
OpenStreetMap,n1304774154,,,,,32.0884,34.8142406,convenience,,
OpenStreetMap,n1291360865,,,,,33.0930961,35.1059847,convenience,,
OpenStreetMap,w902222306,,,,,31.8622842,34.9472461,supermarket,,
OpenStreetMap,n432278222,,,,,31.9530452,35.2094405,supermarket,,
OpenStreetMap,n2881886219,,,,,32.0076062,34.7588699,supermarket,,
OpenStreetMap,n8960309823,,,,,29.9030966,35.4072453,supermarket,,
OpenStreetMap,w917707640,,,,,31.9522136,34.8622595,supermarket,,
OpenStreetMap,n3736154623,,,,,32.9948701,35.6899075,convenience,,
OpenStreetMap,n3736155725,,,,,32.9949387,35.6892396,convenience,,
OpenStreetMap,n3762424973,,,,,32.0113891,34.7857722,convenience,,
OpenStreetMap,n10541974145,,,,,31.8934644,34.7864775,supermarket,,
OpenStreetMap,n4820628429,,,,,31.6963454,35.1776206,supermarket,,
OpenStreetMap,n4820594040,,,,,31.7144684,35.2061697,supermarket,,
OpenStreetMap,n432348671,,,,,32.1210061,35.0989657,supermarket,,
OpenStreetMap,n432152411,,,,,32.0858606,35.2974988,supermarket,,
OpenStreetMap,n432348627,,,,,32.1040734,35.2333129,supermarket,,
OpenStreetMap,n432155052,,,,,32.2087245,35.190547,supermarket,,
OpenStreetMap,n6447186785,,,,,31.9104569,35.2654191,supermarket,,
OpenStreetMap,n432156846,,,,,32.1614296,35.2887914,supermarket,,
OpenStreetMap,n4820882622,,,,,31.6947864,35.1793103,supermarket,,
OpenStreetMap,n432156938,,,,,32.1758202,35.3328013,supermarket,,
OpenStreetMap,n432157528,,,,,32.3070838,35.1646189,supermarket,,
OpenStreetMap,n432157854,,,,,32.1616494,35.2898013,supermarket,,
OpenStreetMap,n2284417883,,,,,30.3187203,35.4783195,supermarket,,
OpenStreetMap,n432348234,,,,,32.0696609,35.1490857,supermarket,,
OpenStreetMap,n13587134937,,,,,31.0645518,35.0347497,supermarket,,
OpenStreetMap,n432160254,,,,,32.2092877,35.3336545,supermarket,,
OpenStreetMap,n432148048,,,,,32.224997,35.3108916,supermarket,,
OpenStreetMap,n432147747,,,,,32.0704,35.2422852,supermarket,,
OpenStreetMap,n5341187621,,,,,32.1764138,34.9799302,convenience,,
OpenStreetMap,n5263753646,,,,,31.8142094,35.1930213,convenience,,
OpenStreetMap,n10589394782,,,,,32.9322158,35.4332861,supermarket,,
OpenStreetMap,n5324212229,,,,,32.1528475,35.0463321,convenience,,
OpenStreetMap,n5324212226,,,,,32.1531645,35.0528575,convenience,,
OpenStreetMap,n432140469,,,,,32.2752984,35.1974134,supermarket,,
OpenStreetMap,n13519175701,,,,,31.2889902,35.5335105,supermarket,,
OpenStreetMap,n13519175801,,,,,31.2894351,35.5339525,supermarket,,
OpenStreetMap,n5302022990,,,,,32.9811123,35.5453287,convenience,,
OpenStreetMap,n5252342894,,,,,31.9672758,34.7955395,convenience,,
OpenStreetMap,n6423550786,,,,,30.3200513,35.4794711,supermarket,,
OpenStreetMap,n432349032,,,,,32.1051477,35.2330413,supermarket,,
OpenStreetMap,n432348957,,,,,32.1058398,35.2346969,supermarket,,
OpenStreetMap,n4824734421,,,,,31.7149324,35.1948758,supermarket,,
OpenStreetMap,n5221324399,,,,,33.1977921,35.5771465,convenience,,
OpenStreetMap,n5217935721,,,,,29.5574045,34.9522844,convenience,,
OpenStreetMap,n5216019120,,,,,32.5642526,35.2427247,convenience,,
OpenStreetMap,n4823679021,,,,,31.6949802,35.182488,supermarket,,
OpenStreetMap,n5071586253,,,,,30.6086622,34.8014338,convenience,,
OpenStreetMap,n5070093822,,,,,31.250025,34.7728565,convenience,,
OpenStreetMap,n5070038034,,,,,31.2502754,34.7715334,convenience,,
OpenStreetMap,n6630532618,,,,,32.263529,35.1869627,supermarket,,
OpenStreetMap,n432346290,,,,,32.0691556,35.1523391,supermarket,,
OpenStreetMap,n432168847,,,,,32.0705874,35.2425523,supermarket,,
OpenStreetMap,n4891655944,,,,,32.0053266,35.1224285,convenience,,
OpenStreetMap,n4730702527,,,,,31.9758458,34.7745354,supermarket,,
OpenStreetMap,n13610104201,,,,,30.9272321,35.4593203,supermarket,,
OpenStreetMap,n13610104301,,,,,30.922404,35.4591522,supermarket,,
OpenStreetMap,n13610104302,,,,,30.9213018,35.4590619,supermarket,,
OpenStreetMap,n4705559289,,,,,32.2887568,35.0386681,supermarket,,
OpenStreetMap,n5070038033,,,,,31.2502276,34.7721569,convenience,,
OpenStreetMap,n4841495323,,,,,32.0902918,34.8847611,convenience,,
OpenStreetMap,n4705559189,,,,,32.2827549,35.0486561,supermarket,,
OpenStreetMap,n4841368921,,,,,32.8676304,35.5303164,convenience,,
OpenStreetMap,n4705538993,,,,,32.2827011,35.0507607,supermarket,,
OpenStreetMap,n4705538991,,,,,32.2941276,35.0369242,supermarket,,
OpenStreetMap,n4705534993,,,,,32.292171,35.0366372,supermarket,,
OpenStreetMap,n13610104303,,,,,30.640849,35.290033,supermarket,,
OpenStreetMap,n6574191586,,,,,31.6677282,34.5687996,supermarket,,
OpenStreetMap,n4941234950,,,,,32.0915213,34.8959153,convenience,,
OpenStreetMap,n4947180554,,,,,31.9616628,34.7978712,convenience,,
OpenStreetMap,n4966260792,,,,,32.7224316,35.0600539,convenience,,
OpenStreetMap,n5067055221,,,,,31.2410394,34.7894196,convenience,,
OpenStreetMap,n432160591,,,,,32.1528402,35.2758342,supermarket,,
OpenStreetMap,n5062574821,,,,,31.2433007,34.7975203,convenience,,
OpenStreetMap,n5060531121,,,,,31.2442953,34.7989805,convenience,,
OpenStreetMap,n432347175,,,,,32.0676047,35.0836841,supermarket,,
OpenStreetMap,n432161949,,,,,32.3075018,35.167527,supermarket,,
OpenStreetMap,n10183039185,,,,,30.3797416,35.4643365,supermarket,,
OpenStreetMap,n10178677372,,,,,32.0546897,34.7723668,supermarket,,
OpenStreetMap,n5031130122,,,,,32.8134057,34.9945488,convenience,,
OpenStreetMap,n432162682,,,,,32.1089818,35.2683746,supermarket,,
OpenStreetMap,n432163561,,,,,32.3021496,35.1851012,supermarket,,
OpenStreetMap,n432346857,,,,,32.1238938,35.1014685,supermarket,,
OpenStreetMap,n4745718621,,,,,32.4149541,35.0564052,supermarket,,
OpenStreetMap,n432165030,,,,,32.3023819,35.1920618,supermarket,,
OpenStreetMap,n432165112,,,,,32.0707947,35.2944217,supermarket,,
OpenStreetMap,n5340732731,,,,,32.0012519,34.8704978,convenience,,
OpenStreetMap,n432349439,,,,,32.0846093,35.1805687,supermarket,,
OpenStreetMap,n6689829085,,,,,32.325514,35.0427221,supermarket,,
OpenStreetMap,n5827442890,,,,,31.77999,35.2319327,convenience,,
OpenStreetMap,n432125671,,,,,32.2102114,35.1895239,supermarket,,
OpenStreetMap,n432125822,,,,,32.3079403,35.1633242,supermarket,,
OpenStreetMap,n432351128,,,,,32.1105937,35.2403941,supermarket,,
OpenStreetMap,n432351022,,,,,32.107489,35.2368686,supermarket,,
OpenStreetMap,n10872926154,,,,,29.6002373,35.0281257,supermarket,,
OpenStreetMap,n5827810491,,,,,31.7810723,35.2309826,convenience,,
OpenStreetMap,n5827808679,,,,,31.7801349,35.2318232,convenience,,
OpenStreetMap,n5820238869,,,,,31.7822628,35.2295152,convenience,,
OpenStreetMap,n432351314,,,,,32.1123053,35.1938764,supermarket,,
OpenStreetMap,n432129709,,,,,32.1664736,35.2852216,supermarket,,
OpenStreetMap,n432129819,,,,,32.1583033,35.2248183,supermarket,,
OpenStreetMap,n432350757,,,,,32.1295552,35.1395004,supermarket,,
OpenStreetMap,n432350578,,,,,32.1294195,35.1397999,supermarket,,
OpenStreetMap,n5800280494,,,,,31.9649747,35.8973908,convenience,,
OpenStreetMap,n5779398120,,,,,32.1790514,34.9350108,convenience,,
OpenStreetMap,n432131801,,,,,32.2245061,35.3107508,supermarket,,
OpenStreetMap,n432124791,,,,,32.2382525,35.2112972,supermarket,,
OpenStreetMap,n432351608,,,,,32.1301613,35.1012473,supermarket,,
OpenStreetMap,n5341188321,,,,,32.2225198,35.2358884,convenience,,
OpenStreetMap,n6244160588,,,,,31.8431009,35.2300013,supermarket,,
OpenStreetMap,n6232949116,,,,,29.5454559,34.9327041,supermarket,,
OpenStreetMap,n432113752,,,,,32.1605915,35.2250164,supermarket,,
OpenStreetMap,n432114983,,,,,32.3081246,35.1632064,supermarket,,
OpenStreetMap,n5903556240,,,,,31.781592,35.2464603,convenience,,
OpenStreetMap,n432115728,,,,,32.2385289,35.2131372,supermarket,,
OpenStreetMap,n10914576892,,,,,32.0004743,35.8869232,supermarket,,
OpenStreetMap,n432116019,,,,,32.1094114,35.2870899,supermarket,,
OpenStreetMap,n5876621007,,,,,31.7826226,35.2287687,convenience,,
OpenStreetMap,n432123407,,,,,32.0985308,35.288439,supermarket,,
OpenStreetMap,n432352183,,,,,32.0655255,35.0835015,supermarket,,
OpenStreetMap,n432352153,,,,,32.1026437,35.2242829,supermarket,,
OpenStreetMap,n432352130,,,,,32.132579,35.1393219,supermarket,,
OpenStreetMap,n432121064,,,,,32.1269554,35.341172,supermarket,,
OpenStreetMap,n432351912,,,,,32.1268538,35.0998895,supermarket,,
OpenStreetMap,n432351812,,,,,32.1135636,35.1966253,supermarket,,
OpenStreetMap,n432351772,,,,,32.0683751,35.0886113,supermarket,,
OpenStreetMap,n432350410,,,,,32.1077353,35.2369262,supermarket,,
OpenStreetMap,n5755441867,,,,,31.7044077,35.2055379,convenience,,
OpenStreetMap,n5755437109,,,,,31.7038147,35.2061015,convenience,,
OpenStreetMap,n4854240822,,,,,32.3406842,34.856906,supermarket,,
OpenStreetMap,n5367809322,,,,,32.2209928,35.260074,convenience,,
OpenStreetMap,n5352740722,,,,,32.2215042,35.2624428,convenience,,
OpenStreetMap,n5352740451,,,,,32.2215833,35.2614573,convenience,,
OpenStreetMap,n5352740449,,,,,32.2214171,35.2613464,convenience,,
OpenStreetMap,n5352740440,,,,,32.2209178,35.2617422,convenience,,
OpenStreetMap,n5352740424,,,,,32.2211065,35.2615187,convenience,059836715,
OpenStreetMap,n5352689524,,,,,32.2210758,35.2616317,convenience,,
OpenStreetMap,n5352473348,,,,,32.2189923,35.2654144,convenience,,
OpenStreetMap,n432132693,,,,,32.0998195,35.2836468,supermarket,,
OpenStreetMap,n5352473343,,,,,32.2185806,35.2652524,convenience,,
OpenStreetMap,n5352473341,,,,,32.2180924,35.2643585,convenience,,
OpenStreetMap,n5352473339,,,,,32.2180811,35.2640192,convenience,,
OpenStreetMap,n5352473337,,,,,32.2181477,35.2633318,convenience,,
OpenStreetMap,n5352449628,,,,,32.2187017,35.2652991,convenience,0568058333,
OpenStreetMap,n5352367227,,,,,32.220796,35.2608709,convenience,,
OpenStreetMap,n432139431,,,,,32.1794712,35.249527,supermarket,,
OpenStreetMap,n5367809324,,,,,32.2210812,35.2598385,convenience,,
OpenStreetMap,n5367901721,,,,,32.2210038,35.2602248,convenience,,
OpenStreetMap,n432138729,,,,,32.1462237,35.2863244,supermarket,,
OpenStreetMap,n4864892521,,,,,31.8690452,35.1245228,supermarket,,
OpenStreetMap,n5715616948,,,,,31.9010267,34.8083909,convenience,,
OpenStreetMap,n432133562,,,,,32.1420407,35.2835533,supermarket,,
OpenStreetMap,n432133891,,,,,32.1760951,35.3357611,supermarket,,
OpenStreetMap,n5680230416,,,,,32.8202983,34.9966454,convenience,,
OpenStreetMap,n5675868044,,,,,31.2586471,34.7960937,convenience,,
OpenStreetMap,n432349886,,,,,32.1009327,35.2204632,supermarket,,
OpenStreetMap,n5644033880,,,,,31.9965315,34.745673,convenience,,
OpenStreetMap,n432349854,,,,,32.0792952,35.1843569,supermarket,,
OpenStreetMap,n5615278199,,,,,31.9591233,34.8042518,convenience,,
OpenStreetMap,n432135420,,,,,32.122672,35.3476185,supermarket,,
OpenStreetMap,n432136311,,,,,32.307584,35.1672692,supermarket,,
OpenStreetMap,n5584130422,,,,,32.7006501,35.2971321,convenience,,
OpenStreetMap,n10782182029,,,,,32.0589745,34.8011702,supermarket,,
OpenStreetMap,n5479021961,,,,,31.943209,35.2265631,convenience,,
OpenStreetMap,n432138510,,,,,32.161476,35.2871771,supermarket,,
OpenStreetMap,n432345787,,,,,32.1155498,35.1595173,supermarket,,
OpenStreetMap,n432177731,,,,,32.1844061,35.2504021,supermarket,,
OpenStreetMap,n3773918100,,,,,31.829329,34.7186519,convenience,,
OpenStreetMap,n4332267645,,,,,31.7057317,35.2093152,convenience,,
OpenStreetMap,n783844681,,,,,31.9558214,35.2591677,supermarket,,
OpenStreetMap,n4341203951,,,,,32.0921329,34.8857009,convenience,,
OpenStreetMap,w141677408,,,,,31.7606968,35.2046316,supermarket,,
OpenStreetMap,w149523227,,,,,32.356696,34.9049062,supermarket,,
OpenStreetMap,n4334927789,,,,,31.983357,35.8925557,convenience,,
OpenStreetMap,n4333541945,,,,,32.0881695,34.8857351,convenience,,
OpenStreetMap,w149733471,,,,,32.074547,34.7682923,supermarket,,
OpenStreetMap,n9761000310,,,,,30.3213125,35.4807584,supermarket,,
OpenStreetMap,n9811663835,,,,,31.9771456,34.7994814,supermarket,,
OpenStreetMap,n432262542,,,,,31.8668127,35.0614858,supermarket,,
OpenStreetMap,w154226704,,,,,31.2546795,34.8161152,supermarket,,
OpenStreetMap,n9758743910,,,,,32.504513,34.9178093,supermarket,,
OpenStreetMap,n432262858,,,,,31.9075252,35.058289,supermarket,,
OpenStreetMap,n7170186185,,,,,31.8327624,35.228107,supermarket,,
OpenStreetMap,n4232938788,,,,,32.0299807,35.8259929,convenience,,
OpenStreetMap,n4347488730,,,,,32.0893522,34.8857524,convenience,,
OpenStreetMap,n432262089,,,,,31.9495297,35.2118565,supermarket,,
OpenStreetMap,n4377145912,,,,,32.0898488,34.8808233,convenience,,
OpenStreetMap,n7143122386,,,,,31.1134477,35.6995765,supermarket,,
OpenStreetMap,n4375522649,,,,,32.0897177,34.8825925,convenience,,
OpenStreetMap,n718489312,,,,,31.6932423,35.1097046,supermarket,,
OpenStreetMap,n4375509153,,,,,32.088708,34.8820723,convenience,,
OpenStreetMap,n4365306512,,,,,32.0898983,34.8877764,convenience,,
OpenStreetMap,n739099724,,,,,32.1799798,34.8186525,supermarket,,
OpenStreetMap,n746331391,,,,,32.8224125,35.0696475,supermarket,,
OpenStreetMap,n746582507,,,,,31.7671253,35.2978092,supermarket,,
OpenStreetMap,n4360115490,,,,,30.2575458,35.4565122,convenience,,
OpenStreetMap,n9844318493,,,,,32.599376,35.7098986,supermarket,,
OpenStreetMap,n4359016385,,,,,32.0905221,34.886697,convenience,,
OpenStreetMap,n9844318497,,,,,32.5998257,35.7086447,supermarket,,
OpenStreetMap,n4356816092,,,,,31.2701822,34.7696345,convenience,,
OpenStreetMap,n4356815993,,,,,31.270119,34.7694926,convenience,,
OpenStreetMap,n4356146068,,,,,32.0910971,34.8843731,convenience,,
OpenStreetMap,n9844318494,,,,,32.5993455,35.709731,supermarket,,
OpenStreetMap,n4356022701,,,,,32.0882121,34.8853265,convenience,,
OpenStreetMap,n4232912042,,,,,32.0271159,35.83534,convenience,,
OpenStreetMap,n432263376,,,,,31.8956475,35.0837879,supermarket,,
OpenStreetMap,n9725387679,,,,,32.2807785,35.8943091,supermarket,,
OpenStreetMap,n4038442661,,,,,31.7163094,35.1423749,convenience,,
OpenStreetMap,n4038442679,,,,,31.7273473,35.1395107,convenience,,
OpenStreetMap,n4038442678,,,,,31.727067,35.1361651,convenience,,
OpenStreetMap,n4038442676,,,,,31.7264913,35.136133,convenience,,
OpenStreetMap,n4038442675,,,,,31.7250708,35.1362318,convenience,,
OpenStreetMap,n4038442670,,,,,31.7219614,35.1379068,convenience,,
OpenStreetMap,n4038442668,,,,,31.72037,35.139559,convenience,,
OpenStreetMap,n4038442667,,,,,31.7195208,35.1403525,convenience,,
OpenStreetMap,n4038442657,,,,,31.7075559,35.146095,convenience,,
OpenStreetMap,n4494070392,,,,,31.6642767,34.5629376,supermarket,,
OpenStreetMap,n4038442656,,,,,31.7075103,35.1481097,convenience,,
OpenStreetMap,n3991022639,,,,,32.6875094,35.0615884,convenience,,
OpenStreetMap,n4446485576,,,,,32.7755741,35.4381298,supermarket,,
OpenStreetMap,n3949834321,,,,,32.6304146,35.3476676,convenience,,
OpenStreetMap,n3939706403,,,,,31.9909573,35.8176715,convenience,,
OpenStreetMap,n3885996185,,,,,31.9647084,34.7724863,convenience,,
OpenStreetMap,n4442549793,,,,,32.2209989,35.2421007,supermarket,,
OpenStreetMap,n4038442680,,,,,31.7282088,35.135947,convenience,,
OpenStreetMap,n4038442681,,,,,31.728569,35.1412261,convenience,,
OpenStreetMap,n4038442686,,,,,31.7293446,35.1419752,convenience,,
OpenStreetMap,n4097870005,,,,,32.8318853,34.9807722,convenience,,
OpenStreetMap,n4185807413,,,,,31.9476938,34.8912924,convenience,,
OpenStreetMap,n4485100089,,,,,31.7039902,35.2211503,supermarket,,
OpenStreetMap,n4185807409,,,,,31.9508183,34.8883205,convenience,,
OpenStreetMap,n7282308371,,,,,32.5415367,35.8518753,supermarket,,
OpenStreetMap,n9665829571,,,,,32.0237318,34.7697115,supermarket,,
OpenStreetMap,n9659245604,,,,,32.5389153,35.8499872,supermarket,,
OpenStreetMap,n4170097831,,,,,32.0875308,34.8868799,convenience,,
OpenStreetMap,w198646466,,,,,32.0672451,34.7943176,supermarket,,
OpenStreetMap,w208753604,,,,,32.078584,34.8817864,supermarket,,
OpenStreetMap,n4465022894,,,,,31.8940974,35.0898382,supermarket,,
OpenStreetMap,n4465022403,,,,,31.9231637,35.2198951,supermarket,,
OpenStreetMap,n432263966,,,,,31.9045064,35.0613758,supermarket,,
OpenStreetMap,n432296337,,,,,31.9503661,35.2122731,supermarket,,
OpenStreetMap,n4103604822,,,,,32.8322774,34.9784722,convenience,,
OpenStreetMap,n4097870006,,,,,32.8318856,34.9754708,convenience,,
OpenStreetMap,n718489306,,,,,31.7034394,35.1178236,supermarket,,
OpenStreetMap,n4377145913,,,,,32.0898008,34.8809171,convenience,,
OpenStreetMap,n432177885,,,,,32.1631301,35.2810989,supermarket,,
OpenStreetMap,n4676888359,,,,,32.5017742,34.9256952,convenience,,
OpenStreetMap,n540904938,,,,,29.5496609,34.9657226,supermarket,,
OpenStreetMap,n540935230,,,,,29.5568955,34.9440659,supermarket,,
OpenStreetMap,n432339675,,,,,32.0241348,35.4425043,supermarket,,
OpenStreetMap,n432338297,,,,,31.9466739,35.4535654,supermarket,,
OpenStreetMap,n544530722,,,,,31.9579381,35.8615444,supermarket,,
OpenStreetMap,n6959839085,,,,,31.8433163,35.229934,supermarket,,
OpenStreetMap,n545749957,,,,,32.2523886,34.8710926,supermarket,,
OpenStreetMap,n6967868518,,,,,33.2805761,35.3706832,supermarket,,
OpenStreetMap,n432190444,,,,,32.0856687,35.2917169,supermarket,,
OpenStreetMap,n553101479,,,,,32.3198461,34.8551067,supermarket,,
OpenStreetMap,n553101482,,,,,32.2985211,34.8485573,supermarket,,
OpenStreetMap,n557870712,,,,,32.0635664,34.8351467,supermarket,,
OpenStreetMap,n4644378284,,,,,31.8151508,34.9194406,convenience,,
OpenStreetMap,n558377163,,,,,32.4276368,34.9230434,supermarket,,
OpenStreetMap,n432335540,,,,,32.0240022,35.4439791,supermarket,,
OpenStreetMap,n4599876589,,,,,32.3289643,34.8673997,convenience,,
OpenStreetMap,n4722568467,,,,,32.279425,35.8682417,convenience,,
OpenStreetMap,n520483014,,,,,32.0313398,34.8556441,supermarket,,
OpenStreetMap,n718489303,,,,,31.699755,35.1078021,supermarket,,
OpenStreetMap,n432184302,,,,,32.1433217,35.284969,supermarket,,
OpenStreetMap,n432181066,,,,,32.1615465,35.2895457,supermarket,,
OpenStreetMap,n432181263,,,,,32.1523849,35.2590641,supermarket,,
OpenStreetMap,n432344749,,,,,31.9470067,35.4720033,supermarket,,
OpenStreetMap,n432343842,,,,,31.9524906,35.4734232,supermarket,,
OpenStreetMap,n432343743,,,,,31.9482749,35.4642267,supermarket,,
OpenStreetMap,n432343717,,,,,31.9476545,35.4703898,supermarket,,
OpenStreetMap,n432183322,,,,,32.1437751,35.2905165,supermarket,,
OpenStreetMap,n432184607,,,,,32.1414256,35.2698493,supermarket,,
OpenStreetMap,n4758454196,,,,,32.7964154,35.0200582,convenience,,
OpenStreetMap,n4793257117,,,,,32.3307762,34.8563724,convenience,,
OpenStreetMap,n432185469,,,,,32.1546314,35.2767623,supermarket,,
OpenStreetMap,n432188455,,,,,32.069588,35.297281,supermarket,,
OpenStreetMap,n4784939791,,,,,32.6922271,35.0449668,convenience,,
OpenStreetMap,n4780797321,,,,,32.3305769,34.8567688,convenience,,
OpenStreetMap,n432188673,,,,,32.2767646,35.1952963,supermarket,,
OpenStreetMap,n4758454197,,,,,32.7969818,35.0184637,convenience,,
OpenStreetMap,n7001891285,,,,,31.9081326,35.2044754,supermarket,,
OpenStreetMap,n7023055990,,,,,32.812306,34.9971709,supermarket,,
OpenStreetMap,n432260012,,,,,32.0482716,35.1627316,supermarket,,
OpenStreetMap,n9946189683,,,,,32.0777678,34.7935578,supermarket,,
OpenStreetMap,n4570441513,,,,,32.0560933,34.7721499,supermarket,,
OpenStreetMap,n13813972972,,,,,32.0838735,34.8853035,supermarket,,
OpenStreetMap,n432260737,,,,,31.8688105,35.0659696,supermarket,,
OpenStreetMap,n432330607,,,,,32.153122,35.0485405,supermarket,,
OpenStreetMap,w36728941,,,,,31.7955351,35.2394944,supermarket,,
OpenStreetMap,n4549181492,,,,,32.0564268,34.7571624,supermarket,,
OpenStreetMap,n4449120495,,,,,32.6934299,35.0463305,convenience,,
OpenStreetMap,n656522984,,,,,32.0167264,34.7806362,supermarket,,
OpenStreetMap,n432260053,,,,,31.8956946,35.0888824,supermarket,,
OpenStreetMap,n4419222890,,,,,31.7612533,35.1768905,convenience,,
OpenStreetMap,n432261441,,,,,32.0025841,35.2725829,supermarket,,
OpenStreetMap,n432261453,,,,,31.8944955,35.0728101,supermarket,,
OpenStreetMap,n9922109575,,,,,32.4734217,35.0932567,supermarket,,
OpenStreetMap,n4520610989,,,,,31.6569067,34.5594282,supermarket,,
OpenStreetMap,n4502583490,,,,,31.2518904,34.8042676,supermarket,,
OpenStreetMap,n4387006017,,,,,32.0849436,34.8864972,convenience,,
OpenStreetMap,n614229423,,,,,32.8084011,35.0571649,supermarket,,
OpenStreetMap,n611569736,,,,,32.0798498,34.9024666,supermarket,,
OpenStreetMap,n600868491,,,,,32.3425906,34.8584382,supermarket,,
OpenStreetMap,n432260477,,,,,31.9507601,35.2114018,supermarket,,
OpenStreetMap,n4617737396,,,,,30.1995206,35.7343818,supermarket,,
OpenStreetMap,n432260111,,,,,31.8694507,35.0579755,supermarket,,
OpenStreetMap,n4617585989,,,,,31.938268,35.8623781,supermarket,,
OpenStreetMap,n562625350,,,,,31.7519338,35.208807,supermarket,,
OpenStreetMap,n562625357,,,,,31.7558841,35.2074672,supermarket,,
OpenStreetMap,n7090597785,,,,,30.3198938,35.4831015,supermarket,,
OpenStreetMap,n7091077585,,,,,31.2239068,35.7382728,supermarket,,
OpenStreetMap,n4524567701,,,,,31.6593412,34.5572982,convenience,,
OpenStreetMap,n4513282990,,,,,32.8186967,34.9906748,convenience,,
OpenStreetMap,n4512373090,,,,,32.8117909,34.9936963,convenience,,
OpenStreetMap,n4512308594,,,,,32.8122704,34.9945135,convenience,,
OpenStreetMap,n13774628103,,,,,32.210739,35.7317807,supermarket,,
OpenStreetMap,n4587455292,,,,,31.4466068,34.3959025,supermarket,,
OpenStreetMap,n7121620585,,,,,31.7782625,35.2279766,supermarket,,
OpenStreetMap,n4488741592,,,,,30.3252967,35.4704038,convenience,,
OpenStreetMap,n2881605601,,,,,31.9715653,35.8707871,convenience,,
OpenStreetMap,w465414240,10 for 10,,הנדיב 45,,32.5744564,34.9572875,supermarket,,
OpenStreetMap,n1687420476,24,,,,32.0007464,34.7642945,convenience,,
OpenStreetMap,n2860405602,24 seven,,,,31.9686539,34.8038329,convenience,,
OpenStreetMap,n12957411137,24/6 Market,,,,31.7794201,35.2159055,convenience,,
OpenStreetMap,n3914342142,24/7,,,,31.7630507,35.2254051,supermarket,,
OpenStreetMap,n6160815428,24/7 Supermarket,,,,29.5527424,34.948997,supermarket,,
OpenStreetMap,n345344098,4 Food,,,,32.0800282,34.7691747,supermarket,,
OpenStreetMap,n12626418980,7 Express,,,,31.7745429,34.6650524,convenience,,
OpenStreetMap,n7281792540,7 days,,,,32.5383886,35.851814,supermarket,,
OpenStreetMap,n12588077497,7 express,,,,32.0682757,34.794542,convenience,,
OpenStreetMap,n8297074619,7 ستار,,,,32.1497485,35.0429554,supermarket,,
OpenStreetMap,n12050619162,7-Eleven,,,,32.0655017,34.7828026,convenience,,
OpenStreetMap,n12590544087,7express,,,,31.9469831,34.8785574,convenience,,
OpenStreetMap,n432070278,A lAnwar Market,,,,32.1336726,35.2118288,supermarket,,
OpenStreetMap,n432289549,AL Auda Minimarket,,,,31.9617538,35.2167722,supermarket,,
OpenStreetMap,n431635272,AL Quds,,,,31.7113285,35.2040234,supermarket,,
OpenStreetMap,n432268495,AL Saha,,,,31.9624273,35.2162145,supermarket,,
OpenStreetMap,w41245140,AL-Mashroua supermarket,,,,31.542877,34.5001242,supermarket,,
OpenStreetMap,n8450300874,ALL+,,,,32.1973053,34.8783915,general,,
OpenStreetMap,n4291274690,ALOTROJA SUPER MARKET,,Al-Mazra'a Al-Sharqiya,,31.9992733,35.2832839,supermarket,022892517,www.facebook.com/alotrojamarket
OpenStreetMap,n3063684246,AM:PM,ampm,זאב ז'בוטינסקי 44,,32.0845311,34.8097181,supermarket,,https://www.ampm.co.il/
OpenStreetMap,n2862959838,AM:PM,ampm,פרנקל ידידיה 15,,32.0572208,34.7683035,supermarket,,https://www.ampm.co.il/
OpenStreetMap,n3458644340,AM:PM,ampm,אבן גבירול 136,,32.0883251,34.7825651,supermarket,073-229-2318,https://www.ampm.co.il/
OpenStreetMap,n2288503758,AM:PM,ampm,ברודצקי 15,,32.1075647,34.7976807,supermarket,,https://www.ampm.co.il/
OpenStreetMap,n9026695218,AM:PM,ampm,,,32.0294316,34.873747,supermarket,,
OpenStreetMap,n9937822648,AM:PM,ampm,,,32.1669922,34.8400818,supermarket,,https://www.ampm.co.il/
OpenStreetMap,n9658926717,AM:PM,ampm,,,32.1624249,34.9024666,supermarket,,
OpenStreetMap,n10846984074,AM:PM,ampm,,,32.067771,34.7712626,convenience,,
OpenStreetMap,n12949816844,AM:PM,ampm,,,32.0708661,34.7820082,supermarket,,
OpenStreetMap,n12563480738,AM:PM,ampm,,,32.0548581,34.863957,supermarket,,
OpenStreetMap,n11704112533,AM:PM,ampm,,,32.0919048,34.7828488,supermarket,,
OpenStreetMap,n11681508187,AM:PM,ampm,,,32.0681589,34.7778093,supermarket,,
OpenStreetMap,n988468692,AM:PM,ampm,,,32.1801623,34.8114535,convenience,,
OpenStreetMap,n347264720,AM:PM,ampm,,,32.0727868,34.7689881,supermarket,,https://www.ampm.co.il/
OpenStreetMap,n347264676,AM:PM,ampm,,,32.0760878,34.7683145,supermarket,,https://www.ampm.co.il/
OpenStreetMap,n4305663693,AM:PM,ampm,,,32.0749064,34.79678,supermarket,,https://www.ampm.co.il/
OpenStreetMap,n4111983032,AM:PM,ampm,,,32.0730567,34.7820423,supermarket,,https://www.ampm.co.il/
OpenStreetMap,n2821371239,AM:PM,ampm,,,32.0551514,34.75978,supermarket,,
OpenStreetMap,n3237102677,AM:PM,ampm,,,32.0624411,34.7734427,supermarket,,https://www.ampm.co.il/
OpenStreetMap,n3458644343,AM:PM,ampm,,,32.0795744,34.769336,supermarket,,https://www.ampm.co.il/
OpenStreetMap,n3458644342,AM:PM,ampm,,,32.0718768,34.7735447,supermarket,,https://www.ampm.co.il/
OpenStreetMap,n3458644341,AM:PM,ampm,,,32.0849382,34.7815239,supermarket,,https://www.ampm.co.il/
OpenStreetMap,n1065507499,AM:PM,ampm,,,32.0868303,34.7747872,supermarket,,https://www.ampm.co.il/
OpenStreetMap,n1077311498,AM:PM,ampm,,,32.0819697,34.7739731,supermarket,,https://www.ampm.co.il/
OpenStreetMap,n1104533478,AM:PM,ampm,,,32.1048814,34.7927543,supermarket,,https://www.ampm.co.il/
OpenStreetMap,n1013551690,AM:PM,ampm,,,32.07605,34.7717648,supermarket,,https://www.ampm.co.il/
OpenStreetMap,n1235830895,AM:PM,ampm,,,32.0699648,34.7901137,supermarket,+972543208914,http://ampm.co.il
OpenStreetMap,n950284102,AM:PM,ampm,,,32.0923454,34.7744449,supermarket,,https://www.ampm.co.il/
OpenStreetMap,n672205649,AM:PM,ampm,,,31.7955946,35.239622,supermarket,,https://www.ampm.co.il/
OpenStreetMap,n1678949615,AM:PM,ampm,,,32.0649734,34.788688,supermarket,,https://www.ampm.co.il/
OpenStreetMap,n1989338301,AM:PM,ampm,,,32.0693289,34.7727585,supermarket,,https://www.ampm.co.il/
OpenStreetMap,n1643304661,AM:PM,ampm,,,32.0775365,34.777641,supermarket,,https://www.ampm.co.il/
OpenStreetMap,n2144611923,AM:PM,ampm,,,31.9686183,34.8428768,supermarket,,
OpenStreetMap,n1450724668,AM:PM,ampm,,,32.0669704,34.7819667,supermarket,,https://www.ampm.co.il/
OpenStreetMap,n431915059,Abd Al Aziz,,,,32.125324,35.3113407,supermarket,,
OpenStreetMap,n431973922,Abd Al Hamid,,,,32.0702327,35.2952528,supermarket,,
OpenStreetMap,n503953514,Abdoun Supermarket,,,,31.9576457,35.879262,supermarket,,
OpenStreetMap,n432385127,Abo Abid,,,,32.3706078,35.0749175,supermarket,,
OpenStreetMap,n432065660,Abo Alhamd,,,,32.0704848,35.2417401,supermarket,,
OpenStreetMap,n432417894,Abo Ghalib,,,,32.303579,35.036064,supermarket,,
OpenStreetMap,n432166427,Abo Housam,,,,32.1083949,35.2688221,supermarket,,
OpenStreetMap,w1336786189,Abo Laila,,,,32.1156643,35.076301,supermarket,,
OpenStreetMap,n432353146,Abo Laith,,,,32.1147677,35.0915252,supermarket,,
OpenStreetMap,n432320543,Abo Osama grosary,,,,32.1932902,35.1355309,supermarket,,
OpenStreetMap,n12825757712,Abo Salah market,,,,32.1440273,35.6977086,supermarket,,
OpenStreetMap,n432358463,Abo Zaher,,,,32.1146328,35.0886475,supermarket,,
OpenStreetMap,n432145547,Abo Zainah,,,,32.1004281,35.2891204,supermarket,,
OpenStreetMap,n431937555,Abo amar,,,,32.2919619,35.2162958,supermarket,,
OpenStreetMap,n4297318589,Abo bilal,,,,32.1003778,35.2919592,supermarket,,
OpenStreetMap,n1196970311,Abo shalbak,,,,31.8556484,35.2382666,supermarket,,
OpenStreetMap,n432365541,Aboud,,,,32.3258357,35.0286781,supermarket,,
OpenStreetMap,n431956309,Aboud Minimarket,,,,31.5236713,35.0947586,supermarket,,
OpenStreetMap,n432283777,Abu Ahmad,,,,31.9912979,35.1559272,supermarket,,
OpenStreetMap,n432296355,Abu Ahmad,,,,31.9114012,35.2721804,supermarket,,
OpenStreetMap,n432262224,Abu Aisa,,,,31.952443,35.251951,supermarket,,
OpenStreetMap,n432176098,Abu Al Abd,,,,32.1996299,35.2160102,supermarket,,
OpenStreetMap,n432281964,Abu Al Amer,,,,31.9131576,35.2653214,supermarket,,
OpenStreetMap,n432039213,Abu Al Hasan,,,,32.2345456,35.2468995,supermarket,,
OpenStreetMap,n432535286,Abu Al Jazar,,,,32.4119457,35.0634517,supermarket,,
OpenStreetMap,n432063131,Abu Al Kamil,,,,32.3023673,35.1922035,supermarket,,
OpenStreetMap,n432392453,Abu Al Raed,,,,32.3781145,35.0655632,supermarket,,
OpenStreetMap,n432288957,Abu Al Wafa Supermarket,,,,31.9857319,35.2597998,supermarket,,
OpenStreetMap,n432039041,Abu Al Zoluf,,,,32.3023146,35.1915115,supermarket,,
OpenStreetMap,n432056740,Abu Ala',,,,32.0697632,35.3158996,supermarket,,
OpenStreetMap,n432403891,Abu Ala',,,,32.3211993,35.058678,supermarket,,
OpenStreetMap,n432272818,Abu Alabed,,,,31.9494082,35.0457182,supermarket,,
OpenStreetMap,n432288641,Abu Alameer,,,,31.8852215,35.0699962,supermarket,,
OpenStreetMap,n432297051,Abu Alein Supermarket,,,,31.9202822,35.205591,supermarket,,
OpenStreetMap,n1388196789,Abu Ali Minimarket,,,,31.8964473,35.1791736,convenience,,
OpenStreetMap,n432262369,Abu Alola,,,,32.053441,35.1272624,supermarket,,
OpenStreetMap,n431755764,Abu Amir Supermarket,,,,32.468403,35.1526372,supermarket,,
OpenStreetMap,n1264705653,Abu Amjad,,,,32.3081908,35.1125732,supermarket,,
OpenStreetMap,n432058851,Abu Ammar,,,,32.2383986,35.182619,supermarket,,
OpenStreetMap,n432262259,Abu Ata,,,,31.7625223,35.2591198,supermarket,,
OpenStreetMap,n432260769,Abu Awad,,,,31.9869576,35.2602798,supermarket,,
OpenStreetMap,n432295541,Abu Azeez,,,,31.9507597,35.2117134,supermarket,,
OpenStreetMap,n432281673,Abu Aziza,,,,31.9107001,35.2628609,supermarket,,
OpenStreetMap,n432535622,Abu Bashar,,,,32.4099368,35.0711195,supermarket,,
OpenStreetMap,n432343435,Abu Esam,,,,31.9541445,35.4716567,supermarket,,
OpenStreetMap,n432289583,Abu Esam Supermarket,,,,31.9439052,35.0299651,supermarket,,
OpenStreetMap,n432280461,Abu Ezat,,,,31.9730597,35.1986114,supermarket,,
OpenStreetMap,n432282577,Abu Fade,,,,31.9540229,35.2489168,supermarket,,
OpenStreetMap,n432305484,Abu Faisal Mini Market,,,,32.1572703,34.9922015,supermarket,,
OpenStreetMap,n432382867,Abu Faris,,,,32.3058215,35.0356475,supermarket,,
OpenStreetMap,n432295576,Abu Garyas,,,,31.95589,35.2988041,supermarket,,
OpenStreetMap,n432370009,Abu Ghareb,,,,32.3090337,35.1142364,supermarket,,
OpenStreetMap,n505100158,Abu Halawa Supermarket,,,,31.2695015,34.287996,supermarket,,
OpenStreetMap,n432293056,Abu Hamza,,,,31.9049365,35.1427814,supermarket,,
OpenStreetMap,n432264728,Abu Hamza,,,,31.8386127,35.1267908,supermarket,,
OpenStreetMap,n432280973,Abu Hasan,,,,31.9644953,35.1726445,supermarket,,
OpenStreetMap,n432283214,Abu Helwa,,,,31.9854904,35.1611774,supermarket,,
OpenStreetMap,n432269875,Abu Husain,,,,31.8376977,35.1410064,supermarket,,
OpenStreetMap,n432079166,Abu Husni,,,,32.3022209,35.1942423,supermarket,,
OpenStreetMap,n432263283,Abu Ilshekh Supermarket,,,,31.9547672,35.1616985,supermarket,,
OpenStreetMap,n431957158,Abu Islam,,,,32.1733313,35.3398267,supermarket,,
OpenStreetMap,n505109503,Abu Jawad Supermarket,,,,31.2748298,34.3016811,supermarket,,
OpenStreetMap,n432283495,Abu Khaled,,,,31.967157,34.9948556,supermarket,,
OpenStreetMap,n431925248,Abu Khalid Grocery Store,,,,32.1436384,35.2866357,supermarket,,
OpenStreetMap,n3483696771,Abu Khater,,,,31.7091492,35.197549,supermarket,,
OpenStreetMap,n1543965891,Abu Khudair Groceries,,,,31.8182945,35.2280598,convenience,,
OpenStreetMap,n432284169,Abu Lafi,,,,31.7623743,35.25947,supermarket,,
OpenStreetMap,n432287963,Abu Lehya,,,,31.9745603,35.2443909,supermarket,,
OpenStreetMap,n431945299,Abu Lourance,,,,32.1765719,35.3374108,supermarket,,
OpenStreetMap,n5132843155,Abu Ma'zoz Market,,,,32.2852407,35.338785,supermarket,,
OpenStreetMap,n432294355,Abu Mahmood Supermarket,,,,31.9869059,35.0398412,supermarket,,
OpenStreetMap,n432146993,Abu Malak,,,,32.1101062,35.2871,supermarket,,
OpenStreetMap,n432289730,Abu Mosa Spermarket,,,,31.8182032,35.1804162,supermarket,,
OpenStreetMap,n432283203,Abu Nabeel,,,,31.9677693,35.1058791,supermarket,,
OpenStreetMap,n432267996,Abu Nader,,,,31.9056184,35.14257,supermarket,,
OpenStreetMap,n431708622,Abu Nader Market,,,,32.2834407,35.3815108,supermarket,,
OpenStreetMap,n432282083,Abu Nader Supermarket,,,,31.9529615,35.3010565,supermarket,,
OpenStreetMap,n432266801,Abu Nwaf,,,,32.0045803,35.2791315,supermarket,,
OpenStreetMap,n432353971,Abu Obaida,,,,32.0984692,35.0448484,supermarket,,
OpenStreetMap,n431790625,Abu Odai supermarket,,,,32.3469578,35.2709495,supermarket,,
OpenStreetMap,n432538150,Abu Omar,,,,32.4114064,35.0718778,supermarket,,
OpenStreetMap,n432273960,Abu Qura,,,,32.0010583,35.0709917,supermarket,,
OpenStreetMap,n431934603,Abu Sakhil,,,,32.2119744,35.1886357,supermarket,,
OpenStreetMap,n431927134,Abu Salha Sweets,,,,32.2221573,35.2616161,supermarket,,
OpenStreetMap,n432169121,Abu Samarah,,,,32.1926555,35.3707186,supermarket,,
OpenStreetMap,n432261665,Abu Samer,,,,31.9868574,35.2599886,supermarket,,
OpenStreetMap,n432267911,Abu Shaker,,,,31.9524814,35.150062,supermarket,,
OpenStreetMap,n431636025,Abu Shamseya Fol Aluminium,,,,31.6974087,35.1802966,supermarket,,
OpenStreetMap,n431629441,Abu Shamsya supermarket,,,,31.697314,35.1806934,supermarket,,
OpenStreetMap,n432535223,Abu Sharar,,,,32.3713775,35.107647,supermarket,,
OpenStreetMap,n504300587,Abu Sharea'a Co. For Ceramic,,,,31.5169606,34.437962,convenience,,
OpenStreetMap,n432358976,Abu Shihab,,,,32.3141875,35.0458262,supermarket,,
OpenStreetMap,n432373798,Abu Shokri,,,,32.3698133,35.0711879,supermarket,,
OpenStreetMap,n432129618,Abu Snineh,,,,31.5132614,35.0908724,supermarket,,
OpenStreetMap,n432168249,Abu Wadee Supermarket,,,,32.0835138,35.3641899,supermarket,,
OpenStreetMap,n432272655,Abu Waheed,,,,31.8719177,35.064748,supermarket,,
OpenStreetMap,n432094687,Abu Yousif,,,,32.126515,35.3092539,supermarket,,
OpenStreetMap,n432118182,Abu Zneed Mini-Market,,,,31.522807,34.9733184,convenience,,
OpenStreetMap,n432275729,Abu basal,,,,31.9512977,35.2126143,supermarket,,
OpenStreetMap,n432266549,Abu falah,,,,32.0156975,35.3017025,supermarket,,
OpenStreetMap,n432263624,Abu hamad Supermarket,,,,31.9025117,35.2118996,supermarket,,
OpenStreetMap,n505103645,Abu helal supermarket,,,,31.2702961,34.2653113,supermarket,,
OpenStreetMap,n432267148,Abu imad,,,,31.8846641,35.0779288,supermarket,,
OpenStreetMap,n432283502,Abu kamal,,,,31.9516235,35.1842361,supermarket,,
OpenStreetMap,n505039483,Abu mahmood,,,,31.4201861,34.3466333,supermarket,,
OpenStreetMap,n4184909689,Abu raslaan,,,,32.0321772,35.2881198,supermarket,,
OpenStreetMap,n432293141,Abu shadi,,,,31.9543599,35.1617718,supermarket,,
OpenStreetMap,n432261569,Abu zuhair,,,,32.0031687,35.2733475,supermarket,,
OpenStreetMap,n431636897,Abu-araf shop,,,,32.446569,35.1716676,convenience,,
OpenStreetMap,n432253894,Abuzeneh Supermarket,,,,31.5444581,35.0880653,supermarket,,
OpenStreetMap,n4684907542,Academon,,,,31.793216,35.243833,convenience,,
OpenStreetMap,n432170543,Adam,,,,32.3023138,35.1908588,supermarket,,
OpenStreetMap,n432269219,Adam Supermarket,,,,31.9452125,35.0239659,supermarket,,
OpenStreetMap,n432376396,Adham,,,,32.3502378,35.0722087,supermarket,,
OpenStreetMap,n13311781662,Adom Yarok,,,,32.1911118,34.8448023,supermarket,,
OpenStreetMap,n431708785,Ahl Al Rayah,,,,32.3520972,35.3489313,supermarket,,
OpenStreetMap,n432538205,Ahlan,,,,32.3098574,35.040452,supermarket,,
OpenStreetMap,n1076027682,Ahlia Plaza Superstores,,,,31.9620788,35.898134,supermarket,,
OpenStreetMap,n432544878,Ahmad Qasem Supermarket,,,,32.4061617,35.277246,supermarket,,
OpenStreetMap,n432295947,Ahmad Supermarket,,,,31.8956561,35.0846464,supermarket,,
OpenStreetMap,n432353948,Aiash Market,,,,32.1156358,35.1968536,supermarket,,
OpenStreetMap,n432269811,Ain Arik,,,,31.9058006,35.1430003,supermarket,,
OpenStreetMap,n432263298,Ain Yabrud,,,,31.9529431,35.2521617,supermarket,,
OpenStreetMap,n432102570,Ajial,,,,32.1311977,35.205303,supermarket,,
OpenStreetMap,n432264190,Ajjaq,,,,31.9877757,35.2791497,supermarket,,
OpenStreetMap,n432270517,Akka,,,,31.9727026,35.260454,supermarket,,
OpenStreetMap,n431708768,Akkaba New Shop,,,,32.3509958,35.3517773,supermarket,,
OpenStreetMap,n432392286,Al 'ailah,,,,32.3300645,35.1149497,supermarket,,
OpenStreetMap,n432267203,Al 'ekhwa,,,,31.9657281,35.1701703,supermarket,,
OpenStreetMap,n432244749,Al 'uma Supermarket,,,,31.5770589,35.1491514,supermarket,,
OpenStreetMap,n1196970306,Al 3a2elat,,,,31.8502534,35.2295494,supermarket,,
OpenStreetMap,w1457327331,Al Abaseyah,,,,31.8773216,35.4488532,supermarket,,
OpenStreetMap,w1303430109,Al Abed Trading Stores,,,,31.5406692,34.5050873,convenience,,
OpenStreetMap,n432359101,Al Abid Mini Market,,,,32.3193652,35.0491011,supermarket,,
OpenStreetMap,n432355003,Al Adham,,,,32.0654895,35.0263348,supermarket,,
OpenStreetMap,n432389638,Al Adham,,,,32.3706466,35.0693633,supermarket,,
OpenStreetMap,n432321157,Al Adham,,,,32.19627,35.1350075,supermarket,,
OpenStreetMap,n432079808,Al Adi,,,,32.1999184,35.2130576,supermarket,,
OpenStreetMap,n432109749,Al Adil Minimarket,,,,31.5162167,35.1156688,supermarket,,
OpenStreetMap,n432139256,Al Aghbar,,,,32.2281257,35.2993899,supermarket,,
OpenStreetMap,n432161573,Al Aghbar,,,,32.1377532,35.2773733,supermarket,,
OpenStreetMap,n431708714,Al Ahmar Mini Market,,,,32.325368,35.3663065,supermarket,,
OpenStreetMap,n431714616,Al Ajme Baker,,,,32.3767758,35.1569473,convenience,,
OpenStreetMap,n431964180,Al Ajury Sweets,,,,32.149078,35.2579857,supermarket,,
OpenStreetMap,n432156446,Al Akeer Sweets,,,,32.152308,35.2588717,supermarket,,
OpenStreetMap,n432264317,Al Akhwain,,,,31.8500765,35.2084745,supermarket,,
OpenStreetMap,n432147979,Al Aktash,,,,32.13744,35.2643845,supermarket,,
OpenStreetMap,n432383747,Al Amal,,,,32.3034261,35.024555,supermarket,,
OpenStreetMap,n432309228,Al Amal,,,,32.189453,35.1359784,supermarket,,
OpenStreetMap,n431949457,Al Amal,,,,32.2283722,35.3055158,supermarket,,
OpenStreetMap,n432155422,Al Amal,,,,32.1801406,35.33271,supermarket,,
OpenStreetMap,n432166807,Al Amal,,,,32.1032755,35.2870584,supermarket,,
OpenStreetMap,n432261987,Al Amal Supermarket And Baker,,,,31.8535256,35.1818129,supermarket,,
OpenStreetMap,n432290231,Al Amana Minimarket,,,,31.9706578,35.2868288,supermarket,,
OpenStreetMap,n431708688,Al Amanah Supermarket,,,,32.315014,35.3721843,supermarket,,
OpenStreetMap,n432281849,Al Amaneh,,,,31.9326983,35.2996387,supermarket,,
OpenStreetMap,n432353199,Al Amaneh,,,,32.0657758,35.0821078,supermarket,,
OpenStreetMap,n431968480,Al Amaneh,,,,32.1527478,35.2591467,supermarket,,
OpenStreetMap,n431708792,Al Amaneh,,,,32.3518687,35.3486235,supermarket,,
OpenStreetMap,n432339721,Al Amanh Supermarket,,,,31.8384659,35.4379099,supermarket,,
OpenStreetMap,n432289305,Al Amari Supermarket,,,,31.8953039,35.2104413,supermarket,,
OpenStreetMap,n432272373,Al Ameen,,,,31.9422485,35.2500522,supermarket,,
OpenStreetMap,n432039913,Al Ameen Sweets,,,,32.1502321,35.2583269,supermarket,,
OpenStreetMap,n432270577,Al Ameer,,,,32.0313768,35.2886484,supermarket,,
OpenStreetMap,n432178609,Al Ameer,,,,32.1416106,35.2841252,supermarket,,
OpenStreetMap,n432532615,Al Ameer,,,,32.3525343,35.0774132,supermarket,,
OpenStreetMap,n432353603,Al Amen,,,,32.0836272,35.1884713,supermarket,,
OpenStreetMap,n432272075,Al Amin,,,,32.0099955,35.3032265,supermarket,,
OpenStreetMap,n432266953,Al Andaleeb,,,,31.9886576,35.2601609,supermarket,,
OpenStreetMap,n432295050,Al Andalos Supermarket,,,,31.9089867,35.1924321,supermarket,,
OpenStreetMap,n432285194,Al Anwar,,,,32.0134217,35.3017435,supermarket,,
OpenStreetMap,n432178984,Al Anwar Market,,,,32.1841764,35.2503089,supermarket,,
OpenStreetMap,n431873949,Al Anwar Supermarket,,,,31.5741486,35.1370656,supermarket,,
OpenStreetMap,n432276528,Al Aqsa,,,,32.0203358,35.2962463,supermarket,,
OpenStreetMap,n432354994,Al Aqsa,,,,32.0974348,35.0435868,supermarket,,
OpenStreetMap,n432336163,Al Aqsa,,,,31.8914294,35.4344876,supermarket,,
OpenStreetMap,n432052032,Al Aqsa,,,,32.2293495,35.3040236,supermarket,,
OpenStreetMap,n432134631,Al Aqsa,,,,32.1257772,35.3102804,supermarket,,
OpenStreetMap,n432088275,Al Aqsa,,,,32.1385541,35.284006,supermarket,,
OpenStreetMap,n432276352,Al Aqsa Supermarket,,,,32.040635,35.1722911,supermarket,,
OpenStreetMap,n432052156,Al Aqsa Supermarket,,,,32.1623213,35.2861658,supermarket,,
OpenStreetMap,n431708719,Al Aqsa Supermarket,,,,32.2744483,35.3811715,supermarket,,
OpenStreetMap,n505026663,Al Aqsa Supermarket,,,,31.3911104,34.3630003,supermarket,,
OpenStreetMap,n432290524,Al Arz,,,,32.0095519,35.3023837,supermarket,,
OpenStreetMap,n431922927,Al Arz,,,,32.1044407,35.2888133,supermarket,,
OpenStreetMap,n432259904,Al Arz Supermarket,,,,31.8977486,35.1790307,supermarket,,
OpenStreetMap,n431938973,Al Asalah,,,,32.1419032,35.282086,supermarket,,
OpenStreetMap,n432266583,Al Asdeqa',,,,31.9868082,35.0395077,supermarket,,
OpenStreetMap,n432272593,Al Asdeqa' Supermarket,,,,31.8336311,35.1455181,supermarket,,
OpenStreetMap,n432284971,Al Asdeqa'a Supermarket,,,,32.0331361,35.1032259,supermarket,,
OpenStreetMap,n432111554,Al Asdika',,,,32.1802813,35.3320882,supermarket,,
OpenStreetMap,n432284758,Al Aseel,,,,31.8392287,35.137413,supermarket,,
OpenStreetMap,n432151480,Al Aseel Sweets,,,,32.2920456,35.2164134,supermarket,,
OpenStreetMap,n432057150,Al Asier,,,,32.1814575,35.3306621,supermarket,,
OpenStreetMap,w849822292,Al Asil Supermarket,,,,33.2029336,35.4366289,supermarket,,
OpenStreetMap,n432039517,Al Asmar,,,,32.0996669,35.2870188,supermarket,,
OpenStreetMap,n432138664,Al Asmar,,,,32.0710639,35.2409095,supermarket,,
OpenStreetMap,n432274563,Al Asoor,,,,31.9896607,35.2811945,supermarket,,
OpenStreetMap,n431887596,Al Assalah Supermarket,,,,31.5755245,35.137346,supermarket,,
OpenStreetMap,n432296964,Al Awa'l Supermarket,,,,31.8976624,35.1793453,supermarket,,
OpenStreetMap,n432354322,Al Awdah Minimarket,,,,32.1020635,35.2238171,supermarket,,
OpenStreetMap,n431741263,Al Aws Minimarket,,,,32.4054897,35.2037328,convenience,,
OpenStreetMap,n432263787,Al Ayash Minimarket,,,,31.9877016,35.3128959,supermarket,,
OpenStreetMap,n432279282,Al Azeez Supermarket,,,,31.9721979,35.0930651,supermarket,,
OpenStreetMap,n432167990,Al Badawi,,,,32.2766413,35.1981592,supermarket,,
OpenStreetMap,n432283082,Al Badwee Supermarket,,,,31.8245835,35.1489994,supermarket,,
OpenStreetMap,n432419028,Al Baha',,,,32.3300108,35.1131018,supermarket,,
OpenStreetMap,n432544925,Al Baha' Minimarket,,,,32.3970109,35.2410289,convenience,,
OpenStreetMap,n432336263,Al Baiader,,,,31.8575586,35.4588029,supermarket,,
OpenStreetMap,n431953496,Al Baiader,,,,32.1258946,35.3458416,supermarket,,
OpenStreetMap,n432384293,Al Balad,,,,32.223819,35.0852511,supermarket,,
OpenStreetMap,n432411371,Al Balad,,,,32.3330785,35.1091209,supermarket,,
OpenStreetMap,n432267969,Al Balad Supermarket,,,,31.9667335,35.1037268,supermarket,,
OpenStreetMap,n6082736685,Al Balad Supermarket Market,,,,31.7160397,35.1876996,supermarket,,
OpenStreetMap,n432352453,Al Balou',,,,32.0651208,35.0296151,supermarket,,
OpenStreetMap,n432407128,Al Bandar For Checken,,,,32.3761807,35.0651756,supermarket,,
OpenStreetMap,n432364542,Al Bara',,,,32.3020945,35.0233852,supermarket,,
OpenStreetMap,n431900496,Al Bara',,,,32.23648,35.1861843,supermarket,,
OpenStreetMap,n432531912,Al Bara',,,,32.367829,35.0704712,supermarket,,
OpenStreetMap,n431708637,Al Bara' Supermarket,,,,32.3248469,35.3670977,supermarket,,
OpenStreetMap,n432352550,Al Barakah,,,,32.135527,35.1376014,supermarket,,
OpenStreetMap,n432134309,Al Barakeh,,,,32.1614184,35.2910177,supermarket,,
OpenStreetMap,n431785654,Al Barakeh Minimarket,,,,32.407535,35.1992531,convenience,,
OpenStreetMap,n432350863,Al Barakeh Supermarket,,,,32.104945,35.049656,supermarket,,
OpenStreetMap,n432295053,Al Basha,,,,31.9834997,35.2605171,supermarket,,
OpenStreetMap,n432077147,Al Bashar For Gifts,,,,32.0854033,35.3396002,supermarket,,
OpenStreetMap,n432097223,Al Basheer,,,,32.1529056,35.2589997,supermarket,,
OpenStreetMap,n432287936,Al Batal,,,,31.7628111,35.259257,supermarket,,
OpenStreetMap,n431925227,Al Bisher Sweets,,,,32.2131733,35.2959647,supermarket,,
OpenStreetMap,n432278733,Al Burj,,,,32.003816,35.2811002,supermarket,,
OpenStreetMap,n431913397,Al Burj,,,,32.2747052,35.1963031,supermarket,,
OpenStreetMap,n432272813,Al Bustan,,,,32.0071194,35.3060655,supermarket,,
OpenStreetMap,n432355356,Al Bustan,,,,32.0818684,35.1802835,supermarket,,
OpenStreetMap,n432177814,Al Dai'a,,,,32.1384159,35.2784875,supermarket,,
OpenStreetMap,n7930470669,Al Dalleh Supermarket,,,,31.9796001,35.8561498,supermarket,,
OpenStreetMap,n432418606,Al Damiri,,,,32.3767307,35.0650706,supermarket,,
OpenStreetMap,n432335762,Al EKhwah,,,,32.0259118,35.4439718,supermarket,,
OpenStreetMap,n432266884,Al Ea'timad Supermarket,,,,31.9081429,35.2143865,supermarket,,
OpenStreetMap,n432290151,Al Ekhowa Supermarket,,,,32.0330057,35.1035637,supermarket,,
OpenStreetMap,n432260287,Al Ekhwa,,,,32.0184043,35.347272,supermarket,,
OpenStreetMap,n432270505,Al Emad Minimarket,,,,31.8946615,35.19406,supermarket,,
OpenStreetMap,n432297507,Al Esra',,,,31.946556,35.2515557,supermarket,,
OpenStreetMap,n431888439,Al Esra' Baker,,,,31.5745664,35.1372611,supermarket,,
OpenStreetMap,n432137218,Al Eweweh,,,,31.5395008,35.0939204,supermarket,,
OpenStreetMap,n432296426,Al Faiha',,,,32.0192629,35.3479887,supermarket,,
OpenStreetMap,n432532736,Al Falah,,,,32.370309,35.1059022,supermarket,,
OpenStreetMap,n432406321,Al Falah Market,,,,32.3717606,35.1061131,supermarket,,
OpenStreetMap,n432284364,Al Faleh,,,,32.0072781,35.3056028,supermarket,,
OpenStreetMap,n431949840,Al Faraj,,,,32.1021949,35.2884107,supermarket,,
OpenStreetMap,n431708584,Al Fares Supermarket,,,,32.3246193,35.367556,supermarket,,
OpenStreetMap,n432271354,Al Fares Supermarket,,,,32.0330955,35.1025375,supermarket,,
OpenStreetMap,n432378430,Al Faris,,,,32.3744627,35.0705881,supermarket,,
OpenStreetMap,n432160179,Al Faris,,,,32.2343478,35.2470948,supermarket,,
OpenStreetMap,n432319495,Al Funduk Minimarket,,,,32.1899095,35.1363729,supermarket,,
OpenStreetMap,n431984954,Al Galaeni,,,,32.2294419,35.3020574,supermarket,,
OpenStreetMap,n432294450,Al Galazon,,,,31.9514432,35.2135323,supermarket,,
OpenStreetMap,n504263444,Al Gharbawy Super Market,,,,31.5353253,34.4584821,supermarket,,
OpenStreetMap,n432091821,Al Gharbiah Supermarket,,,,32.1787516,35.331686,supermarket,,
OpenStreetMap,n432047749,Al Ghazali Supermarket,,,,31.5577417,35.1098191,supermarket,,
OpenStreetMap,n7743675346,Al Hadi Supermarket,,,,33.2499939,35.2320422,supermarket,,
OpenStreetMap,n432398786,Al Haiah,,,,32.33041,35.0340988,supermarket,,
OpenStreetMap,n432393037,Al Haitham,,,,32.3709091,35.0723465,supermarket,,
OpenStreetMap,n432112290,Al Haj Abid,,,,32.1629178,35.2851792,supermarket,,
OpenStreetMap,n432364699,Al Haj Ahmed Abu Al Jazar,,,,32.3660202,35.0703767,supermarket,,
OpenStreetMap,n432038282,Al Haj Eid Sweets,,,,32.1032941,35.2870478,supermarket,,
OpenStreetMap,n432264196,Al Haj Mahmood,,,,31.99073,35.1575066,supermarket,,
OpenStreetMap,n432357085,Al Haj Nazmi Supermarket,,,,32.4104737,35.0732095,supermarket,,
OpenStreetMap,n432097081,Al Halayka Supermarket,,,,31.577438,35.142598,supermarket,,
OpenStreetMap,n431708694,Al Hamami,,,,32.3255166,35.3666046,supermarket,,
OpenStreetMap,n432140847,Al Hamrah,,,,32.1455587,35.2532993,supermarket,,
OpenStreetMap,n431708658,Al Haramen,,,,32.3519011,35.3491562,supermarket,,
OpenStreetMap,n432124535,Al Hasan For Sweets,,,,32.18444,35.2319139,supermarket,,
OpenStreetMap,n432403353,Al Hasan Minimarket,,,,32.2617142,35.1282465,supermarket,,
OpenStreetMap,n432137346,Al Haza',,,,32.2989136,35.1955917,supermarket,,
OpenStreetMap,n432282001,Al Hilal,,,,31.9105473,35.2713881,supermarket,,
OpenStreetMap,n432109737,Al Hilal,,,,32.123137,35.3472071,supermarket,,
OpenStreetMap,n432419372,Al Hilal,,,,32.2977541,35.0327787,supermarket,,
OpenStreetMap,n432420650,Al Hilal Market,,,,32.2271107,35.0469476,supermarket,,
OpenStreetMap,n432270269,Al Hinawi,,,,31.8517188,35.1110821,supermarket,,
OpenStreetMap,n431924938,Al Hmama,,,,32.2254235,35.302079,supermarket,,
OpenStreetMap,n431714218,Al Horani Minimarket,,,,32.3602218,35.1964108,supermarket,,
OpenStreetMap,n504254778,Al Hosary for Cola,,,,31.5237685,34.4550819,convenience,,
OpenStreetMap,n432264291,Al Huda Shop For Building Equipment,,,,31.925627,35.1039317,supermarket,,
OpenStreetMap,n432279453,Al Huda Supermarket,,,,32.0534608,35.1279971,supermarket,,
OpenStreetMap,n432282201,Al Iman,,,,31.9091611,35.2667916,supermarket,,
OpenStreetMap,n431990976,Al Isra',,,,32.1352015,35.2155716,supermarket,,
OpenStreetMap,n432267569,Al Isra',,,,31.9091175,35.2696365,supermarket,,
OpenStreetMap,n432422308,Al Isra',,,,32.3010281,35.0225984,supermarket,,
OpenStreetMap,n432294936,Al Isra' Sweet,,,,31.9706755,35.2603104,supermarket,,
OpenStreetMap,n432278456,Al Ithad,,,,31.9086103,35.2682914,supermarket,,
OpenStreetMap,n432284006,Al Itihad,,,,31.851223,35.2032007,supermarket,,
OpenStreetMap,n432376951,Al Itihad,,,,32.3066951,35.1159319,supermarket,,
OpenStreetMap,n431995639,Al Izz,,,,32.1258323,35.3440352,supermarket,,
OpenStreetMap,n432162595,Al Ja'abari Supermarket,,,,31.5503828,35.1079874,supermarket,,
OpenStreetMap,n1366072902,Al Jabban,,,,31.5392482,35.0974503,supermarket,,
OpenStreetMap,n432314596,Al Jada' Supermarkt,,,,32.1626762,34.9813017,supermarket,,
OpenStreetMap,n432278368,Al Jamaeed Sweet,,,,31.9778626,35.2611747,supermarket,,
OpenStreetMap,n432277727,Al Jamal Supermarket,,,,31.9663878,35.099725,supermarket,,
OpenStreetMap,n432098927,Al Jameel,,,,32.0715276,35.2412717,supermarket,,
OpenStreetMap,n432364336,Al Janim,,,,32.3192327,35.029305,supermarket,,
OpenStreetMap,n432536497,Al Janim Supermarket,,,,32.4109998,35.0721627,supermarket,,
OpenStreetMap,w1077504063,Al Janoub Super Market,,,,33.2836561,35.2193797,supermarket,,
OpenStreetMap,n432266775,Al Jawhara,,,,31.8505329,35.2052841,supermarket,,
OpenStreetMap,n431932651,Al Jazeera,,,,31.5970063,35.0291908,supermarket,,
OpenStreetMap,n432375251,Al Jiawi,,,,32.3745228,35.1098003,supermarket,,
OpenStreetMap,n432294940,Al Junayde Store,,,,31.9020899,35.1761794,convenience,,
OpenStreetMap,n432244574,Al Jzeera Supermarket,,,,31.5837568,35.0951983,supermarket,,
OpenStreetMap,n431790174,Al Kaser Minimarket,,,,32.4040158,35.2083119,convenience,,
OpenStreetMap,n432284480,Al Kawthar,,,,31.9961997,35.2841493,supermarket,,
OpenStreetMap,n432283145,Al Khaleg Supermarket,,,,31.8962311,35.1951514,supermarket,,
OpenStreetMap,n432082099,Al Kharoob,,,,32.1759319,35.3367426,supermarket,,
OpenStreetMap,n432292479,Al Khdor,,,,31.8360345,35.1462409,supermarket,,
OpenStreetMap,w1336786192,Al Kher,,,,32.1159817,35.0780955,supermarket,,
OpenStreetMap,n432356973,Al Khoja,,,,32.3502426,35.0719456,supermarket,,
OpenStreetMap,n432158648,Al Kona Market,,,,32.148212,35.2513652,supermarket,,
OpenStreetMap,n431953840,Al Lo'lo'a,,,,32.2209553,35.2317463,supermarket,,
OpenStreetMap,n432063152,Al Lo'lo'a,,,,32.1306838,35.2023742,supermarket,,
OpenStreetMap,n431948761,Al Lo'lo'a,,,,32.1433291,35.2778167,supermarket,,
OpenStreetMap,n432281312,Al Lotron Supermarket,,,,31.9018033,35.1699791,supermarket,,
OpenStreetMap,n432235475,Al Madena Al Monawara,,,,31.6013817,35.0153592,supermarket,,
OpenStreetMap,n505031619,Al Madena Supermarket,,,,31.4106929,34.3586022,supermarket,,
OpenStreetMap,n432353548,Al Madenah,,,,32.1145319,35.0784932,supermarket,,
OpenStreetMap,n432285418,Al Madina Al Monawara Sweets,,,,31.997299,35.2832333,supermarket,,
OpenStreetMap,n431873655,Al Magharbeh Supermaeket,,,,31.5511433,35.1136687,supermarket,,
OpenStreetMap,n431959103,Al Mahaba,,,,32.1620501,35.2835993,supermarket,,
OpenStreetMap,n432168942,Al Mahaba,,,,32.2517595,35.1901679,supermarket,,
OpenStreetMap,n432284876,Al Mahaba Minimarket,,,,31.9850173,35.3053583,supermarket,,
OpenStreetMap,n432532637,Al Mahabah,,,,32.3114021,35.0331058,supermarket,,
OpenStreetMap,n431636007,Al Mahd For Boilers,,,,31.698368,35.1793305,supermarket,,
OpenStreetMap,n432171538,Al Mahkamah Supermarket,,,,31.5585105,35.0841613,supermarket,,
OpenStreetMap,n432384193,Al Majd,,,,32.3694416,35.1075313,supermarket,,
OpenStreetMap,n432404657,Al Majd sweets,,,,32.3131304,35.0275484,supermarket,,
OpenStreetMap,n432265532,Al Malke,,,,31.9895216,35.3081819,supermarket,,
OpenStreetMap,n432003878,Al Manarah Supermarket,,,,31.574568,35.1372561,supermarket,,
OpenStreetMap,n432260881,Al Mansi,,,,32.0020363,35.283953,supermarket,,
OpenStreetMap,n432297310,Al Masre Supermarket,,,,32.048646,35.16472,supermarket,,
OpenStreetMap,n431925405,Al Masri,,,,32.2274809,35.3031606,supermarket,,
OpenStreetMap,n432169920,Al Matari,,,,32.2354416,35.2452727,supermarket,,
OpenStreetMap,n432277615,Al Mazra',,,,31.953462,35.2996134,supermarket,,
OpenStreetMap,n432261624,Al Mazra'ah,,,,32.0014997,35.2830501,supermarket,,
OpenStreetMap,n432275993,Al Meraj,,,,31.9107773,35.2664633,supermarket,,
OpenStreetMap,n432122003,Al Mikawi For Sweets,,,,32.1256853,35.3459254,supermarket,,
OpenStreetMap,n432148869,Al Mona Fashion,,,,32.152152,35.2595486,supermarket,,
OpenStreetMap,n431970504,Al Motawakil Ala Allah,,,,32.2528426,35.1902472,supermarket,,
OpenStreetMap,n432089304,Al Motawakil Ala Allah,,,,32.2512186,35.1880775,supermarket,,
OpenStreetMap,n431744469,Al Motee' Gracer,,,,32.378476,35.1585579,convenience,,
OpenStreetMap,n432163978,Al Mothalath Al Sharki,,,,32.1369896,35.2200051,supermarket,,
OpenStreetMap,n432138779,Al Mukhtar Minimarket,,,,32.3078687,35.1657322,supermarket,,
OpenStreetMap,n432393406,Al Muntaser,,,,32.3067203,35.1158846,supermarket,,
OpenStreetMap,n432268109,Al Muntazah Supermarket,,,,32.0383844,35.2842214,supermarket,,
OpenStreetMap,n432294898,Al Nabale,,,,31.9509773,35.2110137,supermarket,,
OpenStreetMap,n432270027,Al Nabolsi Sweets,,,,31.9994583,35.2837567,supermarket,,
OpenStreetMap,n505092446,Al Nahal Supermarket,,,,31.328869,34.2315919,supermarket,,
OpenStreetMap,n431980270,Al Najaar,,,,31.6014666,35.016508,supermarket,,
OpenStreetMap,n432295926,Al Najjar,,,,31.8519939,35.1996017,supermarket,,
OpenStreetMap,n432272234,Al Namer Supermarket,,,,31.8936459,35.211515,supermarket,,
OpenStreetMap,n432355475,Al Nasir,,,,32.2891065,35.1528804,supermarket,,
OpenStreetMap,n432401861,Al Nasir,,,,32.3300436,35.1148703,supermarket,,
OpenStreetMap,n432405200,Al Nassar,,,,32.3272992,35.0492414,supermarket,,
OpenStreetMap,n432000918,Al Nawas For Gifts,,,,32.0846722,35.3298273,supermarket,,
OpenStreetMap,n432353952,Al Nawras,,,,32.1139699,35.0860197,supermarket,,
OpenStreetMap,n432138194,Al Nimer,,,,32.102333,35.2734558,supermarket,,
OpenStreetMap,n432395136,Al Nisir,,,,32.3711214,35.0778598,supermarket,,
OpenStreetMap,n432410830,Al No'man,,,,32.3257325,35.0294785,supermarket,,
OpenStreetMap,n432250446,Al Nojoom Shops For Electronic,,,,31.5976706,35.0275364,convenience,,
OpenStreetMap,n431866692,Al Nojoom Supermarket,,,,31.5540185,35.1040775,supermarket,,
OpenStreetMap,n432293672,Al Noor,,,,31.9120651,35.2677413,supermarket,,
OpenStreetMap,n432276379,Al Noor,,,,31.8516622,35.2017759,supermarket,,
OpenStreetMap,n432399945,Al Noor,,,,32.3190475,35.0293,supermarket,,
OpenStreetMap,n431998917,Al Noor,,,,32.1997244,35.2139505,supermarket,,
OpenStreetMap,n432267260,Al Noor Sweet,,,,31.9044586,35.0614331,supermarket,,
OpenStreetMap,n432276712,Al Odeh,,,,32.0182766,35.3464375,supermarket,,
OpenStreetMap,n432074069,Al Okhowa Minimarket,,,,31.5878113,35.1495283,supermarket,,
OpenStreetMap,n432405178,Al Okhowah,,,,32.3035798,35.0363816,supermarket,,
OpenStreetMap,n432377898,Al Okhwa,,,,32.3716292,35.0692455,supermarket,,
OpenStreetMap,n432084252,Al Okhwa,,,,32.1302357,35.202124,supermarket,,
OpenStreetMap,n432354206,Al Ola,,,,32.0691212,35.1541284,supermarket,,
OpenStreetMap,n432103131,Al Om Al Hanona,,,,32.2261708,35.3026164,supermarket,,
OpenStreetMap,n432271848,Al Omari,,,,32.0197847,35.2995329,supermarket,,
OpenStreetMap,n431708721,Al Osrah,,,,32.3518547,35.3479216,supermarket,,
OpenStreetMap,n432139014,Al Prince Sweets,,,,32.1758706,35.3356986,supermarket,,
OpenStreetMap,w298811447,Al Qadesia Supermarket,,,,31.3082318,34.2423,supermarket,,
OpenStreetMap,n432356834,Al Qarawani,,,,32.1138633,35.0866748,supermarket,,
OpenStreetMap,n432160438,Al Qasim,,,,32.1958198,35.2845677,supermarket,,
OpenStreetMap,n2274064395,Al Qedra Supermarket,,,,31.3028231,34.3172418,supermarket,,
OpenStreetMap,n432355801,Al Quds,,,,32.3732166,35.0684077,supermarket,,
OpenStreetMap,n432296650,Al Quds Supermarket,,,,31.9042333,35.1741126,supermarket,,
OpenStreetMap,n432065148,Al Qutob,,,,32.2270021,35.2211326,supermarket,,
OpenStreetMap,n432374928,Al Rabe',,,,32.3679981,35.0727499,supermarket,,
OpenStreetMap,n432269758,Al Rabe' Supermarket,,,,31.9728841,35.2292262,supermarket,,
OpenStreetMap,n432288692,Al Rabe' Sweet,,,,31.7678349,35.2731897,supermarket,,
OpenStreetMap,w1074234893,Al Radwan,,,,32.5211339,35.8913472,supermarket,,
OpenStreetMap,n432161631,Al Rahik,,,,32.0613043,35.364446,supermarket,,
OpenStreetMap,n432400525,Al Rahmah Supermarket,,,,32.425384,35.0840156,supermarket,,
OpenStreetMap,n432283500,Al Rahman Supermarket,,,,31.905612,35.0614817,supermarket,,
OpenStreetMap,n7935267152,Al Rammal market,,,,33.3812825,35.448777,supermarket,,
OpenStreetMap,n432285643,Al Rasheed,,,,31.9279915,35.3003526,supermarket,,
OpenStreetMap,n432359256,Al Rashid,,,,32.3091683,35.113181,supermarket,,
OpenStreetMap,n432294784,Al Rawda Minimarket,,,,31.8528715,35.1909042,supermarket,,
OpenStreetMap,n432354800,Al Raya,,,,32.0956543,35.0394067,supermarket,,
OpenStreetMap,n431795018,Al Rayan,,,,31.5328051,35.0937973,supermarket,,
OpenStreetMap,n432287472,Al Reef,,,,31.9356246,35.2030386,supermarket,,
OpenStreetMap,n432054500,Al Rozana,,,,32.1334352,35.2118712,supermarket,,
OpenStreetMap,n432140603,Al Sa'adah,,,,32.1036593,35.2835646,supermarket,,
OpenStreetMap,n432282131,Al Sa'adeh,,,,31.8508421,35.2064817,supermarket,,
OpenStreetMap,n432408048,Al Sa'adh,,,,32.3092426,35.0265455,supermarket,,
OpenStreetMap,n432268732,Al Sa'ed Supermarket,,,,31.9956487,35.1989136,supermarket,,
OpenStreetMap,n432260491,Al Sabaya,,,,31.8404319,35.1325408,supermarket,,
OpenStreetMap,n432273832,Al Sadaka,,,,31.9649083,35.2936716,supermarket,,
OpenStreetMap,n431897886,Al Sadeq,,,,32.2262064,35.2992913,supermarket,,
OpenStreetMap,n431773828,Al Sadiq,,,,32.4874249,35.2298451,supermarket,,
OpenStreetMap,n432038534,Al Safir,,,,32.1269734,35.3405687,supermarket,,
OpenStreetMap,n432074862,Al Sahah Al Akhdar For Vegetable,,,,32.1619431,35.2880114,supermarket,,
OpenStreetMap,n8719763280,Al Sakha'a Supermarket,,,,31.8992159,35.8575924,supermarket,+96265716899,
OpenStreetMap,n432399310,Al Salam,,,,32.3096508,35.1177246,supermarket,,
OpenStreetMap,n432294597,Al Salam,,,,31.9707081,35.2852296,supermarket,,
OpenStreetMap,n432281939,Al Salam Gallery For Electrical Equipment,,,,31.9242073,35.1025458,supermarket,,
OpenStreetMap,n431708800,Al Salam Mini Market,,,,32.3214545,35.3709342,supermarket,,
OpenStreetMap,n432243275,Al Salam Minimarket,,,,31.5853392,35.1462779,supermarket,,
OpenStreetMap,n1196970317,Al Salaymeh,,,,31.8852924,35.2130967,supermarket,,
OpenStreetMap,n432266889,Al Salhe,,,,31.9689176,35.2616311,supermarket,,
OpenStreetMap,n431730216,Al Salhen Supermarket,,,,32.3750793,35.1563887,supermarket,,
OpenStreetMap,n432268043,Al Sanabel Supermaket,,,,32.02069,35.2957149,supermarket,,
OpenStreetMap,n432278807,Al Sanabel Supermarket,,,,31.8966531,35.1844592,supermarket,,
OpenStreetMap,n431955244,Al Sanabil,,,,32.0858212,35.331977,supermarket,,
OpenStreetMap,n2320322531,Al Saqqa Supermarket,,,,31.5223396,34.4478488,supermarket,,
OpenStreetMap,n432151946,Al Saraia,,,,32.0860111,35.2912394,supermarket,,
OpenStreetMap,n432077986,Al Saraiah,,,,32.1523601,35.2762487,supermarket,,
OpenStreetMap,n432355365,Al Sartawi Trade Company,,,,32.3096239,35.0223304,supermarket,,
OpenStreetMap,n432261061,Al Selwadee,,,,31.9883107,35.2605071,supermarket,,
OpenStreetMap,n432268773,Al Serat Supermarket,,,,31.9068729,35.2058283,supermarket,,
OpenStreetMap,n432263881,Al Sha'ab Supermarket,,,,32.0301208,35.0175583,supermarket,,
OpenStreetMap,n432401458,Al Sha'b Market,,,,32.3526699,35.0757644,supermarket,,
OpenStreetMap,n432038494,Al Sha'b Minimarket,,,,31.5155831,35.1047091,supermarket,,
OpenStreetMap,n432051994,Al Sha'l,,,,32.3023039,35.1909217,supermarket,,
OpenStreetMap,n432268233,Al Shahtoot,,,,31.9356084,35.2966208,supermarket,,
OpenStreetMap,n432271199,Al Shakh,,,,31.9512458,35.2112867,supermarket,,
OpenStreetMap,n432530499,Al Sham Sweets,,,,32.4325754,35.0840458,supermarket,,
OpenStreetMap,n431821135,Al Shamale Supermarket,,,,32.3746826,35.1557315,supermarket,,
OpenStreetMap,n1543987064,Al Sharq Groceries,,,,31.8250556,35.2272309,convenience,,
OpenStreetMap,n432272708,Al Shauesh Supermarket,,,,31.9145253,35.2217309,supermarket,,
OpenStreetMap,n432296320,Al Shayb,,,,31.9869326,35.2600199,supermarket,,
OpenStreetMap,n432545017,Al Shayeb Supermarket,,,,32.454151,35.2623058,supermarket,,
OpenStreetMap,n432266833,Al Sheh,,,,31.8505987,35.1759643,supermarket,,
OpenStreetMap,n431635991,Al Showayky For Timber,,,,31.696711,35.1787388,supermarket,,
OpenStreetMap,n2511179330,Al Shrafy,,,,31.5350529,34.4887406,supermarket,,
OpenStreetMap,n432267407,Al Shualah Supermarket,,,,31.8996699,35.1730147,supermarket,,
OpenStreetMap,n7725586351,Al Sirat,,,,33.2578941,35.2219522,supermarket,,
OpenStreetMap,n431628949,Al Sobani supermarket,,,,31.7015769,35.1818736,supermarket,,
OpenStreetMap,n432164897,Al Sultan,,,,32.1331655,35.2106031,supermarket,,
OpenStreetMap,n431922608,Al Sultan Minimarket,,,,31.524135,35.0922169,supermarket,,
OpenStreetMap,n432264777,Al Sumud,,,,31.9706893,35.2853948,supermarket,,
OpenStreetMap,n432349890,Al Tahadi,,,,32.113095,35.0740063,supermarket,,
OpenStreetMap,n431708791,Al Taib Mini-Market,,,,32.3205158,35.3717116,supermarket,,
OpenStreetMap,n432423551,Al Taibat,,,,32.2747483,35.0817876,supermarket,,
OpenStreetMap,n432288176,Al Taj,,,,31.8346436,35.144409,supermarket,,
OpenStreetMap,n431708777,Al Taj Supermarket,,,,32.3236785,35.3654617,supermarket,,
OpenStreetMap,n432287534,Al Taqwa,,,,31.9283607,35.3004094,supermarket,,
OpenStreetMap,n432294923,Al Tareefe,,,,31.98465,35.2625683,supermarket,,
OpenStreetMap,n432294389,Al Tarteer Supermarket,,,,31.8996725,35.1963875,supermarket,,
OpenStreetMap,n432386457,Al Tawakol Ala Allah For Vegetables,,,,32.3300926,35.1126627,supermarket,,
OpenStreetMap,n431708787,Al Tawfeek Market,,,,32.3238886,35.3682326,supermarket,,
OpenStreetMap,n432272064,Al Tayebat Supermarket,,,,31.9155307,35.2157541,supermarket,,
OpenStreetMap,n432143266,Al Titi For Sweets,,,,32.1414762,35.2823378,supermarket,,
OpenStreetMap,n431788781,Al Tmezi Shop for Fresh Chicken,,,,31.5230749,34.9729426,convenience,,
OpenStreetMap,n6782190701,Al Turk,,,,29.5438198,35.0146881,supermarket,,
OpenStreetMap,n431917409,Al Wadi,,,,32.1804918,35.2478721,supermarket,,
OpenStreetMap,n432243179,Al Wadi Market,,,,31.5140412,35.1102449,supermarket,,
OpenStreetMap,n432287373,Al Wafa,,,,31.9333411,35.2986457,supermarket,,
OpenStreetMap,n432422299,Al Wafa' Market,,,,32.3534024,35.0762157,supermarket,,
OpenStreetMap,n431716086,Al Wafa' Minimarket,,,,32.4079611,35.203343,convenience,,
OpenStreetMap,n431953520,Al Wafa' Sweets,,,,32.1334793,35.2114402,supermarket,,
OpenStreetMap,n432361019,Al Waha,,,,32.3724302,35.1070464,supermarket,,
OpenStreetMap,n431737138,Al Waha,,,,32.4081041,35.2275646,supermarket,,
OpenStreetMap,n432405041,Al Waha Al Khadra',,,,32.2864279,35.1497164,supermarket,,
OpenStreetMap,n432262184,Al Waleed,,,,31.9916124,35.1557802,supermarket,,
OpenStreetMap,n431636915,Al Waleed Shop for Electrical Devices,,,,32.4472431,35.1706071,convenience,,
OpenStreetMap,n432274199,Al Waseem,,,,31.8383221,35.1252743,supermarket,,
OpenStreetMap,n432544977,Al Worod Minimarket,,,,32.4956342,35.3499719,convenience,,
OpenStreetMap,n432260527,Al Yasmeen Supermarket,,,,32.0327275,35.2651356,supermarket,,
OpenStreetMap,n431635974,Al Yassiny for FITTINGS,,,,31.6959121,35.1792885,supermarket,,
OpenStreetMap,n432287685,Al Zahra',,,,31.9491917,35.2141018,supermarket,,
OpenStreetMap,n432274926,Al Zahra' Supermarket,,,,32.0366768,35.2791327,supermarket,,
OpenStreetMap,n431637087,Al Zaitona Supermarket,,,,32.2810854,35.3420942,supermarket,,
OpenStreetMap,n431827043,Al ashaikh Zaid Minimarket,,,,32.4627827,35.1760178,convenience,,
OpenStreetMap,n431783504,Al ashaikh Zaid Minimarket,,,,32.3921777,35.2607609,convenience,,
OpenStreetMap,n432271340,Al barakah Supermarket,,,,31.8992057,35.1925418,supermarket,,
OpenStreetMap,n505097249,Al bebesee supermarket,,,,31.2702105,34.2720958,supermarket,,
OpenStreetMap,n8245874679,Al berkeh l faw2a,,,,33.0775331,35.3649441,supermarket,,
OpenStreetMap,n432386368,Al hayah,,,,32.3030399,35.0242298,supermarket,,
OpenStreetMap,n432262255,Al karnaval Supermarket,,,,31.9028821,35.1737302,supermarket,,
OpenStreetMap,n7935267120,Al marj market,,,,33.3793247,35.456346,supermarket,,
OpenStreetMap,n431629719,Al moghrabi supermarket,,,,31.6948428,35.1803755,supermarket,,
OpenStreetMap,n432275708,Al reef,,,,31.9418442,35.2030375,supermarket,,
OpenStreetMap,n432279361,Al shini Supermarket,,,,31.90724,35.213855,supermarket,,
OpenStreetMap,n432260990,Al tharwah Supermarket,,,,31.8987872,35.1794611,supermarket,,
OpenStreetMap,n432290992,Al wurud Supermarket,,,,31.910579,35.2099969,supermarket,,
OpenStreetMap,n505024013,Al'Loloaa,,,,31.3720419,34.3405251,supermarket,,
OpenStreetMap,n432544997,Al-A'oda Supermarket,,,,32.4839111,35.233417,supermarket,,
OpenStreetMap,n432223808,Al-Adra Supermarket,,,,31.4550207,35.1055778,supermarket,,
OpenStreetMap,n431708611,Al-Afia Supermarket,,,,32.3215698,35.3707796,supermarket,,
OpenStreetMap,n431633417,Al-Amal Market,,,,31.7149988,35.299922,supermarket,,
OpenStreetMap,n432272405,Al-Amal Supermarket,,,,31.8516984,35.1973669,supermarket,,
OpenStreetMap,n432280886,Al-Amana Supermarket,,,,31.8236792,35.149274,supermarket,,
OpenStreetMap,n432302548,Al-Amaneh Supermarket,,,,32.1519149,35.0465281,supermarket,,
OpenStreetMap,n503995653,Al-Andalos Supermarket,,,,31.5417063,34.4625909,supermarket,,
OpenStreetMap,n432332427,Al-Andulos,,,,32.1917303,35.1568722,supermarket,,
OpenStreetMap,n431708748,Al-Anees Supermarket,,,,32.3281478,35.3641552,supermarket,,
OpenStreetMap,n432260196,Al-Anwar Supermarket,,,,31.8947999,35.2128059,supermarket,,
OpenStreetMap,n504272995,Al-Ashi Co. for General Trading,,,,31.5076115,34.4596111,convenience,,
OpenStreetMap,n504280195,Al-Ashqar Jewelery,,,,31.5311857,34.4678197,supermarket,,
OpenStreetMap,n432260173,Al-Awad Supermarket,,,,31.9754284,35.2610749,supermarket,,
OpenStreetMap,n3299034569,Al-Awda Supermarket,,,,31.5203363,34.4481866,supermarket,,
OpenStreetMap,n432272703,Al-Ayila Supermarket,,,,31.9278991,35.2059154,supermarket,,
OpenStreetMap,n505033093,Al-Azaiza,,,,31.4171081,34.3478639,supermarket,,
OpenStreetMap,n432154632,Al-Ba'loj Shops,,Main Street,,31.4541648,35.1034319,supermarket,,
OpenStreetMap,n431760779,Al-Baha Minimarket,,,,32.4675948,35.1563023,convenience,,
OpenStreetMap,n432282474,Al-Bara Supermarket,,,,31.8523307,35.1972275,supermarket,,
OpenStreetMap,n432272758,Al-Bashir Supermarket,,,,32.0329974,35.2649148,supermarket,,
OpenStreetMap,n7083943520,Al-Diwan Supermarket,,,,30.3216557,35.4787396,convenience,,
OpenStreetMap,n504277233,Al-Fayhaa Supermarket,,,,31.5103184,34.4438097,supermarket,,
OpenStreetMap,n432273459,Al-Fuad Supermarket,,,,32.0298741,35.2227329,supermarket,,
OpenStreetMap,n3867524663,Al-Fursan Minimarket,,,,32.3474532,35.2750249,supermarket,,
OpenStreetMap,n432545009,Al-Hof Supermarket,,,,32.4550389,35.2618232,supermarket,,
OpenStreetMap,n432545020,Al-Huda Minimarket,,,,32.45522,35.259382,supermarket,,
OpenStreetMap,n432295044,Al-Jamil Supermarket,,,,31.8920092,35.2101669,supermarket,,
OpenStreetMap,n504272379,Al-Jawhara Supermarket,,,,31.5397932,34.4644826,supermarket,,
OpenStreetMap,n504260809,Al-Jawhara Supermarket,,,,31.5070028,34.463417,supermarket,,
OpenStreetMap,n432334838,Al-Khelafa Supermarket,,,,32.1893635,34.9653188,supermarket,,
OpenStreetMap,n432121733,Al-Madafa Supermarket,,,,32.1415101,35.2824695,supermarket,,
OpenStreetMap,n504284403,Al-Madina Al-Monawara Supermarket,,,,31.525217,34.4694701,supermarket,,
OpenStreetMap,n432263599,Al-Mahdi Supermarket,,,,32.0306989,35.2070103,supermarket,,
OpenStreetMap,n4233724118,Al-Maslamani for Nuts & Chocolate,,,,32.2237851,35.2571564,supermarket,,
OpenStreetMap,n432334693,Al-Mawadeh Supermarket,,,,32.1942196,34.9800638,supermarket,,
OpenStreetMap,n911186336,Al-Nakhlah,,,,31.4166619,34.3507501,supermarket,,
OpenStreetMap,n432545014,Al-Naser Suprmarket,,,,32.4586585,35.2608066,supermarket,,
OpenStreetMap,n13391401806,Al-Nashmi Supermarket,,,,32.0199247,35.8537643,supermarket,,
OpenStreetMap,n432545011,Al-Noor Supermarket,,,,32.455559,35.2603566,supermarket,,
OpenStreetMap,n504299620,Al-Noor Supermarket - 2,,,,31.5220367,34.4394518,supermarket,,
OpenStreetMap,n504273865,Al-Nour Supermarket,,,,31.5244088,34.4393005,supermarket,,
OpenStreetMap,n5132843156,Al-Qal'a Market,,,,32.2851058,35.3389821,supermarket,,
OpenStreetMap,n432544993,Al-Qasm Minimarket,,,,32.4827267,35.2314072,supermarket,,
OpenStreetMap,n504256208,Al-Qeshawi Supermaket;المركز الدولي للعيون,,Al Shuhadaa,,31.5168488,34.4491887,supermarket,082888918,http://info@eyecenter.ps
OpenStreetMap,n504259829,Al-Qishawi Commercial Center,,,,31.5267197,34.4509906,supermarket,,
OpenStreetMap,n432269002,Al-Quds Supermarket,,,,31.8243515,35.1484365,supermarket,,
OpenStreetMap,n2698239996,Al-Rabiah Mall Supermarket,,,,31.9763128,35.8845364,supermarket,,
OpenStreetMap,n431623066,Al-Radi Supermakret,,,,31.7047882,35.1945179,supermarket,,
OpenStreetMap,n432545741,Al-Rafiden,,,,31.8985567,35.2030874,supermarket,,
OpenStreetMap,n4482583911,Al-Rafiden Supermarket سوبرماركت الرافدين,,,,31.8985059,35.2030586,supermarket,,
OpenStreetMap,n504286983,Al-Safadi Supermarket,,,,31.5101218,34.4488153,supermarket,,
OpenStreetMap,w301378559,Al-Saftawi SyperMarket,,,,31.5414485,34.4990953,supermarket,,
OpenStreetMap,n504292993,Al-Sha'b Supermarket,,,,31.5299186,34.4523163,supermarket,,
OpenStreetMap,n431913615,Al-Shurafa Supermarket,,,,32.1414667,35.2823179,supermarket,,
OpenStreetMap,n432270013,Al-Shurafa Supermarket,,,,31.8978667,35.2138791,supermarket,,
OpenStreetMap,n431633442,Al-Waha Market,,,,31.7110513,35.2693692,supermarket,,
OpenStreetMap,n432334720,Al-Walid Supermarket,,,,32.1896585,34.9688523,supermarket,,
OpenStreetMap,n432296384,Al-Zahra Supermarket,,,,31.9470518,35.2511561,supermarket,,
OpenStreetMap,n8084739196,Al-Zahraa,,,,33.1917038,35.4436918,supermarket,,
OpenStreetMap,n7083939300,Al-medena Supermarket,,,,30.3252568,35.4716101,convenience,,
OpenStreetMap,n1196970309,Al3awdeh,,,,31.9060652,35.2167177,supermarket,,
OpenStreetMap,w304646341,AlAmeer Supermarket,,,,31.3473219,34.3040865,supermarket,,
OpenStreetMap,w304380144,AlArab Super Market,,,,31.3450392,34.3055198,supermarket,,
OpenStreetMap,n431952602,Ala',,,,32.1923902,35.3723538,supermarket,,
OpenStreetMap,n432272233,AlaSeel Supermarket,,,,31.9134051,35.2074079,supermarket,,
OpenStreetMap,n432283026,Alaelah Supermarket,,,,31.9249478,35.2113981,supermarket,,
OpenStreetMap,n432288581,Alain Supermarket,,,,31.8982758,35.2100136,supermarket,,
OpenStreetMap,n432286018,Alajouli Supermarket,,,,31.9216609,35.2138633,supermarket,,
OpenStreetMap,n432408525,Alam,,,,32.3346434,35.0367028,supermarket,,
OpenStreetMap,n432269316,Alamal,,,,31.9461523,35.216149,supermarket,,
OpenStreetMap,n432288142,Alamanah,,,,31.9509026,35.1843474,supermarket,,
OpenStreetMap,n432276054,Alameer,,,,31.9497255,35.0455247,supermarket,,
OpenStreetMap,n432278709,Alamira Supermarket,,,,31.9147579,35.2217455,supermarket,,
OpenStreetMap,n432287571,Alanwar,,,,31.8695013,35.0694119,supermarket,,
OpenStreetMap,n431755155,Alaqsa Minimarket,,,,32.4031711,35.2037667,supermarket,,
OpenStreetMap,n432264495,Alarori Supermarket,,,,31.9033388,35.2070382,supermarket,,
OpenStreetMap,n432286528,Alasbah Supermarket,,,,31.9064133,35.2035743,supermarket,,
OpenStreetMap,n432336920,Alasdeqa',,,,31.9468875,35.4699639,supermarket,,
OpenStreetMap,n432545157,Albeak Minimarket,,,,32.45908,35.3125102,supermarket,,
OpenStreetMap,n431793903,Albrence Supermarket,,,,32.4119523,35.2768916,supermarket,,
OpenStreetMap,n431708657,Ale'temd Market,,,,32.3220292,35.3688634,supermarket,,
OpenStreetMap,n432266790,Alfardos Supermarket,,,,31.900409,35.2052354,supermarket,,
OpenStreetMap,n504275269,Alferdaws supermarket,,,,31.5172925,34.4341401,supermarket,,
OpenStreetMap,n432296373,Alhadja,,,,31.9606113,35.1930467,supermarket,,
OpenStreetMap,n432133013,Alhaga,,,,32.209017,35.3346608,supermarket,,
OpenStreetMap,n432545201,Alhathnawi Street,,,,32.4846625,35.2995864,supermarket,,
OpenStreetMap,n432545129,Alhendi Supermarket,,,,32.4656835,35.2972958,supermarket,,
OpenStreetMap,n432291599,Alhindi Supermarket,,,,32.0411231,35.2628702,supermarket,,
OpenStreetMap,n432288237,Alhouda Supermarket,,,,32.0534289,35.128027,supermarket,,
OpenStreetMap,n432403306,Ali Baba Market,,,,32.2982158,35.0323444,supermarket,,
OpenStreetMap,w1304798377,Ali Ibrahim trading,,,,33.3685574,35.6825976,convenience,,
OpenStreetMap,n432419753,Ali Sweets,,,,32.3667716,35.0704446,supermarket,,
OpenStreetMap,n432292662,Alisra';Alisra' Supermarket,,,,31.911119,35.2197816,supermarket,,
OpenStreetMap,n432283170,Aljazeera Supermarket,,,,31.8909893,35.1681591,supermarket,,
OpenStreetMap,n431708726,Aljazera Sweets,,,,32.3212526,35.3708021,supermarket,,
OpenStreetMap,n432267041,Aljinan Supermarket,,,,31.899306,35.2158815,supermarket,,
OpenStreetMap,n432260752,Alkarazon Supermarket,,,,31.9153747,35.2198346,supermarket,,
OpenStreetMap,n432292338,Alkhader,,,,31.8868944,35.0437447,supermarket,,
OpenStreetMap,n432283000,Alkhlaifa Supermarket,,,,31.888664,35.2217947,supermarket,,
OpenStreetMap,n1196970322,Alkiswani,,,,31.9042891,35.1965797,supermarket,,
OpenStreetMap,n2778010342,Alkollia,,,,31.4986506,34.4360327,convenience,,
OpenStreetMap,n432545179,Almadina Almonawara Supermarket,,,,32.4641645,35.2941939,supermarket,,
OpenStreetMap,n10834551790,Almagor Mini Market,,,,32.9136718,35.6045982,supermarket,,
OpenStreetMap,n432266206,Almajd,,,,31.9620987,35.1905245,supermarket,,
OpenStreetMap,n432545153,Almarah Kiosh,,,,32.4579764,35.3021691,supermarket,,
OpenStreetMap,n505113759,Almawase Supermarket,,,,31.3284327,34.2326173,supermarket,,
OpenStreetMap,n3886128663,Almog,,,,31.7883426,34.6438511,supermarket,,
OpenStreetMap,n432288992,Alnada,,,,31.9074625,35.1416543,supermarket,,
OpenStreetMap,n432263961,Alnajah Supermarket,,,,31.9057482,35.2042434,supermarket,,
OpenStreetMap,n432282078,Alnakhltain Supermarket,,,,31.926161,35.2129769,supermarket,,
OpenStreetMap,n432545155,Alnaseem Supermarket,,,,32.4641288,35.3147671,supermarket,,
OpenStreetMap,n432545105,Alnemear Mall,,,,32.4635658,35.2969482,supermarket,,
OpenStreetMap,n432415077,Aloush Market,,,,32.4159141,35.0549987,supermarket,,
OpenStreetMap,n432340294,Alowja,,,,31.9471655,35.4651521,supermarket,,
OpenStreetMap,n1939455271,Alqam Store,,,,31.7041226,35.1962169,convenience,,
OpenStreetMap,n432278404,Alrafati Supermarket,,,,31.8928068,35.2001242,supermarket,,
OpenStreetMap,n432267277,Alrahmah,,,,32.0037121,35.275211,supermarket,,
OpenStreetMap,n432277570,Alsa'adeh,,,,32.0088755,35.3037144,supermarket,,
OpenStreetMap,n432277870,Alsadaqa Supermarket,,,,31.9763817,35.114856,supermarket,,
OpenStreetMap,n432261507,Alsahel Alakhdar,,,,31.9600258,35.1883018,supermarket,,
OpenStreetMap,n432273379,Alsahel Alakhdar Supermarket,,,,31.9235068,35.2173778,supermarket,,
OpenStreetMap,n432267334,Alsalam,,,,31.9482266,35.0425777,supermarket,,
OpenStreetMap,n432289062,Alsalam Supermarket,,,,31.9068112,35.2164146,supermarket,,
OpenStreetMap,n432260918,Alsalhi Supermarket,,,,31.8907909,35.206397,supermarket,,
OpenStreetMap,n432545188,Alsanabel Supermarket,,,,32.4632358,35.2911524,supermarket,,
OpenStreetMap,n432145785,Alshahed,,,,32.2093081,35.3284956,supermarket,,
OpenStreetMap,n432288586,Alsharq Supermarket,,,,32.0407624,35.1702188,supermarket,,
OpenStreetMap,w41305245,Alshohda Market,,,,31.4458973,34.3911957,supermarket,,
OpenStreetMap,n505024153,Alshohda Market,,,,31.4459514,34.3910987,supermarket,,
OpenStreetMap,n432260417,Alsonobar Supemarket,,,,31.8890946,35.2015335,supermarket,,
OpenStreetMap,n432274950,Alsudani Supermarket,,,,31.9034544,35.2058071,supermarket,,
OpenStreetMap,n432279496,Altarifi Supermarket,,,,31.8968663,35.2053491,supermarket,,
OpenStreetMap,n432267824,Altomazi Supermarket,,,,31.9206285,35.2036059,supermarket,,
OpenStreetMap,n432283387,Alwadi Supermarket,,,,32.0353825,35.1035209,supermarket,,
OpenStreetMap,n432294991,Alwesam Supermarket,,,,31.8966115,35.2084612,supermarket,,
OpenStreetMap,n432294953,Alyasini,,,,31.931753,35.2412406,supermarket,,
OpenStreetMap,n432268021,Alzaytoonah,,,,32.0035199,35.2757224,supermarket,,
OpenStreetMap,n431727635,Amal Minimarket,,,,32.4641625,35.3070497,supermarket,,
OpenStreetMap,n4292040289,AmanTech,,Main Street,,31.7622381,35.2599977,convenience,022796967,http://www.amantech.ps
OpenStreetMap,n432331197,Amanah,,,,32.1721264,35.0337741,supermarket,,
OpenStreetMap,n6938967531,Amazal,,,,31.970334,34.8056264,supermarket,,
OpenStreetMap,n432538212,Ameer,,,,32.4116199,35.0689526,supermarket,,
OpenStreetMap,n504297904,Ammo Imad For Vegetables and Fruits,,,,31.5124282,34.4456104,supermarket,,
OpenStreetMap,n432545081,Annab Supermarket,,,,32.464063,35.3134727,supermarket,,
OpenStreetMap,n432260105,Anter,,,,31.8340194,35.1453982,supermarket,,
OpenStreetMap,n432294927,Anuar Supermarket,,,,31.9164364,35.2212336,supermarket,,
OpenStreetMap,n432283512,Anwar Almadina,,,,31.9457366,35.0762918,supermarket,,
OpenStreetMap,n432545002,Anwar Minimarket,,,,32.4851057,35.2262802,supermarket,,
OpenStreetMap,n432381716,Arafat Sweets,,,,32.3181235,35.0372612,supermarket,,
OpenStreetMap,n432076950,Arafat Sweets,,,,32.2236915,35.2411192,supermarket,,
OpenStreetMap,n431979797,As'ad,,,,32.2103273,35.1902314,supermarket,,
OpenStreetMap,n432220516,Aseel Supermarket,,,,31.5693724,35.1555896,supermarket,,
OpenStreetMap,n10907898841,Asfour Supermarket,,,,32.0231213,35.8745241,convenience,,
OpenStreetMap,n432394349,Asia,,,,32.373458,35.0675511,supermarket,,
OpenStreetMap,n11109493710,Asian Store,,,,32.0712268,34.786766,supermarket,,
OpenStreetMap,n431902321,Asirah,,,,32.251983,35.269015,supermarket,,
OpenStreetMap,n13522902191,Askari Mini Market,,,,32.921392,35.0677433,convenience,+972 4 8671212,
OpenStreetMap,n3867524662,Assaf Minimarket,,,,32.347714,35.2751953,supermarket,,
OpenStreetMap,n3867520152,At Tassi,,,,32.3495443,35.2715276,supermarket,,
OpenStreetMap,n432285801,Ataa Supermarket,,,,31.9276574,35.2133377,supermarket,,
OpenStreetMap,n432293262,Atef Supermarket,,,,31.9038119,35.2055066,supermarket,,
OpenStreetMap,n10694832342,Automatic Grocery,,שמעון הצדיק 2,,31.7929753,35.2291202,convenience,+972 2 582 8583,
OpenStreetMap,n432158270,Awad For Computer,,,,32.2227961,35.259489,supermarket,,
OpenStreetMap,n432241251,Awad Supermarket,,,,31.5782579,35.1396556,supermarket,,
OpenStreetMap,n432278329,Ayham Supermarket,,,,31.9056865,35.1961977,supermarket,,
OpenStreetMap,n4392702250,B&D,,,,31.8787213,35.2394797,supermarket,,
OpenStreetMap,n432292005,BRAVO Suppermarket masyoon,,,,31.8938665,35.2045854,supermarket,,
OpenStreetMap,n432293768,Bab 'lhara,,,,31.9506547,35.2111294,supermarket,,
OpenStreetMap,n432264784,Bab 'lhara,,,,31.9906312,35.1590277,supermarket,,
OpenStreetMap,n432544998,Bab -Al-Hara Shop,,,,32.482468,35.2227504,supermarket,,
OpenStreetMap,n432288659,Bab Al Hara,,,,31.8343776,35.1444117,supermarket,,
OpenStreetMap,n432284586,Bab Al Hara,,,,31.8597967,35.1977097,supermarket,,
OpenStreetMap,n432054915,Bab Al Hara,,,,32.0852104,35.2588949,supermarket,,
OpenStreetMap,n432263529,Bab Al Hara,,,,31.8512794,35.184016,supermarket,,
OpenStreetMap,n432274405,Bab Al Hara Supermarket,,,,32.0142761,35.3013245,supermarket,,
OpenStreetMap,n432268338,Bab Al Hara Supermarket,,,,31.9058601,35.1706613,supermarket,,
OpenStreetMap,n432348976,Bab Al Harah,,,,32.10868,35.2389902,supermarket,,
OpenStreetMap,n432006382,Bab Al Harah Minimarket,,,,31.5227428,35.0968156,supermarket,,
OpenStreetMap,n432390463,Bab Al Harah Vegetables Shop,,,,32.3748441,35.0654757,supermarket,,
OpenStreetMap,n432263606,Bab Al harah,,,,31.9548318,35.2468782,supermarket,,
OpenStreetMap,n431788952,Bab Al-Hara Supermarket,,,,31.4497271,35.0898365,supermarket,,
OpenStreetMap,n432263597,Bab Al-Hara Supermarket,,,,32.0480376,35.1649273,supermarket,,
OpenStreetMap,n432356673,Bab Alhara,,,,32.0697149,35.1488696,supermarket,,
OpenStreetMap,n432268483,Bab Alhara,,,,31.9666155,35.1709304,supermarket,,
OpenStreetMap,n432544992,Bab Alhara Minimarket,,,,32.4873564,35.2331105,supermarket,,
OpenStreetMap,n1932939422,Badran,,,,32.0627979,35.8816578,supermarket,,
OpenStreetMap,w304804106,Badri & Hania,,,,31.3437708,34.3027155,convenience,,
OpenStreetMap,n432390275,Baghdad,,,,32.2968332,35.0179363,supermarket,,
OpenStreetMap,n432172415,Baghdad,,,,32.0668876,35.3037472,supermarket,,
OpenStreetMap,n432282683,Baghdad 2 Supermarket,,,,31.8975043,35.198069,supermarket,,
OpenStreetMap,n1239913877,Baghdad 3 Supermarket,,,,31.8958218,35.1972186,supermarket,,
OpenStreetMap,n432066712,Baghdad For Sweets,,,,32.1330702,35.2104513,supermarket,,
OpenStreetMap,n3426352356,Baghdad Supermarket,,,,31.9134316,35.2000412,supermarket,,
OpenStreetMap,n431915083,Baha',,,,32.176492,35.3386768,supermarket,,
OpenStreetMap,n432391011,Bait Al Maqdis,,,,32.3260648,35.0530775,supermarket,,
OpenStreetMap,n432288541,Bait Anan,,,,31.852139,35.1118358,supermarket,,
OpenStreetMap,n432139501,Bait Fourik,,,,32.1765357,35.3377763,supermarket,,
OpenStreetMap,n432189705,Bait Fourik,,,,32.1777376,35.3377528,supermarket,,
OpenStreetMap,n432279854,Bait Liqya School For Girls,,,,31.8658296,35.0686514,supermarket,,
OpenStreetMap,n432261482,Baitaur Al-fuka Supermarket,,,,31.8857255,35.1143928,supermarket,,
OpenStreetMap,n1390660534,Bakery and Supermarket,,,,31.8979563,35.17875,supermarket,,
OpenStreetMap,n432290551,Baladna,,,,31.9619578,35.2962853,supermarket,,
OpenStreetMap,n432277200,Baladna,,,,31.9626208,35.2155977,supermarket,,
OpenStreetMap,n432296604,Baladna,,,,31.894798,35.2533101,supermarket,,
OpenStreetMap,n432401526,Baladna,,,,32.4328323,35.0827993,supermarket,,
OpenStreetMap,n432271371,Baladna,,,,31.9979795,35.2869629,supermarket,,
OpenStreetMap,n432260261,Baladna,,,,31.9769996,35.2610054,supermarket,,
OpenStreetMap,n432261593,Baladna,,,,31.834026,35.1450881,supermarket,,
OpenStreetMap,n432069493,Baladna Fish Market,,,,32.2000867,35.2120427,supermarket,,
OpenStreetMap,n432297635,Baladna Minimarket,,,,31.9410299,35.2028699,supermarket,,
OpenStreetMap,w41245411,Baladna Supermarket,,,,31.5492079,34.4975046,supermarket,,
OpenStreetMap,n431888360,Baladna Supermarket,,,,31.461701,35.119074,supermarket,,
OpenStreetMap,n9082357972,Barakat Supermarket,,,,33.2480646,35.2318451,supermarket,,
OpenStreetMap,n432269134,Barrash,,,,31.8489128,35.1162152,supermarket,,
OpenStreetMap,n432060785,Basaam,,,,32.1257032,35.3439899,supermarket,,
OpenStreetMap,n7725589746,Basma Market,,,,33.2405236,35.2418349,supermarket,,
OpenStreetMap,n7725589706,Basma Supermarket,,,,33.2483981,35.2307845,supermarket,,
OpenStreetMap,n432297183,Baten Al hawa Supermarket,,,,31.9023803,35.1955075,supermarket,,
OpenStreetMap,n4556121093,Bazylika Grobu Pańskiego,,,,29.5668979,34.955973,supermarket,,
OpenStreetMap,n2328248777,Beck's Market,,,,32.0909715,34.8184662,supermarket,,
OpenStreetMap,n432350796,Beddia,,,,32.1135657,35.0759215,supermarket,,
OpenStreetMap,n4328160395,Beit Al Moneh Supermarket,,,,31.535719,35.102071,supermarket,,
OpenStreetMap,n432132923,Beita,,,,32.1386894,35.2836902,supermarket,,
OpenStreetMap,n432294582,Best Buy Supermarket,,,,31.9247511,35.2136398,supermarket,,
OpenStreetMap,n12230194499,Best Market,,נחל הבשור 2,,31.7103231,34.9990255,supermarket,+972 26335802,https://bestmarketonline.co.il
OpenStreetMap,n432296088,Best market,,,,31.9273653,35.2093536,supermarket,,
OpenStreetMap,w1172678233,BestMarket,,,,31.722774,35.1692749,supermarket,,
OpenStreetMap,n431624981,Bethlehem Gallery,,,,31.7113981,35.1966658,convenience,,
OpenStreetMap,n4620203289,Big Market,,,,31.8932547,35.0909161,supermarket,,
OpenStreetMap,n432278906,Bil'in Supermarket,,,,31.9275057,35.0711254,supermarket,,
OpenStreetMap,n432273906,Bil'in popular Market,,,,31.9285524,35.0719496,supermarket,,
OpenStreetMap,n432266849,Bir Nabalah,,,,31.8488284,35.1979056,supermarket,,
OpenStreetMap,n432261733,Bisan Supermarket,,,,31.9281976,35.2154979,supermarket,,
OpenStreetMap,n4889565585,Black,,,,32.6996997,35.0567226,convenience,,
OpenStreetMap,n432268582,Bladna,,,,31.8506275,35.1787129,supermarket,,
OpenStreetMap,n9645052285,BoB,,,,32.5386057,35.8744924,supermarket,,
OpenStreetMap,n432178685,Bon Al Arabi,,,,32.2971053,35.1946885,supermarket,,
OpenStreetMap,n12473149001,Bon-bon,,,,32.0777072,34.7675285,convenience,,
OpenStreetMap,n4209153690,Bravo Supermarket,,Al-Teereh St. شارع الطيرة,,31.9089442,35.1890447,supermarket,,
OpenStreetMap,n9997425217,Break,,,,31.9023428,35.1923203,supermarket,,
OpenStreetMap,n505017025,Brghoth,,,,31.4173053,34.3477055,supermarket,,
OpenStreetMap,n431708668,Brothers Market,,,,32.3511568,35.3516425,supermarket,,
OpenStreetMap,n2539792318,Butcher,,,,31.9532441,35.8840412,supermarket,,
OpenStreetMap,n2493577295,C Town shop,,,,31.8790507,35.2192893,convenience,,
OpenStreetMap,w422820424,C-Town,,,,31.9600374,35.8591713,supermarket,,
OpenStreetMap,n9648191350,CONWOOD,,,,32.5386624,35.8759265,general,,
OpenStreetMap,n1366515253,Cafe Junior Espresso Bar,,,,31.7874029,35.23,convenience,,
OpenStreetMap,n10748244745,Careefour,,,,29.554943,35.0114281,supermarket,,
OpenStreetMap,n8480328356,Careefour market,,,,32.183034,34.8655373,supermarket,,https://www.carrefour.co.il/links/2670
OpenStreetMap,n1928054617,Carfour Express,,,,32.0576381,35.8716572,supermarket,,
OpenStreetMap,n12977805151,Carlberg,,,,31.781276,35.2158324,supermarket,,
OpenStreetMap,n11459877478,Carrefour,קרפור,סוקולוב 33,,32.1417135,34.8365064,supermarket,,https://www.carrefour.co.il
OpenStreetMap,n3655811646,Carrefour,קרפור,Queen Rania Street 16,,31.9877024,35.8964577,supermarket,,
OpenStreetMap,w238775001,Carrefour,קרפור,شارع المدينة المنورة 270,,31.9996121,35.8736921,supermarket,,
OpenStreetMap,n9731103864,Carrefour,קרפור,,,31.7276949,35.792238,supermarket,,
OpenStreetMap,n9587309169,Carrefour,קרפור,,,32.1538603,34.8416178,supermarket,,
OpenStreetMap,n6924582685,Carrefour,קרפור,,,32.08314,34.7892927,convenience,,
OpenStreetMap,n13097056567,Carrefour,קרפור,,,31.6989647,34.5829822,supermarket,,
OpenStreetMap,n12198843068,Carrefour,קרפור,,,32.5099025,35.5013501,supermarket,,
OpenStreetMap,n13431117963,Carrefour,קרפור,,,31.7553747,35.2242645,supermarket,,
OpenStreetMap,n11238493213,Carrefour,קרפור,,,32.074896,34.7820245,supermarket,,
OpenStreetMap,n11536393944,Carrefour,קרפור,,,32.0779431,34.7735882,supermarket,,
OpenStreetMap,w128810361,Carrefour,קרפור,,,32.1960958,34.8830143,supermarket,,https://www.ybitan.co.il
OpenStreetMap,w362077502,Carrefour,קרפור,,,32.0605648,34.8560223,supermarket,,
OpenStreetMap,w434994540,Carrefour,קרפור,,,31.5236788,34.6056764,supermarket,,
OpenStreetMap,w430118946,Carrefour,קרפור,,,32.1592619,34.8881441,supermarket,07-797-26683,https://carrefour.co.il/
OpenStreetMap,n2641992290,Carrefour,קרפור,,,31.9710648,35.897143,supermarket,,
OpenStreetMap,n4872086887,Carrefour,קרפור,,,31.9666901,34.7993783,supermarket,,
OpenStreetMap,n1103114301,Carrefour,קרפור,,,31.8901841,34.830029,supermarket,,https://www.mega-bair.co.il/
OpenStreetMap,n1152595878,Carrefour,קרפור,,,32.1113103,34.816107,supermarket,,
OpenStreetMap,n2115393192,Carrefour,קרפור,,,31.9805054,35.8383449,supermarket,,
OpenStreetMap,n2188971353,Carrefour,קרפור,,,32.0851704,34.8867907,supermarket,,
OpenStreetMap,n1102241554,Carrefour City,קרפור,,,32.122708,34.8164584,supermarket,,
OpenStreetMap,n1791415676,Carrefour Market,קרפור,לסר אורי 12,,32.081466,34.785508,convenience,+972 3 527 1269,
OpenStreetMap,n8738715517,Carrefour Market,קרפור,,,31.9568523,35.8694759,supermarket,,
OpenStreetMap,n11159300919,Carrefour Market,קרפור,,,32.8034251,34.9857794,supermarket,,
OpenStreetMap,n2817023105,Carrefour Market,קרפור,,,31.9969809,35.841238,supermarket,,
OpenStreetMap,w898085150,Carrefour city,קרפור,ההסתדרות 11,,32.1860889,34.8763184,supermarket,,
OpenStreetMap,n12726037062,Carrefour city,קרפור,,,32.1952299,34.85644,supermarket,,
OpenStreetMap,n5940819687,Carrefour market,קרפור,,,31.9709148,35.8970862,supermarket,,
OpenStreetMap,n13282788898,Carrefour market,קרפור,,,31.7836572,34.6533967,supermarket,,
OpenStreetMap,n6644014814,Carrefour كارفور - ش. الحرية,קרפור,,,31.904606,35.8872268,supermarket,,
OpenStreetMap,n9647821350,Ceefcom,,,,32.5364485,35.8665593,supermarket,,
OpenStreetMap,n6439805080,Centro,,Al-Madina Al-Munawwara Street,,31.9796171,35.8650184,supermarket,,
OpenStreetMap,n4365264407,Chill Baby,,,,32.0863905,34.8855214,convenience,,
OpenStreetMap,w887496234,Chinese Bazare,,,,33.2729273,35.19512,general,,
OpenStreetMap,n8960277806,City Food,,,,31.9749522,35.8529886,supermarket,,
OpenStreetMap,n7725589713,City Market,,,,33.2660853,35.2041315,supermarket,,
OpenStreetMap,n7160499225,City Market,,,,32.0471297,34.7996196,supermarket,,
OpenStreetMap,n2337416407,City Market,,,,31.9704894,34.8056688,convenience,,
OpenStreetMap,n13188820758,City Market,,,,32.0407628,34.8587663,supermarket,,
OpenStreetMap,n13254551501,City Market,,,,32.0540115,34.8645945,supermarket,,
OpenStreetMap,n11176622421,City Market,,,,32.0877409,34.7908914,supermarket,,
OpenStreetMap,n560675173,City Market,,,,31.7811527,35.2169541,convenience,,
OpenStreetMap,n3855989289,City Market,,,,32.093213,34.8172928,supermarket,036125896,
OpenStreetMap,n5639971847,City Market,,,,32.0549785,34.7757019,supermarket,,
OpenStreetMap,w340132255,City Mart,,,,31.7178047,35.2016262,convenience,,
OpenStreetMap,n6729071085,City market,,,,32.0249974,34.7767158,supermarket,,
OpenStreetMap,n5890698085,City market 2,,,,32.3549766,35.1949685,supermarket,,
OpenStreetMap,n431897608,Class Shop,,,,32.223082,35.2460566,convenience,,
OpenStreetMap,n432282957,Cobar,,,,31.9864207,35.1552836,supermarket,,
OpenStreetMap,n4347488737,Coffee to Go,,,,32.089508,34.8864453,convenience,,
OpenStreetMap,n10207916447,Commercial Buildings,,,,32.0378726,35.7392578,supermarket,,
OpenStreetMap,n2539792315,Cosmo,,,,31.9537249,35.8842041,supermarket,,
OpenStreetMap,n9010614240,Cozmo,,,,31.9483714,35.8780034,supermarket,,
OpenStreetMap,n1654277753,Cozmo,,,,31.9523064,35.8552955,supermarket,,
OpenStreetMap,n1254914334,DVDHOUSE,,,,31.8880871,35.2188989,convenience,022423080,https://ihouse.ps/
OpenStreetMap,n432545200,Dablah Supermarket,,,,32.4830585,35.3050612,supermarket,,
OpenStreetMap,n432293450,Daer Supermarket,,,,31.8962529,35.1689235,supermarket,,
OpenStreetMap,n1359364078,Dahnoos Market,,,,31.7867198,35.2337668,convenience,,
OpenStreetMap,n431847307,Dahyet Al Rameh Minimarket,,,,31.5562449,35.1066572,supermarket,,
OpenStreetMap,n432545148,Daily Minimarket,,,,32.4687768,35.2965492,supermarket,,
OpenStreetMap,n432288461,Dair Debwan Sweet,,,,31.9691843,35.2886164,supermarket,,
OpenStreetMap,n432261662,Dair Dibwan Sweets,,,,31.9103067,35.2709038,supermarket,,
OpenStreetMap,n10006578319,Dana,,,,31.904261,35.1967305,supermarket,,
OpenStreetMap,n432267877,Danyah Supermarket,,,,31.896277,35.1780368,supermarket,,
OpenStreetMap,n432283197,Daraghme Clothes Shop,,,,31.9068535,35.2060898,supermarket,,
OpenStreetMap,n431976440,Daragmeh,,,,32.0704553,35.2418802,supermarket,,
OpenStreetMap,w313843832,David Supermarket,,,,31.7143802,35.1874102,supermarket,,
OpenStreetMap,w762359183,Deeba Supermarket,,,,33.354104,35.5846875,supermarket,,
OpenStreetMap,n431941962,Deer Al Hatab,,,,32.2140459,35.320191,supermarket,,
OpenStreetMap,n8508055878,Dimashk Sweet,,,,32.2230321,35.2594574,supermarket,,
OpenStreetMap,n431708634,Doina Al Doghri,,,,32.351552,35.3509044,supermarket,,
OpenStreetMap,n431635687,Downtown Supermarket,,,,31.6998404,35.2264218,supermarket,,
OpenStreetMap,n432266789,Dream Supermarket,,,,31.9479236,35.2515657,supermarket,,
OpenStreetMap,n431636902,Dreams for stallait,,,,32.4467719,35.1711039,convenience,,
OpenStreetMap,n432288703,Dreem,,,,31.9535521,35.3015466,supermarket,,
OpenStreetMap,w1001006712,Duty Free Shop,,,,29.4091738,34.9796804,supermarket,,
OpenStreetMap,n13615113601,E Market,,,,31.2892131,34.9259028,supermarket,,
OpenStreetMap,n432290222,E'lian,,,,31.8852473,35.071346,supermarket,,
OpenStreetMap,n9904578938,Easyמרקט,,,,31.2611727,34.7966089,supermarket,,
OpenStreetMap,n8245874675,Edmon,,,,33.0816725,35.3744401,supermarket,,
OpenStreetMap,n431981722,Eiz Al Din,,,,32.2162222,35.260213,supermarket,,
OpenStreetMap,w41244988,El Faloga Market,,,,31.537004,34.4901031,supermarket,,
OpenStreetMap,w41243309,El Gefare Store,,,,31.5416127,34.4902916,convenience,,
OpenStreetMap,n504293374,El Tqwa Supermarket,,,,31.5251558,34.4802192,supermarket,,
OpenStreetMap,n2133999604,EleSys Company,,Jamal Abed El Naser 25,,31.5099742,34.4476459,supermarket,,https://www.facebook.com/pages/Elesys-Company/540477099298938
OpenStreetMap,n13391401807,Emad mini market,,,,32.0196284,35.8524128,supermarket,,
OpenStreetMap,n9648174301,Enjoy,,,,32.5444088,35.8529422,general,,
OpenStreetMap,n7930911851,Everest,,,,33.276639,35.215234,supermarket,,
OpenStreetMap,n10694782057,Express Grocery,,,,31.7933486,35.2298476,convenience,,
OpenStreetMap,n992964902,FOOD מרקט,,,,31.2536768,34.7722825,supermarket,,
OpenStreetMap,n432285640,Falasteen Supermarket,,,,31.9449492,35.0244549,supermarket,,
OpenStreetMap,n504266240,Families Minimarket,,,,31.4943041,34.4673613,supermarket,,
OpenStreetMap,n432175677,Family Market,,,,32.1544804,35.2591361,supermarket,,
OpenStreetMap,n432356049,Family Supermarket,,,,32.0844033,35.1793018,supermarket,,
OpenStreetMap,n431636920,Family Supermarket,,,,32.446978,35.1700551,supermarket,,
OpenStreetMap,n431863838,Family market,,,,31.5705996,35.1456171,supermarket,,
OpenStreetMap,n9065484520,Family's Basket,,,,31.9479751,35.8649127,supermarket,,
OpenStreetMap,n432286174,Farah & Marah,,,,31.8522537,35.109796,supermarket,,
OpenStreetMap,n432275805,Farah & Marah,,,,31.8539785,35.1091808,supermarket,,
OpenStreetMap,n6083082078,Farah O Shahid,,,,32.0094058,35.8641582,supermarket,,
OpenStreetMap,n432331779,Farata Market,,,,32.1936658,35.1546884,supermarket,,
OpenStreetMap,n431964107,Farghali,,,,32.2230689,35.2462745,supermarket,,
OpenStreetMap,n12973512502,Fariz Center,,,,31.9093325,35.2089404,convenience,,
OpenStreetMap,n432089269,Fashion,,,,32.2222907,35.2372166,supermarket,,
OpenStreetMap,n12816126410,Feelbox,,,,31.7719775,35.2133935,supermarket,,
OpenStreetMap,n432137608,Firas,,,,32.2344273,35.2470289,supermarket,,
OpenStreetMap,n432541875,Firas,,,,32.3176681,35.0322696,supermarket,,
OpenStreetMap,n431630223,Flower Garden,,,,31.7170659,35.1843201,supermarket,,
OpenStreetMap,n432043576,Flower Minimarket,,,,32.1464818,35.2861211,supermarket,,
OpenStreetMap,n431629062,Flowers Garden,,,,31.7164189,35.1848443,convenience,,
OpenStreetMap,n432266786,Food Store,,,,31.9766163,35.0163539,convenience,,
OpenStreetMap,n6326241285,Food market,,,,30.3189355,35.4789848,supermarket,,
OpenStreetMap,n505126740,Foujo Supermarket,,,,31.2779861,34.266749,supermarket,,
OpenStreetMap,n7115553151,Frankfurter Supermarkt,,,,31.7164451,35.7952618,convenience,,
OpenStreetMap,n1196970301,Freij,,,,31.9037563,35.2032208,supermarket,,
OpenStreetMap,n432146862,Fruit & Vegetables Paradise,,,,31.5984184,35.0229145,convenience,,
OpenStreetMap,n9579280612,Fruits Burger,,,,32.5225534,35.8641145,supermarket,,
OpenStreetMap,n10266903009,G Market,,,,32.5186525,35.8646144,supermarket,,
OpenStreetMap,n12672629563,Galilo Market,,,,32.7864719,35.0217537,supermarket,,
OpenStreetMap,n431999650,Ghader,,,,32.1328358,35.2027449,supermarket,,
OpenStreetMap,n13472912601,Ghanayem Market,,شارع الرئسي 47,,31.9049713,35.1977596,supermarket,00970569900010,
OpenStreetMap,n431629436,Ghanem supermarket,,,,31.6984825,35.1768128,supermarket,,
OpenStreetMap,n3470996378,Giacaman 2,,,,31.7136263,35.2001937,supermarket,,
OpenStreetMap,n6967841174,Giant Eagle,,,,33.254438,35.3804304,supermarket,,
OpenStreetMap,n12967030609,Goa smoke,,,,31.7811008,35.2196234,convenience,,
OpenStreetMap,n431624281,Golden Arches Tours,,,,31.7111611,35.1912856,convenience,,
OpenStreetMap,n432172931,Golden Sweet,,,,32.2114692,35.2976135,supermarket,,
OpenStreetMap,n13527216677,Good Market,,,,32.1153202,34.8054041,convenience,,
OpenStreetMap,n3401504863,Gorilla Market,,,,31.9068728,35.2172509,supermarket,,
OpenStreetMap,n2840976593,Gourmet Grocery,,,,31.9925121,35.8182066,supermarket,,
OpenStreetMap,n431773666,Gracer,,,,32.3794283,35.215642,convenience,,
OpenStreetMap,n431718676,Gracer,,,,32.4500333,35.1308989,convenience,,
OpenStreetMap,n431628613,Green Land for Gardening,,,,31.7231297,35.2034577,convenience,,
OpenStreetMap,n4427859989,Green Way,,,,32.0753662,34.7681728,supermarket,,
OpenStreetMap,w71281837,Grocery,,,,32.6310965,35.083331,convenience,,
OpenStreetMap,n432302505,Grocery Outlet,,حجه باقه الحطب,,32.2047926,35.1291089,supermarket,,
OpenStreetMap,w614967412,Grocery store,,אבן גבירול 8,,32.6235755,35.3243685,supermarket,,
OpenStreetMap,n2546704020,Grocery store,,,,30.9338441,35.3760951,supermarket,,
OpenStreetMap,n8543448689,HaShkhuna,,,,32.087898,34.8080446,supermarket,,
OpenStreetMap,n2698240009,Habiba,,,,31.9745696,35.88427,supermarket,,
OpenStreetMap,n432261855,Habub Supermarket,,,,31.8935022,35.2079316,supermarket,,
OpenStreetMap,n432268922,Haifa Supermarket,,,,31.9355098,35.1977591,supermarket,,
OpenStreetMap,w745181685,Haj Ali Supermarket,,,,33.3546387,35.4678841,supermarket,,
OpenStreetMap,n432299011,Hajja,,,,32.2071782,35.1258318,supermarket,,
OpenStreetMap,n432545166,Hakeem Minimarket,,,,32.459162,35.2953507,supermarket,,
OpenStreetMap,n432182306,Hala Supermarket,,,,32.138358,35.2662351,supermarket,,
OpenStreetMap,n9580990447,Haleem Sweet,,,,32.5274028,35.866031,supermarket,,
OpenStreetMap,n432358006,Hallasi,,,,32.0835078,35.1871181,supermarket,,
OpenStreetMap,n504264321,Hamad Supermarket,,,,31.53084,34.4691749,supermarket,,
OpenStreetMap,n431976165,Hamadah,,,,32.2125182,35.2581372,supermarket,,
OpenStreetMap,n432417167,Hamadah,,,,32.3519716,35.0751604,supermarket,,
OpenStreetMap,n432287352,Hamadeh Supermarket,,,,31.8972036,35.2000136,supermarket,,
OpenStreetMap,n432296209,Hamayel Supermarket,,,,31.8878347,35.2195465,supermarket,,
OpenStreetMap,n431862963,Hammam Minimarket,,,,31.5218767,35.0944611,supermarket,,
OpenStreetMap,n432264465,Hamoda,,,,31.9499889,35.185807,supermarket,,
OpenStreetMap,n432545193,Hamoda Supermarket,,,,32.4662624,35.2924521,supermarket,,
OpenStreetMap,n432407156,Hamodah,,,,32.4110375,35.0717206,supermarket,,
OpenStreetMap,n432297333,Hamodeh Supermarket,,,,31.9172141,35.2174111,supermarket,,
OpenStreetMap,n432297253,Hamoodeh Supermarket,,,,31.9006004,35.2095862,supermarket,,
OpenStreetMap,n432128511,Hamoodh,,,,32.2235694,35.2670381,supermarket,,
OpenStreetMap,n432352209,Hamouda,,,,32.1195463,35.1577232,supermarket,,
OpenStreetMap,n432283883,Hanan Supermarket,,,,31.9071818,35.2070304,supermarket,,
OpenStreetMap,n11652231470,Hanny's Supermarket,,,,31.9394627,35.8558443,supermarket,,
OpenStreetMap,n1545154967,Happy Family,,,,31.8308073,35.2293001,convenience,,
OpenStreetMap,n432359068,Happy Family,,,,32.0944704,35.0389076,supermarket,,
OpenStreetMap,n1654277359,Happy Family Store,,,,31.9612427,35.8575457,supermarket,,
OpenStreetMap,n504296863,Happy Home Supermarket,,,,31.5350046,34.455388,supermarket,,
OpenStreetMap,n4283909689,Happy family,,,,32.0391154,35.7077941,supermarket,,
OpenStreetMap,n432356062,Haretna,,,,32.1103437,35.0786624,supermarket,,
OpenStreetMap,n2270842344,Hasan El azjy Supermarket,,,,31.521202,34.4469746,supermarket,,
OpenStreetMap,n432263445,Hashm,,,,31.9660912,35.0996746,supermarket,,
OpenStreetMap,n432274556,Hasonah Supermarket,,,,31.9045906,35.1729783,supermarket,,
OpenStreetMap,n432085036,Hasouneh Minimarket,,,,31.557438,35.108363,supermarket,,
OpenStreetMap,w41257832,Hassouna Supermarket,,,,31.5086459,34.4448444,supermarket,,
OpenStreetMap,n5904799267,Heavens Gate,,,,31.7793356,35.2455209,convenience,,
OpenStreetMap,n432221631,Hebron Mall,,,,31.5299936,35.0931954,supermarket,,
OpenStreetMap,n6782190700,Home Basket,,,,29.5435652,35.0146905,supermarket,,
OpenStreetMap,n432273186,Hsbia Allah Wa Neama Al Wakeel,,,,31.8393668,35.1368741,supermarket,,
OpenStreetMap,n7725589711,Hubbez & Meleh (Bread & Salt),,,,33.2478171,35.2311337,supermarket,,
OpenStreetMap,n431965467,Huseen,,,,32.1924407,35.3733156,supermarket,,
OpenStreetMap,n12114292623,IP Market,,,,32.0635138,34.7716988,convenience,,
OpenStreetMap,n1561045911,IT Computer Solutions,,,,32.9791578,35.163642,convenience,,itcso.co.il
OpenStreetMap,n432389639,Ibad Al Rahman,,,,32.3139101,35.0335181,supermarket,,
OpenStreetMap,n431708816,Iesa Abo Dawas Market,,,,32.3236232,35.3682348,supermarket,,
OpenStreetMap,n431992992,Ilias,,,,32.1032657,35.2761719,supermarket,,
OpenStreetMap,n432424677,Imad,,,,32.2977835,35.1082018,supermarket,,
OpenStreetMap,n504264406,Imad Supermarket,,,,31.5282892,34.4673828,supermarket,,
OpenStreetMap,n432288808,Imwas Shop,,,,31.8394571,35.1358061,supermarket,,
OpenStreetMap,n1522754582,Injoy Market,,שדרות אבא אבן 1,,32.1612133,34.8107752,convenience,+972773535150,
OpenStreetMap,n504253369,Ismaeel Hassona,,,,31.524473,34.4368284,supermarket,,
OpenStreetMap,n7725586338,Issa Market & Espresso,,,,33.2421622,35.2396182,supermarket,,
OpenStreetMap,n432182707,Ivarist Sweets,,,,32.1772763,35.3364313,supermarket,,
OpenStreetMap,n431958172,Izat,,,,32.1305829,35.2082057,supermarket,,
OpenStreetMap,n1545130636,Izheeman Groc.,,,,31.8288723,35.2285307,convenience,,
OpenStreetMap,n432532887,Izz Al Din Minimarket,,,,32.2992416,35.0305049,supermarket,,
OpenStreetMap,n4345767391,Ja3roon,,,,32.5418847,35.8510019,convenience,,
OpenStreetMap,n432263368,Jabal Aldeik,,,,31.94652,35.2148693,supermarket,,
OpenStreetMap,n432384258,Jamal Supermarket,,,,32.2873163,35.0299692,supermarket,,
OpenStreetMap,n432260386,Jamal Supermarket,,,,31.908435,35.2002037,supermarket,,
OpenStreetMap,n432280882,Jameel,,,,31.869495,35.0568787,supermarket,,
OpenStreetMap,n2003462938,Janet razan Supermarket,,,,32.0298702,35.8719606,supermarket,,
OpenStreetMap,n432259961,Jaser,,,,31.9693144,35.1938321,supermarket,,
OpenStreetMap,n431975767,Jawda Supermarket,,,,32.222547,35.2952078,supermarket,,
OpenStreetMap,n431939691,Jawharit Al Rahman,,,,32.1263826,35.3107078,supermarket,,
OpenStreetMap,n431708596,Jehad Mobiles,,,,32.3215607,35.3704527,supermarket,,
OpenStreetMap,n4127210190,Jifna Grocery,,,,31.9624355,35.2162326,supermarket,,
OpenStreetMap,n432326871,Jinsafut,,,,32.1812589,35.1318486,supermarket,,
OpenStreetMap,n431980613,Joda,,,,32.2225283,35.2952633,supermarket,,
OpenStreetMap,n2703994185,Jordan River Hotel,,,,31.9866359,35.8787621,supermarket,,
OpenStreetMap,w183611640,Jumbo Supermarket,,,,31.7117737,35.1962978,supermarket,,
OpenStreetMap,w734442350,KOLBO DAN,,,,33.2399915,35.6546788,supermarket,,
OpenStreetMap,n432545049,Kabatya Shops,,,,32.4182389,35.267249,convenience,,
OpenStreetMap,n432349218,Kafr Al Deek Sweets,,,,32.0673495,35.0831198,supermarket,,
OpenStreetMap,n432303333,Kafr Laqif,,,,32.1819461,35.0906768,supermarket,,
OpenStreetMap,w41255690,Kally Supermarket,,,,31.5195445,34.4572729,supermarket,,
OpenStreetMap,n432406540,Kanari Supermarket,,,,32.3692713,35.0693947,supermarket,,
OpenStreetMap,n432050454,Kareem Supermarket,,,,31.5990244,35.0178799,supermarket,,
OpenStreetMap,n8551227791,Karl Berg,,הרצל 75,,32.0872574,34.8147669,supermarket,+97236511335,
OpenStreetMap,n13195288501,Kashtan deli,,יד חרוצים 1,,31.7543936,35.2176179,convenience,,
OpenStreetMap,n432294563,Kassam Supermarket,,,,31.9886211,35.3095261,supermarket,022802145,
OpenStreetMap,n431986772,Ketena,,,,32.2261347,35.3006932,supermarket,,
OpenStreetMap,n13061528012,Kew Gardens Hills Fruits & Vegetables,,,,32.0787361,34.8759598,convenience,,
OpenStreetMap,n13641899188,Khader Giacaman,,,,31.7075283,35.201523,supermarket,,
OpenStreetMap,n432039816,Khadrah,,,,32.1836853,35.2498237,supermarket,,
OpenStreetMap,n1196970304,Khalaf,,,,31.8970889,35.1702189,supermarket,,
OpenStreetMap,n504285218,Khalaf Store for House Tools,,,,31.5243296,34.4387781,convenience,,
OpenStreetMap,n432292705,Khaled dras,,,,31.9501576,35.1826738,supermarket,,
OpenStreetMap,n432118296,Khalid Supermarket,,,,32.2360293,35.2459763,supermarket,,
OpenStreetMap,n431771659,Khalid Supermarket,,,,32.3237615,35.2206692,supermarket,,
OpenStreetMap,n432540382,Khatab Ikhwan Minimarket,,,,32.2956329,35.0355983,supermarket,,
OpenStreetMap,n3470993331,Khleif Supermarket,,Al jabal street 7,,31.703275,35.1948088,supermarket,+972 2 2770402,
OpenStreetMap,n13037586215,King Store,,,,31.7879769,35.2362065,supermarket,,
OpenStreetMap,w348748754,Kiosk,,"אצ""ל 17",,32.0664651,34.8326724,convenience,,
OpenStreetMap,n3804059582,Kiosk,,,,31.1699699,35.3675668,convenience,,
OpenStreetMap,w496414174,Kiosk,,,,32.5049273,35.4484089,convenience,,
OpenStreetMap,w362067896,Kiosk,,,,31.804218,35.092477,convenience,,
OpenStreetMap,n432396309,Ktaba Minimarket,,,,32.3268132,35.0525742,supermarket,,
OpenStreetMap,n431922735,Kurdeya Supermarket,,,,31.5519971,35.105265,supermarket,,
OpenStreetMap,n9632894097,LAM,,,,32.5364069,35.8660602,convenience,,
OpenStreetMap,n7480332268,LZ,,,,32.5465814,35.8553466,supermarket,,
OpenStreetMap,n432045246,Lebanon Sweets,,,,32.1000845,35.2922353,supermarket,,
OpenStreetMap,n431935153,Lebanon sweets,,,,32.1030387,35.2871398,supermarket,,
OpenStreetMap,n2079183194,Levinsky Market,,לוינסקי 44,,32.0594465,34.7731156,convenience,,
OpenStreetMap,n432545194,Lili Minimarket,,,,32.4553239,35.2934531,supermarket,,
OpenStreetMap,n9065484522,Lily's,,,,31.951411,35.860635,supermarket,,
OpenStreetMap,n432353708,Loay Market,,,,32.0849789,35.1825385,supermarket,,
OpenStreetMap,n432286477,Lotos Supermarket,,,,31.8986598,35.1782007,supermarket,,
OpenStreetMap,n505025169,Lubbad Supermarket,,,,31.4112407,34.3577804,supermarket,,
OpenStreetMap,n9747044946,Lumi Market,,,,31.1655732,35.7345597,supermarket,,
OpenStreetMap,n7284692417,Lz MarkEt,,,,32.5466344,35.8553898,supermarket,,
OpenStreetMap,n11708802378,MARKET 2 GO,,בן גוריון 1,,32.0956264,34.8219522,supermarket,,
OpenStreetMap,n4579615689,MK سوبرماركت,,,,32.5225319,35.8636529,supermarket,,
OpenStreetMap,n9593980322,MS MARKET,,,,32.5167084,35.7879681,supermarket,,
OpenStreetMap,n431708641,Ma'moun Supermarket,,,,32.2847213,35.3860191,supermarket,,
OpenStreetMap,n7096354249,Maayan 2000,מעיין 2000,,,31.7842329,35.2151089,supermarket,,
OpenStreetMap,n560074163,Maayan 2000,מעיין 2000,,,31.7801797,35.2175328,convenience,,
OpenStreetMap,n504298942,Madhi Supermarket,,,,31.4895126,34.4520513,supermarket,,
OpenStreetMap,n432281927,Mahmood,,,,31.9968633,35.0663401,supermarket,,
OpenStreetMap,n2430533040,Mahsiri Supermarket,,,,31.9279669,35.215738,supermarket,,
OpenStreetMap,n431974383,Majd Market,,,,32.1327855,35.2100933,supermarket,,
OpenStreetMap,n431978489,Majd Supermarket,,,,32.2256661,35.2643271,supermarket,,
OpenStreetMap,n432190332,Makhloof,,,,32.229545,35.3037284,supermarket,,
OpenStreetMap,n504279102,Malaka Supermarket,,,,31.489639,34.4522434,supermarket,,
OpenStreetMap,n504262099,Malaka Supermarket,,,,31.5243856,34.4685453,supermarket,,
OpenStreetMap,n2290715425,Maliha Minimarket,,,,31.5315548,34.5047496,convenience,,
OpenStreetMap,n432291614,Manaa Mall,,,,31.9089719,35.1887382,supermarket,,
OpenStreetMap,n6920417224,Manaseer Express,,,,31.7268667,35.7914769,convenience,,
OpenStreetMap,w762359192,Marche Royal Supermarket,,,,33.3233701,35.5637286,supermarket,,
OpenStreetMap,n432267400,Marina Supermarket,,,,31.8909046,35.1730505,supermarket,,
OpenStreetMap,n431778936,Marj Sanur Supermarket,,,,32.352686,35.2480913,supermarket,,
OpenStreetMap,n431858986,Market,,,,31.4092236,34.9730242,convenience,,
OpenStreetMap,n431848414,Market,,,,31.4108096,34.973363,supermarket,,
OpenStreetMap,n432201691,Market,,,,31.5226597,34.9728892,supermarket,,
OpenStreetMap,n432156401,Market,,,,31.5236305,34.9718416,supermarket,,
OpenStreetMap,n7086426737,Market Ani'am,,,,32.9576924,35.7400391,supermarket,,
OpenStreetMap,n6456311430,Market Basket,,Faysal Farhan Al Jarba Street 18,,31.9820881,35.8757785,convenience,,
OpenStreetMap,n9645396235,Market Basket,,,,32.544461,35.8573122,supermarket,,
OpenStreetMap,n9648206209,Market Basket,,,,32.5345662,35.8777296,supermarket,,
OpenStreetMap,n7282083127,Market Basket,,,,32.5350922,35.861464,supermarket,,
OpenStreetMap,n432275868,Marwan Supermarket,,,,31.9153002,35.2178198,supermarket,,
OpenStreetMap,n2270446432,Mashareq,,,,31.517452,34.4346853,convenience,,
OpenStreetMap,n7725589719,Matar,,,,33.2672456,35.2034873,supermarket,,
OpenStreetMap,n503994354,Matar Supermarket,,,,31.5394478,34.5090261,supermarket,,
OpenStreetMap,n432334743,Mawafi Minimarket,,,,32.192288,34.9667389,supermarket,,
OpenStreetMap,n432274363,Max Mar,,,,31.9002617,35.1993503,supermarket,,
OpenStreetMap,n11220189120,Maximal,,,,32.0174951,34.7449659,convenience,,
OpenStreetMap,n7281792541,Maxx mobile,,,,32.538301,35.8518293,convenience,,
OpenStreetMap,n432266979,Mazen Supermarket,,,,31.9058972,35.1968615,supermarket,,
OpenStreetMap,n432285867,Mecca Mall,,,,31.91958,35.206014,supermarket,,
OpenStreetMap,n432283580,Medya Supermarket عبد العزيز,,,,31.935715,35.0051945,supermarket,,
OpenStreetMap,n432260613,Mega Supermarket,,,,31.9212081,35.2058651,supermarket,022960740,
OpenStreetMap,n673367127,Menta,,,,30.6208787,35.194469,convenience,,
OpenStreetMap,n8357017981,Mentha,,,,32.1912513,34.8449572,convenience,,
OpenStreetMap,n432054965,Mhamed Mtawi',,,,32.2185865,35.2381895,supermarket,,
OpenStreetMap,n4969176160,Mid Way,,,,32.7106506,34.9477445,convenience,,
OpenStreetMap,w762359180,Mini Mall,,,,33.3397954,35.573152,general,,
OpenStreetMap,n4535006647,Mini Market,,,,31.604398,34.5424541,convenience,,
OpenStreetMap,n4486598826,Mini Market,,,,32.069242,34.7955813,convenience,,
OpenStreetMap,n4632071002,Mini Market,,,,32.1372001,34.9165167,convenience,,
OpenStreetMap,n4185807411,Mini Market,,,,31.9497356,34.8875379,convenience,,
OpenStreetMap,n5813444537,Mini Market,,,,31.8221921,34.6928445,convenience,,
OpenStreetMap,n4185807410,Mini Market,,,,31.9512243,34.8897261,convenience,,
OpenStreetMap,n3491679646,Mini Market,,,,32.1276595,35.0547012,convenience,,
OpenStreetMap,n3491614357,Mini Market,,,,32.1307549,35.0412177,convenience,,
OpenStreetMap,n3491375393,Mini Market,,,,32.1294306,35.043003,convenience,,
OpenStreetMap,n3366752572,Mini Market,,,,31.6955256,34.7314099,convenience,,
OpenStreetMap,n3491679649,Mini Market,,,,32.1276571,35.0475165,convenience,,
OpenStreetMap,n3493398508,Mini Market,,,,32.1287947,35.0486316,convenience,,
OpenStreetMap,n3516984472,Mini Market,,,,32.1284668,35.0459516,convenience,,
OpenStreetMap,n3718362158,Mini Market,,,,32.081046,34.8187622,convenience,,
OpenStreetMap,n3516984473,Mini Market,,,,32.1289551,35.0463723,convenience,,
OpenStreetMap,n3076640296,Mini Market,,,,31.656855,35.1257236,convenience,,
OpenStreetMap,n2924962875,Mini Market,,,,32.8215022,34.9639356,convenience,,
OpenStreetMap,n2924957393,Mini Market,,,,32.8214435,34.9638787,convenience,,
OpenStreetMap,n2921631127,Mini Market,,,,32.8181002,34.964887,convenience,,
OpenStreetMap,w288933964,Mini Market,,,,32.8182507,34.9636119,convenience,,
OpenStreetMap,w418126681,Mini Market,,,,31.9490896,34.8905243,convenience,,
OpenStreetMap,w698204783,Mini Market,,,,32.7855812,35.1706313,convenience,,
OpenStreetMap,w698204812,Mini Market,,,,32.785797,35.1706343,convenience,,
OpenStreetMap,n432329893,Mini Market,,,,32.1528761,35.0477928,supermarket,,
OpenStreetMap,n432322261,Mini Market,,,,32.1527941,35.0466377,supermarket,,
OpenStreetMap,n431907247,Mini Market,,,,31.4161381,34.9672656,supermarket,,
OpenStreetMap,n542695563,Mini Market,,,,32.3235746,34.8566687,supermarket,,
OpenStreetMap,n432065574,Mini Market Abu Nader,,,,31.4828434,35.0172432,supermarket,,
OpenStreetMap,n7083939308,Mini Market Indiana Jones,,,,30.3252737,35.4711278,convenience,,
OpenStreetMap,n432282949,Mini Market Yuonas,,,,31.9084905,35.1693842,supermarket,,
OpenStreetMap,n1667896705,Mini Shani,,,,31.2585546,34.7946399,convenience,,
OpenStreetMap,n8173206616,Mini market,,,,32.684674,35.2478637,supermarket,,
OpenStreetMap,w1304601165,Mini market Al Jawad,,,,33.3284988,35.6917327,convenience,,
OpenStreetMap,n1300092688,Mini supermarket,,,,29.5519932,34.9563932,supermarket,,
OpenStreetMap,n504257763,Mini-Market,,Omar Al-Mukhtar St. شارع عمر المختار,,31.5264233,34.4386678,convenience,,
OpenStreetMap,n432345740,Mini-Market,,,,32.0818848,35.1817577,supermarket,,
OpenStreetMap,n431997662,Mini-Market,,,,31.5216531,34.9726055,supermarket,,
OpenStreetMap,n432072054,Mini-Market,,,,31.5238741,34.9702458,supermarket,,
OpenStreetMap,n431708684,Mini-Market,,,,32.3502321,35.3506339,supermarket,,
OpenStreetMap,n431708682,Mini-Market,,,,32.3163249,35.3714598,supermarket,,
OpenStreetMap,n431708673,Mini-Market,,,,32.278816,35.3848044,supermarket,,
OpenStreetMap,n431708662,Mini-Market,,,,32.2854841,35.3807191,supermarket,,
OpenStreetMap,n431708650,Mini-Market,,,,32.3520103,35.3487339,supermarket,,
OpenStreetMap,n431708628,Mini-Market,,,,32.2816536,35.3869995,supermarket,,
OpenStreetMap,n431708623,Mini-Market,,,,32.2912741,35.3807718,supermarket,,
OpenStreetMap,n431708703,Mini-Market,,,,32.3224433,35.3680536,supermarket,,
OpenStreetMap,n431708770,Mini-Market,,,,32.3516945,35.3506294,supermarket,,
OpenStreetMap,n431708753,Mini-Market,,,,32.2850412,35.3836578,supermarket,,
OpenStreetMap,n431708738,Mini-Market,,,,32.3215179,35.3676308,supermarket,,
OpenStreetMap,n431708735,Mini-Market,,,,32.323432,35.3684939,supermarket,,
OpenStreetMap,n431708732,Mini-Market,,,,32.349801,35.3517425,supermarket,,
OpenStreetMap,n431708722,Mini-Market,,,,32.3504601,35.350974,supermarket,,
OpenStreetMap,n431708720,Mini-Market,,,,32.3123592,35.3708574,supermarket,,
OpenStreetMap,n431708717,Mini-Market,,,,32.3518934,35.348146,supermarket,,
OpenStreetMap,n431708704,Mini-Market,,,,32.320438,35.3669333,supermarket,,
OpenStreetMap,n431708606,Mini-Market,,,,32.3513988,35.3509684,supermarket,,
OpenStreetMap,n431708603,Mini-Market,,,,32.2797092,35.3885364,supermarket,,
OpenStreetMap,n431708592,Mini-Market,,,,32.2846467,35.3804904,supermarket,,
OpenStreetMap,n431708590,Mini-Market,,,,32.2858318,35.3795449,supermarket,,
OpenStreetMap,n431708579,Mini-Market,,,,32.3237117,35.368224,supermarket,,
OpenStreetMap,n431708776,Mini-Market,,,,32.2778152,35.3896409,supermarket,,
OpenStreetMap,n431708778,Mini-Market,,,,32.3521386,35.3487978,supermarket,,
OpenStreetMap,n431708811,Mini-Market,,,,32.2920264,35.3804298,supermarket,,
OpenStreetMap,n431708801,Mini-Market,,,,32.2856047,35.3797968,supermarket,,
OpenStreetMap,n431708797,Mini-Market,,,,32.3275546,35.3644626,supermarket,,
OpenStreetMap,n432247083,Mini-Market,,,,31.5243948,34.9665984,supermarket,,
OpenStreetMap,n6000997373,Mini-Maxi,,,,32.822682,34.959617,convenience,,
OpenStreetMap,w745462761,Minimall supermarket,,,,33.3769346,35.4683028,supermarket,,
OpenStreetMap,n5181353660,Minimarket,,,,32.3793624,34.910042,convenience,,
OpenStreetMap,n432145058,Minimarket,,,,31.5183073,35.1618983,convenience,,
OpenStreetMap,n432286987,Minimarket,,,,31.9274875,35.0953139,supermarket,,
OpenStreetMap,n432292030,Minimarket,,,,31.9261297,35.0954086,supermarket,,
OpenStreetMap,n432294302,Minimarket,,,,31.9288825,35.1023806,supermarket,,
OpenStreetMap,n432293303,Minimarket,,,,31.9284416,35.0871766,supermarket,,
OpenStreetMap,n432275024,Minimarket,,,,31.9252578,35.1029128,supermarket,,
OpenStreetMap,n432354170,Minimarket,,,,32.0795533,35.1872887,supermarket,,
OpenStreetMap,n432353893,Minimarket,,,,32.1110425,35.2410408,supermarket,,
OpenStreetMap,n432297117,Minimarket,,,,31.9279267,35.0927803,supermarket,,
OpenStreetMap,n432295833,Minimarket,,,,31.9238556,35.1019827,supermarket,,
OpenStreetMap,n432347800,Minimarket,,,,32.1078173,35.2374463,supermarket,,
OpenStreetMap,n432351266,Minimarket,,,,32.1033675,35.2266539,supermarket,,
OpenStreetMap,n432319484,Minimarket,,,,32.1638434,34.9773298,supermarket,,
OpenStreetMap,n432317825,Minimarket,,,,32.1669446,34.9753045,supermarket,,
OpenStreetMap,n431980468,Minimarket,,,,32.3077674,35.1627177,supermarket,,
OpenStreetMap,n432260319,Minimarket,,,,31.9249547,35.0965715,supermarket,,
OpenStreetMap,n432261046,Minimarket,,,,31.8527765,35.1862293,supermarket,,
OpenStreetMap,n432118297,Minimarket 2000,,,,32.2277044,35.2999956,supermarket,,
OpenStreetMap,n432295917,Minimarket Abood,,,,31.9661552,35.2922785,supermarket,,
OpenStreetMap,n432146918,Minimarket Hamodee,,,,31.5530217,35.1112956,supermarket,,
OpenStreetMap,w762359191,Minimarket KHALIL,,,,33.3314643,35.5684971,convenience,,
OpenStreetMap,n432282456,Minimarket Mohamad Hamed,,,,31.9869623,35.0382825,supermarket,,
OpenStreetMap,n432281731,Miramar Supermarket,,,,31.9151324,35.2067731,supermarket,,
OpenStreetMap,n432368163,Moaz,,,,32.3095606,35.0207178,supermarket,,
OpenStreetMap,n432422285,Moaz Al Qasim,,,,32.3059783,35.1172615,supermarket,,
OpenStreetMap,n431962517,Mohammad Wahbi,,,,32.2287043,35.3048668,supermarket,,
OpenStreetMap,n4808049309,Monela,,,,32.6957586,35.0435511,convenience,,
OpenStreetMap,n431884698,Montather Alzubaidi,,,,31.5094607,34.9471782,supermarket,,
OpenStreetMap,n432383620,Mostafa,,,,32.3373603,35.0376549,supermarket,,
OpenStreetMap,n432282894,Mousa Al Ajez Supermarket,,,,31.8215249,35.1515921,supermarket,,
OpenStreetMap,n6509788463,Movenpick,,,,30.3258633,35.4737055,supermarket,,
OpenStreetMap,n5904662046,Mqdad Shop Kiosk,,,,31.7808368,35.2372195,convenience,,
OpenStreetMap,n9834786218,Mtaktal,,,,32.5328531,35.8452949,general,,https://www.facebook.com/mtaktakstore/
OpenStreetMap,n431708655,Muatasim Mini-Market,,,,32.2793068,35.3849051,supermarket,,
OpenStreetMap,n432182053,Muhamad For Chicken,,,,32.0705226,35.2388447,supermarket,,
OpenStreetMap,n6205500072,Muhanad Market,,,,31.9078824,35.8363152,supermarket,,
OpenStreetMap,n6606635699,My Style Mall اسلوبي مول,,,,31.8859839,35.8905198,supermarket,,
OpenStreetMap,n431983676,Nabel,,,,32.216753,35.3199295,supermarket,,
OpenStreetMap,n10694856546,Nabelsi Grocery,,,,31.7929594,35.2290805,convenience,,
OpenStreetMap,n432330801,Nablus Sweets,,,,32.1892258,35.1359573,supermarket,,
OpenStreetMap,n432262671,Nablus Vigetables Market,,,,31.8976244,35.1873962,supermarket,,
OpenStreetMap,n432261492,Naden Supermarket,,,,31.9018986,35.2064908,supermarket,,
OpenStreetMap,n432206113,Nagham Vegetable Shop,,,,31.6102911,35.0344719,convenience,,
OpenStreetMap,n4169739731,Naser Abed Mini Market,,Al-Shuhadaa Street,,32.4518518,35.2629194,supermarket,,
OpenStreetMap,n432269781,Naser Supermarket,,,,31.9551432,35.1679475,supermarket,,
OpenStreetMap,n431708580,Nasir Market,,,,32.3503092,35.3522938,supermarket,,
OpenStreetMap,n432545047,Nazzal Furniture,,,,32.4123015,35.2707947,convenience,,
OpenStreetMap,n1196970324,Nedal Supermarket,,,,31.9069213,35.214572,supermarket,,
OpenStreetMap,n13816178120,Nevien supermarket,,,,32.0196953,35.8609062,supermarket,,
OpenStreetMap,n432411643,Nidal,,,,32.3122528,35.0406579,supermarket,,
OpenStreetMap,n432262697,Noor Al Huda Supermarket,,,,31.9009213,35.1709661,supermarket,,
OpenStreetMap,n432116973,Noor Ala Noor,,,,32.1412904,35.2815014,supermarket,,
OpenStreetMap,n432104049,Noor Ala Noor,,,,32.1379313,35.2648602,supermarket,,
OpenStreetMap,n431933286,Noor Ala Noor,,,,32.1421787,35.2839131,supermarket,,
OpenStreetMap,n432541095,Noor Shams,,,,32.3192936,35.0584393,supermarket,,
OpenStreetMap,n8009089202,Nouh Market,,,,33.3106782,35.5199287,supermarket,,
OpenStreetMap,n432138929,Nuts,,,,32.191048,35.2941554,supermarket,,
OpenStreetMap,n9587791789,OPEN,,,,31.9032506,35.0071432,supermarket,,
OpenStreetMap,n432530214,Oday Minimarket,,,,32.4117145,35.0695471,supermarket,,
OpenStreetMap,n432379786,Odeh,,,,32.325519,35.0408678,supermarket,,
OpenStreetMap,n4127210189,Odeh Supermarket,,,,31.9617384,35.2167418,supermarket,,
OpenStreetMap,n432366107,Okaz Minimarket,,,,32.3274685,35.0497592,supermarket,,
OpenStreetMap,n5275257123,Oldi's market,,,,32.3291616,34.857329,supermarket,,
OpenStreetMap,n8009089203,Olleik market,,,,33.3093615,35.5174844,supermarket,,
OpenStreetMap,n432329983,Omran,,,,32.1890657,35.1359241,supermarket,,
OpenStreetMap,n432105789,Osama,,,,32.1055603,35.2859687,supermarket,,
OpenStreetMap,n504263010,Osama Super Market,,,,31.5321735,34.4716716,supermarket,,
OpenStreetMap,n431962528,Oscar Clothes Shop,,,,32.2224793,35.2605069,supermarket,,
OpenStreetMap,n6095234877,Osher Ad,אושר עד,,,32.8033194,35.0115116,supermarket,,
OpenStreetMap,n431979609,Owida,,,,32.1405092,35.2805452,supermarket,,
OpenStreetMap,n432130569,Palestine,,,,32.1332947,35.2111045,supermarket,,
OpenStreetMap,n432284922,Palestine Supermarket,,,,32.0409144,35.1707177,supermarket,,
OpenStreetMap,n432123814,Palestine Supermarket,,,,31.4092824,34.973181,supermarket,,
OpenStreetMap,n432293402,Paradisde Supermarket,,,,31.935929,35.2045775,supermarket,,
OpenStreetMap,n432079718,Peace Market,,,,32.1382493,35.2814136,supermarket,,
OpenStreetMap,n12646473640,Pink Market,,,,32.0745933,34.821749,convenience,,
OpenStreetMap,n432261776,Planet Supermarket,,,,32.0392996,35.0384639,supermarket,,
OpenStreetMap,n432340490,Plant Store,,,,31.8436639,35.4493053,supermarket,,
OpenStreetMap,n8611348183,Politzer,,,,32.2774387,34.8428096,supermarket,,
OpenStreetMap,n9119505017,Premier Supermarket,,,,31.9591786,35.8623759,supermarket,+962 07 9111 7149,
OpenStreetMap,n6452755996,Prime Fresh Food,,Salem Ya'qoub Al-Khouri Street,,31.9959558,35.8365373,supermarket,,
OpenStreetMap,n2539792321,Produce,,,,31.953222,35.884165,supermarket,,
OpenStreetMap,n432189077,Qafiesheh Supermarket,,,,31.5332068,35.0934985,supermarket,,
OpenStreetMap,n432260456,Qalandya,,,,31.8618552,35.207364,supermarket,,
OpenStreetMap,n432396448,Qasho' Market,,,,32.3188836,35.0491696,supermarket,,
OpenStreetMap,n432269472,Queen Style Sweets,,,,31.9992881,35.2840185,supermarket,,
OpenStreetMap,n1251428377,Quick stop,,,,32.0160367,34.7385843,convenience,,
OpenStreetMap,n2203144742,RED,,,,32.1764867,34.8491133,convenience,,
OpenStreetMap,n432380905,Ra'd,,,,32.4338741,35.0873538,supermarket,,
OpenStreetMap,n432396154,Raed Othman,,,,32.3697666,35.1044552,supermarket,,
OpenStreetMap,n7449925639,Rafi,,,,32.8573209,35.2621075,supermarket,,
OpenStreetMap,n431804089,Rahaf Minimarket,,,,32.454463,35.1455854,convenience,,
OpenStreetMap,n432539261,Rami,,,,32.3095745,35.1178248,supermarket,,
OpenStreetMap,n6585253989,Rami Levi,,,,32.8988984,35.0913274,supermarket,,
OpenStreetMap,n431753969,Rami Minimarket,,,,32.4856184,35.2307167,supermarket,,
OpenStreetMap,n432342992,Rami Rjoub,,,,31.8636793,35.4492899,supermarket,,
OpenStreetMap,n432283245,Ras Karkar Consuming Organization,,,,31.9426355,35.1068229,supermarket,,
OpenStreetMap,n432139467,Rasmi Al Jad,,,,32.2286005,35.2576115,supermarket,,
OpenStreetMap,n431917110,Rass Al 'Arood Supermarket,,,,31.5748779,35.1373274,supermarket,,
OpenStreetMap,n10908823547,Rawabi Al Jama'a,,,,32.0235804,35.8747216,supermarket,,
OpenStreetMap,n1564904481,Rawafed Company روافد شركة,,Alyarmouk,,31.5139484,34.4521196,convenience,,www.rawafed.ps
OpenStreetMap,n432277129,Razan,,,,31.9638801,35.1701804,supermarket,,
OpenStreetMap,n13408074601,Red770,,ז'בוטינסקי,,31.7298528,34.7464983,grocery,,
OpenStreetMap,n504258449,Redwan Supermarket,,,,31.5385744,34.451643,supermarket,,
OpenStreetMap,n4398715450,Reem Supermarket,,,,31.9036443,35.1976095,supermarket,,
OpenStreetMap,n432262521,Reema,,,,31.9602787,35.2971466,supermarket,,
OpenStreetMap,n432227933,Repair Shop for LG Washing Machines,,,,31.5042252,34.9659656,convenience,,
OpenStreetMap,n7725589732,Rimal A Asli,,,,33.2577499,35.221716,supermarket,,
OpenStreetMap,n432279479,Rite Supermarket,,,,31.8905872,35.167961,supermarket,,
OpenStreetMap,n3416549693,Roberto's Liquor Store,,,,31.7171422,35.1840393,general,,
OpenStreetMap,n360629631,Rock City Supermarket,,,,30.3227405,35.4743008,supermarket,,
OpenStreetMap,n432268055,Rosa Mole,,,,31.9005338,35.1704575,supermarket,,
OpenStreetMap,n432337228,Rotana Supermarket,,,,31.836858,35.4425357,supermarket,,
OpenStreetMap,n431789738,Rubbish Storage,,,,31.5050364,34.9607811,convenience,,
OpenStreetMap,n2344061525,Rum Gate Supermarket,,,,29.5766389,35.4195598,convenience,,
OpenStreetMap,n431708666,Rushdii Mini Market,,,,32.3214441,35.3709481,supermarket,,
OpenStreetMap,n6391773686,Russian supermarket,,,,29.5308036,35.0043356,supermarket,,
OpenStreetMap,n432294762,Sab Rayt Supermarket,,,,31.8527199,35.1838775,supermarket,,
OpenStreetMap,n2493577317,Saeed Super Market,,,,31.8959947,35.2127063,supermarket,,
OpenStreetMap,n432265120,Safe Supermarket,,,,31.9155894,35.2168382,supermarket,,
OpenStreetMap,w107234109,Safeway,,,,29.5393365,35.0117479,supermarket,,
OpenStreetMap,w740444119,Safeway,,,,33.2548489,35.3805863,supermarket,,
OpenStreetMap,w420027979,Safeway,,,,31.9975323,35.8515318,supermarket,,
OpenStreetMap,n3664476829,Safeway Express,,Princess Sarvath El-Hassan Street 73,,31.9663359,35.8448371,supermarket,,
OpenStreetMap,n9648242756,Safeway السيفوي,,,,32.5396592,35.8609541,supermarket,,
OpenStreetMap,n432280934,Saja,,,,31.9389988,35.2474897,supermarket,,
OpenStreetMap,n7725586369,Saksouk,,,,33.2427279,35.2377397,supermarket,,
OpenStreetMap,n432343354,Salah,,,,31.946925,35.4641833,supermarket,,
OpenStreetMap,n432171006,Salem,,,,32.211708,35.3226322,supermarket,,
OpenStreetMap,n431708631,Salem Supermarket,,,,32.2822762,35.3845074,supermarket,,
OpenStreetMap,n431996752,Salhab,,,,32.2232329,35.2451036,supermarket,,
OpenStreetMap,n4575023860,Sallati Supermarket,,,,32.0134416,35.1903146,supermarket,,
OpenStreetMap,n432262359,Salsabel Supermaret,,,,31.8945967,35.179649,supermarket,,
OpenStreetMap,n10718293799,Sama Rum Supermarket,,,,29.5765584,35.419947,convenience,,
OpenStreetMap,n432401543,Samaha Sweets,,,,32.3128064,35.0275827,supermarket,,
OpenStreetMap,n432290260,Sameer,,,,32.0111081,35.3154347,supermarket,,
OpenStreetMap,n432278533,Sameer,,,,31.9112736,35.2717201,supermarket,,
OpenStreetMap,n6498465893,Sameer Store,,,,32.0136355,35.8671078,supermarket,,
OpenStreetMap,n13659130701,Sameh mall,,,,31.9207351,35.8586608,supermarket,,
OpenStreetMap,n432296377,Samer,,,,31.8364711,35.1488241,supermarket,,
OpenStreetMap,n432296034,Samer,,,,31.8349915,35.1456709,supermarket,,
OpenStreetMap,n432290002,Samer Supermarket,,,,31.9986051,35.2019656,supermarket,,
OpenStreetMap,n432269389,Samer Supermarket,,,,32.0104215,35.3026304,supermarket,,
OpenStreetMap,n432182502,Sami Aref Mini Market,,,,32.2096101,35.1922074,supermarket,,
OpenStreetMap,n432044848,Samir Al Qasrawi Stores,,,,32.0849959,35.3370082,supermarket,,
OpenStreetMap,w41243664,Sarsoor Supermarket,,,,31.5480953,34.5004824,supermarket,,
OpenStreetMap,n5608683869,Save side mall,,,,32.0572029,35.7199951,supermarket,,
OpenStreetMap,n6063760268,Select,,,,31.9559535,35.8550355,supermarket,,
OpenStreetMap,n8537137960,Seven Express,,,,32.0550296,34.7667273,supermarket,,
OpenStreetMap,n13011370881,Seven Express,,,,32.0985607,34.8815477,convenience,,
OpenStreetMap,n12595637757,Seven Express,,,,31.967524,34.8171317,convenience,,
OpenStreetMap,w654165732,Seven Stores,,Odeh Abu Tayeh Street 7,,31.975991,35.8902204,supermarket,,
OpenStreetMap,w762693975,Shadia's Market,,,,33.3606441,35.588702,convenience,,
OpenStreetMap,n4808049312,Shafika,,,,32.6942431,35.0442204,convenience,,
OpenStreetMap,n505024063,Shaheen Supermarket,,,,31.4177108,34.3505846,supermarket,,
OpenStreetMap,n432284904,Shahrazad Sweets,,,,31.8505744,35.2264013,supermarket,,
OpenStreetMap,n504302535,Shampion Paints,,,,31.4901831,34.4523164,convenience,,
OpenStreetMap,n432263430,Shamshom,,,,31.9870372,35.1580631,supermarket,,
OpenStreetMap,n431708653,Sharif Market,,,,32.3164591,35.371046,supermarket,,
OpenStreetMap,n432356900,Sharif Supermarket,,,,32.0830323,35.1842772,supermarket,,
OpenStreetMap,n432131816,Shawar Supermarket,,,,31.531772,35.0943124,supermarket,,
OpenStreetMap,n504278165,Sheheibar Supermarket,,,,31.5079665,34.4492331,supermarket,,
OpenStreetMap,n454384412,Shiroko,,,,32.0861314,34.7701888,supermarket,,
OpenStreetMap,n432263380,Shkar Supermarket,,,,31.8225835,35.1503047,supermarket,,
OpenStreetMap,n1196970310,Shop Right,,,,31.8929352,35.1687491,supermarket,,
OpenStreetMap,n1927937402,Shopping Corner,,,,32.0522254,35.8774239,supermarket,,
OpenStreetMap,w304804220,Shorab Super Market,,,,31.3439866,34.3027766,supermarket,,
OpenStreetMap,n432268747,Shqair,,,,31.8356067,35.1429006,supermarket,,
OpenStreetMap,n2079210981,Shufersal,שופרסל,"צה""ל 73",,32.1217166,34.8352611,supermarket,,
OpenStreetMap,n7804131638,Shufersal,שופרסל,,,32.8122787,34.9607981,supermarket,,
OpenStreetMap,w133868992,Shufersal,שופרסל,,,32.4014552,34.9017683,supermarket,,https://www.shufersal.co.il
OpenStreetMap,w129213576,Shufersal,שופרסל,,,31.603161,34.7574275,supermarket,,https://www.shufersal.co.il
OpenStreetMap,n3778636099,Shufersal,שופרסל,,,31.8876231,34.7328047,supermarket,,https://www.shufersal.co.il
OpenStreetMap,n1003559148,Shufersal,שופרסל,,,32.7959916,35.0099227,supermarket,,https://www.shufersal.co.il
OpenStreetMap,n1357499780,Shufersal,שופרסל,,,31.8920094,34.7897095,supermarket,,https://www.shufersal.co.il
OpenStreetMap,n560074182,Shufersal,שופרסל,,,31.775709,35.2179065,supermarket,,https://www.shufersal.co.il
OpenStreetMap,n750945684,Shufersal,שופרסל,,,32.0879126,34.8597239,supermarket,,https://www.shufersal.co.il
OpenStreetMap,n1367827984,Shufersal,שופרסל,,,31.884883,34.738359,supermarket,,https://www.shufersal.co.il
OpenStreetMap,n6232949117,Shufersal Express,שופרסל,,,29.5448062,34.9318161,supermarket,,
OpenStreetMap,n4489006989,Shufersal Express,שופרסל,,,32.0509892,34.7538301,convenience,,
OpenStreetMap,n6005551686,Shuk Bezalel,,בית לחם 1,,32.0711269,34.7708152,supermarket,,
OpenStreetMap,n432262092,Shumo' Mall,,,,31.9018927,35.2049986,supermarket,,
OpenStreetMap,n432371685,Shwaikah,,,,32.3359291,35.0371331,supermarket,,
OpenStreetMap,n432061158,Sidar,,,,32.2219569,35.2367644,convenience,,
OpenStreetMap,n432277370,Sief Al Dean Supermarket,,,,32.0333662,35.2877177,supermarket,,
OpenStreetMap,n432073229,Silham,,,,32.1763808,35.3395556,supermarket,,
OpenStreetMap,w263829838,Simply Cozmo,,شارع جمعة الشبلي 2,,31.9950939,35.8136135,supermarket,,
OpenStreetMap,n5175028875,Simply cozmo,,,,31.9623469,35.889506,supermarket,,
OpenStreetMap,n432129910,Sina,,,,32.2021711,35.2843817,supermarket,,
OpenStreetMap,n6462868077,Site supermarket سوبرماركت الموقع,,شارع الوفاق,,32.0043179,35.8812444,supermarket,,
OpenStreetMap,n4402533889,Sky mall,,,,32.238656,35.2434004,supermarket,,
OpenStreetMap,n1425956802,Small Supermarket,,,,31.9357924,34.834447,convenience,,
OpenStreetMap,n6547423945,So Good,,,,32.7599293,35.3597247,convenience,+972 54 291 3573,https://www.sonol.co.il/sogood/
OpenStreetMap,n9120749996,So good,,,,32.4288329,35.0153463,convenience,,
OpenStreetMap,n3199965313,SoGood,,נדב בסקינד 10,,31.9876762,34.7685629,convenience,,http://www.sonol.co.il/
OpenStreetMap,n4426108472,SoGood,,,,31.2517069,34.8195487,convenience,,http://www.sonol.co.il/
OpenStreetMap,n4806945506,SoGood,,,,32.9626441,35.3744941,convenience,,
OpenStreetMap,n5390483665,SoGood,,,,33.1928458,35.5693619,convenience,,
OpenStreetMap,n5383728230,SoGood,,,,32.9871828,35.7067654,convenience,+972 54 673 3025,
OpenStreetMap,n5349892860,SoGood,,,,31.7312547,34.7556827,convenience,,
OpenStreetMap,n5341187722,SoGood,,,,32.2084899,35.1583428,convenience,,
OpenStreetMap,n5242481958,SoGood,,,,32.0739923,34.7916541,convenience,,
OpenStreetMap,n5223320790,SoGood,,,,31.8150507,35.3497366,convenience,,http://www.sonol.co.il/
OpenStreetMap,n5777009498,SoGood,,,,31.9911746,34.7699912,convenience,,
OpenStreetMap,n5200867666,SoGood,,,,31.6968413,34.6951704,convenience,,http://www.sonol.co.il/
OpenStreetMap,n4923569400,SoGood,,,,31.7951981,35.1470249,convenience,,
OpenStreetMap,n4809033956,SoGood,,,,32.7690469,35.0075664,convenience,,
OpenStreetMap,n1933709140,SoGood,,,,32.0409459,34.7733007,convenience,,http://www.sonol.co.il/
OpenStreetMap,n2094622246,SoGood,,,,33.0457418,35.57342,convenience,,
OpenStreetMap,n2099017835,SoGood,,,,32.0144155,34.8121162,convenience,,http://www.sonol.co.il/
OpenStreetMap,n1798702764,SoGood,,,,31.6466385,34.6887415,convenience,+972546733660,http://www.sonol.co.il/
OpenStreetMap,n1823251321,SoGood,,,,32.0662892,34.7853439,convenience,,http://www.sonol.co.il/
OpenStreetMap,n1811707789,SoGood,,,,32.923567,35.3020935,convenience,,
OpenStreetMap,n1804534255,SoGood,,,,32.7118924,35.4345096,convenience,,
OpenStreetMap,n1765949888,SoGood,,,,33.0005449,35.598426,convenience,,
OpenStreetMap,n2338540464,SoGood,,,,31.8165025,34.7721635,convenience,,http://www.sonol.co.il/
OpenStreetMap,n2468336494,SoGood,,,,32.0775748,34.7719096,convenience,,http://www.sonol.co.il/
OpenStreetMap,n2420832284,SoGood,,,,32.0055212,34.8077165,convenience,,http://www.sonol.co.il/
OpenStreetMap,n2390505446,SoGood,,,,32.1806482,34.8897899,convenience,,http://www.sonol.co.il/
OpenStreetMap,n2390505444,SoGood,,,,32.1941055,34.8845002,convenience,,http://www.sonol.co.il/
OpenStreetMap,n2378304437,SoGood,,,,29.5608055,34.9579639,convenience,+97286337327,http://www.sonol.co.il/
OpenStreetMap,n2939685866,SoGood,,,,32.6612674,35.2355642,convenience,,http://www.sonol.co.il/
OpenStreetMap,n2939671627,SoGood,,,,32.706395,35.1740423,convenience,,http://www.sonol.co.il/
OpenStreetMap,n2846489501,SoGood,,,,31.990974,34.7503459,convenience,,http://www.sonol.co.il/
OpenStreetMap,n2719972467,SoGood,,,,32.1787155,34.8312814,convenience,,http://www.sonol.co.il/
OpenStreetMap,w198521482,SoGood,,,,32.4182232,34.9064793,convenience,,
OpenStreetMap,n12290796674,SoGood,,,,32.4007658,34.8990899,convenience,,
OpenStreetMap,n6789782847,SoGood,,,,32.3212681,34.8673955,convenience,,
OpenStreetMap,n7717221354,SoGood,,,,31.9468491,34.8018431,convenience,,
OpenStreetMap,n5956951185,SoGood,,,,32.7726284,35.3934638,convenience,,
OpenStreetMap,n6035871517,SoGood,,,,33.0463835,35.5704889,convenience,,
OpenStreetMap,n1131420475,SoGood,,,,32.1315175,34.795686,convenience,,http://www.sonol.co.il/
OpenStreetMap,n4439369680,Sogood,,,,32.0509422,34.7586403,convenience,,
OpenStreetMap,n2897830301,Sogood,,,,31.9655284,34.8024454,convenience,,
OpenStreetMap,n11530492562,Sogood,,,,32.5198849,35.0024737,convenience,,
OpenStreetMap,n13544193599,Sogood,,,,32.6384786,35.062418,convenience,,
OpenStreetMap,n11352747179,Sogood,,,,32.8193714,34.9557119,convenience,,
OpenStreetMap,n5903991285,Sohaib Nazzal,,,,31.9592089,35.8643528,supermarket,+96265851794,https://russianm.com/super/
OpenStreetMap,n7930911845,Solidare 1$,,,,33.2765131,35.2151259,supermarket,,
OpenStreetMap,n504261901,Sommad Supermarket,,,,31.5304672,34.454887,supermarket,,
OpenStreetMap,n432266163,Sondos Supermarket,,,,31.9211423,35.2186497,supermarket,,
OpenStreetMap,n432545198,Sonna Alkher Supermarket,,,,32.4873458,35.3000793,supermarket,,
OpenStreetMap,n432125270,Sorrah,,,,32.2112631,35.1888675,supermarket,,
OpenStreetMap,w137301709,Spar,,אלי הורביץ 26,,32.1759727,34.934643,supermarket,,
OpenStreetMap,n4102486292,Star,,,,32.3174524,34.8465095,supermarket,,
OpenStreetMap,n3473353903,Stop & Shop - Giacaman Market,,,,31.7066294,35.1956131,supermarket,,
OpenStreetMap,n432263384,Stop And Shop Supermarket,,,,32.037855,35.2847293,supermarket,,
OpenStreetMap,n2835811311,Stoppie,,,,32.1626534,34.8068704,convenience,,
OpenStreetMap,n5702896235,Store,,,,31.779093,35.2328567,supermarket,,
OpenStreetMap,w500172768,Stores,,,,32.957174,35.4966285,convenience,,
OpenStreetMap,w498036983,Stores,,,,32.9576233,35.4966131,convenience,,
OpenStreetMap,w500644106,Stores,,,,32.9560765,35.4986525,convenience,,
OpenStreetMap,w515330675,Stores,,,,32.0477641,34.9558473,convenience,,
OpenStreetMap,n432085614,Stores,,,,32.1033376,35.2787462,supermarket,,
OpenStreetMap,n12140324984,Street Market,,,,32.0604729,34.7740168,convenience,,
OpenStreetMap,n13261158168,Sub Market,,,,32.1806838,34.8773181,convenience,,
OpenStreetMap,n3923924574,Super Cheap,,,,31.7845801,35.2104388,supermarket,,
OpenStreetMap,n8042390581,Super Ha'akhim,,,,32.6808221,35.1520457,convenience,,
OpenStreetMap,n432292069,Super Mall Albazzar,,,,31.9227217,35.2083636,supermarket,,
OpenStreetMap,n431629063,Super Market,,,,31.7165002,35.1851745,supermarket,,
OpenStreetMap,n504284905,Super Market Hala,,,,31.5341129,34.4623499,supermarket,,
OpenStreetMap,n431636911,Super Mobile,,,,32.4459684,35.1670969,convenience,,
OpenStreetMap,n8659351501,Super Shlomi,,,,31.8317361,34.8824635,convenience,,
OpenStreetMap,n6535628441,Super Yuda,,,,32.0771672,34.769516,supermarket,,
OpenStreetMap,n10968070858,Super מיקה,,,,31.8983543,34.7872297,convenience,,
OpenStreetMap,n4428983230,SuperMarket,,,,29.5502758,34.9594584,convenience,,
OpenStreetMap,n1374520234,SuperMarket ASEM دكان أم اياد Em Eyad shop,,,,31.7294151,35.1661909,supermarket,,
OpenStreetMap,n6465215886,Supercofix,,,,32.0568502,34.7707494,convenience,,
OpenStreetMap,n6124762088,Supermarket,,Desert Highway,,29.9030321,35.407294,convenience,,
OpenStreetMap,n9932172953,Supermarket,,,,32.0685496,34.7760482,supermarket,,
OpenStreetMap,n6538016702,Supermarket,,,,32.0770237,34.7715719,supermarket,,
OpenStreetMap,n6176420826,Supermarket,,,,29.550929,34.9585867,supermarket,,
OpenStreetMap,n6160815427,Supermarket,,,,29.5500175,34.9472025,supermarket,,
OpenStreetMap,n7083939328,Supermarket,,,,30.3253004,35.4694041,convenience,,
OpenStreetMap,n12407214761,Supermarket,,,,32.0316357,35.723933,supermarket,,
OpenStreetMap,n12595637773,Supermarket,,,,31.9662471,34.8141074,supermarket,,
OpenStreetMap,n431841183,Supermarket,,,,31.607074,35.0358109,convenience,,
OpenStreetMap,n432287461,Supermarket,,,,31.9554778,35.1686286,supermarket,,
OpenStreetMap,n432287357,Supermarket,,,,31.9496605,35.0467805,supermarket,,
OpenStreetMap,n432287055,Supermarket,,,,32.0184858,35.3002611,supermarket,,
OpenStreetMap,n432286996,Supermarket,,,,32.0514952,35.1312909,supermarket,,
OpenStreetMap,n432286978,Supermarket,,,,31.9654646,35.1719151,supermarket,,
OpenStreetMap,n432286802,Supermarket,,,,32.0483372,35.1176177,supermarket,,
OpenStreetMap,n432286797,Supermarket,,,,31.9419235,35.0698673,supermarket,,
OpenStreetMap,n432286790,Supermarket,,,,31.8880327,35.0450373,supermarket,,
OpenStreetMap,n432286775,Supermarket,,,,32.04192,35.1704059,supermarket,,
OpenStreetMap,n432286735,Supermarket,,,,31.9669466,35.1941296,supermarket,,
OpenStreetMap,n432286642,Supermarket,,,,32.0324896,35.1495599,supermarket,,
OpenStreetMap,n432287493,Supermarket,,,,31.9570109,35.1708704,supermarket,,
OpenStreetMap,n432287584,Supermarket,,,,31.9679101,35.1708776,supermarket,,
OpenStreetMap,n432288191,Supermarket,,,,31.963569,35.1709056,supermarket,,
OpenStreetMap,n432288136,Supermarket,,,,31.9558967,35.2992695,supermarket,,
OpenStreetMap,n432287986,Supermarket,,,,31.8547346,35.1077919,supermarket,,
OpenStreetMap,n432287868,Supermarket,,,,31.9675893,35.1069027,supermarket,,
OpenStreetMap,n432287758,Supermarket,,,,32.0348588,35.2636142,supermarket,,
OpenStreetMap,n432286420,Supermarket,,,,31.9719124,35.1212104,supermarket,,
OpenStreetMap,n432286362,Supermarket,,,,31.9471541,35.0200616,supermarket,,
OpenStreetMap,n432284916,Supermarket,,,,32.0059597,35.2081317,supermarket,,
OpenStreetMap,n432284755,Supermarket,,,,32.0481594,35.1183288,supermarket,,
OpenStreetMap,n432284684,Supermarket,,,,31.9845239,35.2588805,supermarket,,
OpenStreetMap,n432284554,Supermarket,,,,32.032671,35.1961098,supermarket,,
OpenStreetMap,n432284328,Supermarket,,,,32.023147,35.1632718,supermarket,,
OpenStreetMap,n432284298,Supermarket,,,,31.9015577,35.0636935,supermarket,,
OpenStreetMap,n432284196,Supermarket,,,,32.0413497,35.172278,supermarket,,
OpenStreetMap,n432284116,Supermarket,,,,32.0291001,35.0188929,supermarket,,
OpenStreetMap,n432284061,Supermarket,,,,31.8697182,35.1234429,supermarket,,
OpenStreetMap,n432284954,Supermarket,,,,32.0297638,35.2233264,supermarket,,
OpenStreetMap,n432286089,Supermarket,,,,31.9657209,35.0998794,supermarket,,
OpenStreetMap,n432286068,Supermarket,,,,31.9649114,35.1010228,supermarket,,
OpenStreetMap,n432286017,Supermarket,,,,31.8258577,35.113346,supermarket,,
OpenStreetMap,n432285892,Supermarket,,,,32.0352002,35.2027641,supermarket,,
OpenStreetMap,n432285831,Supermarket,,,,31.8369113,35.1236891,supermarket,,
OpenStreetMap,n432285781,Supermarket,,,,32.0316705,35.1986027,supermarket,,
OpenStreetMap,n432285711,Supermarket,,,,32.0422007,35.1701564,supermarket,,
OpenStreetMap,n432285696,Supermarket,,,,31.8347857,35.1219093,supermarket,,
OpenStreetMap,n432285675,Supermarket,,,,32.0520915,35.1270402,supermarket,,
OpenStreetMap,n432285625,Supermarket,,,,31.9561821,35.1620854,supermarket,,
OpenStreetMap,n432285457,Supermarket,,,,31.9534724,35.1611102,supermarket,,
OpenStreetMap,n432288665,Supermarket,,,,31.8477411,35.1171463,supermarket,,
OpenStreetMap,n432292252,Supermarket,,,,31.9730629,35.1895086,supermarket,,
OpenStreetMap,n432292197,Supermarket,,,,32.0355251,35.0415076,supermarket,,
OpenStreetMap,n432292064,Supermarket,,,,31.8536288,35.1095857,supermarket,,
OpenStreetMap,n432292047,Supermarket,,,,32.027367,35.0189648,supermarket,,
OpenStreetMap,n432291921,Supermarket,,,,31.9613137,35.210757,supermarket,,
OpenStreetMap,n432291819,Supermarket,,,,32.0423135,35.1783523,supermarket,,
OpenStreetMap,n432291801,Supermarket,,,,31.8498036,35.1102178,supermarket,,
OpenStreetMap,n432291777,Supermarket,,,,31.9664808,35.0988961,supermarket,,
OpenStreetMap,n432291623,Supermarket,,,,32.0460817,35.0984315,supermarket,,
OpenStreetMap,n432291603,Supermarket,,,,31.9394637,35.2945455,supermarket,,
OpenStreetMap,n432288774,Supermarket,,,,31.9858586,35.2618847,supermarket,,
OpenStreetMap,n432292966,Supermarket,,,,32.0163686,35.0685708,supermarket,,
OpenStreetMap,n432294201,Supermarket,,,,31.9751544,35.0102766,supermarket,,
OpenStreetMap,n432294196,Supermarket,,,,32.0336496,35.1489378,supermarket,,
OpenStreetMap,n432294169,Supermarket,,,,31.9703706,35.1076958,supermarket,,
OpenStreetMap,n432294094,Supermarket,,,,32.0338477,35.1045404,supermarket,,
OpenStreetMap,n432293836,Supermarket,,,,32.0050792,35.2083083,supermarket,,
OpenStreetMap,n432293681,Supermarket,,,,31.9687439,35.0962933,supermarket,,
OpenStreetMap,n432293597,Supermarket,,,,31.9525831,35.152826,supermarket,,
OpenStreetMap,n432293219,Supermarket,,,,31.9524206,35.183609,supermarket,,
OpenStreetMap,n432292988,Supermarket,,,,32.0146869,35.3019572,supermarket,,
OpenStreetMap,n432291435,Supermarket,,,,32.0464727,35.097754,supermarket,,
OpenStreetMap,n432291114,Supermarket,,,,32.0299932,35.1010027,supermarket,,
OpenStreetMap,n432291091,Supermarket,,,,31.8973204,35.2542147,supermarket,,
OpenStreetMap,n432289997,Supermarket,,,,31.9515581,35.2136561,supermarket,,
OpenStreetMap,n432289767,Supermarket,,,,31.952905,35.2999199,supermarket,,
OpenStreetMap,n432289753,Supermarket,,,,31.9353046,35.006478,supermarket,,
OpenStreetMap,n432289478,Supermarket,,,,31.9821224,35.2593034,supermarket,,
OpenStreetMap,n432289394,Supermarket,,,,31.9444234,35.036622,supermarket,,
OpenStreetMap,n432289288,Supermarket,,,,31.9763994,35.1697598,supermarket,,
OpenStreetMap,n432289227,Supermarket,,,,31.9647507,35.1703232,supermarket,,
OpenStreetMap,n432289072,Supermarket,,,,32.0011608,35.2052411,supermarket,,
OpenStreetMap,n432290100,Supermarket,,,,31.9529929,35.1503878,supermarket,,
OpenStreetMap,n432290111,Supermarket,,,,31.9730586,35.049877,supermarket,,
OpenStreetMap,n432290130,Supermarket,,,,32.0476203,35.1203418,supermarket,,
OpenStreetMap,n432290497,Supermarket,,,,31.9816738,35.2583187,supermarket,,
OpenStreetMap,n432290894,Supermarket,,,,31.9721008,35.1955584,supermarket,,
OpenStreetMap,n432290843,Supermarket,,,,31.8885894,35.0458134,supermarket,,
OpenStreetMap,n432290706,Supermarket,,,,31.9423313,35.1045579,supermarket,,
OpenStreetMap,n432290603,Supermarket,,,,32.0551214,35.1267883,supermarket,,
OpenStreetMap,n432290568,Supermarket,,,,31.9516326,35.1534644,supermarket,,
OpenStreetMap,n432290494,Supermarket,,,,31.9790177,35.014093,supermarket,,
OpenStreetMap,n432290432,Supermarket,,,,32.0285959,35.017933,supermarket,,
OpenStreetMap,n432290349,Supermarket,,,,31.9379429,35.1221894,supermarket,,
OpenStreetMap,n432290244,Supermarket,,,,31.8560251,35.1050176,supermarket,,
OpenStreetMap,n432290185,Supermarket,,,,32.0293228,35.0202448,supermarket,,
OpenStreetMap,n432283901,Supermarket,,,,31.9643057,35.2974069,supermarket,,
OpenStreetMap,n432277800,Supermarket,,,,32.0306199,35.0199831,supermarket,,
OpenStreetMap,n432277210,Supermarket,,,,31.8388921,35.1538981,supermarket,,
OpenStreetMap,n432277155,Supermarket,,,,31.9722949,35.2288529,supermarket,,
OpenStreetMap,n432277152,Supermarket,,,,32.031129,35.020462,supermarket,,
OpenStreetMap,n432276844,Supermarket,,,,31.9859757,35.0378545,supermarket,,
OpenStreetMap,n432276838,Supermarket,,,,32.0165766,35.3014149,supermarket,,
OpenStreetMap,n432276696,Supermarket,,,,32.0488524,35.0964306,supermarket,,
OpenStreetMap,n432276188,Supermarket,,,,32.008741,35.1649686,supermarket,,
OpenStreetMap,n432276108,Supermarket,,,,31.9453199,35.2505958,supermarket,,
OpenStreetMap,n432283721,Supermarket,,,,31.9618233,35.1765902,supermarket,,
OpenStreetMap,n432277904,Supermarket,,,,31.8860291,35.0474405,supermarket,,
OpenStreetMap,n432279011,Supermarket,,,,31.8989411,35.2558807,supermarket,,
OpenStreetMap,n432278844,Supermarket,,,,32.0380866,35.1796278,supermarket,,
OpenStreetMap,n432278812,Supermarket,,,,32.0477006,35.1184894,supermarket,,
OpenStreetMap,n432278649,Supermarket,,,,31.971386,35.1977745,supermarket,,
OpenStreetMap,n432278640,Supermarket,,,,32.0544636,35.1285926,supermarket,,
OpenStreetMap,n432278367,Supermarket,,,,31.9528971,35.1517178,supermarket,,
OpenStreetMap,n432278255,Supermarket,,,,31.9699463,35.1997594,supermarket,,
OpenStreetMap,n432278235,Supermarket,,,,31.955938,35.1626628,supermarket,,
OpenStreetMap,n432278093,Supermarket,,,,31.9783919,35.0125239,supermarket,,
OpenStreetMap,n432275951,Supermarket,,,,31.9446553,35.0254439,supermarket,,
OpenStreetMap,n432275875,Supermarket,,,,31.9604057,35.2289697,supermarket,,
OpenStreetMap,n432273488,Supermarket,,,,31.9678571,35.0967745,supermarket,,
OpenStreetMap,n432273415,Supermarket,,,,31.97622,35.0111823,supermarket,,
OpenStreetMap,n432273202,Supermarket,,,,31.8366643,35.1515354,supermarket,,
OpenStreetMap,n432272657,Supermarket,,,,32.0369084,35.2825495,supermarket,,
OpenStreetMap,n432272475,Supermarket,,,,32.0455237,35.1003393,supermarket,,
OpenStreetMap,n432274150,Supermarket,,,,31.8691405,35.1240508,supermarket,,
OpenStreetMap,n432274297,Supermarket,,,,31.9776467,35.2607212,supermarket,,
OpenStreetMap,n432275230,Supermarket,,,,31.9680338,35.1073175,supermarket,,
OpenStreetMap,n432275579,Supermarket,,,,31.8329644,35.1157907,supermarket,,
OpenStreetMap,n432275482,Supermarket,,,,31.9643612,35.2962648,supermarket,,
OpenStreetMap,n432275459,Supermarket,,,,31.8526292,35.1109749,supermarket,,
OpenStreetMap,n432274534,Supermarket,,,,31.9741879,35.1160056,supermarket,,
OpenStreetMap,n432274498,Supermarket,,,,32.031176,35.0200549,supermarket,,
OpenStreetMap,n432279319,Supermarket,,,,32.0161247,35.3008727,supermarket,,
OpenStreetMap,n432279322,Supermarket,,,,32.054511,35.1280152,supermarket,,
OpenStreetMap,n432279353,Supermarket,,,,31.9493232,35.0462444,supermarket,,
OpenStreetMap,n432282876,Supermarket,,,,32.0304031,35.0193479,supermarket,,
OpenStreetMap,n432282803,Supermarket,,,,32.0247317,35.1587449,supermarket,,
OpenStreetMap,n432282789,Supermarket,,,,32.0329401,35.1044076,supermarket,,
OpenStreetMap,n432282465,Supermarket,,,,32.0479472,35.1189597,supermarket,,
OpenStreetMap,n432282441,Supermarket,,,,32.0427152,35.1716141,supermarket,,
OpenStreetMap,n432282424,Supermarket,,,,31.9446454,35.0220919,supermarket,,
OpenStreetMap,n432282357,Supermarket,,,,31.9533436,35.214852,supermarket,,
OpenStreetMap,n432282220,Supermarket,,,,31.9862237,35.0409704,supermarket,,
OpenStreetMap,n432283029,Supermarket,,,,31.8262857,35.1129033,supermarket,,
OpenStreetMap,n432283494,Supermarket,,,,32.029628,35.1500827,supermarket,,
OpenStreetMap,n432283400,Supermarket,,,,32.0401388,35.1700979,supermarket,,
OpenStreetMap,n432283339,Supermarket,,,,32.0321904,35.1973682,supermarket,,
OpenStreetMap,n432283317,Supermarket,,,,32.0535377,35.128209,supermarket,,
OpenStreetMap,n432283314,Supermarket,,,,32.0387916,35.1791264,supermarket,,
OpenStreetMap,n432283223,Supermarket,,,,31.9532634,35.1481547,supermarket,,
OpenStreetMap,n432282108,Supermarket,,,,32.0304182,35.0196151,supermarket,,
OpenStreetMap,n432280370,Supermarket,,,,31.9530003,35.1491871,supermarket,,
OpenStreetMap,n432280295,Supermarket,,,,32.0187896,35.3439987,supermarket,,
OpenStreetMap,n432280237,Supermarket,,,,32.0315189,35.1014804,supermarket,,
OpenStreetMap,n432280189,Supermarket,,,,31.9719315,35.0939687,supermarket,,
OpenStreetMap,n432280188,Supermarket,,,,31.8837229,35.1171878,supermarket,,
OpenStreetMap,n432280024,Supermarket,,,,31.9112754,35.271241,supermarket,,
OpenStreetMap,n432279796,Supermarket,,,,31.9562677,35.2989256,supermarket,,
OpenStreetMap,n432279729,Supermarket,,,,31.9844124,35.0365846,supermarket,,
OpenStreetMap,n432279705,Supermarket,,,,32.034442,35.2870091,supermarket,,
OpenStreetMap,n432279620,Supermarket,,,,31.9714479,35.113745,supermarket,,
OpenStreetMap,n432279604,Supermarket,,,,31.9498133,35.0494606,supermarket,,
OpenStreetMap,n432279451,Supermarket,,,,31.8410901,35.1542468,supermarket,,
OpenStreetMap,n432279437,Supermarket,,,,32.0225052,35.1802915,supermarket,,
OpenStreetMap,n432279431,Supermarket,,,,31.9573062,35.299828,supermarket,,
OpenStreetMap,n432280791,Supermarket,,,,32.0036522,35.2074266,supermarket,,
OpenStreetMap,n432281917,Supermarket,,,,32.0189263,35.3476285,supermarket,,
OpenStreetMap,n432281732,Supermarket,,,,32.0283536,35.0184523,supermarket,,
OpenStreetMap,n432281527,Supermarket,,,,31.8548341,35.1063194,supermarket,,
OpenStreetMap,n432281286,Supermarket,,,,32.0537486,35.1281021,supermarket,,
OpenStreetMap,n432281285,Supermarket,,,,32.006151,35.2082212,supermarket,,
OpenStreetMap,n432281254,Supermarket,,,,31.9757435,35.091118,supermarket,,
OpenStreetMap,n432294440,Supermarket,,,,32.0307015,35.0232277,supermarket,,
OpenStreetMap,n432364476,Supermarket,,,,32.3726714,35.0722503,supermarket,,
OpenStreetMap,n432362785,Supermarket,,,,32.4363128,35.0822677,supermarket,,
OpenStreetMap,n432362340,Supermarket,,,,32.3315956,35.1092817,supermarket,,
OpenStreetMap,n432362180,Supermarket,,,,32.3073983,35.1170017,supermarket,,
OpenStreetMap,n432359208,Supermarket,,,,32.3084806,35.115593,supermarket,,
OpenStreetMap,n432364598,Supermarket,,,,32.2249368,35.0436961,supermarket,,
OpenStreetMap,n432372967,Supermarket,,,,32.3854802,35.1217615,supermarket,,
OpenStreetMap,n432371855,Supermarket,,,,32.4107166,35.0678634,supermarket,,
OpenStreetMap,n432371455,Supermarket,,,,32.4330954,35.0817723,supermarket,,
OpenStreetMap,n432371417,Supermarket,,,,32.4326154,35.0804954,supermarket,,
OpenStreetMap,n432371259,Supermarket,,,,32.3340186,35.0471407,supermarket,,
OpenStreetMap,n432370526,Supermarket,,,,32.4096257,35.0683433,supermarket,,
OpenStreetMap,n432369715,Supermarket,,,,32.2355062,35.0976606,supermarket,,
OpenStreetMap,n432368984,Supermarket,,,,32.3294294,35.0375345,supermarket,,
OpenStreetMap,n432368675,Supermarket,,,,32.431445,35.0877064,supermarket,,
OpenStreetMap,n432366528,Supermarket,,,,32.4329534,35.0821022,supermarket,,
OpenStreetMap,n432366092,Supermarket,,,,32.2439813,35.0619413,supermarket,,
OpenStreetMap,n432364791,Supermarket,,,,32.2265137,35.0712926,supermarket,,
OpenStreetMap,n432356744,Supermarket,,,,32.3165167,35.0347053,supermarket,,
OpenStreetMap,n432356743,Supermarket,,,,32.3510078,35.0752501,supermarket,,
OpenStreetMap,n432356211,Supermarket,,,,32.4326928,35.0802209,supermarket,,
OpenStreetMap,n432354983,Supermarket,,,,32.105137,35.0914008,supermarket,,
OpenStreetMap,n432374330,Supermarket,,,,32.26458,35.1305697,supermarket,,
OpenStreetMap,n432394294,Supermarket,,,,32.3709096,35.1082672,supermarket,,
OpenStreetMap,n432392226,Supermarket,,,,32.4354285,35.0851194,supermarket,,
OpenStreetMap,n432391805,Supermarket,,,,32.3856879,35.1219952,supermarket,,
OpenStreetMap,n432391689,Supermarket,,,,32.411814,35.0684663,supermarket,,
OpenStreetMap,n432391663,Supermarket,,,,32.2593279,35.133461,supermarket,,
OpenStreetMap,n432391509,Supermarket,,,,32.3050514,35.1208432,supermarket,,
OpenStreetMap,n432391376,Supermarket,,,,32.29638,35.1058922,supermarket,,
OpenStreetMap,n432391299,Supermarket,,,,32.3134923,35.0407185,supermarket,,
OpenStreetMap,n432391266,Supermarket,,,,32.2240259,35.0851028,supermarket,,
OpenStreetMap,n432390285,Supermarket,,,,32.3151636,35.0372442,supermarket,,
OpenStreetMap,n432394473,Supermarket,,,,32.4355118,35.0793118,supermarket,,
OpenStreetMap,n432398097,Supermarket,,,,32.2982727,35.1098132,supermarket,,
OpenStreetMap,n432400948,Supermarket,,,,32.2242977,35.0720531,supermarket,,
OpenStreetMap,n432400366,Supermarket,,,,32.3846918,35.0495866,supermarket,,
OpenStreetMap,n432398723,Supermarket,,,,32.3763282,35.0701568,supermarket,,
OpenStreetMap,n432398177,Supermarket,,,,32.3365931,35.041842,supermarket,,
OpenStreetMap,n432398060,Supermarket,,,,32.3192809,35.0577195,supermarket,,
OpenStreetMap,n432395163,Supermarket,,,,32.4102347,35.0709728,supermarket,,
OpenStreetMap,n432397828,Supermarket,,,,32.2237247,35.0705471,supermarket,,
OpenStreetMap,n432397421,Supermarket,,,,32.2239411,35.0714565,supermarket,,
OpenStreetMap,n432396119,Supermarket,,,,32.3324243,35.1088756,supermarket,,
OpenStreetMap,n432395763,Supermarket,,,,32.2966758,35.105889,supermarket,,
OpenStreetMap,n432375031,Supermarket,,,,32.4371314,35.0824354,supermarket,,
OpenStreetMap,n432389212,Supermarket,,,,32.2598513,35.1295519,supermarket,,
OpenStreetMap,n432380263,Supermarket,,,,32.2251858,35.0436025,supermarket,,
OpenStreetMap,n432380247,Supermarket,,,,32.325965,35.0576383,supermarket,,
OpenStreetMap,n432380191,Supermarket,,,,32.4093914,35.0717544,supermarket,,
OpenStreetMap,n432379792,Supermarket,,,,32.385046,35.1188693,supermarket,,
OpenStreetMap,n432379369,Supermarket,,,,32.235156,35.0978861,supermarket,,
OpenStreetMap,n432378153,Supermarket,,,,32.435016,35.0834798,supermarket,,
OpenStreetMap,n432377322,Supermarket,,,,32.2854913,35.149087,supermarket,,
OpenStreetMap,n432375603,Supermarket,,,,32.2903195,35.1546053,supermarket,,
OpenStreetMap,n432375148,Supermarket,,,,32.2442445,35.065882,supermarket,,
OpenStreetMap,n432381855,Supermarket,,,,32.4089882,35.068524,supermarket,,
OpenStreetMap,n432386373,Supermarket,,,,32.2983717,35.1096627,supermarket,,
OpenStreetMap,n432389126,Supermarket,,,,32.3859324,35.1202095,supermarket,,
OpenStreetMap,n432388930,Supermarket,,,,32.4104279,35.1039372,supermarket,,
OpenStreetMap,n432388592,Supermarket,,,,32.3210232,35.0586851,supermarket,,
OpenStreetMap,n432387132,Supermarket,,,,32.3111254,35.0350425,supermarket,,
OpenStreetMap,n432386643,Supermarket,,,,32.4322532,35.0868224,supermarket,,
OpenStreetMap,n432386450,Supermarket,,,,32.2970867,35.0165668,supermarket,,
OpenStreetMap,n432386004,Supermarket,,,,32.2982296,35.11034,supermarket,,
OpenStreetMap,n432385243,Supermarket,,,,32.3177462,35.0357869,supermarket,,
OpenStreetMap,n432384040,Supermarket,,,,32.331578,35.1087777,supermarket,,
OpenStreetMap,n432297316,Supermarket,,,,31.9725951,35.0500235,supermarket,,
OpenStreetMap,n432297116,Supermarket,,,,31.9788508,35.0166792,supermarket,,
OpenStreetMap,n432297044,Supermarket,,,,31.94494,35.0727797,supermarket,,
OpenStreetMap,n432297013,Supermarket,,,,31.8958474,35.2541221,supermarket,,
OpenStreetMap,n432296712,Supermarket,,,,31.982122,35.2611596,supermarket,,
OpenStreetMap,n432296611,Supermarket,,,,32.0323106,35.1975485,supermarket,,
OpenStreetMap,n432296509,Supermarket,,,,32.0318489,35.1979311,supermarket,,
OpenStreetMap,n432296501,Supermarket,,,,32.0175608,35.30156,supermarket,,
OpenStreetMap,n432296432,Supermarket,,,,32.0386904,35.0396957,supermarket,,
OpenStreetMap,n432297376,Supermarket,,,,31.8715622,35.1280131,supermarket,,
OpenStreetMap,n432310969,Supermarket,,,,32.1893849,35.1349667,supermarket,,
OpenStreetMap,n432309597,Supermarket,,,,32.165784,34.9757453,supermarket,,
OpenStreetMap,n432309381,Supermarket,,,,32.206032,35.1280165,supermarket,,
OpenStreetMap,n432304415,Supermarket,,,,32.1615703,34.977652,supermarket,,
OpenStreetMap,n432304020,Supermarket,,,,32.1664269,34.9768172,supermarket,,
OpenStreetMap,n432303992,Supermarket,,,,32.1593262,34.9903429,supermarket,,
OpenStreetMap,n432303835,Supermarket,,,,32.2129169,35.1698876,supermarket,,
OpenStreetMap,n432302792,Supermarket,,,,32.1647582,34.9773847,supermarket,,
OpenStreetMap,n432301510,Supermarket,,,,32.1656274,34.9752229,supermarket,,
OpenStreetMap,n432299643,Supermarket,,,,32.212078,35.170938,supermarket,,
OpenStreetMap,n432296264,Supermarket,,,,32.0508658,35.16652,supermarket,,
OpenStreetMap,n432294896,Supermarket,,,,31.9777811,35.1835872,supermarket,,
OpenStreetMap,n432294864,Supermarket,,,,32.0456004,35.0986916,supermarket,,
OpenStreetMap,n432294862,Supermarket,,,,31.9665751,35.0996448,supermarket,,
OpenStreetMap,n432294827,Supermarket,,,,31.8376359,35.1182882,supermarket,,
OpenStreetMap,n432294821,Supermarket,,,,32.0305133,35.2004769,supermarket,,
OpenStreetMap,n432294744,Supermarket,,,,31.9121089,35.2581226,supermarket,,
OpenStreetMap,n432294725,Supermarket,,,,31.8168821,35.180325,supermarket,,
OpenStreetMap,n432294663,Supermarket,,,,32.0326338,35.2650063,supermarket,,
OpenStreetMap,n432294654,Supermarket,,,,31.9453557,35.0764863,supermarket,,
OpenStreetMap,n432294994,Supermarket,,,,31.8254099,35.1463365,supermarket,,
OpenStreetMap,n432296254,Supermarket,,,,31.9678651,35.2607826,supermarket,,
OpenStreetMap,n432296193,Supermarket,,,,32.0419174,35.1714715,supermarket,,
OpenStreetMap,n432295669,Supermarket,,,,31.9881414,35.0407528,supermarket,,
OpenStreetMap,n432295632,Supermarket,,,,32.0316603,35.1022322,supermarket,,
OpenStreetMap,n432295419,Supermarket,,,,32.0399667,35.1781551,supermarket,,
OpenStreetMap,n432295102,Supermarket,,,,32.0341773,35.2819161,supermarket,,
OpenStreetMap,n432295091,Supermarket,,,,32.0486975,35.1676853,supermarket,,
OpenStreetMap,n432313079,Supermarket,,,,32.1905151,35.1366463,supermarket,,
OpenStreetMap,n432313878,Supermarket,,,,32.1654832,34.9779856,supermarket,,
OpenStreetMap,n432315122,Supermarket,,,,32.1583365,34.9910499,supermarket,,
OpenStreetMap,n432330505,Supermarket,,,,32.1639866,34.9800282,supermarket,,
OpenStreetMap,n432330114,Supermarket,,,,32.1644679,34.9789647,supermarket,,
OpenStreetMap,n432329667,Supermarket,,,,32.1588749,34.9908779,supermarket,,
OpenStreetMap,n432329008,Supermarket,,,,32.2018137,35.133964,supermarket,,
OpenStreetMap,n432328284,Supermarket,,,,32.1652291,34.9762321,supermarket,,
OpenStreetMap,n432327538,Supermarket,,,,32.1657164,34.9757559,supermarket,,
OpenStreetMap,n432323023,Supermarket,,,,32.2045335,35.1145099,supermarket,,
OpenStreetMap,n432319089,Supermarket,,,,32.1915876,35.1358949,supermarket,,
OpenStreetMap,n432334341,Supermarket,,,,32.1650397,34.976364,supermarket,,
OpenStreetMap,n432334260,Supermarket,,,,32.2130305,35.1700457,supermarket,,
OpenStreetMap,n432332555,Supermarket,,,,32.1583046,34.9956826,supermarket,,
OpenStreetMap,n432272436,Supermarket,,,,32.0230745,35.1804932,supermarket,,
OpenStreetMap,n432038632,Supermarket,,,,32.201091,35.2161643,supermarket,,
OpenStreetMap,n432036680,Supermarket,,,,32.1307901,35.2083824,supermarket,,
OpenStreetMap,n432008931,Supermarket,,,,32.2046762,35.2851118,supermarket,,
OpenStreetMap,n432007528,Supermarket,,,,32.3069483,35.1651378,supermarket,,
OpenStreetMap,n432007317,Supermarket,,,,32.0857017,35.3286528,supermarket,,
OpenStreetMap,n432006722,Supermarket,,,,32.2015767,35.2123849,supermarket,,
OpenStreetMap,n432053712,Supermarket,,,,32.2493692,35.269493,supermarket,,
OpenStreetMap,n432049955,Supermarket,,,,32.292567,35.216141,supermarket,,
OpenStreetMap,n432040677,Supermarket,,,,32.2829744,35.2191667,supermarket,,
OpenStreetMap,n431995283,Supermarket,,,,32.2374813,35.1838773,supermarket,,
OpenStreetMap,n431965875,Supermarket,,,,32.2008008,35.2140674,supermarket,,
OpenStreetMap,n431964357,Supermarket,,,,32.2063146,35.2849355,supermarket,,
OpenStreetMap,n431968524,Supermarket,,,,32.2063732,35.2852287,supermarket,,
OpenStreetMap,n431985111,Supermarket,,,,32.2061851,35.2850469,supermarket,,
OpenStreetMap,n431977927,Supermarket,,,,32.2735064,35.2165036,supermarket,,
OpenStreetMap,n431976319,Supermarket,,,,32.2048632,35.285258,supermarket,,
OpenStreetMap,n432056718,Supermarket,,,,32.1935003,35.2766089,supermarket,,
OpenStreetMap,n432117463,Supermarket,,,,32.253161,35.2686861,supermarket,,
OpenStreetMap,n432110250,Supermarket,,,,32.2512159,35.2691276,supermarket,,
OpenStreetMap,n432057618,Supermarket,,,,32.2515214,35.271877,supermarket,,
OpenStreetMap,n432131039,Supermarket,,,,32.251404,35.2677986,supermarket,,
OpenStreetMap,n432128782,Supermarket,,,,32.282821,35.2194934,supermarket,,
OpenStreetMap,n432065459,Supermarket,,,,31.5137832,35.1110332,supermarket,,
OpenStreetMap,n432065126,Supermarket,,,,32.2100295,35.1919262,supermarket,,
OpenStreetMap,n432064117,Supermarket,,,,32.14882,35.2569857,supermarket,,
OpenStreetMap,n432060953,Supermarket,,,,32.2497001,35.2672453,supermarket,,
OpenStreetMap,n432097378,Supermarket,,,,32.2930944,35.2186163,supermarket,,
OpenStreetMap,n431634937,Supermarket,,,,31.6718722,35.2263872,supermarket,,
OpenStreetMap,n431633793,Supermarket,,,,31.6487745,35.1762806,supermarket,,
OpenStreetMap,n431633746,Supermarket,,,,31.6363388,35.2223253,supermarket,,
OpenStreetMap,n431924495,Supermarket,,,,32.2920937,35.2160222,supermarket,,
OpenStreetMap,n431924485,Supermarket,,,,32.2506143,35.2691866,supermarket,,
OpenStreetMap,n431917090,Supermarket,,,,32.2075629,35.2816341,supermarket,,
OpenStreetMap,n431912239,Supermarket,,,,32.2007436,35.215958,supermarket,,
OpenStreetMap,n431902265,Supermarket,,,,32.1990718,35.2155293,supermarket,,
OpenStreetMap,n431900646,Supermarket,,,,32.2111874,35.1930605,supermarket,,
OpenStreetMap,n431947597,Supermarket,,,,32.2521219,35.2695646,supermarket,,
OpenStreetMap,n431946646,Supermarket,,,,32.2067836,35.2848085,supermarket,,
OpenStreetMap,n431934213,Supermarket,,,,32.2015005,35.2116879,supermarket,,
OpenStreetMap,n431932705,Supermarket,,,,32.1358502,35.2171941,supermarket,,
OpenStreetMap,n431708803,Supermarket,,,,32.2832639,35.3863484,supermarket,,
OpenStreetMap,n432266817,Supermarket,,,,31.9872834,35.0380277,supermarket,,
OpenStreetMap,n432266779,Supermarket,,,,32.0302685,35.2097651,supermarket,,
OpenStreetMap,n432266691,Supermarket,,,,31.9784044,35.0127448,supermarket,,
OpenStreetMap,n432266616,Supermarket,,,,31.912075,35.2736088,supermarket,,
OpenStreetMap,n432266529,Supermarket,,,,32.0358649,35.2019664,supermarket,,
OpenStreetMap,n432266480,Supermarket,,,,31.9259439,35.0689793,supermarket,,
OpenStreetMap,n432266253,Supermarket,,,,31.963318,35.2942074,supermarket,,
OpenStreetMap,n432266200,Supermarket,,,,32.0278166,35.0166913,supermarket,,
OpenStreetMap,n432263674,Supermarket,,,,32.0327626,35.1043708,supermarket,,
OpenStreetMap,n432266984,Supermarket,,,,31.9776259,35.0106066,supermarket,,
OpenStreetMap,n432267364,Supermarket,,,,31.8523891,35.1118845,supermarket,,
OpenStreetMap,n432267289,Supermarket,,,,31.9510544,35.1567077,supermarket,,
OpenStreetMap,n432267263,Supermarket,,,,31.9765228,35.0089953,supermarket,,
OpenStreetMap,n432267237,Supermarket,,,,32.0480881,35.1657082,supermarket,,
OpenStreetMap,n432267229,Supermarket,,,,31.951923,35.3025451,supermarket,,
OpenStreetMap,n432267225,Supermarket,,,,32.051891,35.126396,supermarket,,
OpenStreetMap,n432267155,Supermarket,,,,31.9834632,35.2617632,supermarket,,
OpenStreetMap,n432267105,Supermarket,,,,31.9708036,35.2272766,supermarket,,
OpenStreetMap,n432267066,Supermarket,,,,31.9698543,35.2881318,supermarket,,
OpenStreetMap,n432267015,Supermarket,,,,31.8411012,35.1283716,supermarket,,
OpenStreetMap,n432265845,Supermarket,,,,32.0367138,35.1050369,supermarket,,
OpenStreetMap,n432265800,Supermarket,,,,31.9868298,35.039371,supermarket,,
OpenStreetMap,n432264310,Supermarket,,,,31.9664718,35.1017562,supermarket,,
OpenStreetMap,n432264301,Supermarket,,,,31.9819798,35.1615922,supermarket,,
OpenStreetMap,n432264228,Supermarket,,,,31.8308268,35.2059701,supermarket,,
OpenStreetMap,n432264222,Supermarket,,,,31.8875969,35.0448831,supermarket,,
OpenStreetMap,n432264214,Supermarket,,,,31.9452955,35.0233977,supermarket,,
OpenStreetMap,n432264185,Supermarket,,,,32.0078718,35.3034806,supermarket,,
OpenStreetMap,n432263972,Supermarket,,,,31.9866622,35.1543182,supermarket,,
OpenStreetMap,n432263933,Supermarket,,,,31.9897269,35.1585949,supermarket,,
OpenStreetMap,n432263927,Supermarket,,,,32.0478784,35.119384,supermarket,,
OpenStreetMap,n432263915,Supermarket,,,,32.0289603,35.0191614,supermarket,,
OpenStreetMap,n432263887,Supermarket,,,,31.9530181,35.3013666,supermarket,,
OpenStreetMap,n432263873,Supermarket,,,,31.9789423,35.0103058,supermarket,,
OpenStreetMap,n432264443,Supermarket,,,,31.9867373,35.0393053,supermarket,,
OpenStreetMap,n432264444,Supermarket,,,,31.9300494,35.298289,supermarket,,
OpenStreetMap,n432264913,Supermarket,,,,31.9770899,35.01088,supermarket,,
OpenStreetMap,n432265586,Supermarket,,,,32.0329065,35.1495281,supermarket,,
OpenStreetMap,n432265261,Supermarket,,,,32.041616,35.1711269,supermarket,,
OpenStreetMap,n432264967,Supermarket,,,,31.851562,35.1097791,supermarket,,
OpenStreetMap,n432264820,Supermarket,,,,32.0473084,35.1744566,supermarket,,
OpenStreetMap,n432264621,Supermarket,,,,31.8502928,35.1513535,supermarket,,
OpenStreetMap,n432264584,Supermarket,,,,31.840021,35.1324196,supermarket,,
OpenStreetMap,n432264511,Supermarket,,,,31.9722641,35.1227751,supermarket,,
OpenStreetMap,n432267432,Supermarket,,,,31.9043549,35.275598,supermarket,,
OpenStreetMap,n432267447,Supermarket,,,,31.8319761,35.148807,supermarket,,
OpenStreetMap,n432269096,Supermarket,,,,32.0524981,35.1278965,supermarket,,
OpenStreetMap,n432270223,Supermarket,,,,31.9486457,35.0430115,supermarket,,
OpenStreetMap,n432270105,Supermarket,,,,31.9329783,35.2985936,supermarket,,
OpenStreetMap,n432270077,Supermarket,,,,31.9099394,35.2728413,supermarket,,
OpenStreetMap,n432270014,Supermarket,,,,31.8515687,35.1112093,supermarket,,
OpenStreetMap,n432269852,Supermarket,,,,32.0408592,35.1778426,supermarket,,
OpenStreetMap,n432269748,Supermarket,,,,31.9746901,35.12286,supermarket,,
OpenStreetMap,n432269617,Supermarket,,,,31.8474523,35.1177375,supermarket,,
OpenStreetMap,n432269343,Supermarket,,,,31.9639695,35.2976387,supermarket,,
OpenStreetMap,n432271581,Supermarket,,,,31.9858188,35.3089545,supermarket,,
OpenStreetMap,n432272140,Supermarket,,,,31.9514752,35.2519121,supermarket,,
OpenStreetMap,n432272138,Supermarket,,,,32.0536941,35.1279628,supermarket,,
OpenStreetMap,n432271780,Supermarket,,,,31.9869564,35.0394316,supermarket,,
OpenStreetMap,n432271497,Supermarket,,,,31.9576564,35.2975835,supermarket,,
OpenStreetMap,n432270636,Supermarket,,,,31.9530116,35.1486972,supermarket,,
OpenStreetMap,n432271314,Supermarket,,,,32.0398275,35.0364199,supermarket,,
OpenStreetMap,n432271250,Supermarket,,,,32.0325374,35.1480879,supermarket,,
OpenStreetMap,n432267448,Supermarket,,,,31.9756784,35.1859284,supermarket,,
OpenStreetMap,n432268952,Supermarket,,,,31.9278578,35.0710904,supermarket,,
OpenStreetMap,n432268108,Supermarket,,,,31.9664818,34.9943397,supermarket,,
OpenStreetMap,n432268038,Supermarket,,,,31.9783132,35.0169295,supermarket,,
OpenStreetMap,n432267939,Supermarket,,,,31.8965845,35.2548841,supermarket,,
OpenStreetMap,n432267933,Supermarket,,,,31.9488604,35.0457868,supermarket,,
OpenStreetMap,n432267916,Supermarket,,,,32.0472533,35.1199002,supermarket,,
OpenStreetMap,n432267856,Supermarket,,,,31.8339519,35.1441111,supermarket,,
OpenStreetMap,n432267646,Supermarket,,,,31.9652697,35.1702722,supermarket,,
OpenStreetMap,n432267639,Supermarket,,,,32.0521827,35.1280065,supermarket,,
OpenStreetMap,n432267612,Supermarket,,,,31.8195283,35.1797988,supermarket,,
OpenStreetMap,n432267582,Supermarket,,,,31.9885066,35.1561535,supermarket,,
OpenStreetMap,n432268153,Supermarket,,,,32.0523067,35.1278305,supermarket,,
OpenStreetMap,n432268224,Supermarket,,,,32.0500787,35.1665292,supermarket,,
OpenStreetMap,n432268586,Supermarket,,,,31.8396102,35.1553468,supermarket,,
OpenStreetMap,n432268887,Supermarket,,,,32.0311977,35.1018467,supermarket,,
OpenStreetMap,n432268820,Supermarket,,,,31.9775627,35.1149733,supermarket,,
OpenStreetMap,n432268814,Supermarket,,,,32.0553245,35.1267699,supermarket,,
OpenStreetMap,n432268613,Supermarket,,,,31.9657931,35.0979248,supermarket,,
OpenStreetMap,n432268493,Supermarket,,,,32.0018953,35.2057889,supermarket,,
OpenStreetMap,n432268407,Supermarket,,,,32.0319255,35.0147151,supermarket,,
OpenStreetMap,n432268329,Supermarket,,,,31.9871975,35.0384428,supermarket,,
OpenStreetMap,n432268303,Supermarket,,,,31.9761348,35.0165242,supermarket,,
OpenStreetMap,n432268281,Supermarket,,,,31.9290367,35.299046,supermarket,,
OpenStreetMap,n432263739,Supermarket,,,,32.0322793,35.1947585,supermarket,,
OpenStreetMap,n432190359,Supermarket,,,,32.2921626,35.2158931,supermarket,,
OpenStreetMap,n432182248,Supermarket,,,,32.2011771,35.2118135,supermarket,,
OpenStreetMap,n432172274,Supermarket,,,,31.6098868,35.0350748,supermarket,,
OpenStreetMap,n432259780,Supermarket,,,,32.0072533,35.3065078,supermarket,,
OpenStreetMap,n432147392,Supermarket,,,,32.3075057,35.1688991,supermarket,,
OpenStreetMap,n432147289,Supermarket,,,,32.2526452,35.269694,supermarket,,
OpenStreetMap,n432142250,Supermarket,,,,32.206813,35.2851017,supermarket,,
OpenStreetMap,n432158607,Supermarket,,,,32.2140029,35.2367846,supermarket,,
OpenStreetMap,n432159428,Supermarket,,,,32.2013787,35.2117807,supermarket,,
OpenStreetMap,n432260180,Supermarket,,,,31.9099665,35.2721704,supermarket,,
OpenStreetMap,n432261769,Supermarket,,,,31.9873262,35.0386497,supermarket,,
OpenStreetMap,n432262530,Supermarket,,,,32.0305284,35.0207854,supermarket,,
OpenStreetMap,n432262394,Supermarket,,,,32.0344334,35.283327,supermarket,,
OpenStreetMap,n432262315,Supermarket,,,,31.9460392,35.0223835,supermarket,,
OpenStreetMap,n432262043,Supermarket,,,,32.034649,35.0395876,supermarket,,
OpenStreetMap,n432262040,Supermarket,,,,32.0327835,35.2899685,supermarket,,
OpenStreetMap,n432262015,Supermarket,,,,31.8496785,35.1157128,supermarket,,
OpenStreetMap,n432261903,Supermarket,,,,32.0486492,35.1682767,supermarket,,
OpenStreetMap,n432261790,Supermarket,,,,31.9727538,35.2583778,supermarket,,
OpenStreetMap,n432262822,Supermarket,,,,31.8524319,35.1108186,supermarket,,
OpenStreetMap,n432262837,Supermarket,,,,31.9270289,35.2396364,supermarket,,
OpenStreetMap,n432263565,Supermarket,,,,31.9899241,35.1579406,supermarket,,
OpenStreetMap,n432263407,Supermarket,,,,32.0198457,35.3472116,supermarket,,
OpenStreetMap,n432262974,Supermarket,,,,32.0532836,35.1275957,supermarket,,
OpenStreetMap,n432263178,Supermarket,,,,32.025143,35.1568894,supermarket,,
OpenStreetMap,n432263092,Supermarket,,,,32.0329277,35.1948897,supermarket,,
OpenStreetMap,n432263091,Supermarket,,,,31.947443,35.1841416,supermarket,,
OpenStreetMap,n432263013,Supermarket,,,,31.8398358,35.1553844,supermarket,,
OpenStreetMap,n432261761,Supermarket,,,,31.8545925,35.1080597,supermarket,,
OpenStreetMap,n432260529,Supermarket,,,,32.0349372,35.2867956,supermarket,,
OpenStreetMap,n432260507,Supermarket,,,,32.0327888,35.2661772,supermarket,,
OpenStreetMap,n432260366,Supermarket,,,,31.9881167,35.2591218,supermarket,,
OpenStreetMap,n432260354,Supermarket,,,,32.0476261,35.1196306,supermarket,,
OpenStreetMap,n432260339,Supermarket,,,,31.911358,35.2676066,supermarket,,
OpenStreetMap,n432260307,Supermarket,,,,32.0306241,35.2075879,supermarket,,
OpenStreetMap,n432260892,Supermarket,,,,32.0271658,35.0180785,supermarket,,
OpenStreetMap,n432261694,Supermarket,,,,32.0046989,35.2082656,supermarket,,
OpenStreetMap,n432261689,Supermarket,,,,31.9664929,35.1015053,supermarket,,
OpenStreetMap,n432261608,Supermarket,,,,31.9553574,35.1630978,supermarket,,
OpenStreetMap,n432261503,Supermarket,,,,32.0317223,35.1992508,supermarket,,
OpenStreetMap,n432261475,Supermarket,,,,31.9544496,35.1601087,supermarket,,
OpenStreetMap,n432261353,Supermarket,,,,32.0353043,35.287103,supermarket,,
OpenStreetMap,n432261339,Supermarket,,,,31.9826385,35.1616495,supermarket,,
OpenStreetMap,n432261140,Supermarket,,,,32.0280803,35.2252775,supermarket,,
OpenStreetMap,n432261131,Supermarket,,,,31.9739325,35.0085351,supermarket,,
OpenStreetMap,n432401845,Supermarket,,,,32.4111308,35.1077812,supermarket,,
OpenStreetMap,n4488744490,Supermarket,,,,32.4230952,35.004122,supermarket,,
OpenStreetMap,n4937709238,Supermarket,,,,32.0008337,35.0741096,supermarket,,
OpenStreetMap,n4940996629,Supermarket,,,,32.0008446,35.0762379,supermarket,,
OpenStreetMap,n4939271258,Supermarket,,,,31.9988199,35.0655792,supermarket,,
OpenStreetMap,n4939265584,Supermarket,,,,31.9989726,35.0677148,supermarket,,
OpenStreetMap,n4938801131,Supermarket,,,,31.9959027,35.065206,supermarket,,
OpenStreetMap,n4938587554,Supermarket,,,,31.9969226,35.0666637,supermarket,,
OpenStreetMap,n4937802481,Supermarket,,,,31.997678,35.0709676,supermarket,,
OpenStreetMap,n4937782110,Supermarket,,,,31.9985242,35.0694549,supermarket,,
OpenStreetMap,n432540877,Supermarket,,,,32.2856754,35.0232765,supermarket,,
OpenStreetMap,n432539551,Supermarket,,,,32.2874174,35.0256902,supermarket,,
OpenStreetMap,n432539514,Supermarket,,,,32.4296512,35.085455,supermarket,,
OpenStreetMap,n432539285,Supermarket,,,,32.28665,35.0232753,supermarket,,
OpenStreetMap,n432541969,Supermarket,,,,32.3130422,35.0407217,supermarket,,
OpenStreetMap,n432543231,Supermarket,,,,32.3259197,35.0574999,supermarket,,
OpenStreetMap,n432542816,Supermarket,,,,32.4303596,35.0879474,supermarket,,
OpenStreetMap,n432542156,Supermarket,,,,32.4320859,35.0809878,supermarket,,
OpenStreetMap,n432538573,Supermarket,,,,32.385803,35.1197253,supermarket,,
OpenStreetMap,n432423598,Supermarket,,,,32.3148264,35.0373514,supermarket,,
OpenStreetMap,n432406635,Supermarket,,,,32.3091392,35.113238,supermarket,,
OpenStreetMap,n432422406,Supermarket,,,,32.4081609,35.0963309,supermarket,,
OpenStreetMap,n432407283,Supermarket,,,,32.3702575,35.1061406,supermarket,,
OpenStreetMap,n432423838,Supermarket,,,,32.4111693,35.0730546,supermarket,,
OpenStreetMap,n432404833,Supermarket,,,,32.2598037,35.1330585,supermarket,,
OpenStreetMap,n432532517,Supermarket,,,,32.2589139,35.1278949,supermarket,,
OpenStreetMap,n432532465,Supermarket,,,,32.2841582,35.1487048,supermarket,,
OpenStreetMap,n432531868,Supermarket,,,,32.30887,35.1135471,supermarket,,
OpenStreetMap,n432531703,Supermarket,,,,32.3761495,35.0651438,supermarket,,
OpenStreetMap,n432531404,Supermarket,,,,32.2605142,35.1314597,supermarket,,
OpenStreetMap,n432407952,Supermarket,,,,32.3856444,35.1204223,supermarket,,
OpenStreetMap,n432411272,Supermarket,,,,32.3033195,35.1224935,supermarket,,
OpenStreetMap,n432411340,Supermarket,,,,32.3066783,35.1143298,supermarket,,
OpenStreetMap,n432418506,Supermarket,,,,32.2616489,35.1288225,supermarket,,
OpenStreetMap,n432416972,Supermarket,,,,32.3664251,35.0703548,supermarket,,
OpenStreetMap,n432416945,Supermarket,,,,32.3861683,35.1198427,supermarket,,
OpenStreetMap,n432416430,Supermarket,,,,32.3109517,35.1130619,supermarket,,
OpenStreetMap,n432416050,Supermarket,,,,32.3132406,35.0366203,supermarket,,
OpenStreetMap,n432414973,Supermarket,,,,32.410746,35.0711795,supermarket,,
OpenStreetMap,n432412416,Supermarket,,,,32.4041105,35.0698133,supermarket,,
OpenStreetMap,n432421805,Supermarket,,,,32.3079103,35.1172072,supermarket,,
OpenStreetMap,n432409373,Supermarket,,,,32.2590012,35.1346274,supermarket,,
OpenStreetMap,n432409967,Supermarket,,,,32.4263048,35.0857518,supermarket,,
OpenStreetMap,n432411964,Supermarket,,,,32.4118846,35.0676842,supermarket,,
OpenStreetMap,n432402159,Supermarket,,,,32.3688864,35.1060161,supermarket,,
OpenStreetMap,n432404562,Supermarket,,,,32.3082725,35.1148956,supermarket,,
OpenStreetMap,n432535594,Supermarket,,,,32.4090466,35.0691296,supermarket,,
OpenStreetMap,n432536680,Supermarket,,,,32.2439039,35.0646427,supermarket,,
OpenStreetMap,n432403952,Supermarket,,,,32.3255535,35.0549945,supermarket,,
OpenStreetMap,n432403937,Supermarket,,,,32.259144,35.1334445,supermarket,,
OpenStreetMap,n432536564,Supermarket,,,,32.3471565,35.0501076,supermarket,,
OpenStreetMap,n432534086,Supermarket,,,,32.4114279,35.1064846,supermarket,,
OpenStreetMap,n432410499,Supermarket (AlSa'beh),,,,32.3077837,35.0432455,supermarket,,
OpenStreetMap,n432274005,Supermarket Abu Falah,,,,32.0126556,35.3025979,supermarket,,
OpenStreetMap,n432289147,Supermarket Abu Shady,,,,32.0322482,35.0134095,supermarket,,
OpenStreetMap,n432394835,Supermarket Al Biqawi,,,,32.4323802,35.0851011,supermarket,,
OpenStreetMap,n13041908385,Supermarket Al Rihan,,,,31.9353782,35.1662761,supermarket,,
OpenStreetMap,n432288564,Supermarket Al'usra,,,,31.9917709,35.1554336,supermarket,,
OpenStreetMap,n9369326973,Supermarket Al-Huwaitat,,,,29.6833746,35.4361425,convenience,,
OpenStreetMap,n7931624018,Supermarket Edmon,,,,33.0816811,35.3744534,supermarket,,
OpenStreetMap,n432281999,Supermarket Extra,,,,31.9081613,35.0603121,supermarket,,
OpenStreetMap,n12568780130,Supermarket Galal,,,,33.0494721,35.4865896,supermarket,,
OpenStreetMap,n12802951729,Supermarket Green,,,,32.0620181,34.7741405,convenience,,
OpenStreetMap,n9065484619,Supermarket H&M,,,,31.9479175,35.8656476,supermarket,,
OpenStreetMap,n7725586327,Supermarket Haj Tarek Mussulman,,,,33.2394719,35.2429495,supermarket,,
OpenStreetMap,n432267404,Supermarket Sameer,,,,31.978705,35.0101097,supermarket,,
OpenStreetMap,n432286886,Supermarket Samer,,,,31.9787072,35.0126377,supermarket,,
OpenStreetMap,n432296239,Supermarket Silwad,,,,31.9689518,35.2631274,supermarket,,
OpenStreetMap,w1304601164,Supermarket abdllah,,,,33.3288585,35.6917682,supermarket,,
OpenStreetMap,n432291870,Supermarket al abwaine,,,,32.0306356,35.2066361,supermarket,,
OpenStreetMap,n432286002,Supermarket rizk sameer,,,,31.9785917,35.0097662,supermarket,,
OpenStreetMap,n432283448,Supermarket sef,,,,31.9538851,35.163283,supermarket,,
OpenStreetMap,n432260292,Supermarket ابو رامي,,,,31.9354435,35.0052274,supermarket,,
OpenStreetMap,n432271387,Supermarket ابو صلاح,,,,32.0347611,35.262228,supermarket,,
OpenStreetMap,n13614307701,Supermarkt 85,,شارع الأمير طلال بن محمد,,32.0618367,35.8978242,supermarket,,
OpenStreetMap,n6232949109,Supersal del Ora,,,,29.5642962,34.9453707,supermarket,,
OpenStreetMap,n432297173,Supremarlet,,,,31.9517288,35.2483727,supermarket,,
OpenStreetMap,n652572552,Sweet Supermarket,,,,31.9610925,35.8745598,convenience,,
OpenStreetMap,w304804116,Sweets Shop,,,,31.3441991,34.3029722,supermarket,,
OpenStreetMap,n432043036,Sweets Shop,,,,32.2521229,35.2691929,supermarket,,
OpenStreetMap,n12568780135,T market,,,,33.0492676,35.487174,supermarket,,
OpenStreetMap,n989113934,T&T,,,,31.2541095,34.7766325,convenience,,
OpenStreetMap,n7284339515,T10 Market,,,,32.5407273,35.8514453,supermarket,,
OpenStreetMap,n10976433112,TAYO ASIAN MARKET,,חיים יחיל 3,,31.2442108,34.8015956,supermarket,,https://www.ta-yo.co.il/
OpenStreetMap,n12960819201,Taba Mall,,,,29.4926088,34.8983698,grocery,,
OpenStreetMap,n432101575,Tal Al Qamar,,,,32.1780399,35.3352267,supermarket,,
OpenStreetMap,n432260749,Tal Safa Supermarket,,,,31.9165523,35.1717106,supermarket,,
OpenStreetMap,n432041858,Talal,,,,32.2175738,35.3203173,supermarket,,
OpenStreetMap,n505043876,Talal Awad Supermarket,,,,31.4187017,34.3489942,supermarket,,
OpenStreetMap,w1057420494,Tamby Supermarket,,,,31.9562331,35.8435108,supermarket,,
OpenStreetMap,n4294377794,Tamer market,,Dair Netham,,32.0033999,35.1148565,supermarket,0597814904,
OpenStreetMap,n672214401,Tannour,,,,31.7923918,35.2370155,supermarket,,
OpenStreetMap,n432391073,Tariq,,,,32.4070494,35.070091,supermarket,,
OpenStreetMap,n12478739799,Ten Market,,,,32.1824258,34.8754824,convenience,,
OpenStreetMap,n11380803881,Ten+,,,,32.8744231,35.0975474,convenience,,
OpenStreetMap,n5793318275,The Desert Castle Bazar,,,,29.9111251,35.412948,supermarket,,
OpenStreetMap,n11611855189,The Grocery,,אוסישקין 43,,31.7787072,35.2122876,supermarket,,
OpenStreetMap,n5115763843,The Market,,המלכים 1,,32.1349451,34.8459321,supermarket,+97235494988,
OpenStreetMap,n6499885221,The Village,,,,32.0186549,35.87081,supermarket,,
OpenStreetMap,n4951022485,The supermarket,,שלומציון המלכה 17,,31.7783528,35.2230767,supermarket,02 6242564,
OpenStreetMap,n431887975,Tile Store,,,,31.5111869,34.9712568,convenience,,
OpenStreetMap,n432225078,Tim Supermarket,,,,31.6500013,35.0662292,supermarket,,
OpenStreetMap,n4365277200,Time Market,,,,32.0859127,34.8861534,convenience,,
OpenStreetMap,w1007490268,Tiv Taam,טיב טעם,,,32.1137601,34.8413246,supermarket,,
OpenStreetMap,n6886464285,ToMe,,Khaleel Al-Wazeer Street - شارع خليل الوزير,,31.5290338,34.4526829,convenience,,
OpenStreetMap,n4188891349,Top & Top,,,,31.9970753,35.841777,supermarket,,
OpenStreetMap,n9083496718,Top Market,,,,31.9393246,35.876137,supermarket,,
OpenStreetMap,n2840976598,Trade Way,,,,31.9925002,35.8137646,convenience,,
OpenStreetMap,n431708712,Tubas Market,,,,32.3153128,35.372235,supermarket,,
OpenStreetMap,n432282123,Turmus Ayaa Building Equipment,,,,32.0356095,35.276185,supermarket,,
OpenStreetMap,w41255324,UNRWA Distribution Center - Al Zaytoon Area,,,,31.5106732,34.4748541,convenience,,
OpenStreetMap,w41253986,UNRWA Stores,,,,31.5173245,34.4828347,convenience,,
OpenStreetMap,w41255089,Uncil Emad For Vegetables and Fruits,,,,31.5069504,34.4540503,supermarket,,
OpenStreetMap,n431636009,Upholstery,,,,31.6983349,35.1798348,supermarket,,
OpenStreetMap,n12595637760,Uzi Market,,,,31.9732476,34.8084571,supermarket,,
OpenStreetMap,n432280532,Vale Market,,,,31.9633209,35.2152008,supermarket,,
OpenStreetMap,n432115919,Vegetable Market,,,,32.200032,35.2112466,supermarket,,
OpenStreetMap,n432111048,Vegetable Market,,,,32.2221814,35.2614602,supermarket,,
OpenStreetMap,n431950330,Vegetable Market,,,,32.1993797,35.2150344,supermarket,,
OpenStreetMap,n431708767,Vegetable Market,,,,32.3072146,35.3654484,supermarket,,
OpenStreetMap,n432356255,Vegetable Shop,,,,32.1127237,35.1944029,supermarket,,
OpenStreetMap,n432298303,Vegetable Shop,,,,32.2040761,35.1314551,supermarket,,
OpenStreetMap,n432346848,Vegetable Shop,,,,32.1137139,35.1437215,supermarket,,
OpenStreetMap,n432346837,Vegetable Shop,,,,32.1143078,35.1404003,supermarket,,
OpenStreetMap,n432349705,Vegetable Shop,,,,32.1270794,35.0997407,supermarket,,
OpenStreetMap,n432331133,Vegetable Shop,,,,32.1911826,35.1354732,supermarket,,
OpenStreetMap,n432000605,Vegetable Shop,,,,32.1512624,35.2582729,supermarket,,
OpenStreetMap,n431957517,Vegetable Shop,,,,32.1927683,35.3704937,supermarket,,
OpenStreetMap,n432122209,Vegetable Shop,,,,32.251778,35.2689033,supermarket,,
OpenStreetMap,n432102976,Vegetable Shop,,,,32.1607526,35.2921382,supermarket,,
OpenStreetMap,n432100074,Vegetable Shop,,,,32.103142,35.290124,supermarket,,
OpenStreetMap,n432073643,Vegetable Shop,,,,32.2499634,35.2693395,supermarket,,
OpenStreetMap,n432089657,Vegetable Shop,,,,32.1081197,35.2682299,supermarket,,
OpenStreetMap,n431925244,Vegetable Shop,,,,32.0847318,35.2580172,supermarket,,
OpenStreetMap,n432185528,Vegetable Shop,,,,32.144214,35.2879651,supermarket,,
OpenStreetMap,n432172054,Vegetable Shop,,,,32.1777558,35.2166717,supermarket,,
OpenStreetMap,n432158058,Vegetable Shop,,,,32.0697279,35.2966517,supermarket,,
OpenStreetMap,n432153519,Vegetable Shop,,,,32.084766,35.3299623,supermarket,,
OpenStreetMap,n432162501,Vegetable Shop,,,,32.1609158,35.28731,supermarket,,
OpenStreetMap,w41313682,Vegetables Shop,,,,31.3408069,34.3067623,supermarket,,
OpenStreetMap,n432395608,Vegetables Shop,,,,32.3711727,35.1072966,supermarket,,
OpenStreetMap,n432422074,Vegetables Shop,,,,32.3528316,35.0805822,supermarket,,
OpenStreetMap,n432010633,Vegetabls Shop,,,,32.307646,35.1653691,supermarket,,
OpenStreetMap,n4127872316,Victory,ויקטורי,שדרות עמק איילון 61,,32.005439,34.946574,supermarket,+972 74-715-7279,https://www.victory.co.il/branch/%D7%A9%D7%95%D7%94%D7%9D/
OpenStreetMap,n9034260811,Victory,ויקטורי,,,32.1012103,34.8266277,supermarket,+972-74-715-7189,
OpenStreetMap,n8889760485,Victory,ויקטורי,,,31.8813051,35.0129965,supermarket,,
OpenStreetMap,n9717132975,Victory,ויקטורי,,,32.70307,35.5852887,supermarket,,
OpenStreetMap,n13041136156,Victory,ויקטורי,,,31.978602,34.812066,supermarket,,
OpenStreetMap,n12198843067,Victory,ויקטורי,,,32.4967137,35.5000131,supermarket,,
OpenStreetMap,w1301043423,Victory,ויקטורי,,,32.0665342,34.7818154,supermarket,,
OpenStreetMap,w289935759,Victory,ויקטורי,,,31.0614785,35.0240753,supermarket,,https://www.mega.co.il
OpenStreetMap,w309053387,Victory,ויקטורי,,,32.7684774,34.9683662,supermarket,,
OpenStreetMap,n704446999,Victory,ויקטורי,,,32.0833927,34.8158904,supermarket,,
OpenStreetMap,w183607571,Ville Mall,,,,31.7025391,35.1928305,supermarket,,
OpenStreetMap,n2698211160,Wadi Al Nile Mini Market,,,,31.9799358,35.8878646,convenience,,
OpenStreetMap,n432140092,Wahat Al Makhfiyah,,,,32.2186563,35.2384235,supermarket,,
OpenStreetMap,n432264345,Wahdan,,,,31.8690165,35.0674994,supermarket,,
OpenStreetMap,n8009028964,Wajih market,,,,33.3149704,35.5216372,supermarket,,
OpenStreetMap,n432265606,Waseem,,,,31.8368118,35.1422062,supermarket,,
OpenStreetMap,n432292485,Watan,,,,31.9628033,35.295122,supermarket,,
OpenStreetMap,n431864780,Wood Storge,,,,31.462668,35.119574,convenience,,
OpenStreetMap,n913293071,Yad Sarah House,,,,32.3389562,34.8583722,convenience,,
OpenStreetMap,n9319816617,Yanboot,,,,31.9896797,35.817383,supermarket,,http://Yanboot.com
OpenStreetMap,n432290877,Yanni Supermarket,,,,31.902275,35.1991038,supermarket,,
OpenStreetMap,n432286490,Yaqoob Supermarket,,,,31.8926756,35.1653046,supermarket,,
OpenStreetMap,n7725589697,Yara Mini Market,,,,33.267117,35.2067927,supermarket,,
OpenStreetMap,w41314608,Yasmeen Supermarket,,,,31.29533,34.2699813,supermarket,,
OpenStreetMap,n431788763,Yatta mall,,,,31.4470537,35.0912428,supermarket,,
OpenStreetMap,n432392673,Yazan,,,,32.3167532,35.1272256,supermarket,,
OpenStreetMap,n432545040,Yazan Supermarket,,,,32.4296207,35.2673599,supermarket,,
OpenStreetMap,n11220157935,Yelisayev,,,,32.0151178,34.7481221,supermarket,,
OpenStreetMap,n1562240451,Yellow,,שדרות לוי אשכול 1,,32.0297016,34.7742828,convenience,,
OpenStreetMap,n4742686100,Yellow,,,,32.0818599,34.8455173,convenience,,
OpenStreetMap,n5776245425,Yellow,,,,32.7945831,35.4042392,convenience,,
OpenStreetMap,n5200867667,Yellow,,,,31.7018274,34.7149716,convenience,,http://www.yellow.co.il/
OpenStreetMap,n4885180484,Yellow,,,,32.0947402,34.8502215,convenience,,
OpenStreetMap,n1953544888,Yellow,,,,32.0480096,34.776431,convenience,,http://www.yellow.co.il/
OpenStreetMap,n1938498337,Yellow,,,,32.0145278,34.7556854,convenience,,http://www.yellow.co.il/
OpenStreetMap,n1905972483,Yellow,,,,32.7075249,34.949086,convenience,,http://www.yellow.co.il/
OpenStreetMap,n1852044496,Yellow,,,,32.0027025,34.8078191,convenience,,http://www.yellow.co.il/
OpenStreetMap,n1741105211,Yellow,,,,32.030901,34.8986866,convenience,,
OpenStreetMap,n1706375025,Yellow,,,,31.4680838,34.774992,convenience,,https://www.yellow.co.il/
OpenStreetMap,n2337545012,Yellow,,,,31.8660905,34.8133186,convenience,,http://www.yellow.co.il/
OpenStreetMap,n3222136461,Yellow,,,,31.8154877,35.0242778,convenience,+972-506-532-265,http://www.yellow.co.il/
OpenStreetMap,n3199972854,Yellow,,,,31.9869806,34.7712282,convenience,,http://www.yellow.co.il/
OpenStreetMap,n3195163761,Yellow,,,,31.755241,34.7790178,convenience,,http://www.yellow.co.il/
OpenStreetMap,n3123610992,Yellow,,,,31.6837176,34.6103136,convenience,,http://www.yellow.co.il/
OpenStreetMap,n3721765902,Yellow,,,,31.9910745,34.8118368,convenience,,http://www.yellow.co.il/
OpenStreetMap,n2904146515,Yellow,,,,32.0457692,34.8131691,convenience,,http://www.yellow.co.il/
OpenStreetMap,n2939685867,Yellow,,,,32.6752417,35.2213999,convenience,,http://www.yellow.co.il/
OpenStreetMap,n13301723141,Yellow,,,,30.6134153,34.8031531,convenience,,
OpenStreetMap,w95198551,Yellow,,,,32.1051553,34.8113472,convenience,,
OpenStreetMap,w95198548,Yellow,,,,32.1048172,34.8120491,convenience,,
OpenStreetMap,n12398454097,Yellow,,,,32.1948271,34.8832093,convenience,,
OpenStreetMap,n12112296472,Yellow,,,,32.0647948,34.7884362,convenience,,
OpenStreetMap,n12000741199,Yellow,,,,31.2780901,34.794589,convenience,+97286491375,http://www.yellow.co.il/
OpenStreetMap,n12526102260,Yellow,,,,32.1528182,34.9214045,convenience,,
OpenStreetMap,w1418751614,Yellow,,,,32.9189388,35.2833613,convenience,,
OpenStreetMap,w399396785,Yellow,,,,32.1661207,34.9278099,convenience,,
OpenStreetMap,w914464972,Yellow,,,,32.7038186,35.5858931,convenience,,
OpenStreetMap,w825712579,Yellow,,,,31.9809051,34.7421521,convenience,,http://www.yellow.co.il/
OpenStreetMap,w563960185,Yellow,,,,31.6307018,34.5592798,convenience,,
OpenStreetMap,w537431125,Yellow,,,,31.955887,35.2564755,convenience,,
OpenStreetMap,n5934367272,Yellow,,,,32.1139652,34.8419684,convenience,,
OpenStreetMap,n5934367270,Yellow,,,,32.110472,34.8413881,convenience,,
OpenStreetMap,n6192298554,Yellow,,,,32.5938189,35.1819457,convenience,,
OpenStreetMap,n6172711642,Yellow,,,,31.6860758,34.9472735,convenience,,
OpenStreetMap,n6125054174,Yellow,,,,33.124822,35.5700679,convenience,,
OpenStreetMap,n6050788927,Yellow,,,,32.3206203,34.8660814,convenience,,
OpenStreetMap,n11361481302,Yellow,,,,32.790942,34.9640597,convenience,,
OpenStreetMap,n11355696311,Yellow,,,,32.8033378,34.9582269,convenience,,
OpenStreetMap,n10946094560,Yellow,,,,32.830407,34.9765259,convenience,,http://www.yellow.co.il/
OpenStreetMap,n10946094558,Yellow,,,,32.8302549,34.9783739,convenience,,http://www.yellow.co.il/
OpenStreetMap,n9231731817,Yellow,,,,32.2875445,34.8980315,convenience,,
OpenStreetMap,n1155559514,Yellow,,,,32.1300778,34.8293102,convenience,,http://www.yellow.co.il/
OpenStreetMap,n4545061740,Yellow Gedera,,,,31.7970364,34.7814947,convenience,,
OpenStreetMap,n1312335784,Yellow market,,,,32.3453325,34.9086021,convenience,,
OpenStreetMap,n2239364530,Yellow בית שמש,,,,31.7556171,34.9846719,convenience,,http://www.yellow.co.il/
OpenStreetMap,n2337416350,Yellow עוז ראשון,,הרצל 15,,31.9719395,34.806761,convenience,,http://www.yellow.co.il/
OpenStreetMap,n2030522223,Yellow פז מילואות,,,,32.881227,35.0954819,convenience,,
OpenStreetMap,n4176691190,Yellow קרית שרת,,,,32.0112316,34.798875,convenience,,
OpenStreetMap,n3693981311,Yes Supermarket,,,,31.912168,35.2134381,supermarket,,
OpenStreetMap,n9556617877,Yohanannof Super Market,,,,31.9372373,34.8862924,supermarket,,
OpenStreetMap,n505112967,Younis Supermarket,,,,31.2706833,34.2648427,supermarket,,
OpenStreetMap,n4127210013,Z Mart,,,,31.9625731,35.2156012,convenience,,
OpenStreetMap,n10174773234,Z-Market,,,,32.0908507,34.8607806,supermarket,,
OpenStreetMap,n1196970320,Z3'ayer Supermarket,,,,31.8779631,35.217002,supermarket,,
OpenStreetMap,n432544827,Zahra Supermarket,,,,32.4554049,35.3639937,supermarket,,
OpenStreetMap,n432265600,Zahrat Al Madaen,,,,31.8260675,35.1086061,supermarket,,
OpenStreetMap,n7106570500,Zait & Zatar,,,,31.9753803,35.8510674,supermarket,,
OpenStreetMap,n3442694426,Zait & Zatar,,,,31.9486221,35.8654933,supermarket,,
OpenStreetMap,n431767605,Zakarneh Comany,,,,32.412053,35.280429,convenience,,
OpenStreetMap,n432305129,Zamzam,,,,32.1657497,34.9760086,supermarket,,
OpenStreetMap,n432164353,Zamzam,,,,32.1499528,35.2582529,supermarket,,
OpenStreetMap,n432415704,Zamzam,,,,32.4086462,35.0703479,supermarket,,
OpenStreetMap,n1543957388,Zamzam Groceries,,בית חנינא,,31.8205702,35.2281082,convenience,,
OpenStreetMap,n432286826,Zarour,,,,31.9024607,35.1983906,supermarket,,
OpenStreetMap,n431927940,Zawata,,,,32.217983,35.2745842,supermarket,,
OpenStreetMap,n6164420386,Zol Uvegadol,,,,31.7825431,35.2198413,supermarket,,
OpenStreetMap,n824066782,Zol leMehadrin,,,,32.3311044,34.8599407,supermarket,,
OpenStreetMap,n5503773234,a 2 z supermarket,,,,31.9694191,35.8996017,convenience,,
OpenStreetMap,n8900461329,abo al3yal,,,,32.116349,35.0970094,supermarket,,
OpenStreetMap,n4166419889,abu as3d,,,,32.0037272,35.2756376,supermarket,0599121771,
OpenStreetMap,n1619910009,abu khaled shop,,,,32.2216364,35.2929517,convenience,,
OpenStreetMap,n7954650532,aby youssef,,,,33.3924548,35.5110305,supermarket,,
OpenStreetMap,n432215043,al ajloune Minimarket,,,,31.5171284,35.1153689,supermarket,,
OpenStreetMap,n7930911839,al amalyee supermarket,,,,33.2761778,35.2148058,supermarket,,
OpenStreetMap,w238839645,al atrash,,,,31.9993522,35.8679733,supermarket,,
OpenStreetMap,w41254391,al batool,,,,31.495503,34.477366,supermarket,,
OpenStreetMap,w238839643,al sultan,,,,31.9993584,35.8678249,supermarket,,
OpenStreetMap,n1374520235,al walaja super market,,,,31.728509,35.1669103,supermarket,,
OpenStreetMap,w238773832,al waleed,,,,31.9989382,35.8684143,supermarket,,
OpenStreetMap,n4349412089,alaa supermarket,,Kufor Ne'meh,,31.9287348,35.086948,supermarket,0598229782,
OpenStreetMap,n2407925688,alaklek supermarket,,,,31.7857986,35.2368997,supermarket,,
OpenStreetMap,n4263608689,albayader,,Arraba 042469116,,32.4064714,35.2028471,supermarket,042469116,
OpenStreetMap,n4177455089,alfahmawi center,,Nablus Street,,32.3193464,35.0586127,supermarket,059-932-6514,
OpenStreetMap,n4184909190,alnojoom,,,,32.0298546,35.2899522,supermarket,,
OpenStreetMap,n10963816424,am:pm,ampm,,,32.1772555,34.8937975,convenience,,
OpenStreetMap,n10130880917,am:pm city market,ampm,,,32.8210242,35.0707498,convenience,,
OpenStreetMap,n13726968001,anan,,,,32.0896541,35.1878634,supermarket,,
OpenStreetMap,w1356913270,ashta w assal,,,,33.3877223,35.4958398,supermarket,,
OpenStreetMap,n9848211667,carmiel market,,,,32.9090091,35.3015328,supermarket,,
OpenStreetMap,n9593980320,city market,,,,32.5192525,35.7892284,supermarket,,
OpenStreetMap,n432275759,city of flowers,,,,32.0170018,35.0674963,supermarket,,
OpenStreetMap,n7282161839,corner,,,,32.5423632,35.855392,supermarket,,
OpenStreetMap,n1196970323,dallol,,,,31.9088749,35.2023733,supermarket,,
OpenStreetMap,n12823281717,deliber,,,,32.1977676,34.8774192,food,,
OpenStreetMap,n7934573797,dikanji,,,,33.387035,35.4460924,supermarket,,
OpenStreetMap,n4356031654,eMarket,,,,32.0882074,34.8871911,convenience,,
OpenStreetMap,n7284665103,fagle,,,,32.5466078,35.8554073,supermarket,,
OpenStreetMap,n1301681217,fruits,,,,29.5651068,34.9569823,supermarket,,
OpenStreetMap,n2544831472,gaby,,,,32.3862501,35.3247583,supermarket,,
OpenStreetMap,n8310691346,ghandour elecrtics,,,,33.3686221,35.4942922,general,,
OpenStreetMap,n7930911847,hashosh shopping,,,,33.2765807,35.215171,supermarket,,
OpenStreetMap,n7935267165,hiba supermarket,,,,33.38233,35.4463747,supermarket,,
OpenStreetMap,n8274199557,home,,,,32.6500102,35.8742049,supermarket,,
OpenStreetMap,n8310691331,jaber rewards store,,,,33.3746269,35.4953306,general,,
OpenStreetMap,n1619909972,john's shop,,,,32.222181,35.2934237,convenience,,
OpenStreetMap,n11958464830,lucky drugstore,,,,32.7804529,35.0097415,supermarket,,
OpenStreetMap,n6799485324,marhaba market - شويخ مول,,,,29.5409482,35.0111507,supermarket,,
OpenStreetMap,n4617734591,marhaba market - شويخ مول,,,,29.5439953,35.0150055,supermarket,,
OpenStreetMap,n1843367338,market בעיר,,,,32.0902393,34.8856332,supermarket,,
OpenStreetMap,n7930911848,matar shopping stores,,,,33.2766708,35.2152385,supermarket,,
OpenStreetMap,n7954650518,max supermarket,,,,33.3881243,35.4927093,supermarket,,
OpenStreetMap,n1100026154,mifgash sinai,,,,32.78266,35.0140815,convenience,,
OpenStreetMap,n1297247751,minimarket,,,,31.1983209,35.3637671,supermarket,,
OpenStreetMap,n907117853,minimarket,,,,31.2012229,35.3633782,supermarket,,
OpenStreetMap,n10136244467,minimarket 7 בעיר,,,,31.2779745,34.7991722,supermarket,,
OpenStreetMap,n9922129696,mix market,,,,32.4725405,35.0928537,convenience,,
OpenStreetMap,n907048399,mix market,,,,31.1983117,35.3633809,supermarket,,
OpenStreetMap,n1812227339,mussa spring ,,,,30.3256494,35.4974724,supermarket,,
OpenStreetMap,n7284991600,omer sky,,,,32.5489474,35.8538957,supermarket,,
OpenStreetMap,n7284942471,omer sky,,,,32.5487938,35.8539607,supermarket,,
OpenStreetMap,n7930911842,paradise beauty clinic,,,,33.2761001,35.2147607,supermarket,,
OpenStreetMap,n432293343,speed way Supermarket,,,,31.9187177,35.2073357,supermarket,,
OpenStreetMap,n1374520238,super Market abu salaem,,,,31.7309031,35.1644848,supermarket,,
OpenStreetMap,n3372475587,super express,,,,32.078842,34.8193582,convenience,,
OpenStreetMap,n8245874674,super mark ghanatios,,,,33.0810537,35.3735103,supermarket,,
OpenStreetMap,n11062960712,super market,,,,31.4224173,35.2337956,supermarket,,
OpenStreetMap,n7282322890,super market,,,,32.5322779,35.8521357,supermarket,,
OpenStreetMap,n2544809438,super market abu-ashraf,,,,32.3813251,35.3242201,supermarket,,
OpenStreetMap,n2544780508,super market al-rahma,,,,32.3824303,35.3240363,supermarket,,
OpenStreetMap,n2544786340,super market al-taqwa,,,,32.3817508,35.3241758,supermarket,,
OpenStreetMap,n2544779168,super market ayman,,,,32.3830238,35.3236554,supermarket,,
OpenStreetMap,n9038424038,super market five stars,,,,32.0160805,35.1212139,supermarket,,
OpenStreetMap,n1298718838,supermarket,,,,29.5545726,34.9621241,supermarket,,
OpenStreetMap,n6407081288,supermarket wael,,,,31.9480596,35.2222139,supermarket,,
OpenStreetMap,n2407925703,supermarket zeina,,,,31.7891326,35.2375955,supermarket,,
OpenStreetMap,n4184909590,turmusayya mall,,,,32.0339343,35.2867594,supermarket,,
OpenStreetMap,n7281814229,uni zone,,,,32.5378661,35.8519183,convenience,,
OpenStreetMap,n10765841556,vegetables,,,,30.5146992,35.534469,convenience,,
OpenStreetMap,n12421595749,wadi rum site,,,,29.6994316,35.4431923,supermarket,,
OpenStreetMap,n1995543445,yellow,,,,32.1161896,34.904238,convenience,,
OpenStreetMap,n2219924170,yellow,,,,32.3452138,34.908585,convenience,,
OpenStreetMap,n13436566660,yellow,,,,31.801099,35.2272186,convenience,,
OpenStreetMap,n12577017302,yellow,,,,30.7926756,34.7690098,convenience,,
OpenStreetMap,n7813941970,yellow,,,,31.9238616,34.9894978,convenience,,
OpenStreetMap,n6508979986,Мания,,,,31.7828945,34.6549996,supermarket,,
OpenStreetMap,n4154535458,Минимаркет,,,,32.0961408,34.9464083,convenience,,
OpenStreetMap,n8443184022,"Минимаркет ""У Аси""",,,,33.0157697,35.096485,supermarket,,
OpenStreetMap,n11704483769,Русский,,,,32.3290517,34.8563414,supermarket,,
OpenStreetMap,n4294056389,махсаней лаав,,ברזילי 1,,32.8383688,35.0597486,supermarket,,
OpenStreetMap,n8113838186,א.נ.א פתרונות מזון ועוד,,,,31.2557212,34.8165327,convenience,+972 8 633 3307,
OpenStreetMap,n12520926627,אביאל Market,,,,31.9686784,34.8037924,supermarket,,
OpenStreetMap,n2470368759,אדום אילת,,,,29.5709615,34.9631001,convenience,,http://www.yellow.co.il/
OpenStreetMap,n10748792518,אדום ירוק,,,,32.1659393,34.8302335,supermarket,,
OpenStreetMap,n12803692994,אדום ירוק,,,,32.0749522,34.8732174,supermarket,,
OpenStreetMap,n12270410085,אדום ירוק,,,,32.0295893,34.7978196,supermarket,,
OpenStreetMap,n11159943440,אדום ירוק,,,,32.0897611,34.861043,supermarket,,
OpenStreetMap,n11044230539,אהבת חסד,,,,31.9257037,35.0394397,supermarket,,
OpenStreetMap,n1831458799,אוהדסטור,,כיכר הרקפות 5א,,32.8075244,34.9761967,convenience,,
OpenStreetMap,n1843372232,אוליבקה,,,,32.0901964,34.8855401,convenience,,
OpenStreetMap,n1251428255,אופן מרקט,,,,32.0207127,34.7393703,convenience,,
OpenStreetMap,n11158436958,אור מרקט,,שדרות חן 30,,31.8989538,34.8040674,convenience,,
OpenStreetMap,n694703652,אורגניק מרקט,,,,31.8964075,34.8116849,convenience,,
OpenStreetMap,n2425255395,אורלאנדו,,,,31.7917633,35.2361438,supermarket,,
OpenStreetMap,n10072992534,אורנים שוק פירות וירקות,,,,32.8022217,34.9832061,supermarket,+972 4-692-2255,
OpenStreetMap,w126603255,אושר עד,אושר עד,הקישון 11,,32.0989367,34.8300524,supermarket,,
OpenStreetMap,n6668166379,אושר עד,אושר עד,,,31.7947635,35.2083734,supermarket,,
OpenStreetMap,n6711910786,אושר עד,אושר עד,,,31.6448739,34.5942591,supermarket,,
OpenStreetMap,n5894774474,אושר עד,אושר עד,,,32.7045821,35.3185546,supermarket,,
OpenStreetMap,w1132934040,אושר עד,אושר עד,,,32.1853738,34.9526984,supermarket,,
OpenStreetMap,w235339975,אושר עד,אושר עד,,,31.8122959,34.6637882,supermarket,,
OpenStreetMap,w229712336,אושר עד,אושר עד,,,32.8617911,35.0984342,supermarket,,
OpenStreetMap,w210753036,אושר עד,אושר עד,,,31.9914839,34.7613076,supermarket,,
OpenStreetMap,w587767263,אושר עד,אושר עד,,,32.4492897,34.9151342,supermarket,,
OpenStreetMap,n4153813576,אושר עד,אושר עד,,,32.1063915,34.8926001,supermarket,,
OpenStreetMap,n4559468228,אושר עד,אושר עד,,,32.4482849,34.914698,supermarket,,
OpenStreetMap,n6036137088,אחים דוידי,,,,31.6847635,34.5741521,convenience,,
OpenStreetMap,n4698034707,אי מרקט,,,,31.9592687,34.7966785,convenience,,
OpenStreetMap,n1850414257,איזבלה,,,,32.0899493,34.885064,convenience,,
OpenStreetMap,n12098062034,אלאעסם11,,,,31.2414456,34.8590484,supermarket,,
OpenStreetMap,n1687419105,אלברט,,,,32.0105707,34.7647867,convenience,,
OpenStreetMap,n12098062047,אלברי,,,,31.2461029,34.8603948,supermarket,,
OpenStreetMap,n1741956186,אלונית,,יוסף לישנסקי 20,,31.9936718,34.7679142,convenience,+972545438703,https://www.doralon.co.il/
OpenStreetMap,n5191338831,אלונית,,המלאכה 2,,32.8038769,35.0166906,convenience,,
OpenStreetMap,n9748606377,אלונית,,,,31.9287122,34.7981942,supermarket,,
OpenStreetMap,n4497041437,אלונית,,,,30.4848833,35.173167,convenience,,http://www.doralon.co.il/
OpenStreetMap,n4672352561,אלונית,,,,32.5082764,34.9320703,convenience,,
OpenStreetMap,n5212316876,אלונית,,,,32.7637934,35.3227669,convenience,,
OpenStreetMap,n1994654548,אלונית,,,,32.4546304,34.939973,convenience,,
OpenStreetMap,n2296488033,אלונית,,,,31.8173615,34.70084,convenience,,http://www.doralon.co.il/
OpenStreetMap,n2214703826,אלונית,,,,32.0971392,34.9068756,convenience,,http://www.doralon.co.il/
OpenStreetMap,n2144730959,אלונית,,,,31.9901297,34.8298481,convenience,,http://www.doralon.co.il/
OpenStreetMap,n1706375023,אלונית,,,,31.3449301,34.8688249,convenience,,https://www.doralon.co.il/
OpenStreetMap,n1706375015,אלונית,,,,31.4221378,34.7863258,convenience,,https://www.doralon.co.il/
OpenStreetMap,n1743698935,אלונית,,,,31.9933592,34.7669803,convenience,+972542081490,http://www.doralon.co.il/
OpenStreetMap,n1811753259,אלונית,,,,32.9267305,35.393312,convenience,,
OpenStreetMap,n1798702767,אלונית,,,,31.6459341,34.7057934,convenience,+972545438742,http://www.doralon.co.il/
OpenStreetMap,n1798702761,אלונית,,,,31.6633534,34.6242382,convenience,+972545438758,http://www.doralon.co.il/
OpenStreetMap,n3247327764,אלונית,,,,32.5560731,34.9577479,convenience,,
OpenStreetMap,n2904664509,אלונית,,,,32.6390944,34.959682,convenience,,http://www.doralon.co.il/
OpenStreetMap,w106153912,אלונית,,,,32.9218724,35.3088642,convenience,+972 54 543 8296,
OpenStreetMap,n13592304249,אלונית,,,,32.5100183,35.521449,convenience,,
OpenStreetMap,n12388468219,אלונית,,,,32.5444062,35.4342357,convenience,,
OpenStreetMap,n12565884289,אלונית,,,,32.0550799,34.7652867,convenience,,
OpenStreetMap,w1340550002,אלונית,,,,32.4920444,35.5517562,convenience,,
OpenStreetMap,w503114922,אלונית,,,,32.4646118,34.9193759,convenience,,
OpenStreetMap,w522809289,אלונית,,,,33.2234856,35.61597,convenience,,
OpenStreetMap,n10538651109,אלונית,,,,31.9027333,34.7982362,convenience,,
OpenStreetMap,n1523880207,אלונית,,,,32.0252458,34.7950823,convenience,,http://www.doralon.co.il/
OpenStreetMap,n1522961221,אלונית,,,,33.1701484,35.5709196,convenience,+972 4 690 4203,
OpenStreetMap,n1193566034,אלונית,,,,31.8821279,34.8787144,convenience,,https://www.doralon.co.il/
OpenStreetMap,n1193566010,אלונית,,,,31.8820754,34.8795031,convenience,,https://www.doralon.co.il/
OpenStreetMap,w945612069,אלונית,,,,32.159875,34.9428666,supermarket,,
OpenStreetMap,n4349312190,אלונית במושב,,,,32.159932,34.9428011,supermarket,+972-54-5438381,
OpenStreetMap,n5503105525,אלונית במושב,,,,32.2035235,34.9108922,supermarket,,
OpenStreetMap,n11355696312,אלטנית,,,,32.459394,34.9650748,convenience,,
OpenStreetMap,n1794416333,אלי ורוני,,Ein Gedi 19,,31.7528662,35.2229925,convenience,,
OpenStreetMap,n5115142372,אלימלך אהבתי לקנות בזול,,,,33.2121144,35.5689831,supermarket,,
OpenStreetMap,n13802089267,אלמה מרקט,,הכלנית 2,,32.190235,34.8867989,supermarket,+972 53-303-2059,https://www.alma-market.co.il/
OpenStreetMap,n12088028826,אלמה מרקט,,,,32.1244351,34.8251133,supermarket,,
OpenStreetMap,n13388325461,אלמה מרקט,,,,31.9838325,34.7641169,supermarket,,
OpenStreetMap,n4695628109,אלמה-מרקט,,,,31.9646458,34.7724824,supermarket,,
OpenStreetMap,n8521568295,אלמה:מרקט,,,,32.1431973,34.843969,supermarket,,
OpenStreetMap,n2407925691,אלעיסאוי,,,,31.7932132,35.2373422,supermarket,,
OpenStreetMap,w1078551279,אם הכרמל,,,,32.7338681,35.0474331,supermarket,,
OpenStreetMap,n10558989623,אמיר בעיר,,,,31.9023187,34.8087601,convenience,,
OpenStreetMap,n12815421940,אניס,,,,31.7666954,35.2092036,supermarket,,
OpenStreetMap,n9131846631,אסיה מרקט,,,,32.6088595,35.289291,supermarket,,
OpenStreetMap,n1766302503,אצטדיון באר שבע,,,,31.252527,34.7861646,convenience,,http://www.yellow.co.il/
OpenStreetMap,n1468349058,אצל מונו,,,,32.01799,34.7646977,convenience,,
OpenStreetMap,n3329049908,אקזוטי,,,,33.212296,35.5707375,supermarket,+972 52 448 0980,
OpenStreetMap,n8849865716,ארקט 4U,,,,31.9622959,34.8028083,supermarket,,
OpenStreetMap,n1536277055,אשל הרצליה,,,,32.1575682,34.8101265,convenience,,https://www.yellow.co.il/
OpenStreetMap,n2398061075,בארין מזון,,,,33.2185366,35.5709102,convenience,,
OpenStreetMap,n7745242987,בבל מרקט,,,,32.0922235,34.85566,convenience,+97237443390,
OpenStreetMap,w580237629,בגין,,,,33.2133092,35.5813058,convenience,,
OpenStreetMap,n13071121776,בול מרקט,,,,32.0865843,34.8630296,convenience,,
OpenStreetMap,n9066187232,בום,,,,32.0911698,34.885292,supermarket,,
OpenStreetMap,w240601372,בורגר קינג,,,,32.0280264,34.8895598,convenience,,
OpenStreetMap,n1201872187,ביג-מרקט,,,,32.023158,34.765183,convenience,,
OpenStreetMap,n2726648562,ביתן מרקט,,,,32.2415271,34.997318,supermarket,,
OpenStreetMap,n5971844953,בסאם סופר מרקט,,,,31.2421631,34.8603759,supermarket,,
OpenStreetMap,n13819327898,בערל ושמערל - מרכז הזול,,בית ישראל 19,,31.7899059,35.2241653,convenience,+972 25824420,
OpenStreetMap,n12694663609,בר כל,,,,32.751023,35.0916825,supermarket,,
OpenStreetMap,n664786401,בר כל,,,,31.8881153,34.8191231,convenience,,
OpenStreetMap,w647260790,בר כל,,,,32.9606592,35.4991023,supermarket,+972 4 638 6183,
OpenStreetMap,n1936696147,בר כל,,,,32.78314,35.0139595,supermarket,,
OpenStreetMap,n12861000195,ברוד,,,,32.695349,35.0514507,convenience,,
OpenStreetMap,n11210218691,ברכת השם,,,,32.0180014,34.7479111,convenience,,
OpenStreetMap,w1442032824,בשביל הארץ,,,,32.8473246,35.1122737,convenience,,
OpenStreetMap,n4832704225,ג'ו,,,,32.6918586,35.064468,convenience,,
OpenStreetMap,n6679633918,ג'וליאן תחנת המזל,,,,32.0750782,34.7955129,convenience,,
OpenStreetMap,n13056462362,ג'וניור Market,,,,32.1905145,34.8749662,convenience,,
OpenStreetMap,n1372897107,ג'וניור בכיכר,,,,32.1789224,34.8049795,convenience,,
OpenStreetMap,n2090405403,ג'יימס ריצ'ארדסון,,,,32.0056469,34.8740952,convenience,,
OpenStreetMap,n4116592313,ג'יימס ריצ'ארדסון,,,,32.0054325,34.8715046,convenience,,
OpenStreetMap,n1110713516,ג'יימס ריצ'ארדסון,,,,32.0037269,34.8722012,convenience,,
OpenStreetMap,n1110695724,ג'יימס ריצ'ארדסון,,,,32.0037632,34.8753901,convenience,,
OpenStreetMap,n3222935411,גוגו,,,,32.5742424,34.9551511,convenience,,
OpenStreetMap,n3113311704,גודיס,,,,32.5663505,34.9430024,convenience,,
OpenStreetMap,n3171775261,גזוז,,,,32.0272929,34.7978113,convenience,,
OpenStreetMap,n4297083566,גן עדן מתוק,,,,32.0598922,34.8284971,convenience,,
OpenStreetMap,n5460213995,גרעיני עפולה,,,,32.5745342,34.9540931,convenience,,
OpenStreetMap,n5137043338,גרעיני עפולה,,,,33.2115465,35.569089,convenience,+972 50 710 5825,
OpenStreetMap,n4841363382,דבאח,,,,32.8282595,35.5127599,supermarket,+972 4 6150 900,
OpenStreetMap,n760610270,דברים יפים,,,,31.7568449,34.9862422,convenience,,
OpenStreetMap,n1837484976,דהן בעיר,,,,32.0930077,34.8834353,convenience,,
OpenStreetMap,n12636593462,דהן מחסני גילדות,,,,31.79081,35.2215329,supermarket,,
OpenStreetMap,n2356070705,דוברבה,,הורדים 18,,33.217048,35.5794078,convenience,,
OpenStreetMap,n1521365760,דון ליאון,,,,32.0239225,34.7619858,convenience,,
OpenStreetMap,n4375509154,דון סון,,,,32.0887305,34.8819945,convenience,,
OpenStreetMap,n1404061567,דוקן,,,,31.3275521,34.9390733,convenience,,
OpenStreetMap,n389438880,דור אלון,,,,32.193723,34.9526649,convenience,,https://www.doralon.co.il/
OpenStreetMap,n9178417915,דור מרקט,,,,32.1788481,34.8792801,supermarket,,
OpenStreetMap,n5910380705,דיל בשפע,,,,31.7645912,35.2055752,supermarket,,
OpenStreetMap,w1156331725,דיל שפע,,,,31.7716851,35.209913,supermarket,,
OpenStreetMap,n10884395331,דנה מרקט,,,,32.9044682,35.2822516,convenience,,
OpenStreetMap,n3493767716,דניאל,,,,29.5598234,34.9508557,supermarket,,
OpenStreetMap,n553451512,דראגסטור רודי'ס,,,,32.7826889,35.0149351,convenience,,
OpenStreetMap,n2283514753,דרגסטור,,,,31.9659642,34.8024633,convenience,,
OpenStreetMap,n1717768354,דרגסטור,,,,32.0946786,34.7833706,convenience,,
OpenStreetMap,n10943919405,דרור חנות,,,,31.7861146,35.194236,convenience,,
OpenStreetMap,n3691499198,דרך המלך,,,,32.6960861,35.0507678,convenience,,
OpenStreetMap,n1746147999,האחים זיל וזול,,,,32.0109532,34.7648165,convenience,,
OpenStreetMap,n10175150220,הגינה של מגי,,,,31.7909239,35.1429966,supermarket,,
OpenStreetMap,w468724606,הגמד,,,,32.5614415,34.9632351,convenience,,
OpenStreetMap,n2203144744,הוד מרקט,,,,32.1681701,34.8423039,convenience,,
OpenStreetMap,n1741956257,החיים הטובים,,,,31.9898573,34.7657565,convenience,,
OpenStreetMap,n8882519626,החיים הטובים,,,,31.7280171,34.7487863,convenience,,
OpenStreetMap,n9041426561,החמניה,,,,32.0885144,34.8690674,convenience,,
OpenStreetMap,n6758989154,החנות בני חסון,,שבטי ישראל,,31.6172337,34.769438,convenience,+97286813555,
OpenStreetMap,n4625883210,הייטק מרקט,,,,32.1008124,34.8508231,convenience,,
OpenStreetMap,n12797262242,הילה מרקט,,ג'ון קנדי 36,,32.0953783,34.9532867,supermarket,,
OpenStreetMap,n2432803089,היפר דודו,,,,32.0749385,34.8900124,supermarket,,
OpenStreetMap,n1941920369,היפר דודו,,,,32.0894967,34.8825124,supermarket,,
OpenStreetMap,n11874049464,היפר כהן,,,,31.5163204,34.5886402,supermarket,,
OpenStreetMap,n2214703828,היפר ליפסקר,,,,31.9923511,34.84937,supermarket,,
OpenStreetMap,n11380794044,הכחול הגדול,,,,32.8757283,35.0960206,convenience,,
OpenStreetMap,n5302023385,הכי זול,,,,32.9810474,35.5458773,supermarket,+972 4 686 0069,http://www.super-sapir.co.il/index.asp
OpenStreetMap,n1673719841,הכל לבית,,,,31.7676418,35.211831,convenience,,
OpenStreetMap,n9471398410,הכל מהכל,,,,31.9087135,35.0139048,supermarket,,
OpenStreetMap,n13033575062,הכפריה,,,,31.4365728,35.0275725,convenience,,
OpenStreetMap,w910069866,הכפריה,,,,32.1732045,34.8755103,supermarket,,
OpenStreetMap,n5242909741,הכפרייה של שוויק,,,,32.3474532,34.8991018,supermarket,,
OpenStreetMap,n1595298802,הלוחמים,,,,32.0352776,34.7675426,convenience,,
OpenStreetMap,n10796630707,המינימרקט של הקיבוץ,,,,33.1792036,35.6218122,supermarket,,
OpenStreetMap,n5159500052,המינימרקט של הקיבוץ,,,,33.1958077,35.6585649,convenience,+972 4 690 7523,
OpenStreetMap,n10126605618,המכולת,,,,32.7925804,35.0140124,convenience,,
OpenStreetMap,n6720068386,המכולת בשכונה,,שושנה פוליאקוב,,31.7858003,35.1952993,supermarket,,
OpenStreetMap,w1037798863,המכולת של אבי,,,,32.7888505,35.5307859,convenience,,
OpenStreetMap,n4570441516,המכולת של בטי,,,,32.0570313,34.7724091,convenience,,
OpenStreetMap,n9299892742,המכולת של יוסי,,,,31.7685706,35.1654573,grocery,,
OpenStreetMap,n1328430331,המכולת של יוסי,,,,32.1134785,34.8151832,convenience,,
OpenStreetMap,n2288503808,המכולת של פעם,,,,32.1074454,34.7976223,convenience,,
OpenStreetMap,n12102015923,המכלת,,,,32.0562439,34.7707173,convenience,,
OpenStreetMap,n4359016384,המקום של חיים,,,,32.0904898,34.8866385,convenience,,
OpenStreetMap,n12431465893,המקום שלנו,,,,32.1882166,34.8828709,convenience,,
OpenStreetMap,n10219822117,המרכולית,,,,32.170095,34.8356928,convenience,,
OpenStreetMap,n12098062046,המרכז למורשת ולתרבות בדואית,,,,31.2469578,34.8546919,supermarket,,
OpenStreetMap,n1102304962,המתוקיה של אמי,,,,32.1227079,34.8162298,convenience,,
OpenStreetMap,n8901997882,הנדלר,,,,32.5696575,34.9405789,supermarket,,
OpenStreetMap,n9570939488,הנקודה,,,,32.1679043,34.8150174,convenience,,
OpenStreetMap,n9587323228,הנקודה,,,,32.1475562,34.8395967,convenience,,
OpenStreetMap,n4339694193,הפינה המתוקה,,השלום 101,,32.0619045,34.8048602,convenience,,
OpenStreetMap,n4891973894,הפינה המתוקה,,,,32.0854153,34.8865723,convenience,,
OpenStreetMap,n13417530502,הפינה של ליבי,,מצדה 75,,31.2588396,34.7880614,convenience,,
OpenStreetMap,n1468349060,הפיצוצייה של מור,,,,32.0153668,34.7648422,convenience,,
OpenStreetMap,n12595637781,הפרלמנט,,,,31.9665462,34.8167406,supermarket,,
OpenStreetMap,n1975875694,הצרכניה,,,,32.0956825,34.7760843,convenience,,
OpenStreetMap,n569641095,הצרכנייה של ברוך,,שמואל הנציב 43,,32.3344442,34.8565086,supermarket,,
OpenStreetMap,n4818072922,הקולה,,מבצע חורב,,32.1008059,34.8841652,convenience,,
OpenStreetMap,n12578971538,הקולה מבגדד,,,,32.0908125,34.8221659,convenience,,
OpenStreetMap,n12509269275,השוק של נחלת יצחק,,,,32.0741019,34.7994661,convenience,+97236092259,
OpenStreetMap,n5252342839,השכונה,,,,31.9657196,34.7967003,convenience,,
OpenStreetMap,n6320494515,השכונתית,,,,32.148544,34.8304055,convenience,,
OpenStreetMap,n5713171523,השכונתית של סם,,,,33.2822106,35.5793273,convenience,,
OpenStreetMap,n1566359991,"השלום ת""א",,,,32.0718817,34.7973325,convenience,,
OpenStreetMap,n6726755286,התחנה,,,,30.9023699,34.4513283,convenience,,
OpenStreetMap,n1989843606,התחנה הישראלית,,,,32.071204,34.7897193,convenience,,
OpenStreetMap,n2324417916,התימניה,,,,32.1924419,34.8812881,food,,
OpenStreetMap,n12662576637,התמניה,,,,32.192082,34.8735653,food,+97297486647,
OpenStreetMap,n8974992684,וואן מרקט,,,,31.9052829,35.0064144,supermarket,,
OpenStreetMap,n5893064805,ווסט,,,,33.1375619,35.7313528,convenience,,
OpenStreetMap,n881082868,ויקטורי,ויקטורי,פרופ׳ הלל וחנן אופנהיימר 10,,31.9102907,34.8074977,supermarket,074-7157246,https://www.victory.co.il/branch/רחובות/
OpenStreetMap,n1824453525,ויקטורי,ויקטורי,חנה סנש 1,,31.7997827,34.662677,supermarket,,https://www.victory.co.il
OpenStreetMap,n279109376,ויקטורי,ויקטורי,,,32.1860435,34.854736,supermarket,,https://www.victory.co.il/
OpenStreetMap,n8930575243,ויקטורי,ויקטורי,,,31.5202517,34.5945295,supermarket,,https://www.victory.co.il
OpenStreetMap,n10544303133,ויקטורי,ויקטורי,,,32.4268308,34.9327661,supermarket,,
OpenStreetMap,n7184189785,ויקטורי,ויקטורי,,,31.9451368,34.8770385,supermarket,,
OpenStreetMap,n6036149286,ויקטורי,ויקטורי,,,31.6761434,34.5758797,convenience,,
OpenStreetMap,n4154451651,ויקטורי,ויקטורי,,,32.0965988,34.9427629,supermarket,,https://www.victory.co.il
OpenStreetMap,n5145515200,ויקטורי,ויקטורי,,,31.8001145,35.1490545,supermarket,,
OpenStreetMap,n4641922790,ויקטורי,ויקטורי,,,31.9678683,34.7641219,supermarket,,https://www.victory.co.il
OpenStreetMap,n1065507449,ויקטורי,ויקטורי,,,32.0887315,34.775544,supermarket,,
OpenStreetMap,n999101292,ויקטורי,ויקטורי,,,32.1817476,34.8701105,supermarket,,
OpenStreetMap,n1163870223,ויקטורי,ויקטורי,,,32.0233054,34.7742063,supermarket,,
OpenStreetMap,n1701724720,זול ובגדול,זול ובגדול,משה קליינמן 4,,31.7633918,35.1750709,supermarket,,
OpenStreetMap,n6885711985,זול ובגדול,זול ובגדול,,,31.7856587,35.2129003,supermarket,,
OpenStreetMap,n5136552490,זול ובגדול,זול ובגדול,,,31.7545579,35.1776471,convenience,,
OpenStreetMap,n11106080556,זול ובגדול,זול ובגדול,,,31.7075801,34.9955522,supermarket,,
OpenStreetMap,n2681171412,זול ובגדול,זול ובגדול,,,31.81225,35.1950273,supermarket,,
OpenStreetMap,n5139793122,זול ובגדול,זול ובגדול,,,31.7661211,35.2046708,supermarket,,
OpenStreetMap,n5133277123,זול ובגדול,זול ובגדול,,,31.8162577,35.203025,supermarket,,
OpenStreetMap,n9493882185,זול טוב,,,,31.7232891,35.222452,supermarket,,
OpenStreetMap,n5185965725,זול טוב,,,,31.7476628,35.223274,convenience,,
OpenStreetMap,n13431212532,זול טוב,,,,31.7591441,35.2025046,supermarket,,
OpenStreetMap,n5055547200,זול מהדרין,,,,32.0478395,34.9555611,supermarket,,
OpenStreetMap,n8957630272,זולבו,,,,31.966081,34.8030482,supermarket,,
OpenStreetMap,n3795978712,זולבו,,,,31.9594844,34.8026145,convenience,,
OpenStreetMap,n4375525957,זליכה,,,,32.0901473,34.8833482,convenience,,
OpenStreetMap,n10965309050,זמורה אורגני,,הראל 5,,31.8055119,35.1525945,supermarket,+972 25797978,https://www.zmora-organi.co.il/Stores.aspx
OpenStreetMap,w201664932,זמורה אורגני,,,,31.7618134,35.2151254,supermarket,,
OpenStreetMap,n13061528013,חביב,,,,32.0745041,34.8710241,supermarket,,
OpenStreetMap,w964014963,חביב,,,,32.061238,34.8619294,supermarket,,
OpenStreetMap,n5810397755,חברותה,,אלכסנדר זייד 36,,32.7071341,35.1236528,supermarket,052-811-1293,https://www.super-market.co.il/vegshop/?u=1277
OpenStreetMap,n13451417283,חלב ודבש,,,,31.7637044,35.1877894,convenience,+972506031444,
OpenStreetMap,n5702972821,חנות,,,,31.7790047,35.2308574,supermarket,,
OpenStreetMap,n5454720089,חנות מכולת,,,,32.0615188,34.8168189,supermarket,,
OpenStreetMap,n3369629493,חנות נוחות צומת המוביל,,,,32.7641413,35.2441368,convenience,,
OpenStreetMap,n824066780,חנניה,,,,32.3304207,34.8591432,supermarket,,
OpenStreetMap,n1504130554,חצות וחצי,,שדרות דב הוז,,32.0230462,34.7696701,convenience,,
OpenStreetMap,n6339251757,חצות וחצי,,,,31.9713898,34.8020125,supermarket,,
OpenStreetMap,n5266143296,חצות וחצי,,,,31.9687921,34.7998936,supermarket,,
OpenStreetMap,n4844028376,חצות וחצי,,,,31.9602771,34.7927457,supermarket,,
OpenStreetMap,n1228264351,חצי חינם,חצי חינם,הרקון,,32.1320872,34.901893,supermarket,,https://www.hazi-hinam.co.il
OpenStreetMap,n1228264344,חצי חינם,חצי חינם,המרכבה 31,,32.0037267,34.8040008,supermarket,+97237357200,https://www.hazi-hinam.co.il
OpenStreetMap,n1059858020,חצי חינם,חצי חינם,המרכבה 31,,32.0100348,34.8097092,supermarket,+97237357200,https://www.hazi-hinam.co.il
OpenStreetMap,w367886818,חצי חינם,חצי חינם,,,32.0345818,34.8503444,supermarket,,https://www.hazi-hinam.co.il
OpenStreetMap,n2499241969,חצי חינם,חצי חינם,,,32.0993991,34.8754904,supermarket,,https://www.hazi-hinam.co.il
OpenStreetMap,n2229574251,חצי חינם,חצי חינם,,,31.9896111,34.7681823,supermarket,+97237357220,https://www.hazi-hinam.co.il
OpenStreetMap,n13787016274,טאיו סופר מרקט אסיאתי,,,,32.8189121,34.9979068,supermarket,,
OpenStreetMap,n5405002701,טבה קסטל,,,,31.9850466,34.768958,supermarket,,
OpenStreetMap,n9124093619,טבע כל,,,,32.1387833,34.8419666,supermarket,,
OpenStreetMap,n1234610829,טבע ספורט קסטל,,המנופים 5,,32.1607639,34.8078266,supermarket,+97299567175,https://www.tevacastel.co.il/
OpenStreetMap,n5700221654,טבע קסטל,,,,32.0687732,34.7828479,supermarket,,
OpenStreetMap,n735849810,טבע קסטל,,,,32.0861707,34.7775315,supermarket,,
OpenStreetMap,n4832895008,טוטו מסודרים,,,,32.0861156,34.8853263,convenience,,
OpenStreetMap,n7845046285,טופ זול,,,,31.6497359,34.5634588,supermarket,,
OpenStreetMap,n1228306575,טיב טעם,טיב טעם,טוליפמן 62,,31.9841311,34.8118474,supermarket,,https://www.tivtaam.co.il
OpenStreetMap,n1171637828,טיב טעם,טיב טעם,פנחס רוזן 72,,32.1147033,34.8262421,supermarket,,https://www.tivtaam.co.il
OpenStreetMap,n1125076356,טיב טעם,טיב טעם,העבודה 14,,32.0103938,34.7495383,supermarket,,https://www.tivtaam.co.il
OpenStreetMap,n1644604311,טיב טעם,טיב טעם,נחלת בנימין 47,,32.0649132,34.7711251,supermarket,,https://www.tivtaam.co.il
OpenStreetMap,n13645571355,טיב טעם,טיב טעם,פנחס רוזן 67,,32.1146232,34.8249799,supermarket,,https://www.tivtaam.co.il
OpenStreetMap,n11698467642,טיב טעם,טיב טעם,סירקין 13,,32.078068,34.8146938,supermarket,+97236708000,
OpenStreetMap,n1988505037,טיב טעם,טיב טעם,בן יהודה,,32.0730128,34.768225,supermarket,,https://www.tivtaam.co.il
OpenStreetMap,n6286327186,טיב טעם,טיב טעם,יהודה המכבי 69,,32.0940221,34.7918338,supermarket,,
OpenStreetMap,n10796961844,טיב טעם,טיב טעם,,,32.089244,34.8812607,supermarket,,
OpenStreetMap,n10923438502,טיב טעם,טיב טעם,,,32.0907692,34.7830523,supermarket,,
OpenStreetMap,w165741399,טיב טעם,טיב טעם,,,31.2415042,34.809508,supermarket,,https://www.tivtaam.co.il
OpenStreetMap,w120796772,טיב טעם,טיב טעם,,,31.810517,34.6561047,supermarket,,https://www.tivtaam.co.il
OpenStreetMap,w191449358,טיב טעם,טיב טעם,,,32.8204122,35.0533308,supermarket,,https://www.tivtaam.co.il
OpenStreetMap,w471850879,טיב טעם,טיב טעם,,,31.6577832,34.5886771,supermarket,,https://www.tivtaam.co.il
OpenStreetMap,n365760515,טיב טעם,טיב טעם,,,32.2741327,34.8625293,supermarket,,https://www.tivtaam.co.il
OpenStreetMap,n279109377,טיב טעם,טיב טעם,,,32.1836178,34.8531199,supermarket,,https://www.tivtaam.co.il
OpenStreetMap,n4437310190,טיב טעם,טיב טעם,,,32.6493139,35.290891,supermarket,,https://www.tivtaam.co.il
OpenStreetMap,n2684096068,טיב טעם,טיב טעם,,,32.007864,34.7990672,supermarket,+97236022900,https://www.tivtaam.co.il
OpenStreetMap,n3758537236,טיב טעם,טיב טעם,,,32.9269102,35.3222391,supermarket,+972 4 958 3134,https://www.tivtaam.co.il
OpenStreetMap,n3988214721,טיב טעם,טיב טעם,,,32.026284,34.8980874,supermarket,+972 3 7507030,https://www.tivtaam.co.il
OpenStreetMap,n5301048277,טיב טעם,טיב טעם,,,32.5128347,34.9051697,supermarket,,https://www.tivtaam.co.il
OpenStreetMap,n1065507428,טיב טעם,טיב טעם,,,32.0873279,34.7748488,supermarket,,https://www.tivtaam.co.il
OpenStreetMap,n1032922315,טיב טעם,טיב טעם,,,32.1578104,34.8421208,supermarket,,https://www.tivtaam.co.il
OpenStreetMap,n1212524617,טיב טעם,טיב טעם,,,32.113953,34.841333,supermarket,,https://www.tivtaam.co.il
OpenStreetMap,n777400968,טיב טעם,טיב טעם,,,32.0798698,34.7815187,supermarket,,https://www.tivtaam.co.il
OpenStreetMap,n894110747,טיב טעם,טיב טעם,,,31.8992509,35.0075684,supermarket,,
OpenStreetMap,n894111416,טיב טעם,טיב טעם,,,31.8903896,34.9644584,supermarket,,
OpenStreetMap,n685973441,טיב טעם,טיב טעם,,,31.9095795,34.8054167,supermarket,,https://www.tivtaam.co.il
OpenStreetMap,n10565802864,טיב טעם בעיר,טיב טעם,,,32.803591,34.9863908,supermarket,,
OpenStreetMap,n454907322,טיב טעם בעיר,טיב טעם,,,32.0850697,34.7727113,supermarket,,
OpenStreetMap,n12520181994,טנא,,,,32.1931758,34.8650482,food,,
OpenStreetMap,w414390510,יד יצחק,,,,32.1062067,34.9388389,supermarket,,
OpenStreetMap,w154226673,יו,,,,31.2541525,34.8177874,supermarket,,
OpenStreetMap,n1012407970,יו,,,,31.2412897,34.8115892,supermarket,,
OpenStreetMap,n716831729,יו,,,,31.899077,35.0210212,supermarket,,
OpenStreetMap,n12094805276,יוחננוף,יוחננוף,,,32.1931207,34.8652525,supermarket,,
OpenStreetMap,w1378257621,יוחננוף,יוחננוף,,,31.7948726,34.7054512,supermarket,,
OpenStreetMap,w1208692443,יוחננוף,יוחננוף,,,31.5245476,34.6067276,supermarket,,
OpenStreetMap,w170350540,יוחננוף,יוחננוף,,,31.8979698,34.8115605,supermarket,,https://yochananof.co.il/
OpenStreetMap,w213435352,יוחננוף,יוחננוף,,,31.9306341,34.7974794,supermarket,,
OpenStreetMap,w193674368,יוחננוף,יוחננוף,,,31.8115385,34.6539981,supermarket,,https://yochananof.co.il/
OpenStreetMap,w388095208,יוחננוף,יוחננוף,,,31.8701253,34.8215854,supermarket,,
OpenStreetMap,w553271959,יוחננוף,יוחננוף,,,31.8905516,34.9611597,supermarket,,
OpenStreetMap,w496490092,יוחננוף,יוחננוף,,,31.9163636,35.0098636,supermarket,,
OpenStreetMap,n4395826288,יוחננוף,יוחננוף,,,32.1052582,34.8943475,supermarket,,https://www.mega.co.il
OpenStreetMap,n5599271225,יוחננוף,יוחננוף,,,32.0623639,34.7916017,supermarket,,
OpenStreetMap,n526105070,יוחננוף,יוחננוף,,,32.0343568,34.848159,supermarket,,https://www.mega.co.il
OpenStreetMap,n767408651,יוחננוף,יוחננוף,,,32.1666288,34.9287986,supermarket,,https://www.mega.co.il
OpenStreetMap,n1625421830,יוחננוף,יוחננוף,,,31.8867456,34.7800313,supermarket,,https://yochananof.co.il/
OpenStreetMap,n1844007801,יוחננוף,יוחננוף,,,31.8601349,34.8145022,supermarket,,https://yochananof.co.il/
OpenStreetMap,n6452175980,יוחננוף רמת השרון,יוחננוף,,,32.1282999,34.8592721,supermarket,+972768176370,https://yochananof.co.il/
OpenStreetMap,w684776797,יחננוף - צומת חולון,,בן צבי 112,,32.0376673,34.7756815,supermarket,+972768176390,http://yochananof.co.il/
OpenStreetMap,w241249775,יינות ביתן,יינות ביתן,דרך הציונות 78,,32.104589,35.1971467,supermarket,,https://www.ybitan.co.il
OpenStreetMap,n6996551727,יינות ביתן,יינות ביתן,,,32.0736055,34.7978679,supermarket,,
OpenStreetMap,n6036137087,יינות ביתן,יינות ביתן,,,31.677454,34.5755181,convenience,,
OpenStreetMap,w340192678,יינות ביתן,יינות ביתן,,,31.9190073,34.8697059,supermarket,,https://www.ybitan.co.il/
OpenStreetMap,w399457593,יינות ביתן,יינות ביתן,,,32.1767483,34.9322756,supermarket,,https://www.ybitan.co.il
OpenStreetMap,w539187986,יינות ביתן,יינות ביתן,,,32.6744428,35.2389367,supermarket,,
OpenStreetMap,w450538007,יינות ביתן,יינות ביתן,,,32.5145979,34.9232774,supermarket,,https://www.ybitan.co.il
OpenStreetMap,n4440264908,יינות ביתן,יינות ביתן,,,31.9777592,34.7697105,supermarket,,https://www.ybitan.co.il
OpenStreetMap,n2846784755,יינות ביתן,יינות ביתן,,,31.9931115,34.7680365,supermarket,,https://www.ybitan.co.il
OpenStreetMap,n5686904499,יינות ביתן,יינות ביתן,,,31.2475406,35.2002669,supermarket,,
OpenStreetMap,n4794810713,יינות ביתן,יינות ביתן,,,31.9864984,34.9144018,supermarket,,https://www.ybitan.co.il
OpenStreetMap,n4598035078,יינות ביתן,יינות ביתן,,,31.9696833,34.783075,supermarket,,https://www.ybitan.co.il
OpenStreetMap,n4927376721,יינות ביתן,יינות ביתן,,,31.9590859,34.880534,supermarket,,https://www.ybitan.co.il/
OpenStreetMap,n1059934790,יינות ביתן,יינות ביתן,,,32.0206966,34.7946189,supermarket,,https://www.ybitan.co.il
OpenStreetMap,n1060352835,יינות ביתן,יינות ביתן,,,32.0027891,34.772564,supermarket,,https://www.ybitan.co.il
OpenStreetMap,n1367823816,יינות ביתן,יינות ביתן,,,31.8642657,34.7415801,supermarket,,https://www.ybitan.co.il
OpenStreetMap,n1861399053,יינות ביתן,יינות ביתן,,,32.0027445,34.8051349,supermarket,,https://www.ybitan.co.il
OpenStreetMap,n1976543823,יינות ביתן,יינות ביתן,,,32.4415525,34.9302152,supermarket,,https://www.ybitan.co.il
OpenStreetMap,n1470966920,יינות ביתן,יינות ביתן,,,31.6680869,34.6022265,supermarket,,https://www.ybitan.co.il
OpenStreetMap,n2697463003,יינות ביתן (סגור),יינות ביתן,,,32.810224,35.067036,supermarket,,https://www.ybitan.co.il
OpenStreetMap,n3778692039,ילו,,,,31.8874767,34.7367706,convenience,,
OpenStreetMap,n10303477537,יעקב,,,,31.9021813,34.8062503,convenience,,
OpenStreetMap,n9296351362,ירקן העיר,,,,32.0990403,34.8981616,supermarket,,
OpenStreetMap,n4464986787,יש בשכונה,,,,32.0865789,34.8820428,supermarket,,
OpenStreetMap,n2697517095,יש בשכונה,,,,32.928457,35.077183,supermarket,,http://www.yesh.co.il
OpenStreetMap,n2501795747,יש בשכונה,,,,32.0829427,34.8263133,supermarket,,http://www.yesh.co.il
OpenStreetMap,n2913454640,יש בשכונה,,,,31.8162436,35.2528186,supermarket,,http://www.yesh.co.il
OpenStreetMap,n673086710,יש בשכונה,,,,31.8009398,35.2287122,supermarket,,
OpenStreetMap,n1902143358,יש בשכונה,,,,31.8933753,34.8216164,supermarket,,http://www.yesh.co.il
OpenStreetMap,n1947285164,יש בשכונה,,,,32.7901109,35.0138081,supermarket,,
OpenStreetMap,n1586894688,יש בשכונה,,,,31.7922281,35.1917005,supermarket,,http://www.yesh.co.il
OpenStreetMap,n12514367659,יש חסד,,שלמה המלך 12,,32.0785492,34.8404146,supermarket,,http://www.yesh.co.il
OpenStreetMap,n6038591851,יש חסד,,,,32.7548116,35.1035871,supermarket,,
OpenStreetMap,n13040800208,יש חסד,,,,31.7679548,35.178607,supermarket,,
OpenStreetMap,n13748057401,יש חסד,,,,31.5371458,34.6036796,supermarket,,
OpenStreetMap,n3988102597,יש חסד,,,,32.0466394,34.9087342,supermarket,,http://www.yesh.co.il
OpenStreetMap,n1078621392,יש חסד,,,,31.7129536,34.9883856,supermarket,,
OpenStreetMap,n4488268888,כהן,,,,32.5161724,35.0038103,convenience,,
OpenStreetMap,n3132054529,כוכב השרון,,,,32.180115,34.9000248,convenience,,
OpenStreetMap,w681562000,כולבו גזר,,,,31.8764037,34.9190943,convenience,,
OpenStreetMap,n1543977728,כיאט,,,,32.8186275,34.9988774,supermarket,,
OpenStreetMap,w699406971,כל בו,,,,32.655727,35.4174944,general,,
OpenStreetMap,n1453597307,כל בו דוד,,,,32.023491,34.7624708,convenience,,
OpenStreetMap,w224855172,כל בו רמות מנשה,,,,32.5961025,35.05584,convenience,,
OpenStreetMap,w439368603,כל-בו,,,,31.5278753,34.5916888,convenience,,
OpenStreetMap,w420008024,כל-בו,,,,31.6131446,34.8948984,convenience,,
OpenStreetMap,n4380991381,כל-בו ניר דוד,,,,32.5049909,35.4567771,convenience,,
OpenStreetMap,n9100711917,כלבו,,,,33.1715563,35.6090715,supermarket,,
OpenStreetMap,w592099317,כלבו,,,,32.5786091,35.1787389,convenience,,
OpenStreetMap,n877972830,כלבו,,,,32.5965559,35.1018789,convenience,,
OpenStreetMap,w190103438,כלבו גדות,,,,33.0195054,35.6182897,convenience,,
OpenStreetMap,n4841476323,כלבו געש,,,,32.2280674,34.8240001,convenience,,
OpenStreetMap,n760044623,כמעט חינם,,,,31.7567833,34.9871535,supermarket,,
OpenStreetMap,n1519948145,כמעט חינם,,,,32.6901614,34.9400764,supermarket,,
OpenStreetMap,w1320347371,כפר אמנים צוקים,,,,30.4915121,35.1663602,supermarket,,
OpenStreetMap,w1007687572,כפריה,,,,32.4014707,34.9144454,convenience,,
OpenStreetMap,n12864031301,כרפור,,רוגזין 21,,31.8040394,34.6427359,convenience,,https://www.carrefour.co.il/
OpenStreetMap,n12691168382,לב השכונה,,,,32.6989683,35.0606852,convenience,,
OpenStreetMap,n1477010493,לגעת באוכל,,,,31.9906015,34.7653639,food,,https://www.tfood.co.il/
OpenStreetMap,n3069770549,לונה מזון מן הטבע,,,,32.565814,34.9435347,supermarket,,
OpenStreetMap,n10784508538,לי-לו-לה,,,,31.258844,35.2148478,convenience,,
OpenStreetMap,n10784508539,לי-לו-לה,,,,31.2550232,35.2083934,convenience,,
OpenStreetMap,w441128195,מאוחדת,,,,31.8810738,35.2452256,supermarket,,
OpenStreetMap,n8896010510,מאי מרקט,,,,32.0878048,34.8897682,convenience,,
OpenStreetMap,n10976175603,מגה,,"הרא""ה 3",,32.0836588,34.8159165,supermarket,,
OpenStreetMap,n7023980196,מגה,,,,32.2792423,34.847322,supermarket,,
OpenStreetMap,w278016740,מגה,,,,32.6041465,35.2980159,supermarket,,https://www.mega.co.il
OpenStreetMap,w623799647,מגה,,,,32.6934934,35.3032942,supermarket,,https://www.mega.co.il
OpenStreetMap,n987508212,מגה,,,,32.1205569,34.8283941,supermarket,,https://www.mega.co.il
OpenStreetMap,n1171637826,מגה,,,,32.1143305,34.8356769,supermarket,,https://www.mega.co.il
OpenStreetMap,n462577032,מגה,,,,32.2870597,34.8662315,supermarket,,https://www.mega.co.il
OpenStreetMap,n767403606,מגה,,,,32.1722388,34.9291699,supermarket,,https://www.edenteva.co.il
OpenStreetMap,n1470967091,מגה,,,,31.6690019,34.6026836,supermarket,,https://www.mega.co.il
OpenStreetMap,n1489348908,מגה,,,,32.0775408,34.8188796,supermarket,,https://www.mega.co.il
OpenStreetMap,n1154998789,מגה בול,,ישראל וישינגרד 14,,32.009804,34.7487198,supermarket,,https://www.mega.co.il
OpenStreetMap,w302539256,מגה בול,,,,32.519315,34.9196285,supermarket,,https://www.mega.co.il
OpenStreetMap,w242833262,מגה בול,,,,33.0200877,35.2825409,supermarket,,https://www.mega.co.il
OpenStreetMap,n4118392310,מגה בול,,,,31.3206289,34.6219673,supermarket,,https://www.mega.co.il
OpenStreetMap,n4117006348,מגה בול,,,,31.4203983,34.5991059,supermarket,,https://www.mega.co.il
OpenStreetMap,n2697521047,מגה בול,,,,32.920288,35.092707,supermarket,,https://www.mega.co.il
OpenStreetMap,n2697482340,מגה בול,,,,32.7786395,35.0409655,supermarket,,https://www.mega.co.il
OpenStreetMap,n1305211071,מגה בעיר,,סוקולוב 48,,32.0222811,34.7746385,supermarket,+97237301821,https://www.mega-bair.co.il/
OpenStreetMap,w67977056,מגה בעיר,,אוריאל שלון 2,,32.7728223,35.0127946,supermarket,,https://www.mega-bair.co.il/
OpenStreetMap,w170516844,מגה בעיר,,אלכסנדר ינאי 3,,32.7966056,34.9780405,supermarket,+972 4 838 3811,https://www.mega-bair.co.il/
OpenStreetMap,n9002085624,מגה בעיר,,,,32.1675001,34.8491875,supermarket,,
OpenStreetMap,n8168182894,מגה בעיר,,,,32.1805923,34.8752029,supermarket,,
OpenStreetMap,n11252979355,מגה בעיר,,,,32.4291372,34.9444312,supermarket,,
OpenStreetMap,w400664479,מגה בעיר,,,,32.1688535,34.856549,supermarket,,
OpenStreetMap,n2813028146,מגה בעיר,,,,32.5660934,34.9424408,supermarket,,https://www.mega-bair.co.il/
OpenStreetMap,n3734869705,מגה בעיר,,,,32.3074195,34.8688371,supermarket,,https://www.mega-bair.co.il/
OpenStreetMap,n3083251704,מגה בעיר,,,,32.3280059,34.8538741,supermarket,,https://www.mega-bair.co.il/
OpenStreetMap,n3461420325,מגה בעיר,,,,32.090748,34.7890275,supermarket,,https://www.mega-bair.co.il/
OpenStreetMap,n1102324018,מגה בעיר,,,,32.1202452,34.8201593,supermarket,,https://www.mega-bair.co.il/
OpenStreetMap,n984578587,מגה בעיר,,,,32.0575645,34.8112446,supermarket,,https://www.mega-bair.co.il/
OpenStreetMap,n989114036,מגה בעיר,,,,31.2466376,34.7768661,supermarket,,https://www.mega-bair.co.il/
OpenStreetMap,n1168942587,מגה בעיר,,,,32.0530847,34.8096742,supermarket,,https://www.mega-bair.co.il/
OpenStreetMap,n1185705063,מגה בעיר,,,,32.018503,34.7640001,supermarket,,https://www.mega-bair.co.il/
OpenStreetMap,n542638532,מגה בעיר,,,,32.3239101,34.8550637,supermarket,,https://www.mega-bair.co.il/
OpenStreetMap,n894106964,מגה בעיר,,,,31.9118709,35.0019622,supermarket,,https://www.mega-bair.co.il/
OpenStreetMap,n566600174,מגה בעיר,,,,31.7754576,35.1878331,supermarket,,https://www.mega-bair.co.il/
OpenStreetMap,n582050117,מגה בעיר,,,,32.3330995,34.8543619,supermarket,,https://www.mega-bair.co.il/
OpenStreetMap,n669838664,מגה בעיר,,,,32.0678512,34.8458264,supermarket,,https://www.mega-bair.co.il/
OpenStreetMap,n1682368574,מגה בעיר,,,,32.1650686,34.8244207,supermarket,,https://www.mega-bair.co.il/
OpenStreetMap,n1672108911,מגה בעיר,,,,32.0591595,34.8161614,supermarket,,https://www.mega-bair.co.il/
OpenStreetMap,n2145114764,מגה בעיר,,,,32.2692402,34.8907523,supermarket,,https://www.mega-bair.co.il/
OpenStreetMap,n1758968553,מגה בעיר,,,,32.020435,34.758273,supermarket,,https://www.mega-bair.co.il/
OpenStreetMap,n1838564425,מגה בעיר,,,,32.0939377,34.8896342,supermarket,,https://www.mega-bair.co.il/
OpenStreetMap,n1422424405,מגה בעיר,,,,32.1880665,34.8129855,supermarket,,https://www.mega-bair.co.il/
OpenStreetMap,n1387607594,מגה בעיר,,,,31.8893731,35.0347336,supermarket,,https://www.mega-bair.co.il/
OpenStreetMap,w387132453,מגה מרקט,,,,32.3184627,34.8786882,supermarket,,
OpenStreetMap,n1880782356,מגהבול,,,,32.0095461,34.748998,convenience,,http://www.megabool.co.il/
OpenStreetMap,n10301941457,מורן מרקט,,,,31.8994824,34.8072917,convenience,,
OpenStreetMap,n3073164253,מזוז בעיר,,,,32.0304421,34.7621747,supermarket,,
OpenStreetMap,n11279798397,מזון בכפר,,,,33.0009357,35.271429,supermarket,+97249973310,
OpenStreetMap,n4825247660,מזנון קפצובה,,,,31.7856723,35.1149952,convenience,,
OpenStreetMap,n1391411372,מחסני השוק,מחסני השוק,זאב ז'בוטינסקי 128,,32.0903398,34.82134,supermarket,,
OpenStreetMap,n6096015386,מחסני השוק,מחסני השוק,,,29.571242,34.9589793,supermarket,,
OpenStreetMap,w154226714,מחסני השוק,מחסני השוק,,,31.2555817,34.8187442,supermarket,,
OpenStreetMap,w647260793,מחסני השוק,מחסני השוק,,,32.9606164,35.4994589,supermarket,+972 4 689 4660,https://m-shuk.net/
OpenStreetMap,n2438399140,מחסני השוק,מחסני השוק,,,31.800762,34.6622559,supermarket,,
OpenStreetMap,n3474843457,מחסני השוק,מחסני השוק,,,31.059727,35.0210022,supermarket,,
OpenStreetMap,n3423822870,מחסני השוק,מחסני השוק,,,31.7568046,35.166807,supermarket,,
OpenStreetMap,n3416318626,מחסני השוק,מחסני השוק,,,31.239996,34.7938337,supermarket,,
OpenStreetMap,n5180401105,מחסני השוק,מחסני השוק,,,31.3734475,34.8094799,supermarket,,
OpenStreetMap,n987097332,מחסני השוק,מחסני השוק,,,31.2360092,34.7751072,supermarket,,
OpenStreetMap,n992021281,מחסני השוק,מחסני השוק,,,31.2596997,34.7803701,supermarket,,
OpenStreetMap,n5427078922,מחסני השוק יד בנימין,מחסני השוק,,,31.7926351,34.8241264,supermarket,,
OpenStreetMap,n7822686535,מחסני להב,,,,31.7666677,34.6308497,supermarket,,
OpenStreetMap,w291431994,מחסני להב,,,,32.8383792,35.0597551,supermarket,,
OpenStreetMap,w99882745,מחסני להב,,,,32.776058,35.0084594,supermarket,,
OpenStreetMap,n2380719086,מחסני להב,,,,32.8344943,35.0883362,supermarket,,
OpenStreetMap,n886469024,מחסני להב,,,,32.32608,34.8620922,supermarket,,
OpenStreetMap,n9221782712,מחסני מזון,,,,32.810799,35.0715745,supermarket,,
OpenStreetMap,n4151921343,מחסני מזון,,,,32.1017056,34.8838844,supermarket,,
OpenStreetMap,n3741391093,מחסני מזון,,,,32.7671127,34.9674808,supermarket,,
OpenStreetMap,n2697510499,מחסני מזון (פרשמרקט),,,,32.854735,35.093537,supermarket,,
OpenStreetMap,w362811812,מחסני מכר,,,,31.2462562,34.7974744,supermarket,,
OpenStreetMap,n5969785391,מידנייט,,,,31.901774,34.8091698,convenience,,
OpenStreetMap,n1350040078,מיטלנד,,,,32.1809639,34.8734663,convenience,,
OpenStreetMap,n5878276338,מיכה,,בועז 2,,32.7988026,34.9800348,supermarket,,
OpenStreetMap,n3691498206,מיני מרקט אדי מקלדה,,,,32.6968176,35.0536654,convenience,,
OpenStreetMap,w415104752,מיני מרקט השכונתית,,חביבה רייך 14,,31.2584486,34.8085651,convenience,,
OpenStreetMap,n6682080637,מיני מרקט חזי,,,,32.1339347,34.840744,supermarket,,
OpenStreetMap,n3691499131,מיני מרקט נסראלדין,,,,32.6930353,35.0477394,convenience,,
OpenStreetMap,n12707525933,מיני מרקט סופרימו,,,,32.6960467,35.0514828,convenience,,
OpenStreetMap,w435602028,מיני-מקס,,,,31.5254833,34.5982766,convenience,,
OpenStreetMap,w1280492591,מיניכל,,,,32.0351812,34.8567948,convenience,,
OpenStreetMap,n8084138847,מיניכל,,,,31.8824324,34.8116687,convenience,,
OpenStreetMap,w436751590,מינימרקט,,,,31.5268299,34.6049712,convenience,,
OpenStreetMap,n8977148052,מינימרקט,,,,31.7419865,34.8797452,convenience,,
OpenStreetMap,n9585027180,מינימרקט 7 בעיר,,,,31.2592638,34.7964762,supermarket,,
OpenStreetMap,w414262480,מינימרקט א.א.,,,,32.0952057,34.9525942,convenience,,
OpenStreetMap,n5934127577,מינימרקט אדל,,,,32.1186424,34.8398925,convenience,,
OpenStreetMap,n2121858100,מינימרקט אורי,,דוד אלעזר 3,,31.892515,34.7749553,supermarket,,
OpenStreetMap,n9757171091,מינימרקט אורי,,,,32.0953728,34.8941477,convenience,,
OpenStreetMap,n10018076394,מינימרקט אזור,,,,32.0242236,34.8098753,convenience,,
OpenStreetMap,n5326867854,מינימרקט אלואדי,,,,32.6946041,35.0652319,convenience,,
OpenStreetMap,n9261471617,מינימרקט אלימלך,,,,32.1475112,34.84575,convenience,,
OpenStreetMap,n8306580466,מינימרקט אלעטר,,,,32.031227,34.8653025,supermarket,,
OpenStreetMap,w898070880,מינימרקט בית אריה,,,,32.0375947,35.0501061,supermarket,,
OpenStreetMap,n1431830644,מינימרקט בן חמו,,,,32.6555478,35.1049112,supermarket,,
OpenStreetMap,n12487941342,מינימרקט גבריאל,,,,31.5318584,34.5881733,convenience,,
OpenStreetMap,n5023133143,מינימרקט גולומב,,,,32.0690143,34.8122104,convenience,+972 3 731 4789,
OpenStreetMap,n9628839207,מינימרקט דודו,,,,31.7583242,35.2149438,convenience,,
OpenStreetMap,n12772700657,מינימרקט היובל,,,,32.1819654,34.8710506,convenience,,
OpenStreetMap,n1761616156,מינימרקט הפינה,,,,32.0092178,34.7572978,convenience,,
OpenStreetMap,n6464295271,מינימרקט הפינה,,,,32.9683843,35.5375362,convenience,,
OpenStreetMap,n1758968554,מינימרקט השחר,,,,32.0212204,34.7574578,convenience,,
OpenStreetMap,n6197357812,מינימרקט השכונה,,,,31.8959216,34.8131069,supermarket,,
OpenStreetMap,n11220189123,מינימרקט התאומים,,,,32.017727,34.744597,convenience,,
OpenStreetMap,n2577660799,מינימרקט חן-לי,,,,32.105144,34.7900197,convenience,,
OpenStreetMap,n5210580522,מינימרקט כהן,,,,32.0922851,34.8905533,convenience,,
OpenStreetMap,n5022484534,מינימרקט כהן,,,,32.0883391,34.8855436,convenience,+972 3 9665244,
OpenStreetMap,n5143549736,מינימרקט לב העיר,,,,33.2071821,35.5688939,convenience,+972 4 694 4245;+972 50 555 5133,
OpenStreetMap,n12326966500,מינימרקט לוינסקי,,,,32.0587878,34.7753421,convenience,,
OpenStreetMap,n1643304649,מינימרקט מאנה,,,,32.0789888,34.7811184,convenience,,
OpenStreetMap,n11192931516,מינימרקט מיכאל,,,,32.0866665,34.8888871,supermarket,,
OpenStreetMap,n2196453570,מינימרקט משה,,,,32.1914416,34.8783565,convenience,,
OpenStreetMap,n5111543695,מינימרקט נופית חרמון,,,,33.2207747,35.591084,convenience,+972 4 690 4708,
OpenStreetMap,n2398150609,מינימרקט נירית,,,,32.145733,34.9855307,convenience,,
OpenStreetMap,n4375517502,מינימרקט נתנאל,,,,32.0894291,34.8815149,convenience,,
OpenStreetMap,n1234965593,מינימרקט סטרומה,,,,32.0230519,34.7695733,convenience,,
OpenStreetMap,n10018606739,מינימרקט עדי,,,,32.0256885,34.8093695,convenience,,
OpenStreetMap,n4493179889,מינימרקט פועה,,פועה 1,,32.8126229,34.9902886,supermarket,,
OpenStreetMap,n11911871747,מינימרקט ציון,,דוד רמז 66,,31.8959112,34.8054754,convenience,,
OpenStreetMap,w548230980,מינימרקט צלי,,,,31.9388612,35.1333972,supermarket,,
OpenStreetMap,n4378665517,מינימרקט קורל,,,,32.0745607,34.8912179,convenience,,
OpenStreetMap,n11220189081,מינימרקט רוזה,,,,32.0172411,34.7454601,convenience,,
OpenStreetMap,n6339252173,מינימרקט רפי,,,,31.9732799,34.8031058,convenience,,
OpenStreetMap,n2414976599,מינימרקט שיש בו הכל,,,,33.2298409,35.6393364,convenience,,
OpenStreetMap,n9296351363,מינמרקט בנצי,,,,32.0990927,34.8983254,supermarket,,
OpenStreetMap,n4365286353,מיקס מרקט,,,,32.0862105,34.8861102,convenience,,
OpenStreetMap,w938753518,מירון פלוס,,,,32.9887358,35.4404866,supermarket,,
OpenStreetMap,n5892633774,מכולת,,,,31.6584133,34.5674907,supermarket,,
OpenStreetMap,n12532166545,מכולת,,,,32.0253397,34.7509874,convenience,,
OpenStreetMap,w552094678,מכולת,,,,31.6723568,34.9426936,convenience,,
OpenStreetMap,n12091726397,מכולת,,,,32.0672928,34.8083027,supermarket,,
OpenStreetMap,n1459334474,מכולת,,,,32.0252035,34.7514037,convenience,,
OpenStreetMap,n759180257,מכולת,,,,31.7824006,35.1617801,convenience,,
OpenStreetMap,w759977531,מכולת,,,,31.8245671,35.1307188,supermarket,,
OpenStreetMap,w501659225,מכולת,,,,32.9595597,35.4954189,supermarket,,
OpenStreetMap,n4392702247,מכולת,,,,31.8803373,35.2399531,supermarket,,
OpenStreetMap,n1437276735,מכולת,,,,32.182207,34.8824599,supermarket,,
OpenStreetMap,n9995471550,מכולת אבו אמיק,,,,31.800224,35.1212861,convenience,,
OpenStreetMap,n12718471701,מכולת אל-רום,,,,33.1798165,35.7720962,supermarket,,
OpenStreetMap,n9717114107,מכולת אלטיאר,,,,31.2662824,34.8006299,convenience,,
OpenStreetMap,n2324656797,מכולת אמנון,,,,32.0924709,34.8158799,convenience,,
OpenStreetMap,n1952870319,מכולת אנטון,,יפת 35,,32.0509233,34.7529973,convenience,,
OpenStreetMap,n10808011707,מכולת בית קשת,,בית קשת,,32.7195341,35.3942514,supermarket,,
OpenStreetMap,n3089837653,מכולת בניה,,,,31.8435492,34.7523609,convenience,,
OpenStreetMap,w126551478,מכולת בקוע,,,,31.8282357,34.9280702,convenience,,
OpenStreetMap,w776949406,מכולת ברכה משמים,,הדר 8,,32.1923373,35.2639413,general,,
OpenStreetMap,w506467416,מכולת דני,,,,32.9595663,35.490515,convenience,,
OpenStreetMap,n1906221768,מכולת האח הגדול,,חרוב 19,,32.8132984,34.9676136,convenience,,
OpenStreetMap,n1791432773,מכולת הגיסים,,,,32.0232582,34.8110212,convenience,,
OpenStreetMap,n1425189592,מכולת הושעיה,,,,32.7567626,35.2978338,convenience,,
OpenStreetMap,n4449120512,מכולת המרכז,,,,32.693549,35.0459951,convenience,,
OpenStreetMap,n5336591721,מכולת הר אדר,,,,31.8245015,35.1307539,supermarket,,
OpenStreetMap,n5644364230,מכולת השיכון,,,,32.0936992,34.8133915,convenience,,
OpenStreetMap,w372453806,מכולת השכונה,,,,31.8763392,34.725662,supermarket,,
OpenStreetMap,n10178206819,מכולת חמד,,,,32.0196262,34.8413293,supermarket,,
OpenStreetMap,w497984233,מכולת מאור חיים,,,,32.9656162,35.4872034,convenience,,
OpenStreetMap,n13426671192,"מכולת מהרש""ל",,"מהרש""ל 16",,32.0846656,34.8334375,supermarket,,
OpenStreetMap,n4445118000,מכולת מעלה גמלא,,,,32.8905341,35.684169,convenience,,
OpenStreetMap,n8574276364,מכולת נוה צוף,,,,32.005504,35.1220258,supermarket,,
OpenStreetMap,n3988070116,מכולת נופך,,,,32.0447513,34.9214894,convenience,,
OpenStreetMap,n4260769641,מכולת עין הוד,,,,32.7017359,34.9806294,convenience,,
OpenStreetMap,n1586884505,מכולת ציון,,,,31.7919996,35.1942965,convenience,,
OpenStreetMap,n5454720090,מכולת שכונתית,,,,32.0620236,34.8189147,supermarket,,
OpenStreetMap,n778960872,מכלת 31,,שיינקין 31,,32.0746266,34.8122431,convenience,,
OpenStreetMap,n1468349061,מכלת יהודה וגבי,,,,32.0154388,34.7648386,supermarket,,
OpenStreetMap,n6507149916,מלך הפינה,,,,32.0735309,34.7815837,convenience,,
OpenStreetMap,n5137049763,מלך השקל,,,,33.2118991,35.5693739,convenience,+972 50 282 0868,
OpenStreetMap,n7793180085,ממניס,,,,29.5428561,34.9289478,convenience,,
OpenStreetMap,n13664318566,ממתקי אליה,,,,31.8008282,35.2272647,convenience,,
OpenStreetMap,n1622283370,מנטה,,זאב ז'בוטינסקי 4,,32.0826067,34.8024156,convenience,+97236135468,
OpenStreetMap,n1716729158,מנטה,,שדרות ירושלים 210,,32.0328785,34.7510654,convenience,+97236590101,http://www.delek.co.il
OpenStreetMap,n1638361036,מנטה,,טוליפמן 1,,31.983559,34.811238,convenience,,
OpenStreetMap,n4426108473,מנטה,,חברון 10,,31.2520606,34.8199883,convenience,,http://www.delek.co.il
OpenStreetMap,n2904146514,מנטה,,שלם 1,,32.0536781,34.8125393,convenience,,http://www.delek.co.il
OpenStreetMap,n4429532174,מנטה,,,,29.5616995,34.9381797,convenience,,http://www.delek.co.il
OpenStreetMap,n4429242318,מנטה,,,,30.9851577,35.3074047,convenience,,
OpenStreetMap,n5349892859,מנטה,,,,31.7273323,34.7502424,convenience,,
OpenStreetMap,n5238536645,מנטה,,,,31.8045418,35.3258823,convenience,,http://www.delek.co.il
OpenStreetMap,n5598363160,מנטה,,,,32.7792977,35.4990905,convenience,,
OpenStreetMap,n5599617376,מנטה,,,,32.0713044,34.7945528,convenience,,
OpenStreetMap,n5144438871,מנטה,,,,32.2829955,34.857559,convenience,,http://www.delek.co.il
OpenStreetMap,n2086505170,מנטה,,,,32.4354632,34.9103562,convenience,,
OpenStreetMap,n1993734762,מנטה,,,,32.9824209,35.5573944,convenience,,
OpenStreetMap,n2086940740,מנטה,,,,32.4397698,34.9110428,convenience,,
OpenStreetMap,n2311908015,מנטה,,,,32.0512601,34.9041478,convenience,,http://www.delek.co.il
OpenStreetMap,n2252682295,מנטה,,,,32.1636744,34.8224703,convenience,,http://www.delek.co.il
OpenStreetMap,n2105772035,מנטה,,,,32.05727,34.7591744,convenience,,http://www.delek.co.il
OpenStreetMap,n1739807819,מנטה,,,,32.0867547,34.8116557,convenience,,https://www.delek.co.il/
OpenStreetMap,n1705751769,מנטה,,,,31.3049245,34.8984769,convenience,,https://www.delek.co.il/
OpenStreetMap,n1741956204,מנטה,,,,31.9888035,34.7652515,convenience,,https://www.delek.co.il/
OpenStreetMap,n1811770173,מנטה,,,,32.9044372,35.5223415,convenience,,
OpenStreetMap,n1799625718,מנטה,,,,31.6514572,34.7671164,convenience,,http://www.delek.co.il
OpenStreetMap,n1798702765,מנטה,,,,31.5889427,34.7582297,convenience,+97286810584,http://www.delek.co.il
OpenStreetMap,n3372103993,מנטה,,,,32.5906662,34.9363885,convenience,,
OpenStreetMap,n3365395535,מנטה,,,,32.5713181,34.9381938,convenience,,
OpenStreetMap,n3949834334,מנטה,,,,32.6385869,35.3443462,convenience,,
OpenStreetMap,n3778692042,מנטה,,,,31.8874413,34.7345624,convenience,,
OpenStreetMap,n2470368758,מנטה,,,,29.573191,34.9637544,convenience,,http://www.delek.co.il
OpenStreetMap,n2366076843,מנטה,,,,32.7098947,35.1434361,convenience,,http://www.delek.co.il
OpenStreetMap,n2939671625,מנטה,,,,32.7064313,35.1722007,convenience,,http://www.delek.co.il
OpenStreetMap,w1021106745,מנטה,,,,32.185512,34.8536457,convenience,,
OpenStreetMap,w507061865,מנטה,,,,31.872641,35.2598543,convenience,,
OpenStreetMap,n6614738175,מנטה,,,,31.9203357,35.0074272,convenience,+9728622574,http://www.delek.co.il
OpenStreetMap,n5997932988,מנטה,,,,32.6023409,35.017973,convenience,,https://menta.delek.co.il/
OpenStreetMap,n10055663027,מנטה,,,,32.9295061,35.2991,convenience,,
OpenStreetMap,n10946094559,מנטה,,,,32.8302436,34.9774741,convenience,,http://www.delek.co.il
OpenStreetMap,n1638321175,מנטה,,,,32.0041846,34.8185213,convenience,,
OpenStreetMap,n410078615,מנטה,,,,32.0352807,35.0137049,convenience,,
OpenStreetMap,n1576931607,מנטה,,,,32.0302048,34.795777,convenience,+972577567390,http://www.delek.co.il/
OpenStreetMap,n1516968441,מנטה,,,,31.7611309,34.6686715,convenience,,http://www.delek.co.il
OpenStreetMap,n1156267044,מנטה,,,,32.132274,34.8323705,convenience,,
OpenStreetMap,n10609017905,מעדני מניה,,יואב 1,,32.8283578,34.9776902,convenience,,https://mania-m.co.il/
OpenStreetMap,n3073992011,מעדני מניה,,,,32.8431678,35.0693993,convenience,,
OpenStreetMap,n5291590322,מעדני מניה,,,,32.3278941,34.8537363,supermarket,,
OpenStreetMap,n4916813121,מעדני מניה,,,,31.896189,34.8108746,supermarket,,
OpenStreetMap,n11807066948,מעדני ראדוגה,,,,32.773481,35.0328692,convenience,,
OpenStreetMap,n9912716332,מעדני רוסמן,,,,32.7921187,35.0117045,supermarket,,
OpenStreetMap,n9912716333,מעדני רוסמן,,,,32.7931887,35.0065781,supermarket,,
OpenStreetMap,n268272799,מעדניה בכפר,,,,32.3074854,34.8757423,supermarket,,
OpenStreetMap,n4935372205,מעדניית רובינשטיין,,,,31.9239328,34.8016934,supermarket,,
OpenStreetMap,n13593908203,מעיין 2000,מעיין 2000,ים סוף 17,,31.8003367,35.2201886,supermarket,,
OpenStreetMap,n5841776386,מעיין 2000,מעיין 2000,הרכס 31,,31.7824329,35.3110597,convenience,,
OpenStreetMap,w548021536,מעיין 2000,מעיין 2000,,,31.8645104,35.2645325,supermarket,,
OpenStreetMap,n4525982328,מעיין 2000,מעיין 2000,,,31.8004584,35.2123446,supermarket,,
OpenStreetMap,n4324998189,מעיין אלפיים,,,,31.788485,35.2062551,supermarket,,
OpenStreetMap,n12639619287,מעיין2000,,בית ישראל 17,,31.7895421,35.2242962,supermarket,+972 25475590,
OpenStreetMap,n13819341014,מעיין2000,,שמואל הנביא 35,,31.79009,35.2248765,supermarket,,
OpenStreetMap,n4365293783,מפגש 24,,,,32.086069,34.8874376,convenience,,
OpenStreetMap,n7233476616,מפגש אופיר,,,,31.2604429,34.787445,convenience,,
OpenStreetMap,n5186702716,מפגש בת שלמה,,,,32.6023963,35.0181812,convenience,,
OpenStreetMap,n12451667885,מפגש הראשונים,,,,31.9701907,34.8155207,supermarket,+972 51-202-0201,
OpenStreetMap,n7233464862,מפגש ליאור,,,,31.2590233,34.7894996,convenience,,
OpenStreetMap,n1002894258,מפגש ספיר,,,,31.2454471,34.7823896,convenience,,
OpenStreetMap,n992021294,מרכול גום,,,,31.259788,34.7797701,convenience,,
OpenStreetMap,n7167784296,מרכול האוניברסיטה,,,,31.2651533,34.8016222,convenience,,
OpenStreetMap,w183281425,מרכול זול,,,,32.7591614,35.023079,supermarket,,
OpenStreetMap,n4311625797,מרכול שילה,,,,32.0527736,35.2980142,supermarket,,
OpenStreetMap,n2908122434,מרכול שפיים,,,,32.2177537,34.824076,supermarket,,
OpenStreetMap,w1411985813,מרכולית בית אורן,,,,32.7311933,35.0048342,convenience,+972 54 753 6665,
OpenStreetMap,n9996917718,מרכולית גרופית,,,,29.9417614,35.0636477,convenience,,
OpenStreetMap,n831237541,מרכולית יובלים,,,,32.879583,35.2724736,supermarket,,
OpenStreetMap,n4966260731,מרכולית עדי,,,,32.824636,35.0799405,convenience,,
OpenStreetMap,w469891959,מרכולית ענת,,כנפי נשרים 23,,32.5602581,34.9645637,general,,
OpenStreetMap,n7793189586,מרכז גיא לי,,,,29.5433796,34.9357664,convenience,,
OpenStreetMap,n1237090415,מרכז הביצים,,שדרות דב הוז 54,,32.0234953,34.7646539,convenience,,
OpenStreetMap,w619423798,מרכז מזון יהודה,,,,32.9187295,35.2935983,supermarket,,
OpenStreetMap,w104544795,מרכז מסחרי,,צביה ויצחק 800,,31.7304388,35.188183,supermarket,,
OpenStreetMap,w229483862,מרכז מסחרי,,,,32.8586595,35.0974101,supermarket,,
OpenStreetMap,w229483861,מרכז מסחרי,,,,32.8563769,35.0962102,supermarket,,
OpenStreetMap,n832427078,מרכז מסחרי,,,,32.1104076,35.0360433,supermarket,,
OpenStreetMap,n1068539091,מרכז מסחרי יפת השמש,,,,31.7394221,34.9829646,convenience,,
OpenStreetMap,w239196738,מרכז מסחרי ניצנים,,,,31.7666252,34.6310371,convenience,,
OpenStreetMap,n760044402,מרכז מסחרי סביון,,,,31.7418791,34.9797401,convenience,,
OpenStreetMap,n1078635585,מרכז מסחרי רמת נוף,,,,31.7295377,34.9932518,convenience,,
OpenStreetMap,w229482067,מרכז מסחרי רסקו,,,,32.8258575,35.0752102,supermarket,,
OpenStreetMap,n4784939811,מרכז סעיד למזון,,,,32.7017807,35.0583866,supermarket,,
OpenStreetMap,w71881111,מרכז שרונה,,,,31.8874601,34.8201755,supermarket,,
OpenStreetMap,n8866074117,מרכל הקיטניה והדגן,,,,32.1410359,34.8426158,convenience,,
OpenStreetMap,n1665233608,מרקט,,,,31.7745377,35.1894397,supermarket,,
OpenStreetMap,n989114150,מרקט 24,,,,31.2569994,34.7740348,convenience,,
OpenStreetMap,n12578969878,מרקט אקספרס,,,,32.089478,34.8187721,convenience,,
OpenStreetMap,n13358063213,מרקט ארלוזורוב,,,,32.0850508,34.8771363,convenience,,
OpenStreetMap,n4891566921,מרקט בעיר,,סיקו 2,,31.9017256,34.8139606,supermarket,,
OpenStreetMap,n10053363512,מרקט בעיר,,,,31.9239452,34.7824675,supermarket,,
OpenStreetMap,n11215270409,מרקט בעיר,,,,31.8911305,34.8127558,convenience,,
OpenStreetMap,w253996928,מרקט בעיר,,,,31.9641082,34.7957447,supermarket,,
OpenStreetMap,n13774821767,מרקט גנים דברים טובים,,,,32.0788339,34.8759661,supermarket,,
OpenStreetMap,n11210195559,מרקט דקר,,,,32.0189261,34.7428504,convenience,,
OpenStreetMap,n10558803488,מרקט השכונה,,,,31.8978665,34.8001329,convenience,,
OpenStreetMap,n12797167802,מרקט מרקט,,,,31.5227406,34.5944253,supermarket,,
OpenStreetMap,n10765262752,מרקט קליין,,,,32.083246,34.7923027,convenience,+97236911119,
OpenStreetMap,w172297694,משהדאוי קינג סטור,,,,32.6984313,35.0566864,supermarket,,
OpenStreetMap,n4319273827,משקאות דניאל,,,,32.0945919,34.8870776,convenience,,
OpenStreetMap,n2076067694,מתקתק חנות נוחות,,,,32.4812681,34.9877404,convenience,,
OpenStreetMap,n3952161858,נוחותא,,,,32.0071776,34.8003403,convenience,,
OpenStreetMap,w424985765,נון סטופ מרקט,,,,32.0259986,34.8070501,convenience,,
OpenStreetMap,n13057940097,ניומרקט,,ברל כצנלסון 10,,32.0894921,34.875766,convenience,,
OpenStreetMap,n12073767554,ניפגש בסיבוב,,,,32.0604067,34.7704292,convenience,,
OpenStreetMap,n13422336001,ניצת הדובדבן,,אוסטרובסקי 39,,32.1779173,34.8710874,supermarket,09-7744717,https://www.nizat.com/
OpenStreetMap,n9001621517,ניצת הדובדבן,,סוקולוב 91,,32.148531,34.8394515,supermarket,+97236726166,https://www.nizat.com/
OpenStreetMap,n9221942593,ניצת הדובדבן,,,,32.8111047,35.0740944,supermarket,,
OpenStreetMap,n9658926817,ניצת הדובדבן,,,,32.1626895,34.9023311,supermarket,,
OpenStreetMap,n9550686401,ניצת הדובדבן,,,,31.2319861,34.7966977,supermarket,+972 8 922 9060,https://www.nizat.com
OpenStreetMap,n9550686400,ניצת הדובדבן,,,,31.2419306,34.8122034,supermarket,+972 8 944 8231,https://www.nizat.com
OpenStreetMap,n12145957369,ניצת הדובדבן,,,,31.9049285,35.0060002,supermarket,,
OpenStreetMap,n12014864170,ניצת הדובדבן,,,,32.0762569,34.8144947,supermarket,,
OpenStreetMap,n11681547619,ניצת הדובדבן,,,,32.0684375,34.7774807,supermarket,,
OpenStreetMap,n3828078459,ניצת הדובדבן,,,,32.4881334,34.9708496,supermarket,,
OpenStreetMap,n2910323812,ניצת הדובדבן,,,,32.5693467,34.9332101,supermarket,,
OpenStreetMap,n5143531036,ניצת הדובדבן,,,,33.1981363,35.5762767,supermarket,+972 4 694 0030,https://www.nizat.com/
OpenStreetMap,n2288503761,ניצת הדובדבן,,,,32.1070413,34.7974349,supermarket,,
OpenStreetMap,w1184261573,סונול,,,,32.0639959,35.2642841,convenience,,
OpenStreetMap,w436751591,סופר 24,,,,31.5234526,34.6024987,convenience,,
OpenStreetMap,n6358065028,סופר city,,,,32.0859911,34.8784775,convenience,,
OpenStreetMap,n1972874181,סופר deal,,בית לחם 77,,31.7543067,35.2199541,supermarket,,
OpenStreetMap,n636119344,סופר אופיר,,,,31.7931706,35.1453538,convenience,,
OpenStreetMap,n5713173646,סופר אורי,,,,33.2824553,35.579488,supermarket,,
OpenStreetMap,w444764736,סופר אלונית,,,,32.9156972,35.2266364,supermarket,,
OpenStreetMap,n4170224843,סופר אלונית עינת,,,,32.0890489,34.9435161,supermarket,,
OpenStreetMap,n4992881119,סופר אקספרס,,,,32.076065,34.8143479,supermarket,,
OpenStreetMap,n13470573995,סופר ארזי הבירה,,ארזי הבירה 48,,31.792455,35.2249313,supermarket,,
OpenStreetMap,n3885996184,סופר אשלים,,,,31.9653873,34.7750365,supermarket,039414922,
OpenStreetMap,n654058033,סופר באבא,,ישעיהו 1,,32.0951459,34.7784857,supermarket,,
OpenStreetMap,n947439222,סופר באבא הגדול,,,,32.0949103,34.7786417,supermarket,,
OpenStreetMap,n1309308441,סופר בבלי,,בבלי 17,,32.0942771,34.7984076,supermarket,03-759-7284,
OpenStreetMap,n388441780,סופר בונוס,,,,32.2244373,34.9980667,supermarket,,
OpenStreetMap,n8675551917,סופר במשכית,,,,32.1644966,34.8113462,convenience,,
OpenStreetMap,n6218039101,סופר בן,,,,31.9727677,34.8001895,convenience,,
OpenStreetMap,n11192896471,סופר ברוך,,,,32.0820742,34.8852824,supermarket,,
OpenStreetMap,n8863447024,סופר ברכת עד 120,,,,31.9537076,34.8060242,convenience,,
OpenStreetMap,n4313243892,סופר ברקת,,שלבים 27,,32.0538863,34.7649389,supermarket,,
OpenStreetMap,n694703659,סופר ברקת,,אחד העם,,31.8962099,34.8119937,supermarket,,
OpenStreetMap,n9383522717,סופר ברקת,,,,32.145583,34.8381781,supermarket,,
OpenStreetMap,n2607242373,סופר ברקת,,,,31.9763565,34.808169,supermarket,,
OpenStreetMap,n3885949279,סופר ברקת,,,,31.9633314,34.778698,supermarket,,
OpenStreetMap,n1446837030,סופר גבעת רם,,,,32.9127152,35.2759599,supermarket,,
OpenStreetMap,w752140205,סופר גלסנר,,,,32.1166794,35.1136183,supermarket,,
OpenStreetMap,w621474219,סופר גלסנר,,,,32.1470056,35.1164079,supermarket,,
OpenStreetMap,n4362814193,סופר דבש וקינמון,,,,32.1340909,34.8407422,supermarket,,
OpenStreetMap,w966749577,סופר דהן,,,,31.5352126,34.5836236,supermarket,,
OpenStreetMap,n1683224108,סופר דוש,,,,32.0152814,34.7567933,supermarket,,
OpenStreetMap,n1468504002,סופר דוש,,,,32.0125207,34.7514797,supermarket,,
OpenStreetMap,n1160291863,סופר דיל,,,,32.0535039,34.8131677,convenience,,
OpenStreetMap,n12802941848,סופר דניאל'ס,,,,32.0630543,34.7751569,convenience,,
OpenStreetMap,n8718453238,סופר דקל,,,,31.5289522,35.1190742,supermarket,,
OpenStreetMap,n12949827897,סופר הארבעה,,,,32.0703053,34.7853285,convenience,,
OpenStreetMap,n1187324624,סופר הטכניון,,,,32.7782332,35.0175374,convenience,,
OpenStreetMap,n1068538486,סופר הצלחה,,,,31.7393217,34.9829565,supermarket,,
OpenStreetMap,n13161962302,סופר זול אקספרס,,אורן 47,,31.8004884,35.1560364,supermarket,02-566-5725,
OpenStreetMap,n9285366676,סופר זול ה אחים,,,,31.9683552,34.790898,supermarket,,
OpenStreetMap,n1164871956,סופר זול יהודה,,,,32.1625809,34.8097243,supermarket,,
OpenStreetMap,n657934911,סופר זול סלמן,,,,32.0055429,34.7637644,supermarket,,
OpenStreetMap,n4115797229,סופר חברתי,,,,30.9824439,34.9340202,supermarket,,
OpenStreetMap,n2298618581,סופר חוף,,,,31.9986874,34.734474,convenience,,
OpenStreetMap,n12778485751,סופר חורי,,,,31.5291,34.6070424,convenience,,
OpenStreetMap,n883472051,סופר חצות וחצי,,,,32.0337288,34.7451078,supermarket,,
OpenStreetMap,n12031247543,סופר טוב,,,,31.8848777,35.0060112,supermarket,,
OpenStreetMap,n3121801273,סופר טוב,,,,31.8927617,35.0033633,supermarket,,
OpenStreetMap,n11012896662,סופר טל,,,,32.0874086,34.8818569,supermarket,,
OpenStreetMap,n2522113568,סופר טל,,,,32.0915626,34.8859742,supermarket,,
OpenStreetMap,n12064691899,סופר יבגי,,,,32.0697697,34.781225,convenience,,
OpenStreetMap,n8663026440,סופר יודה,,,,32.0732686,34.7747361,supermarket,,
OpenStreetMap,n6507151892,סופר יודה,,,,32.0762749,34.7682513,supermarket,,
OpenStreetMap,n12022610661,סופר יודה,,,,32.079719,34.7797966,convenience,,
OpenStreetMap,n8866074417,סופר יודה,,,,32.1416854,34.8428601,convenience,,
OpenStreetMap,n1065507453,סופר יודה,,,,32.089131,34.7753436,supermarket,,
OpenStreetMap,n9493893721,סופר יוני,,,,31.7222174,35.2300008,supermarket,,
OpenStreetMap,n9732420617,סופר יטקובי,,,,32.093663,34.8190285,supermarket,035533605,
OpenStreetMap,n993803380,סופר יעלים,,יעלים 90,,31.2550597,34.7763425,convenience,,
OpenStreetMap,n3691499193,סופר כל,,,,32.6871613,35.06143,supermarket,,
OpenStreetMap,n3406752083,סופר כפר הס,,,,32.2465659,34.9348271,supermarket,,
OpenStreetMap,n1667896742,סופר מזוז,,,,31.2642659,34.7930839,convenience,,
OpenStreetMap,w373576000,סופר מזוז,,,,31.8755156,34.7438444,supermarket,,
OpenStreetMap,n13533098311,סופר מכולת,,,,31.7766596,35.2116142,convenience,,
OpenStreetMap,n6261786288,סופר מנחם,,,,32.0468665,35.3015322,supermarket,,
OpenStreetMap,n1923392142,סופר מרקדו,,,,32.2749037,34.9199351,supermarket,,https://www.mega-bair.co.il
OpenStreetMap,n10844456841,סופר מרקט,,,,32.0854844,34.8874496,supermarket,,
OpenStreetMap,w308447982,סופר מרקט,,,,29.5102502,34.9222005,convenience,,
OpenStreetMap,n12478842187,סופר מרקט,,,,31.9637452,34.799779,supermarket,,
OpenStreetMap,n1449486661,סופר מרקט,,,,32.1608598,34.8430037,supermarket,,
OpenStreetMap,n1701736379,סופר מרקט מרכז מסחרי קרית יובל,,,,31.7604399,35.1765957,supermarket,,
OpenStreetMap,w237034414,סופר משגבית,,,,31.8188907,34.7388489,convenience,,
OpenStreetMap,n4808049317,סופר משתלם,,,,32.6936387,35.0457153,convenience,,
OpenStreetMap,n5347673925,סופר נוקדים,,,,31.6485131,35.245513,supermarket,,
OpenStreetMap,n9493893720,סופר נח,,,,31.7216973,35.2268278,supermarket,,
OpenStreetMap,n6814334707,סופר נירמן,,,,32.7927253,35.0199785,convenience,,
OpenStreetMap,n1934234386,סופר סאן,,,,32.0267126,34.741414,convenience,,
OpenStreetMap,n569652698,סופר סופר,,א.ד.גורדון 14,,32.3350482,34.85828,supermarket,,
OpenStreetMap,w970581260,סופר סופר,,,,32.0658559,34.8898825,supermarket,,
OpenStreetMap,w521358243,סופר סופר,,,,32.2668075,34.8461902,supermarket,,
OpenStreetMap,n4854262521,סופר סופר,,,,32.3375936,34.860986,supermarket,,
OpenStreetMap,n1682345370,סופר סיטי הגל הלבן,,,,32.0183255,34.7675086,convenience,,
OpenStreetMap,n8990359736,סופר ספיר,,,,31.722411,35.224132,supermarket,,
OpenStreetMap,n10554774534,סופר ספיר,,,,31.2617267,34.7689705,supermarket,,
OpenStreetMap,n5924326055,סופר ספיר,,,,32.1055407,35.1722582,supermarket,,https://www.supersapir.co.il/
OpenStreetMap,w549993513,סופר ספיר,,,,31.9434315,35.2212916,supermarket,,
OpenStreetMap,n3189612462,סופר ספיר,,,,32.4728541,34.9723983,supermarket,,
OpenStreetMap,n4397038186,סופר עדן,,,,31.7571238,35.163813,convenience,,
OpenStreetMap,n10166865662,סופר עמנואל,,,,31.9703475,34.7762726,supermarket,,
OpenStreetMap,n1706297457,סופר ערד,,,,31.2609736,35.2158843,convenience,,
OpenStreetMap,n974351755,סופר פתית,,,,31.6786623,35.1448408,supermarket,,
OpenStreetMap,n379442588,סופר ציון,,,,30.8508662,34.783393,convenience,,
OpenStreetMap,n2315839232,סופר צמרת,,,,32.1577161,34.8999622,supermarket,,
OpenStreetMap,n5308684928,סופר קופיקס,,,,31.9758597,34.773741,supermarket,,
OpenStreetMap,n4772355365,סופר קופיקס,,,,32.1843758,34.9032505,supermarket,,https://cofix.co.il/super-cofix/
OpenStreetMap,n738432631,סופר קייזר,,,,31.9028184,34.9961799,supermarket,,
OpenStreetMap,n1594983411,סופר רדק,,,,31.2570228,34.771941,supermarket,,
OpenStreetMap,n11192908749,סופר רוטשילד,,,,32.0813008,34.8834758,supermarket,,
OpenStreetMap,n883472068,סופר רוסקי דליקטס,,,,32.0344147,34.7458181,supermarket,,
OpenStreetMap,n890443584,סופר רימון,,,,32.0478156,34.8663984,supermarket,,
OpenStreetMap,n7673039901,סופר רמת השחר,,,,31.9060599,35.0102227,supermarket,,
OpenStreetMap,n12547329539,סופר שוהם,,הדקל 30,,32.0061239,34.9513604,supermarket,,
OpenStreetMap,w1498070621,סופר שוק אחים נמטי,,,,32.0203973,34.8149232,convenience,,
OpenStreetMap,n1501978416,סופר שפע,,,,31.998818,34.7656677,convenience,,
OpenStreetMap,n9493841697,סופר תורג'מן,,,,31.7239435,35.2264433,supermarket,,
OpenStreetMap,n2092610254,סופר-סופר,,,,32.0231551,34.7674372,convenience,,
OpenStreetMap,w164722407,סופר-ספיר,,,,31.757162,35.1984667,supermarket,,
OpenStreetMap,n12636691883,סופר20,,הרב זוננפלד 29,,31.7902209,35.2222384,supermarket,+972 25370189; +972 25003338,
OpenStreetMap,n13098704201,סופרזול אקספרס,,אורן 47,,31.8004326,35.155985,convenience,025665725,
OpenStreetMap,n2064842744,סופרזול עמנואל,,,,32.0804543,34.8871949,convenience,,
OpenStreetMap,w222471245,סופרטל,,החרש 1,,32.1370578,34.8437656,supermarket,,
OpenStreetMap,n11054040420,סופרטל,,,,32.0860412,34.8869085,supermarket,,
OpenStreetMap,n12041587083,סופרטל,,,,32.1816343,34.8706101,supermarket,*3374,
OpenStreetMap,w498935915,סופרמארקט,,,,32.1102202,35.0359575,supermarket,,
OpenStreetMap,n13163051001,סופרמרקו יליסייב,,,,32.9374984,35.0780424,supermarket,,
OpenStreetMap,n8944728817,סופרמרקט N-בוקק,,,,31.2034549,35.35916,supermarket,,
OpenStreetMap,n6875184873,סופרמרקט אוקיינוס,,,,32.8997317,35.4151824,supermarket,,
OpenStreetMap,n6093214385,סופרמרקט האחים,,شارع صلاح الدين 52,,31.3876028,34.7447435,supermarket,0546168064,
OpenStreetMap,n988468693,סופרמרקט הכיכר,,,,32.1787639,34.8055419,supermarket,,
OpenStreetMap,n5498998549,סופרמרקט המושבה,,,,32.9680789,35.5487855,supermarket,,
OpenStreetMap,w1366530178,סופרמרקט חמן צרכניית בית עריף,,,,31.9956059,34.9359679,supermarket,,
OpenStreetMap,n4422257829,סופרמרקט מלכיה,,,,33.0991055,35.5121038,supermarket,,
OpenStreetMap,n4359016793,סופרמרקט של ודיע,,,,32.0908635,34.8872794,convenience,,
OpenStreetMap,n1746148232,סופרשוק חגולי,,,,32.0057069,34.7634849,supermarket,,
OpenStreetMap,n8254836262,סטופמרקט,,,,31.9855904,34.767604,supermarket,,https://www.stopmarket.co.il/
OpenStreetMap,w70207033,סטופמרקט,,,,32.7499202,35.0696135,supermarket,,http://stopmarket.co.il
OpenStreetMap,n3652163844,סטופמרקט,,,,32.7884423,34.9681309,supermarket,,http://stopmarket.co.il
OpenStreetMap,n1033293799,סטופמרקט,,,,32.162185,34.7968553,supermarket,,http://stopmarket.co.il
OpenStreetMap,n441282398,סטופמרקט,,,,32.3834581,34.8672756,supermarket,,http://stopmarket.co.il
OpenStreetMap,n5181466330,סטוקשופ,,,,32.9814026,35.5444842,convenience,,
OpenStreetMap,n12022654173,סיטי מרקט,,עין גנים 65,,32.0844376,34.896946,supermarket,,
OpenStreetMap,n9658926917,סיטי מרקט,,,,32.1628627,34.9022798,supermarket,,
OpenStreetMap,n10548420285,סיטי מרקט,,,,31.9008435,34.8092513,supermarket,,
OpenStreetMap,n8491107463,סיטי מרקט,,,,31.9022527,35.0090244,supermarket,,
OpenStreetMap,n12486346700,סיטי מרקט,,,,31.9024103,34.9806699,convenience,,
OpenStreetMap,n8676721884,סיטי מרקט,,,,32.0905071,34.8843561,convenience,,
OpenStreetMap,n6001467354,סיטי מרקט,,,,31.9264255,34.7976617,convenience,,
OpenStreetMap,n12361838404,סיטי מרקט,,,,31.9036198,34.9892831,supermarket,,
OpenStreetMap,n4884202935,סיטי מרקט חולון - ויצמן,,חיים ויצמן 45,,32.0185731,34.7709445,supermarket,+97235565167,
OpenStreetMap,n3301397289,סיטי שופ,,,,32.4891743,34.9701479,general,,
OpenStreetMap,n8544693899,סל סיטי מרקט,,,,32.0878333,34.805303,supermarket,,
OpenStreetMap,n3682812192,סלמה,,שלמה 27,,32.0547312,34.7640401,convenience,,http://www.yellow.co.il/
OpenStreetMap,n1836993129,סמי מרקט,,דרך יבנה 46,,31.9011739,34.8054642,convenience,,
OpenStreetMap,n10874162081,ספיד,,,,32.7107595,34.9477756,supermarket,,
OpenStreetMap,n11681542174,ספיר מרקט,,,,32.0682253,34.7775003,convenience,,
OpenStreetMap,n11681553069,עד אחרי חצות,,,,32.0685482,34.7769635,convenience,,
OpenStreetMap,n2851370398,עד הלום,,,,31.7656699,34.6663018,convenience,,http://www.yellow.co.il/
OpenStreetMap,n2880163701,עדן טבע מרקט,,,,32.1653727,34.8239859,supermarket,,https://www.edenteva.co.il
OpenStreetMap,n1656068955,עדן טבע מרקט,,,,32.0171175,34.8070378,supermarket,,https://www.edenteva.co.il
OpenStreetMap,n4784940425,על הדרך,,,,32.6880821,35.0647235,convenience,,
OpenStreetMap,n4960375724,על המשקל,,,,31.8661093,35.2599898,supermarket,,
OpenStreetMap,n4783333745,פוליצר,,,,32.4873633,34.910539,supermarket,,https://politzer.co.il/
OpenStreetMap,n2076067688,פוליצר,,,,32.4813442,34.9875464,supermarket,,https://politzer.co.il/
OpenStreetMap,n12686153446,פוליצר כפר ויתקין,,דרך הכפר מרכז הכפר,,32.3807079,34.8749419,supermarket,098663584,http://www.politzer.co.il/
OpenStreetMap,n5128941557,פונדק המעיין העילאי,,,,33.2178753,35.5706717,convenience,+972 4 695 1571,
OpenStreetMap,n12402712202,פושכינה,,,,32.5056556,35.4934701,convenience,,
OpenStreetMap,n349067194,פז,,,,31.6861549,34.9472475,convenience,,https://www.paz.co.il
OpenStreetMap,w555980408,פז מרקט,,,,32.3499037,34.8616686,convenience,,
OpenStreetMap,n1517901141,פינה בגן,,,,33.2234796,35.6147178,convenience,+972 72 392 9598,
OpenStreetMap,n2121807253,פינקו,,,,32.784922,35.0178081,convenience,,
OpenStreetMap,n1746148008,פינת אור,,,,32.0057591,34.7641618,convenience,,
OpenStreetMap,n10270995209,פינת המזל,,,,32.0939124,34.8235407,convenience,,
OpenStreetMap,n1746148235,פינת השכונה,,,,32.0057092,34.7633225,convenience,,
OpenStreetMap,n987097273,פינת תאיר,,,,31.2397471,34.7747807,convenience,,
OpenStreetMap,n1954798820,פיצה בכיף,,קובובי,,31.7614044,35.1810126,convenience,,
OpenStreetMap,n4170097832,פיצוחי לב העיר,,,,32.0874919,34.8868946,convenience,,
OpenStreetMap,n1941933935,פיצוחי נאור,,,,32.0946641,34.8875295,convenience,,
OpenStreetMap,n4891973873,פיצוחי נדב,,,,32.0854819,34.8875503,convenience,,
OpenStreetMap,n5302055847,פיצוחי ענהאל,,,,32.9824416,35.5522096,convenience,+972 1 700 505 507,
OpenStreetMap,n5143607254,פיצוחי ענהאל,,,,33.2214097,35.5754211,convenience,+972 1 700 505 507,
OpenStreetMap,n4333532238,פיצוחי ש. רדעי,,,,32.0885086,34.8865867,convenience,,
OpenStreetMap,n12106426393,פיצוציה,,,,32.0616422,34.7701428,convenience,,
OpenStreetMap,n5808432153,פיצוציה שכונתית,,,,31.2674072,34.7929944,supermarket,,
OpenStreetMap,n8733887291,פיצוציית התאומים,,,,31.5316352,35.1150257,convenience,,
OpenStreetMap,n1892794280,פיצוציית חברים,,,,32.0237063,34.7655965,convenience,,
OpenStreetMap,n5894792099,פיצוציית נאדיה,,,,32.7149288,35.3345127,convenience,,
OpenStreetMap,n4832838021,פלוסמרקט,,,,31.6761415,34.9353587,supermarket,,
OpenStreetMap,n6990417563,פרי ואיכות,,,,31.9517735,34.811384,supermarket,,
OpenStreetMap,n12022661386,פרימיום סיטי מרקט,,"כ""ט בנובמבר 6",,32.093555,34.8959966,supermarket,,
OpenStreetMap,n352904496,פרש מרקט,,,,32.17056,34.8318469,supermarket,,
OpenStreetMap,n2200072227,פרש מרקט,,,,32.1910661,34.8633657,supermarket,,
OpenStreetMap,w568500735,פרש מרקט - גליל ים,,,,32.1591009,34.8337963,supermarket,+97299569635,
OpenStreetMap,n3691499203,צ'ק צ'אק,,,,32.6969468,35.0588442,convenience,,
OpenStreetMap,n2415171036,צומת שורש,,,,31.798698,35.0758815,convenience,,http://www.yellow.co.il/
OpenStreetMap,w445892901,צרכניה,,,,32.7503519,35.4217016,supermarket,,
OpenStreetMap,n704782146,צרכניה,,,,31.8627896,34.8623638,supermarket,,
OpenStreetMap,n1858224421,צרכניה,,,,32.8232339,35.7672802,supermarket,,
OpenStreetMap,n6690361878,צרכנייה,,,,31.7036496,34.6893389,supermarket,,
OpenStreetMap,n5519956979,צרכנייה,,,,32.8436787,35.8070464,convenience,,
OpenStreetMap,w1155977487,צרכנייה,,,,31.8244985,34.68289,general,,
OpenStreetMap,w1184857974,צרכנייה,,,,32.6119617,35.2056193,supermarket,,
OpenStreetMap,n1371299321,צרכנייה,,,,32.1935218,34.9235729,convenience,,
OpenStreetMap,w387413600,צרכנייה,,,,31.8449734,34.8008111,supermarket,,
OpenStreetMap,w909974223,צרכנייה אבני איתן,,,,32.8232872,35.7671139,supermarket,,
OpenStreetMap,w550123611,צרכניית בית אל,,,,31.9363614,35.2230732,supermarket,,
OpenStreetMap,w1360146857,צרכניית ברקת,,,,32.0176523,34.944496,convenience,,
OpenStreetMap,n817868532,צרכניית הבשן,,,,33.043943,35.8393531,convenience,,
OpenStreetMap,w1340550017,צרכניית כפר רופין,,,,32.4567773,35.5576116,convenience,,
OpenStreetMap,w1366752377,צרכניית מולדת,,,,32.5858584,35.4420961,supermarket,,
OpenStreetMap,n3356446877,צרכניית מזור,,,,32.0526516,34.9232135,convenience,,
OpenStreetMap,n2344623809,צרכניית עין ורד,,,,32.2644613,34.9318269,supermarket,,
OpenStreetMap,n11522525299,צרכניית קם עין הבשור,,,,31.2814392,34.4444732,supermarket,,
OpenStreetMap,w229097684,צרכנית כפר יחזקאל,,,,32.5669511,35.3617386,supermarket,,
OpenStreetMap,n12969368551,צרכנית מירב,,,,32.0863246,34.8756264,convenience,,
OpenStreetMap,n1155176900,צרכנית קורנית,,,,32.8441792,35.2512643,convenience,,
OpenStreetMap,n10965309051,קאנטרי market,,הראל 5,,31.8054894,35.1525153,supermarket,+972 26335551,https://lp.vp4.me/xzc8
OpenStreetMap,w295334248,קואופ,,שדרות משה שרת,,32.8429054,35.0680231,supermarket,,
OpenStreetMap,n369568081,קואופ שופ,,הרב הרצוג 23,,32.3424317,34.8597732,supermarket,,http://www.israel.coop
OpenStreetMap,w37444254,קואופ שופ,,,,31.8029216,35.2383775,supermarket,,http://www.israel.coop
OpenStreetMap,w668780316,קואופ שופ,,,,31.8981706,34.8212684,supermarket,,http://www.israel.coop
OpenStreetMap,n2663486665,קואופ שופ,,,,31.9073853,34.9982217,supermarket,,http://www.israel.coop
OpenStreetMap,n3854283177,קואופ שופ,,,,31.8278918,35.240704,supermarket,,http://www.israel.coop
OpenStreetMap,n2990625156,קואופ שופ,,,,32.8799298,35.4952499,supermarket,,http://www.israel.coop
OpenStreetMap,n4538457403,קואופ שופ,,,,31.9629093,34.7946044,supermarket,,
OpenStreetMap,n1068539065,קואופ שופ,,,,31.7419749,34.9797616,supermarket,,http://www.israel.coop
OpenStreetMap,n1367392420,קואופ שופ,,,,31.8780415,34.736153,supermarket,,http://www.israel.coop
OpenStreetMap,n561205264,קואופ שופ,,,,32.2831201,34.8535081,supermarket,,http://www.israel.coop
OpenStreetMap,n563799962,קואופ שופ,,,,31.7662323,35.2088457,supermarket,,http://www.israel.coop
OpenStreetMap,n566600161,קואופ שופ,,,,31.7804922,35.1886399,supermarket,+972 2 652 2533,http://www.israel.coop
OpenStreetMap,n1986077773,קואופ שופ,,,,32.0747809,34.8183879,supermarket,,http://www.israel.coop
OpenStreetMap,n1935837138,קואופ שופ,,,,31.7606655,35.2047171,supermarket,,http://www.israel.coop
OpenStreetMap,n3511083405,קואופ שופ בכפר,,,,32.7532102,35.4087783,convenience,,
OpenStreetMap,n6357758561,קואופ שופ בכפר,,,,33.2273767,35.6461658,convenience,,
OpenStreetMap,n3464858260,קווקז,,,,32.0916015,34.8880519,convenience,,
OpenStreetMap,n1558247928,קונסטנטין,,16,,32.7851092,35.0222569,convenience,,
OpenStreetMap,n4956762728,קופיקס,,,,31.2542141,34.7974444,supermarket,,
OpenStreetMap,n306010114,קופשופ,,,,32.2955971,34.8453191,supermarket,,
OpenStreetMap,n13426671182,קיוסק ברטנורא,,,,32.0830932,34.8342982,convenience,+972 35542384,
OpenStreetMap,n9419512585,קיוסק החוף,,,,32.147706,34.8042354,convenience,,
OpenStreetMap,n4352980753,קיוסק המגדל,,,,32.0905668,34.8846677,convenience,,
OpenStreetMap,n4464986774,קיוסק יוסי,,,,32.0871924,34.881813,convenience,,
OpenStreetMap,n1643304632,קיוסק מסריק,,,,32.0792807,34.7793617,convenience,,
OpenStreetMap,n1258399154,קיוסק מתוק בטיילת,,,,32.0235069,34.7401066,convenience,,
OpenStreetMap,n1468349055,קיוסק מתחת לאף,,,,32.0215712,34.7650628,convenience,,
OpenStreetMap,n10846702600,קיוסק פינה בלב,,,,32.0697574,34.7706508,convenience,,
OpenStreetMap,n2341359135,קיוסק רענן,,,,32.0651564,34.8557164,convenience,,
OpenStreetMap,n4365286365,קיוסק שלמה,,,,32.0856958,34.8875633,convenience,,
OpenStreetMap,n12639636346,קל זול,,,,31.7924512,35.2231801,convenience,,
OpenStreetMap,n10538651009,קליית יבגי,,,,31.9027194,34.7983049,grocery,,
OpenStreetMap,n5876238033,קליית יבגי,,,,32.0864057,34.8528251,food,,
OpenStreetMap,n1388845719,קליית יוסי,,,,32.0234833,34.7620087,convenience,,
OpenStreetMap,n4727674237,קליית כהן,,,,32.094419,34.8898995,convenience,,
OpenStreetMap,n13278094261,קלית אדרי,,,,32.0406693,34.8564167,convenience,,
OpenStreetMap,n1387668384,קנדיס,,,,32.8045522,34.987338,convenience,,
OpenStreetMap,n1703638505,קניון בורוכוב,,,,32.0789491,34.8095855,supermarket,,
OpenStreetMap,n2492290118,קניון מכבים,,,,31.7831721,34.6921865,convenience,,
OpenStreetMap,w751105341,קניונית אורים,,,,31.3038474,34.5239526,supermarket,,
OpenStreetMap,n1401957787,קניונית על הדרך,,,,32.9906351,35.563269,convenience,,
OpenStreetMap,n2365846713,קפה ארומה,,,,32.2484718,34.8361555,convenience,,http://www.doralon.co.il/
OpenStreetMap,n3329761255,קפה בגן,,,,31.7741593,35.2356312,supermarket,,
OpenStreetMap,n4584142162,קפה בכיכר,,,,32.5683313,34.9547463,convenience,,
OpenStreetMap,n4347488732,קפה בכיכר,,,,32.0894194,34.8859049,convenience,,
OpenStreetMap,n5969773288,קרל - ברג,,,,32.0898003,34.883853,convenience,,
OpenStreetMap,n977670802,קרל ברג,,,,31.8825357,34.8167481,supermarket,,
OpenStreetMap,n12621184544,קרפור,קרפור,,,32.6868434,35.0598326,supermarket,,
OpenStreetMap,n7751968355,קרפור - בלינסון,קרפור,,,32.0883921,34.8690415,supermarket,,
OpenStreetMap,n7673039903,קשטן דלי,,,,31.9091118,35.0015639,supermarket,,
OpenStreetMap,n886080678,קשת טעמים,,ירדן 64,,32.6425941,35.0861725,supermarket,,
OpenStreetMap,n8563927192,קשת טעמים,,הרב פינטו מסעוד אשר 20,,32.1012167,34.8941985,supermarket,+97237789449,https://www.keshet-teamim.co.il/
OpenStreetMap,n5223758921,קשת טעמים,,תל אביב 11,,32.825086,34.9876048,supermarket,04-8522992,https://www.keshet-teamim.co.il/
OpenStreetMap,n9023123958,קשת טעמים,,,,31.2230146,34.8028597,supermarket,,
OpenStreetMap,n7959960885,קשת טעמים,,,,31.8615479,34.8054745,supermarket,08-6633812,https://www.keshet-teamim.co.il
OpenStreetMap,n5894747649,קשת טעמים,,,,32.7035162,35.3234835,supermarket,,
OpenStreetMap,n3090186377,קשת טעמים,,,,32.823425,35.0579883,convenience,,
OpenStreetMap,n13197473301,קשת טעמים,,,,32.9226631,35.0813212,grocery,,
OpenStreetMap,w459822166,קשת טעמים,,,,32.8202251,35.055222,supermarket,,https://www.keshet-teamim.co.il
OpenStreetMap,n418611627,קשת טעמים,,,,32.1734781,34.8925987,supermarket,,
OpenStreetMap,n3303874679,קשת טעמים,,,,32.2829818,34.8591709,supermarket,,https://www.keshet-teamim.co.il
OpenStreetMap,n8779232186,קשת טעמים כפר סבא,,,,32.173215,34.8920509,supermarket,+97298612200,https://www.keshet-teamim.co.il/
OpenStreetMap,n10988272727,רב שיווק,,,,31.8850133,34.7640898,convenience,,
OpenStreetMap,n11938932871,רוטמנ'ס,,,,31.7872397,35.2240392,supermarket,,
OpenStreetMap,n1523918851,רונית,,,,32.1562431,34.8080626,convenience,,http://www.yellow.co.il
OpenStreetMap,n8211835055,ריחות וטעמים,,החרש 8,,32.1375493,34.8451267,food,+97235164465,https://www.rehotveteamim.co.il/
OpenStreetMap,n5728440368,רימונית,,,,32.5999308,35.2614129,convenience,,
OpenStreetMap,n12719125052,ריץ' מרקט,,,,32.1933577,34.8756037,convenience,,
OpenStreetMap,n5054675366,רמי לוי,רמי לוי,בן גוריון 82,,32.1538277,34.8420473,supermarket,,
OpenStreetMap,n11066790583,רמי לוי,רמי לוי,,,31.5263461,34.6020235,supermarket,,
OpenStreetMap,n8920696218,רמי לוי,רמי לוי,,,32.7868402,35.0303674,supermarket,,
OpenStreetMap,n13195269101,רמי לוי,רמי לוי,,,31.7515449,35.2092666,convenience,,
OpenStreetMap,n12672860126,רמי לוי,רמי לוי,,,32.0925761,34.8652945,supermarket,,
OpenStreetMap,n12518087109,רמי לוי,רמי לוי,,,32.0239427,34.7983644,supermarket,,
OpenStreetMap,w256294485,רמי לוי,רמי לוי,,,31.7883059,35.1853544,supermarket,,https://www.rami-levy.co.il
OpenStreetMap,w138801377,רמי לוי,רמי לוי,,,32.2926314,34.8625878,supermarket,,https://www.rami-levy.co.il
OpenStreetMap,w122009062,רמי לוי,רמי לוי,,,32.4554087,34.905234,supermarket,,https://www.rami-levy.co.il
OpenStreetMap,w108409604,רמי לוי,רמי לוי,,,32.322048,34.8714076,supermarket,,
OpenStreetMap,w210012295,רמי לוי,רמי לוי,,,32.0876549,34.8571032,supermarket,,https://www.rami-levy.co.il
OpenStreetMap,w193674362,רמי לוי,רמי לוי,,,31.8141996,34.6594815,supermarket,,https://www.rami-levy.co.il
OpenStreetMap,w191445357,רמי לוי,רמי לוי,,,32.8187805,35.0535466,supermarket,,https://www.rami-levy.co.il
OpenStreetMap,w1022190340,רמי לוי,רמי לוי,,,31.4171353,34.6155018,supermarket,089584455,
OpenStreetMap,w414380717,רמי לוי,רמי לוי,,,32.1089026,34.9535004,supermarket,,https://www.rami-levy.co.il
OpenStreetMap,w444190506,רמי לוי,רמי לוי,,,31.9454061,34.8916299,supermarket,,https://www.rami-levy.co.il
OpenStreetMap,w563960217,רמי לוי,רמי לוי,,,31.6350455,34.5526399,supermarket,,
OpenStreetMap,w490695194,רמי לוי,רמי לוי,,,31.9160525,35.0242511,supermarket,,https://www.rami-levy.co.il
OpenStreetMap,n2697513197,רמי לוי,רמי לוי,,,32.895957,35.090836,supermarket,,https://www.rami-levy.co.il
OpenStreetMap,n2820034931,רמי לוי,רמי לוי,,,32.488757,34.9705288,supermarket,,https://www.rami-levy.co.il
OpenStreetMap,n3721293569,רמי לוי,רמי לוי,,,31.8857415,34.7340405,supermarket,,https://www.rami-levy.co.il
OpenStreetMap,n3191470113,רמי לוי,רמי לוי,,,31.7277112,34.7542546,supermarket,,https://www.rami-levy.co.il
OpenStreetMap,n3337637283,רמי לוי,רמי לוי,,,33.0329036,35.103586,supermarket,,https://www.rami-levy.co.il
OpenStreetMap,n5282371925,רמי לוי,רמי לוי,,,33.2169185,35.5875458,supermarket,+972 4 619 2286;+972 4 619 2280,https://www.rami-levy.co.il
OpenStreetMap,n1105885711,רמי לוי,רמי לוי,,,31.8656281,35.2605078,supermarket,,https://www.rami-levy.co.il
OpenStreetMap,n1308391834,רמי לוי,רמי לוי,,,31.796303,35.1467156,supermarket,,https://www.rami-levy.co.il
OpenStreetMap,n1364820853,רמי לוי,רמי לוי,,,31.7509489,35.2152204,supermarket,,https://www.rami-levy.co.il
OpenStreetMap,n1128628209,רמי לוי,רמי לוי,,,32.113103,34.8421903,supermarket,,
OpenStreetMap,n560371900,רמי לוי,רמי לוי,,,31.7498582,35.2094839,supermarket,,https://www.rami-levy.co.il
OpenStreetMap,n836533585,רמי לוי,רמי לוי,,,32.7706364,35.0476639,supermarket,,https://www.rami-levy.co.il
OpenStreetMap,n636119335,רמי לוי,רמי לוי,,,31.7904075,35.1411588,supermarket,,https://www.rami-levy.co.il
OpenStreetMap,n1821583409,רמי לוי,רמי לוי,,,32.5693896,34.9334996,supermarket,,https://www.rami-levy.co.il/he
OpenStreetMap,n2245250783,רמי לוי,רמי לוי,,,31.9847803,34.7692755,supermarket,,https://www.rami-levy.co.il
OpenStreetMap,n1468503807,רמי לוי,רמי לוי,,,32.0047805,34.7478397,supermarket,,https://www.rami-levy.co.il
OpenStreetMap,n1571800472,רמי לוי,רמי לוי,,,31.6456066,35.1303373,supermarket,,https://www.rami-levy.co.il
OpenStreetMap,n6248160107,רמי לוי אריאל,רמי לוי,,,32.1005366,35.1695668,supermarket,,https://www.rami-levy.co.il
OpenStreetMap,n7845566304,רמי לוי בשכונה,רמי לוי,,,31.2546774,34.7975097,supermarket,,
OpenStreetMap,n6052616783,רמי לוי בשכונה,רמי לוי,,,32.094677,34.8882469,supermarket,,
OpenStreetMap,n4359021888,רמי לוי בשכונה,רמי לוי,,,32.0912267,34.8871435,supermarket,,
OpenStreetMap,n13784522492,רמי לוי שיווק השקמה,רמי לוי,,,32.6927024,35.2300632,supermarket,,
OpenStreetMap,w506265677,רמי לוי שיווק השקמה,רמי לוי,,,31.8655874,35.2603006,supermarket,,
OpenStreetMap,n12615808001,רפאל מרקט,,פנקס 10,,32.0689032,34.8306998,convenience,039441995,
OpenStreetMap,n5972499099,רפוס םסעאלא,,,,31.2473597,34.8557875,supermarket,,
OpenStreetMap,n8269150045,רפי,,טוביה פדובה 3,,31.8966746,34.8006041,convenience,,
OpenStreetMap,n9752155717,שאולי מרקט,,הרב קוק 41,,32.1342257,34.8501321,supermarket,+97235407316,
OpenStreetMap,n10763429242,שבי מרקט,,,,31.7842957,35.2103889,convenience,,
OpenStreetMap,n13351122901,שבי ציון מרקט,,,,32.9817112,35.0835332,supermarket,,https://www.facebook.com/p/%D7%A9%D7%91%D7%99-%D7%A6%D7%99%D7%95%D7%9F-%D7%9E%D7%A8%D7%A7%D7%98-100057177801457
OpenStreetMap,n6338027087,שוויצריה הקטנה,,שדרות ויצמן 14,,32.330277,34.8590276,supermarket,,
OpenStreetMap,n3644873684,שופרסל,שופרסל,35,,32.0763506,34.8846398,supermarket,,https://www.shufersal.co.il
OpenStreetMap,n4935263175,שופרסל,שופרסל,שלמה המלך 33,,32.0793225,34.8384865,supermarket,,https://www.shufersal.co.il/
OpenStreetMap,n4891526627,שופרסל,שופרסל,בוסתנאי 12,,31.903055,34.8124374,supermarket,,https://www.shufersal.co.il
OpenStreetMap,n8930137672,שופרסל,שופרסל,,,31.520739,34.593985,supermarket,,https://www.shufersal.co.il
OpenStreetMap,n10911028105,שופרסל,שופרסל,,,32.695217,35.4187637,supermarket,,
OpenStreetMap,n10101027510,שופרסל,שופרסל,,,31.263568,34.8112907,supermarket,,
OpenStreetMap,n6480409385,שופרסל,שופרסל,,,32.4399431,34.9314946,supermarket,,
OpenStreetMap,n12198843066,שופרסל,שופרסל,,,32.4952856,35.4974106,supermarket,,
OpenStreetMap,n13725354482,שופרסל,שופרסל,,,32.0754353,34.792144,supermarket,,
OpenStreetMap,w39458245,שופרסל,שופרסל,,,32.7685934,35.0033229,supermarket,,https://www.shufersal.co.il
OpenStreetMap,w348395018,שופרסל,שופרסל,,,32.0613,34.8280193,supermarket,,https://www.shufersal.co.il
OpenStreetMap,w154226678,שופרסל,שופרסל,,,31.2543048,34.8149073,supermarket,,https://www.shufersal.co.il
OpenStreetMap,w428036551,שופרסל,שופרסל,,,31.9588665,34.799324,supermarket,,
OpenStreetMap,w422651229,שופרסל,שופרסל,,,31.6679616,34.5826848,supermarket,,https://www.shufersal.co.il
OpenStreetMap,n392780708,שופרסל,שופרסל,,,32.3231907,34.8716217,supermarket,,https://www.shufersal.co.il
OpenStreetMap,n4335356462,שופרסל,שופרסל,,,31.9794101,34.7608973,supermarket,,https://www.shufersal.co.il
OpenStreetMap,n4339699891,שופרסל,שופרסל,,,32.0622398,34.8058066,supermarket,,https://www.shufersal.co.il
OpenStreetMap,n2309375687,שופרסל,שופרסל,,,33.1917105,35.5707223,supermarket,+972 4 871 0646,https://www.shufersal.co.il
OpenStreetMap,n2598769831,שופרסל,שופרסל,,,31.9622524,34.818777,supermarket,,https://www.shufersal.co.il
OpenStreetMap,n2351498609,שופרסל,שופרסל,,,31.8179563,34.6621208,supermarket,,https://www.shufersal.co.il
OpenStreetMap,n2488604193,שופרסל,שופרסל,,,32.0860391,34.7792149,supermarket,,https://www.shufersal.co.il
OpenStreetMap,n3492939699,שופרסל,שופרסל,,,32.6667476,35.2395132,supermarket,,https://www.shufersal.co.il
OpenStreetMap,n5597061111,שופרסל,שופרסל,,,32.0654994,34.7936988,supermarket,,
OpenStreetMap,n5294986576,שופרסל,שופרסל,,,31.9061125,35.0171822,supermarket,,
OpenStreetMap,n5271940821,שופרסל,שופרסל,,,32.2879382,34.9458801,supermarket,,
OpenStreetMap,n5807204206,שופרסל,שופרסל,,,32.7738849,35.0300616,supermarket,,
OpenStreetMap,n4806277422,שופרסל,שופרסל,,,32.7893027,35.5348495,supermarket,,
OpenStreetMap,n4931990735,שופרסל,שופרסל,,,31.9334342,34.8881433,supermarket,,https://www.shufersal.co.il
OpenStreetMap,n1125973197,שופרסל,שופרסל,,,32.117444,34.7977821,supermarket,,https://www.shufersal.co.il
OpenStreetMap,n1187825688,שופרסל,שופרסל,,,32.0814254,34.7704626,supermarket,,https://www.shufersal.co.il
OpenStreetMap,n560825914,שופרסל,שופרסל,,,31.7670986,35.2020661,supermarket,,https://www.shufersal.co.il
OpenStreetMap,n806441368,שופרסל,שופרסל,,,32.7840548,35.0132577,supermarket,,https://www.shufersal.co.il
OpenStreetMap,n896292862,שופרסל,שופרסל,,,32.7875271,35.5409646,supermarket,,https://www.shufersal.co.il
OpenStreetMap,n474376913,שופרסל,שופרסל,,,32.3314338,34.8586604,supermarket,,https://www.shufersal.co.il
OpenStreetMap,n2012812116,שופרסל,שופרסל,,,31.8866183,35.0181061,supermarket,,https://www.shufersal.co.il
OpenStreetMap,n1976520794,שופרסל,שופרסל,,,32.4376208,34.9214635,supermarket,,https://www.shufersal.co.il
OpenStreetMap,n1404061569,שופרסל,שופרסל,,,31.3275292,34.9391967,supermarket,,https://www.shufersal.co.il
OpenStreetMap,n6267886679,"שופרסל אח""י אילת",שופרסל,,,32.8215226,35.0698281,supermarket,,
OpenStreetMap,n8480328319,שופרסל אחוזה שלי,שופרסל,,,32.1796936,34.8791907,supermarket,,
OpenStreetMap,n11696445269,שופרסל אקספרס,שופרסל,יעקב 41,,31.8970095,34.8163016,supermarket,,
OpenStreetMap,n9758910025,שופרסל אקספרס,שופרסל,המעפיל 12,,32.0897137,34.8162378,supermarket,97236477884,
OpenStreetMap,n2079222859,שופרסל אקספרס,שופרסל,בוני העיר 9,,32.101043,34.783365,supermarket,03-699-8839,https://www.shufersal.co.il/
OpenStreetMap,n2528335263,שופרסל אקספרס,שופרסל,זלמן ארן 1,,32.0201361,34.7680852,supermarket,,https://www.shufersal.co.il
OpenStreetMap,n9267035917,שופרסל אקספרס,שופרסל,,,32.1598037,34.9049659,supermarket,,
OpenStreetMap,n8767938917,שופרסל אקספרס,שופרסל,,,32.4588921,35.0442275,supermarket,,
OpenStreetMap,n7264948037,שופרסל אקספרס,שופרסל,,,32.0914189,34.8931703,supermarket,,
OpenStreetMap,n10269513194,שופרסל אקספרס,שופרסל,,,31.8957601,34.996474,convenience,,
OpenStreetMap,n13011370887,שופרסל אקספרס,שופרסל,,,32.0986342,34.8815545,supermarket,,
OpenStreetMap,n12692019734,שופרסל אקספרס,שופרסל,,,32.7924681,34.9879242,supermarket,,
OpenStreetMap,n12585479758,שופרסל אקספרס,שופרסל,,,32.0536582,34.8585212,supermarket,,
OpenStreetMap,n12509129816,שופרסל אקספרס,שופרסל,,,31.9043844,34.9856967,supermarket,,
OpenStreetMap,n13774749236,שופרסל אקספרס,שופרסל,,,32.0802305,34.875242,supermarket,,
OpenStreetMap,n11099672905,שופרסל אקספרס,שופרסל,,,32.1515052,34.8430354,supermarket,,
OpenStreetMap,n2687662867,שופרסל אקספרס,שופרסל,,,32.1939568,34.8503651,supermarket,,https://www.shufersal.co.il
OpenStreetMap,n2598394779,שופרסל אקספרס,שופרסל,,,31.9585524,34.8084413,supermarket,,
OpenStreetMap,n2907922201,שופרסל אקספרס,שופרסל,,,32.1726341,34.9075101,supermarket,,https://www.shufersal.co.il
OpenStreetMap,n3352188066,שופרסל אקספרס,שופרסל,,,31.7733232,35.2202583,supermarket,,https://www.shufersal.co.il
OpenStreetMap,n5773162304,שופרסל אקספרס,שופרסל,,,32.1144534,34.7910627,supermarket,,
OpenStreetMap,n4671232454,שופרסל אקספרס,שופרסל,,,32.5670369,34.963916,supermarket,,https://www.shufersal.co.il
OpenStreetMap,n1014306276,שופרסל אקספרס,שופרסל,,,32.7799424,34.9852966,supermarket,,https://www.shufersal.co.il
OpenStreetMap,n1687642335,שופרסל אקספרס,שופרסל,,,32.0784365,34.82542,supermarket,,https://www.shufersal.co.il
OpenStreetMap,w107456875,שופרסל דיל,שופרסל,המרכבה 9,,32.0172598,34.8071968,supermarket,+97236507600,https://www.shufersal.co.il
OpenStreetMap,w388250864,שופרסל דיל,שופרסל,ז'בוטינסקי,,31.3182289,34.6254082,supermarket,,https://www.shufersal.co.il
OpenStreetMap,n4584961918,שופרסל דיל,שופרסל,שדרות מדע 77,,32.6780005,35.243296,supermarket,046440390,https://www.shufersal.co.il
OpenStreetMap,n11008690818,שופרסל דיל,שופרסל,,,32.1029095,34.8359505,supermarket,036192605,https://www.shufersal.co.il
OpenStreetMap,n10136244475,שופרסל דיל,שופרסל,,,31.2827325,34.7993384,supermarket,,
OpenStreetMap,n6776944028,שופרסל דיל,שופרסל,,,32.1023758,35.2062296,supermarket,,https://www.shufersal.co.il
OpenStreetMap,n5894756686,שופרסל דיל,שופרסל,,,32.7084375,35.3250336,supermarket,,
OpenStreetMap,n13025705784,שופרסל דיל,שופרסל,,,31.6874727,34.5792255,supermarket,,
OpenStreetMap,w54967843,שופרסל דיל,שופרסל,,,32.7830733,34.9594049,supermarket,,https://www.shufersal.co.il
OpenStreetMap,w276928513,שופרסל דיל,שופרסל,,,31.0742421,35.0322894,supermarket,,https://www.shufersal.co.il
OpenStreetMap,w242833261,שופרסל דיל,שופרסל,,,33.0191636,35.2830446,supermarket,+972 4 957 2994,https://www.shufersal.co.il
OpenStreetMap,w175425442,שופרסל דיל,שופרסל,,,31.7535269,35.2151224,supermarket,,https://www.shufersal.co.il
OpenStreetMap,w108409570,שופרסל דיל,שופרסל,,,32.322556,34.8734326,supermarket,,
OpenStreetMap,w176533454,שופרסל דיל,שופרסל,,,32.8255644,34.9833794,supermarket,,
OpenStreetMap,w197695448,שופרסל דיל,שופרסל,,,32.981256,35.555813,supermarket,+972 4 693 1835,https://www.shufersal.co.il
OpenStreetMap,w362808980,שופרסל דיל,שופרסל,,,31.2453619,34.7980401,supermarket,,https://www.shufersal.co.il
OpenStreetMap,n415556623,שופרסל דיל,שופרסל,,,32.2761094,34.8613027,supermarket,,https://www.shufersal.co.il
OpenStreetMap,n340467552,שופרסל דיל,שופרסל,,,32.2846565,34.8597337,supermarket,,https://www.shufersal.co.il
OpenStreetMap,n4262918271,שופרסל דיל,שופרסל,,,31.6448821,35.1304587,supermarket,,https://www.shufersal.co.il
OpenStreetMap,n2767962747,שופרסל דיל,שופרסל,,,31.9672777,34.7854749,supermarket,,https://www.shufersal.co.il
OpenStreetMap,n2366076849,שופרסל דיל,שופרסל,,,32.7104594,35.143557,supermarket,,https://www.shufersal.co.il
OpenStreetMap,n3507251393,שופרסל דיל,שופרסל,,,32.1921131,34.8916419,supermarket,,https://www.shufersal.co.il
OpenStreetMap,n3815028803,שופרסל דיל,שופרסל,,,32.6423367,35.0923528,supermarket,,https://www.shufersal.co.il
OpenStreetMap,n5153255621,שופרסל דיל,שופרסל,,,31.8613545,34.8176068,supermarket,,
OpenStreetMap,n5299442033,שופרסל דיל,שופרסל,,,32.9076218,35.2937872,supermarket,,
OpenStreetMap,n5711550507,שופרסל דיל,שופרסל,,,32.6228283,35.3152986,supermarket,+972 4 642 5180,https://www.shufersal.co.il/
OpenStreetMap,n4543787740,שופרסל דיל,שופרסל,,,31.8904567,34.9656449,supermarket,,https://www.shufersal.co.il
OpenStreetMap,n5111542533,שופרסל דיל,שופרסל,,,33.2228592,35.5758666,supermarket,+972 4 636 1638,https://www.shufersal.co.il
OpenStreetMap,n1068539954,שופרסל דיל,שופרסל,,,31.7552683,34.9903123,supermarket,,https://www.shufersal.co.il
OpenStreetMap,n1070441441,שופרסל דיל,שופרסל,,,31.8941478,34.8078901,supermarket,,https://www.shufersal.co.il
OpenStreetMap,n446150640,שופרסל דיל,שופרסל,,,32.1463323,34.8041513,supermarket,,https://www.shufersal.co.il
OpenStreetMap,n1300812466,שופרסל דיל,שופרסל,,,29.5659276,34.9598143,supermarket,,
OpenStreetMap,n558379187,שופרסל דיל,שופרסל,,,32.4349813,34.9089688,supermarket,,https://www.shufersal.co.il
OpenStreetMap,n656522993,שופרסל דיל,שופרסל,,,32.0124873,34.7788229,supermarket,,https://www.shufersal.co.il
OpenStreetMap,n700455954,שופרסל דיל,שופרסל,,,31.9211756,34.7934413,supermarket,,https://www.shufersal.co.il
OpenStreetMap,n1671589130,שופרסל דיל,שופרסל,,,32.1746061,34.8910727,supermarket,,https://www.shufersal.co.il
OpenStreetMap,n2166938187,שופרסל דיל,שופרסל,,,32.0999381,34.8951264,supermarket,,https://www.shufersal.co.il
OpenStreetMap,n1706297438,שופרסל דיל,שופרסל,,,31.2600407,35.2088102,supermarket,,https://www.shufersal.co.il
OpenStreetMap,n1880782307,שופרסל דיל,שופרסל,,,32.0088887,34.7462252,supermarket,,https://www.shufersal.co.il
OpenStreetMap,n1944596758,שופרסל דיל,שופרסל,,,32.5684762,34.9550466,supermarket,,https://www.shufersal.co.il
OpenStreetMap,n1741105212,שופרסל דיל,שופרסל,,,32.0258756,34.9009182,supermarket,,https://www.shufersal.co.il
OpenStreetMap,n2697513701,שופרסל דיל אקסטרה,שופרסל,,,32.900146,35.093554,supermarket,,https://www.shufersal.co.il
OpenStreetMap,n2778393332,שופרסל דיל עפולה,שופרסל,,,32.6096567,35.2937113,supermarket,,
OpenStreetMap,n8450300876,שופרסל דיל רננים,שופרסל,,,32.1972261,34.8784018,supermarket,,
OpenStreetMap,n5159576819,שופרסל הר בוקר,שופרסל,,,31.2725624,34.8105295,supermarket,,
OpenStreetMap,n1308391831,שופרסל מבשרת שלי,שופרסל,,,31.8041747,35.1550883,supermarket,02-534-1231,https://www.shufersal.co.il
OpenStreetMap,n651512189,שופרסל קלר שלי,שופרסל,,,32.8022955,34.9832261,supermarket,,
OpenStreetMap,n1246692181,שופרסל שלי,שופרסל,פנחס יעקובי 1,,31.8799406,34.8123246,supermarket,,https://www.shufersal.co.il
OpenStreetMap,n439209147,שופרסל שלי,שופרסל,משה סמילנסקי 13,,32.3271907,34.85489,supermarket,,https://www.shufersal.co.il
OpenStreetMap,w288623393,שופרסל שלי,שופרסל,סוקולוב 50,,32.1435751,34.8378863,supermarket,,https://www.shufersal.co.il
OpenStreetMap,n7722031518,שופרסל שלי,שופרסל,,,32.0786194,34.8151855,supermarket,,
OpenStreetMap,n12012285700,שופרסל שלי,שופרסל,,,32.184263,34.9294588,convenience,,
OpenStreetMap,n13061528014,שופרסל שלי,שופרסל,,,32.0741839,34.869614,supermarket,,
OpenStreetMap,n12587258484,שופרסל שלי,שופרסל,,,31.9939055,34.9458037,supermarket,,
OpenStreetMap,n12547327163,שופרסל שלי,שופרסל,,,31.999103,34.947183,supermarket,,
OpenStreetMap,n1430432551,שופרסל שלי,שופרסל,,,32.1776657,34.899116,convenience,,
OpenStreetMap,w294522544,שופרסל שלי,שופרסל,,,32.8288334,35.0600755,supermarket,,https://www.shufersal.co.il
OpenStreetMap,w167315772,שופרסל שלי,שופרסל,,,32.0936291,34.9736497,supermarket,,https://www.shufersal.co.il
OpenStreetMap,w231988777,שופרסל שלי,שופרסל,,,32.4747802,34.9976908,supermarket,,https://www.shufersal.co.il
OpenStreetMap,w405434359,שופרסל שלי,שופרסל,,,30.6127409,34.8022781,supermarket,,https://www.shufersal.co.il
OpenStreetMap,w396202578,שופרסל שלי,שופרסל,,,32.1767436,34.9087422,supermarket,,
OpenStreetMap,n392815953,שופרסל שלי,שופרסל,,,32.3043902,34.9033082,supermarket,,https://www.shufersal.co.il
OpenStreetMap,n4155303852,שופרסל שלי,שופרסל,,,32.0926501,34.9662043,supermarket,,https://www.shufersal.co.il
OpenStreetMap,n2596907852,שופרסל שלי,שופרסל,,,31.9542475,34.820936,supermarket,,https://www.shufersal.co.il
OpenStreetMap,n2930867614,שופרסל שלי,שופרסל,,,32.5022238,34.927525,supermarket,,https://www.shufersal.co.il
OpenStreetMap,n3190057872,שופרסל שלי,שופרסל,,,32.5174782,34.9403381,supermarket,,https://www.shufersal.co.il
OpenStreetMap,n5454716191,שופרסל שלי,שופרסל,,,32.0613299,34.8118436,supermarket,,
OpenStreetMap,n5167262009,שופרסל שלי,שופרסל,,,29.5598045,34.9505835,supermarket,,
OpenStreetMap,n992087572,שופרסל שלי,שופרסל,,,31.2657172,34.7636819,supermarket,,https://www.shufersal.co.il
OpenStreetMap,n1348345827,שופרסל שלי,שופרסל,,,32.8205458,34.9736327,supermarket,,https://www.shufersal.co.il
OpenStreetMap,n950284098,שופרסל שלי,שופרסל,,,32.0914274,34.7826309,supermarket,,https://www.shufersal.co.il
OpenStreetMap,n881082857,שופרסל שלי,שופרסל,,,31.8990059,34.8101002,supermarket,,https://www.shufersal.co.il
OpenStreetMap,n945971135,שופרסל שלי,שופרסל,,,31.2508277,34.7797479,supermarket,,https://www.shufersal.co.il
OpenStreetMap,n651511985,שופרסל שלי,שופרסל,,,32.8046583,34.9867633,supermarket,,https://www.shufersal.co.il
OpenStreetMap,n747701396,שופרסל שלי,שופרסל,,,32.1384025,34.8414597,supermarket,,https://www.shufersal.co.il
OpenStreetMap,n1685990608,שופרסל שלי,שופרסל,,,31.8501685,34.8404401,supermarket,,https://www.shufersal.co.il
OpenStreetMap,n11283028143,שופרסל שלי כפר וורדים,שופרסל,,,32.9957095,35.2754996,supermarket,,
OpenStreetMap,n12512132501,שופרשל שלי רמת ספיר,,משה גוט לווין 48,,32.784265,35.0041971,supermarket,,
OpenStreetMap,n4784939816,שוק דאליה לפירות וירקות,,,,32.70027,35.0564066,supermarket,,
OpenStreetMap,w184223053,שוק הגליל,,הגליל 100,,32.7871906,35.0203346,supermarket,,
OpenStreetMap,n1570717367,שוק המהדרין,,,,32.3121108,34.8564338,supermarket,,
OpenStreetMap,n11987525063,שוק העיר,,,,32.1810094,34.8731872,supermarket,,
OpenStreetMap,n12574418944,שוק העיר,,,,32.0959131,34.8229347,supermarket,,
OpenStreetMap,w399457566,שוק העיר,,,,32.1763012,34.9338553,supermarket,,
OpenStreetMap,n12768184752,שוק לוינסקי,,,,32.0571535,34.7784471,convenience,,
OpenStreetMap,n12707525940,שוק פירות ירוקות,,,,32.6984924,35.0573975,convenience,,
OpenStreetMap,w723167199,שוק קט,,,,32.0767367,34.9243417,general,03-932-3930,
OpenStreetMap,w898071589,שוק רעננה,,,,32.1954316,34.8781668,supermarket,,
OpenStreetMap,n6631040185,שוקילה,,,,31.9586471,34.7967043,convenience,,
OpenStreetMap,n1705751764,שוקת,,,,31.3095153,34.89836,convenience,,
OpenStreetMap,w322758740,שיווק כרמיאל,,,,32.9234087,35.3094344,supermarket,,
OpenStreetMap,n2211335828,שיר מרקט,,,,32.1726401,34.9191111,convenience,,
OpenStreetMap,n11076745289,שירה מרקט,,,,32.1179929,35.1284945,supermarket,,
OpenStreetMap,w750047783,שירה מרקט ראש העין,,,,32.0861799,34.9690018,convenience,,
OpenStreetMap,n13173611017,שלגיה,,,,31.7540343,35.2207883,convenience,,
OpenStreetMap,n764107908,שלהבת,,,,32.046626,34.8042061,supermarket,,
OpenStreetMap,n4244860191,שלום מרקט,,,,32.0525001,34.8590491,supermarket,,
OpenStreetMap,n6682080636,שלי מרקט,,,,32.1339676,34.8407422,supermarket,,
OpenStreetMap,n6668166380,שערי רווחה,,,,31.7921224,35.2096394,supermarket,,
OpenStreetMap,n11737554569,שפע ברכה,,,,31.9410082,35.0419638,supermarket,,
OpenStreetMap,n11811723000,שפע ברכת השם,,,,31.9397731,35.0387186,supermarket,,
OpenStreetMap,n868246336,שפע ברלין,,,,31.7699039,35.2117202,convenience,,
OpenStreetMap,n13377840914,שפע דיל,,,,31.8930792,34.812239,supermarket,,
OpenStreetMap,n4612608817,שפע הברון,,,,32.5659424,34.9491283,supermarket,,
OpenStreetMap,n13362386015,שפע זול,,,,31.7200231,35.2206254,supermarket,,
OpenStreetMap,n11833930208,שפע זול,,,,32.0987216,34.898259,supermarket,,
OpenStreetMap,n6369618169,שפע מרקט,,,,31.9693919,34.80343,convenience,,
OpenStreetMap,n4111170491,שפע רמות,,"המשורר אצ""ג 10",,31.8211105,35.1874673,supermarket,,
OpenStreetMap,n4788365226,שקד,,,,32.0583341,34.8189296,supermarket,,
OpenStreetMap,n2846489601,שרי,,,,31.9913761,34.7496623,convenience,,
OpenStreetMap,n1162059233,ששבש,,,,32.0358746,34.7543692,convenience,,
OpenStreetMap,n4365314698,תאג' חנות הודית,,,,32.0905112,34.8862146,convenience,,
OpenStreetMap,n1388845720,תחילת הדרך,,,,32.0231697,34.7618003,convenience,,
OpenStreetMap,n2701152030,תחנת דלק מיקה,,,,31.8902579,34.9673597,convenience,,
OpenStreetMap,n1002894253,תמיד זול,,,,31.2455212,34.7824286,supermarket,,
OpenStreetMap,n760224762,תמרים פלוס,,,,32.7123474,35.564824,supermarket,,
OpenStreetMap,n4657802999,أبو الطاهر,,main,,32.1149189,35.0805139,supermarket,,
OpenStreetMap,n5139746136,أبو جميل للرويال,,,,31.2721526,34.263518,convenience,,
OpenStreetMap,n6289005285,أبو صفر,,Salah Khalaf Street,,31.4160414,34.3465571,supermarket,,
OpenStreetMap,n505101680,أبو طه للأعلاف,,,,31.2697215,34.2603862,supermarket,,
OpenStreetMap,n8992761124,أبو طويلة ماركت,,,,31.4931306,34.464283,supermarket,,
OpenStreetMap,n432285050,أبو علي,,,,31.9223607,35.2433693,supermarket,,
OpenStreetMap,n7136882794,أحمد قويدر,,,,31.3232595,34.3207493,supermarket,,
OpenStreetMap,n432338131,أحمد مغالسه( ابو عبدالله ),,شارع المدارس /بلديه العوحا,,31.947658,35.464208,supermarket,+972598757239,http://facebook/AbuAbdallah/.com
OpenStreetMap,n9834786245,أرز لبنان,,,,32.5324816,35.8476365,supermarket,,
OpenStreetMap,n4577705189,أسواق العائلة,,Almalek Fysal street,,32.482855,35.2996096,supermarket,,
OpenStreetMap,n4654326490,أسواق الوادي الاستهلاكيه,,,,32.217839,35.252956,supermarket,,
OpenStreetMap,n10000011950,أسواق شموع الأردن,,,,31.9598526,35.8375122,supermarket,,
OpenStreetMap,n7281792538,أقساط,,,,32.5384488,35.8518042,convenience,,
OpenStreetMap,n4815203021,أمير حريز مول,,,,31.5484241,35.1037255,supermarket,,
OpenStreetMap,n5830584203,ا,,,,31.5392387,35.0473617,supermarket,,
OpenStreetMap,n5830579204,اببلا,,,,31.39782,35.065565,supermarket,,
OpenStreetMap,n5875497815,ابراهيم ارزيقات,,,,31.5409535,35.054524,supermarket,,
OpenStreetMap,n5875497814,ابراهيم ارزيقات,,,,31.5405338,35.0566936,supermarket,,
OpenStreetMap,n5830579218,ابراهيم طردة,,,,31.5387663,35.0416874,supermarket,,
OpenStreetMap,n13617420501,ابراهيم للعروض,,,,32.3116967,35.0289606,supermarket,,
OpenStreetMap,n11521356872,ابناء العم,,,,32.4055999,35.2035247,supermarket,,
OpenStreetMap,n8297078325,ابناء عمر شاور,,,,32.3139178,35.0272077,supermarket,,
OpenStreetMap,n8297074621,ابو ادهم النيص,,,,32.1838045,34.9765304,supermarket,,
OpenStreetMap,n5153816929,ابو اسكندر للمكسرات,,,,31.5369578,34.468482,convenience,,
OpenStreetMap,n5830592488,ابو اسيد,,,,31.4046617,35.0539517,supermarket,,
OpenStreetMap,n6906149485,ابو اصيم,,وسط البلد,,32.3263178,35.1614339,convenience,,
OpenStreetMap,n5830579208,ابو الامير,,,,31.441615,35.0184417,supermarket,,
OpenStreetMap,n5830593085,ابو الانس,,,,31.5091933,34.9489817,supermarket,,
OpenStreetMap,n5228287722,ابو الجبين سنتر,,,,31.4111008,34.9766927,supermarket,,
OpenStreetMap,n8431127317,ابو الرائد عبده,,,,32.2977288,35.0200386,supermarket,,
OpenStreetMap,n5830579201,ابو الزقة,,,,31.38797,35.0637833,supermarket,,
OpenStreetMap,n7821133372,ابو الزوز,,,,31.8340936,35.1229849,supermarket,,
OpenStreetMap,n7205954886,ابو السعيد للدعاية والاعلان جنين,,,,32.4638324,35.306377,convenience,,
OpenStreetMap,n8431127117,ابو الشوارب,,,,32.3135344,35.0266092,supermarket,,
OpenStreetMap,n5284180321,ابو الشوارب,,,,32.3135423,35.026989,supermarket,,
OpenStreetMap,n8431127919,ابو الشيخ,,,,32.1908366,34.9635247,supermarket,,
OpenStreetMap,n8297070826,ابو العبد,,,,32.3100227,35.0263309,supermarket,,
OpenStreetMap,n5830584196,ابو العلاء,,,,31.3933083,35.0630283,supermarket,,
OpenStreetMap,n8493035317,ابو العيال,,,,32.1882919,34.9948045,supermarket,,
OpenStreetMap,n8431127418,ابو المجد,,,,32.201413,35.0332202,supermarket,,
OpenStreetMap,n5830579221,ابو النور,,,,31.535119,35.0491551,supermarket,,
OpenStreetMap,n8383086917,ابو الودع,,,,31.7030398,35.2397088,supermarket,,
OpenStreetMap,n13620079201,ابو الوفا,,,,32.4602486,35.2994022,supermarket,,
OpenStreetMap,n11240656538,ابو انس عابد,,,,32.4747393,35.2545617,supermarket,,
OpenStreetMap,n8431127319,ابو انور,,,,32.2010176,35.0360224,supermarket,,
OpenStreetMap,n5839070489,ابو باسل,,,,31.4322525,34.9944001,supermarket,,
OpenStreetMap,n13076230602,ابو حسام جابر,,,,31.6974315,35.1802584,supermarket,,
OpenStreetMap,n12497582307,ابو حسن حمودة منظفات,,,,31.4197469,34.3476446,supermarket,,
OpenStreetMap,n7282321887,ابو حصوه,,,,32.5307633,35.8527939,supermarket,,
OpenStreetMap,n13620120901,ابو حماد,,,,32.4556372,35.2990662,supermarket,,
OpenStreetMap,n11104168105,ابو خاطر للتجارة,,,,32.303812,35.0383894,supermarket,,
OpenStreetMap,n4815200627,ابو خالد زاهده الرسيفرات تصليح,,شارع وادي الهرية,,31.5114941,35.0843451,convenience,,
OpenStreetMap,n5876621005,ابو خرشيق,,,,31.7826767,35.2286786,convenience,,
OpenStreetMap,n9655338356,ابو راشد لتوزيع المعسل والاراجيل,,,,32.5315705,35.8896607,supermarket,,
OpenStreetMap,n5830592495,ابو رامي,,,,31.5388418,35.0515638,supermarket,,
OpenStreetMap,n8553255918,ابو رامي الامير,,,,31.6979594,35.1872476,supermarket,,
OpenStreetMap,n2425255350,ابو زهرة,,,,31.7880995,35.2363287,supermarket,,
OpenStreetMap,n13594842201,ابو زهره,,,,32.2146234,35.2921653,supermarket,,
OpenStreetMap,n4753542426,ابو زهره تجاره عامه وادي الجوز,,,,31.7878084,35.2362971,supermarket,,
OpenStreetMap,n9642395557,ابو زيد سنتر,,,,32.541292,35.8600789,general,,
OpenStreetMap,n11099268307,ابو سامح العرقة,,,,32.4702773,35.2012394,supermarket,,
OpenStreetMap,n8431127118,ابو سليم,,,,32.3504598,35.0719454,supermarket,,
OpenStreetMap,n432263977,ابو شكري للقوة الامريكية,,Ein Yabrod,,31.9535329,35.2519858,supermarket,,
OpenStreetMap,n4329033356,ابو شهاب,,,,31.3993485,35.0668896,supermarket,,
OpenStreetMap,n8297078118,ابو صالح,,,,32.1819663,34.9669006,supermarket,,
OpenStreetMap,n8297078121,ابو صرار,,,,32.3504433,35.0720252,supermarket,,
OpenStreetMap,n8297074726,ابو ضرار,,,,32.3504512,35.0720427,supermarket,,
OpenStreetMap,n8297089623,ابو طارق,,,,32.197012,35.0515495,supermarket,,
OpenStreetMap,n8297054818,ابو طالب,,,,32.334343,35.0359013,supermarket,,
OpenStreetMap,n5875497997,ابو عايد للاتصالات,,,,31.5076646,35.0244815,supermarket,,
OpenStreetMap,n432368797,ابو عايشة,,,,32.336462,35.0340767,supermarket,,
OpenStreetMap,n5830584191,ابو عدي,,,,31.56533,35.008095,supermarket,,
OpenStreetMap,n5830579202,ابو عزات,,,,31.39246,35.07277,supermarket,,
OpenStreetMap,n5830579219,ابو عزيز,,,,31.5380057,35.0403096,supermarket,,
OpenStreetMap,n4369835084,ابو عصام ميني ماركت,,,,32.426363,35.3664103,supermarket,,
OpenStreetMap,n6054300385,ابو عطوان,,,,31.4072299,34.9565683,supermarket,,
OpenStreetMap,n5839070590,ابو عطوان مول,,,,31.4073014,34.9565464,supermarket,,
OpenStreetMap,n5841475049,ابو عفيف/عصام ارزيقات,,,,31.5378054,35.0441678,supermarket,,
OpenStreetMap,n8431127920,ابو عمر,,,,32.1929631,34.9707659,supermarket,,
OpenStreetMap,n13602490701,ابو عنان,,,,32.1832329,34.9648272,supermarket,,
OpenStreetMap,n5839070589,ابو عيدة,,,,31.4127514,34.9474435,supermarket,,
OpenStreetMap,n8297074724,ابو غاليه,,,,32.3241283,35.1042803,supermarket,,
OpenStreetMap,n8297074517,ابو فادي,,,,32.3135727,35.0265346,supermarket,,
OpenStreetMap,n4693158392,ابو فراج,,,,32.1876292,34.9746422,supermarket,,
OpenStreetMap,n5839070597,ابو ليث,,,,31.4117918,34.9827628,supermarket,,
OpenStreetMap,n9645698938,ابو ماجد,,,,32.5572367,35.8291152,convenience,,
OpenStreetMap,n8431127921,ابو محمد,,,,32.1905972,34.9679438,supermarket,,
OpenStreetMap,n8431133121,ابو محمد,,,,32.1886778,34.96984,supermarket,,
OpenStreetMap,n5887021585,ابو محمد حزوز,,,,31.9094604,35.1647289,supermarket,,
OpenStreetMap,n4301540092,ابو محمد للبهارات و بقوليات,,,,32.2212127,35.2603783,supermarket,,
OpenStreetMap,n5875497788,ابو مسعد,,,,31.506619,34.9523456,supermarket,,
OpenStreetMap,n8297078120,ابو معتز,,,,32.3514683,35.0751482,supermarket,,
OpenStreetMap,n5808911155,ابو ممدوح,,Shoqba,,31.9871921,35.037653,supermarket,,
OpenStreetMap,n8297074725,ابو نضال,,,,32.3326467,35.1068845,supermarket,,
OpenStreetMap,n5875497799,ابو نوح,,,,31.4773141,35.0657738,supermarket,,
OpenStreetMap,n5001825623,ابو ياسر,,وسط البلد,,32.3266625,35.1617689,supermarket,,
OpenStreetMap,n5839070592,ابو يوسف,,,,31.4180293,34.9711016,supermarket,,
OpenStreetMap,n4549895306,ابواب الباندا;أبواب الباندا,,,,32.2253211,35.2076541,convenience,,
OpenStreetMap,n5287257527,ابوجمال الصانوري,,,,32.4621043,35.2997038,supermarket,,
OpenStreetMap,n4728029989,ابوحمدة,,,,32.3073831,35.0282826,supermarket,,
OpenStreetMap,n4322650189,ابوطالب,,,,32.3346095,35.0357802,supermarket,,
OpenStreetMap,n2034303873,ابومحمد,,,,32.3058514,35.0416056,supermarket,,
OpenStreetMap,n13619967101,احمد الاحول,,,,32.4662831,35.3073737,supermarket,,
OpenStreetMap,n8860267717,احمد الجمال,,,,32.1341284,35.1955722,supermarket,,
OpenStreetMap,n11153265805,احمد العطاري,,,,32.4090482,35.2271078,supermarket,,
OpenStreetMap,n5875497810,احمد المصري,,,,31.4713765,35.0035968,supermarket,,
OpenStreetMap,n8856519117,احمد دويكات,,,,32.2149944,35.2881471,supermarket,,
OpenStreetMap,n13619980501,احمد زكارنه,,,,32.4633456,35.316997,supermarket,,
OpenStreetMap,n8628877119,احمد شاهين,,,,32.2174032,35.2673102,supermarket,,
OpenStreetMap,n8297078317,احمد عثمان,,,,32.1282052,35.0500929,supermarket,,
OpenStreetMap,n8383864418,ادم,,,,31.7044615,35.2252094,supermarket,,
OpenStreetMap,n8431133122,ادهم جعدي,,,,32.1907064,34.963174,supermarket,,
OpenStreetMap,n10004081317,اسامة,,,,32.0294193,35.2693643,supermarket,,
OpenStreetMap,n5830579207,اسامة العقيلي,,,,31.4394492,35.0086041,supermarket,,
OpenStreetMap,n8297081318,اسامه,,,,32.3141695,35.0251409,supermarket,,
OpenStreetMap,n13595200301,اسامه هواش,,,,32.2270304,35.2647715,supermarket,,
OpenStreetMap,n5875497793,استراحة,,,,31.3998211,35.0669082,supermarket,,
OpenStreetMap,n4818582923,استهلاكية الحنان,,,,33.2927253,35.3212611,supermarket,,
OpenStreetMap,n7141397985,اسحاق ابو عنزة تعديل ميني مركت,,,,31.3373293,34.3419155,supermarket,,
OpenStreetMap,n8384031517,اسطنبول مول,,,,31.6992364,35.2109877,supermarket,,
OpenStreetMap,n8297052020,اسكدنيا,,,,32.3183466,35.039199,supermarket,,
OpenStreetMap,n8431133120,اسماك ولحموم الهنا,,,,32.1874622,34.9654513,supermarket,,
OpenStreetMap,n11364490840,اسواق ابو باسل,,,,31.9945075,35.8804818,supermarket,,
OpenStreetMap,n11099426905,اسواق البستان يعبد,,,,32.4513728,35.1674055,supermarket,,
OpenStreetMap,n11099382205,اسواق البستان يعبد,,,,32.4497322,35.1689256,supermarket,,
OpenStreetMap,n7285460721,اسواق الزبيدي,,,,32.5517648,35.8705208,supermarket,,
OpenStreetMap,n7285460720,اسواق الزبيدي للخضار و الفواكه,,,,32.5516496,35.8702748,supermarket,,
OpenStreetMap,n431708723,اسواق المدينة,,,,32.3168606,35.3720094,supermarket,092571112,
OpenStreetMap,n8297077817,اسواق المدينه,,,,32.3017797,35.0301347,supermarket,,
OpenStreetMap,n9090930219,اسواق براهمه التجارية مصلح,,,,32.2122933,35.2775411,supermarket,,
OpenStreetMap,n7281810258,اسواق زمزم,,,,32.5325017,35.855254,supermarket,,
OpenStreetMap,n9846301143,اسواق مكة,,,,32.5793984,35.8672303,supermarket,,
OpenStreetMap,n7287531033,اسواق مكة,,,,32.5330986,35.8565804,supermarket,,
OpenStreetMap,n4654423589,اشرف البيتاوي,,,,32.21948,35.2626311,supermarket,,
OpenStreetMap,n13673989501,اشرف الجلاد,,,,32.3003744,35.0244082,supermarket,,
OpenStreetMap,n5403574721,اشرف بحور,,,,31.4536503,34.3755147,supermarket,,
OpenStreetMap,n5839070596,اشرف عودة ابو شرخ/اياد ابو شرخ,,,,31.4108502,34.9765849,supermarket,,
OpenStreetMap,n8976799021,اكاسيا,,,,32.1269015,35.3452537,supermarket,,
OpenStreetMap,n5830592489,ال,,,,31.3967167,35.062285,supermarket,,
OpenStreetMap,n5571149823,الأديب,,,,32.3678715,35.0712922,supermarket,,
OpenStreetMap,n11162273997,الأعلام ماركت,,,,31.4930256,34.4609607,supermarket,,
OpenStreetMap,n5869034789,الأقصى للمنظفات,,,,32.3119841,35.0291115,convenience,,
OpenStreetMap,n5880954085,الأمجاد مول بيت لحم,,,,31.700371,35.211268,supermarket,,
OpenStreetMap,n4226311289,الأميرة,,,,31.9100598,35.2042948,supermarket,,
OpenStreetMap,n5814720957,الأمين,,,,31.7830441,35.2280854,convenience,,
OpenStreetMap,n8314738018,الاتحاد,,,,32.1821933,34.9800701,supermarket,,
OpenStreetMap,n8874991718,الاخلاص,,,,32.2229841,35.2480711,supermarket,,
OpenStreetMap,n5841475048,الاخوة,,,,31.537605,35.0462851,supermarket,,
OpenStreetMap,n8297070822,الاخوة,,,,32.4263135,35.0850013,supermarket,,
OpenStreetMap,n8297074740,الاخوة,,,,32.3009505,35.1321273,supermarket,,
OpenStreetMap,n5465294622,الاخوة سوبر ماركت,,,,31.7140803,35.20122,supermarket,,
OpenStreetMap,n5724299821,الاخوة ماركت,,Al-Wehda Street,,31.5055419,34.4652953,convenience,0595565118,
OpenStreetMap,n8371342217,الارزة,,,,31.6366231,35.2219874,supermarket,,
OpenStreetMap,n5830592485,الاسد,,,,31.4682233,34.93804,supermarket,,
OpenStreetMap,n8297070818,الاسراء / الواد,,,,32.1840849,34.9800436,supermarket,,
OpenStreetMap,n8297087633,الاسرة,,,,32.174946,35.0584665,supermarket,,
OpenStreetMap,n7746169485,الاسرة السعيدة,,,,32.2226438,35.2281895,supermarket,,
OpenStreetMap,n5155856754,الاسرة السعيده - اياد شاهين,,,,32.2227141,35.228383,supermarket,,
OpenStreetMap,n5155882921,الاسره السعيده,,,,32.2226531,35.2281389,supermarket,,
OpenStreetMap,w298884252,الاسطورة,,,,31.3047915,34.2475951,supermarket,0592252498,
OpenStreetMap,n8297081319,الاشقر,,,,32.3121899,35.0248801,supermarket,,
OpenStreetMap,n5830579198,الاصدقاء,,,,31.4038283,35.0559668,supermarket,,
OpenStreetMap,n5830579217,الاصدقاء/ابو رامي,,,,31.5382159,35.0429171,supermarket,,
OpenStreetMap,n8386902317,الاطرش ماركت,,,,31.7039751,35.2211392,supermarket,,
OpenStreetMap,n5830579187,الاقتصاد,,,,31.4702766,34.9458874,supermarket,,
OpenStreetMap,n8297087851,الاقصى,,,,32.1762756,35.060305,supermarket,,
OpenStreetMap,n8297092040,الاقصى,,,,32.1767349,35.0585927,supermarket,,
OpenStreetMap,n8297092053,الامانة,,,,32.2010405,35.0359563,supermarket,,
OpenStreetMap,n5039365523,الامانة,,,,31.7044429,35.2154148,supermarket,,
OpenStreetMap,n5830592496,الامانة/محمد خضر الطردة,,,,31.5387525,35.0443757,supermarket,,
OpenStreetMap,n5039365524,الامراء,,,,31.7078356,35.2072589,supermarket,,
OpenStreetMap,n5921552994,الامير,,,,31.584187,35.145547,supermarket,,
OpenStreetMap,n8383580218,الامير,,,,31.7155924,35.1879301,supermarket,,
OpenStreetMap,n5830584204,الاندلس,,,,31.5395096,35.0463222,supermarket,,
OpenStreetMap,n8941076718,الاوفر مول,,شارع القدس,,32.1922424,35.2832979,supermarket,,
OpenStreetMap,n8431127918,الاياد ماركت,,,,32.1894799,34.9670065,supermarket,,
OpenStreetMap,n8380196917,الباشا,,,,31.7017535,35.1781531,supermarket,,
OpenStreetMap,n5880807786,البان شاهين سلفيت,,,,32.088873,35.171375,supermarket,,
OpenStreetMap,n8297078119,البدور,,,,32.3531015,35.0760723,supermarket,,
OpenStreetMap,n8431127417,البراء,,,,32.3062454,35.1165376,supermarket,,
OpenStreetMap,n8297078126,البراء,,,,32.43238,35.0856163,supermarket,,
OpenStreetMap,n432352735,البراء,,,,32.08254,35.181271,supermarket,,
OpenStreetMap,n4349651893,البراء للاتصالات,,,,32.2221903,35.2613018,convenience,,
OpenStreetMap,n432418803,البراء ماركت,,,,32.3062862,35.116611,supermarket,,
OpenStreetMap,n7102024786,البركة,,,,32.5265903,35.8438019,supermarket,,
OpenStreetMap,n5830592497,البركة/اسحاق حنتش,,,,31.4921059,35.0221462,supermarket,0592191211,
OpenStreetMap,n4621453491,البشير,,,,31.5329412,34.4721707,supermarket,,
OpenStreetMap,n8383547117,البلد,,,,31.7160513,35.1878046,supermarket,,
OpenStreetMap,n4728030189,البهاء سوبرماركت,,,,32.3093497,35.023771,supermarket,,
OpenStreetMap,n4110042190,البيت الهندسي,,شارع السلام,,31.5351565,35.0896639,convenience,0599200503,
OpenStreetMap,n10143780517,البيك مول,,,,31.5185678,34.4565043,supermarket,+970599550999,
OpenStreetMap,n8664215018,التخفيظات مول,,,,32.3546092,35.0681079,supermarket,,
OpenStreetMap,n8297070819,التعاون,,,,32.1908123,34.9634081,supermarket,,
OpenStreetMap,n5830584195,التقوى,,,,31.394055,35.0635433,supermarket,,
OpenStreetMap,n4740324122,التقوى . ابو طارق,,,,32.3139321,35.025319,supermarket,,
OpenStreetMap,n8297074617,التل الاخضر,,,,32.3121403,35.0267005,supermarket,,
OpenStreetMap,n6445233285,التوفر 3,,رأس خميس,,31.8087728,35.2479271,supermarket,,
OpenStreetMap,n5830579195,الجبل,,,,31.6023083,35.01158,supermarket,0599634370,
OpenStreetMap,n5296907622,الجزار,,,,31.6100671,35.0344654,supermarket,,
OpenStreetMap,n4311617189,الجلاد لتجارة المواد الغذائية جملة,,,,32.300517,35.0304592,convenience,,
OpenStreetMap,n11096912105,الجليل مول,,,,32.4782953,35.3002978,supermarket,,
OpenStreetMap,n4699591689,الجمعيه التعاونية لعصر الزيتون,,,,32.113971,35.0730739,convenience,,
OpenStreetMap,n4557082391,الجوهره,,,,32.2282541,35.2166077,supermarket,,
OpenStreetMap,n13569645801,الجيتاوي,,,,32.1881273,34.9644032,supermarket,,
OpenStreetMap,n8297078134,الجيوسي,,,,32.1901048,34.9858896,supermarket,,
OpenStreetMap,n6358499088,الحاج أبو روحي,,,,31.5096736,34.9495854,supermarket,,
OpenStreetMap,n5305007819,الحاج عدنان مقيطي واولاده,,,,31.8542878,35.4616871,supermarket,,
OpenStreetMap,n8297074730,الحارة,,,,32.4330354,35.0820331,supermarket,,
OpenStreetMap,n5338952126,الحافي,,,,31.8934857,35.1789881,supermarket,,
OpenStreetMap,n8297081320,الحبيب,,,,32.1900203,34.9656096,supermarket,,
OpenStreetMap,n11568901980,الحديقة عرابة,,,,32.4109251,35.2034715,supermarket,,
OpenStreetMap,n7281792550,الحريري,,,,32.5384304,35.8518041,convenience,,
OpenStreetMap,n13594855501,الحسين,,,,32.213715,35.2936962,supermarket,,
OpenStreetMap,n13617241801,الحصري / جمله,,,,32.3082336,35.0598064,supermarket,,
OpenStreetMap,n2591283466,الحلول العطرية;كونتننتال ستايل للعطور,,,,31.5065091,34.4607355,supermarket,,
OpenStreetMap,n4262946492,الحنون,,,,32.032156,35.1975031,supermarket,,
OpenStreetMap,n5830579213,الحورة,,,,31.5390812,35.0579585,supermarket,,
OpenStreetMap,n4840471141,الحياة,,,,31.6982528,35.1753233,supermarket,,
OpenStreetMap,n5497719321,الخضر مول,,כביש 60 הישן,,31.6940274,35.1702571,supermarket,,
OpenStreetMap,n6352492287,الخطاط خميس فوزي النزلي,,شارع الوحدة,,31.5179428,34.4512729,convenience,,
OpenStreetMap,n8297078322,الخليلي,,,,32.312574,35.0264943,supermarket,,
OpenStreetMap,n8431131717,الخنساء,,,,32.1853771,34.9818785,supermarket,,
OpenStreetMap,n8407884119,الديراني,,,,31.4173164,34.354778,supermarket,,
OpenStreetMap,n6343642105,الديرباني,,,,31.7019006,35.1980329,supermarket,,
OpenStreetMap,n8297070827,الرائد ماركت,,,,32.3164779,35.0241964,supermarket,,
OpenStreetMap,n7537132568,الرائد ماركت,,,,31.4952897,34.4609023,supermarket,,
OpenStreetMap,n8297074720,الراتب,,,,32.1591435,34.9903045,supermarket,,
OpenStreetMap,n9648294910,الرازي,,,,32.5376905,35.8731514,convenience,,
OpenStreetMap,n7480376193,الربابعه,,,,32.5475271,35.854742,supermarket,,
OpenStreetMap,n7284769609,الربابعه,,,,32.5474015,35.8547373,supermarket,,
OpenStreetMap,n6301200286,الربيع ماركت,,Al Quds Street,,31.5152768,34.4321758,supermarket,,
OpenStreetMap,n5839070785,الرحمة/نهاد ابو شرخ,,,,31.4128195,34.9296971,supermarket,,
OpenStreetMap,n5839070486,الرحمةالتجارية/احمد زغارنة,,,,31.3850583,34.9147318,supermarket,,
OpenStreetMap,n8371070917,الردايدة,,,,31.7085232,35.2667239,supermarket,,
OpenStreetMap,n8297074733,الرشيد,,,,32.3083124,35.1146887,supermarket,,
OpenStreetMap,n8297074734,الرشيد,,,,32.3093894,35.1130431,supermarket,,
OpenStreetMap,n5875498485,الرضا,,,,31.5385183,35.0418183,supermarket,,
OpenStreetMap,n8383815317,الرعاة,,,,31.7034908,35.2366415,supermarket,,
OpenStreetMap,n5839070488,الرعناوي مول,,,,31.4163402,34.9356196,supermarket,,
OpenStreetMap,n5830579215,الرياض,,,,31.5385929,35.0514352,supermarket,,
OpenStreetMap,n8198495421,الريان,,,,31.7686963,35.2513499,supermarket,,
OpenStreetMap,n7282321888,الريان,,,,32.5305813,35.852833,supermarket,,
OpenStreetMap,n5830584202,الريان,,,,31.5417938,35.0538604,supermarket,,
OpenStreetMap,n9648191379,الريحان,,,,32.5383903,35.8750156,general,,
OpenStreetMap,w298623191,الزعيم للسجائر والمعسل,,,,31.3149387,34.2390764,convenience,,
OpenStreetMap,n8297078324,الزغبي,,,,32.3142718,35.0275356,supermarket,,
OpenStreetMap,n5039398022,الزغير,,,,31.5066991,35.0890675,supermarket,,
OpenStreetMap,n8383653217,الزيتونة,,,,31.717719,35.1911996,supermarket,,
OpenStreetMap,n9051918917,الزير,,,,31.6932029,35.2118394,supermarket,,
OpenStreetMap,n13633850801,السايح,,,,32.4780099,35.276702,supermarket,,
OpenStreetMap,n8553930817,السدر,,,,31.7109669,35.1780385,supermarket,,
OpenStreetMap,n11364017545,السعادة للمنظفات,,,,32.0756896,35.849318,supermarket,0788838574,
OpenStreetMap,n9922062631,السعدي لمواد التنظيف ولوازم الاعراس,,,,32.4732786,35.0931533,convenience,,
OpenStreetMap,n5252256824,السلام,,الكرامة,,32.3464637,35.2768985,supermarket,,
OpenStreetMap,n8386821620,السلام,,,,31.7088055,35.2085706,supermarket,,
OpenStreetMap,n4306054019,السلامة ماركت,,,,31.9075022,35.1415549,supermarket,,
OpenStreetMap,n9645109552,السلطان,,,,32.5374983,35.8711231,supermarket,,
OpenStreetMap,n8575284217,السلعوس,,,,32.1386727,35.278549,supermarket,,
OpenStreetMap,n4579621801,السوافيري للزجاج والمرايا والبراويز,,,,31.5076756,34.4637559,convenience,,
OpenStreetMap,n8297078132,السوق الشعبي للخضار والفواكة,,,,32.2824403,35.0559867,supermarket,,
OpenStreetMap,w302190612,"السيد سليم ""الحرمين""",,شارع السوق,,31.5427051,34.4997738,supermarket,,
OpenStreetMap,n13617441102,السيد فارس للعروض,,,,32.3119544,35.0271,supermarket,,
OpenStreetMap,n5839070599,الشاطر/علاء ابو علان,,,,31.4290222,34.9854534,supermarket,,
OpenStreetMap,n11083637705,الشاعر مول,,شارع الزهراء,,31.2792935,34.2628727,supermarket,,
OpenStreetMap,n8431134918,الشام,,,,32.1926028,34.9703789,supermarket,,
OpenStreetMap,n5920584587,الشرفا ماركت,,,,31.5120866,34.472351,supermarket,,
OpenStreetMap,n4679361793,الشريف لبيع الادوات الكهربائية,,,,31.5408682,34.4996236,supermarket,,
OpenStreetMap,n8297074737,الشعار,,,,32.3097288,35.0257907,supermarket,,
OpenStreetMap,n8297074735,الشعار٢,,,,32.3189246,35.0247721,supermarket,,
OpenStreetMap,n431637085,الشعب مول,,,,32.2792698,35.3414911,supermarket,,
OpenStreetMap,n5875497995,الشعراوي,,,,31.4715207,35.010363,supermarket,,
OpenStreetMap,n8297070820,الشفاء,,,,32.1887222,34.9650956,supermarket,,
OpenStreetMap,n6786045187,الشني سوبرماركت حوارة,,,,32.1547298,35.2595108,supermarket,,
OpenStreetMap,n10008559617,الشني عقبة الجبر,,,,31.8413602,35.4482336,supermarket,,
OpenStreetMap,n10006385717,الشني عين عريك,,,,31.9013354,35.147259,supermarket,,
OpenStreetMap,n9997425117,الشني-الارساب,,,,31.9296561,35.2094773,supermarket,,
OpenStreetMap,n9997425017,الشني-الارسال,,,,31.9297792,35.209641,supermarket,,
OpenStreetMap,n10004294619,الشني-عين عريك,,,,31.9008203,35.1499769,supermarket,,
OpenStreetMap,n10006125118,الشني-كفر عقب,,,,31.8720558,35.2235962,supermarket,,
OpenStreetMap,n8297078323,الشوبكي,,,,32.2956038,35.0351533,supermarket,,
OpenStreetMap,n8297074623,الشيخ عثمان ابو احمد,,,,32.3524654,35.0804311,supermarket,,
OpenStreetMap,n5880816085,الشيخ عمر سنجل,,,,32.029618,35.257042,supermarket,,
OpenStreetMap,n6524697885,الشيخ محمد,,,,31.3476414,34.3446296,supermarket,,
OpenStreetMap,n8297074624,الشيخ محمود,,,,32.3536641,35.0777926,supermarket,,
OpenStreetMap,n5875498188,الصادق الامين,,,,31.4592964,35.1172488,supermarket,,
OpenStreetMap,n8297078320,الصباح,,,,32.4280769,35.08469,supermarket,,
OpenStreetMap,n9207671817,الصديق يوسف,,,,31.7655017,35.2774156,supermarket,,
OpenStreetMap,n5875497807,الصقر,,,,31.4715064,35.0039681,supermarket,,
OpenStreetMap,n4525258389,الصقر للخضار,,,,31.8971952,35.1706113,supermarket,,
OpenStreetMap,n7102025186,الضاحية,,,,32.5271484,35.8402478,supermarket,,
OpenStreetMap,n7281825407,الطحان,,,,32.5372824,35.8519825,supermarket,,
OpenStreetMap,n8559542417,الطنبور,,,,32.2206004,35.2627203,supermarket,,
OpenStreetMap,n5839070487,الطيبات/محمد الرغمات,,,,31.3848934,34.9151691,supermarket,,
OpenStreetMap,n2587653611,الطيبة ماركت,,,,32.3849175,35.3242717,supermarket,,
OpenStreetMap,n13076324201,الطيبة مول - طريق خاراس,,,,31.610794,35.0526274,supermarket,,
OpenStreetMap,n5830579203,العائلة,,,,31.3873983,35.0830117,supermarket,,
OpenStreetMap,n8869980218,العائلة ماركت,,,,31.3762904,34.3329266,supermarket,,
OpenStreetMap,n9355633918,العاصم,,,,32.2154642,35.2667261,supermarket,,
OpenStreetMap,n9240503417,العاصم للسكاكر,,,,32.2154333,35.2668691,supermarket,,
OpenStreetMap,n9394238220,العاصم للسكاكر والحلويات,,,,32.2152954,35.2672107,supermarket,,
OpenStreetMap,n5866410989,العاصي مول,,,,32.3222784,35.3704399,convenience,,
OpenStreetMap,n4940923423,العاصي مول - Assi Mall,,Tubas Main Street,,32.3226551,35.3705615,supermarket,092571275,
OpenStreetMap,n4715173590,العالمية للتأمين,,,,32.2209851,35.2639086,convenience,,
OpenStreetMap,n7537136966,العالمية ماركت,,,,31.4920703,34.4603627,supermarket,,
OpenStreetMap,n13620077301,العجاوي,,,,32.4602015,35.2995841,supermarket,,
OpenStreetMap,n8431127318,العجمه,,,,32.3677771,35.075528,supermarket,,
OpenStreetMap,n8297053717,العجوز,,,,32.3195235,35.0562234,supermarket,,
OpenStreetMap,n8858868517,العراج,,Al-Qouthi Street,,31.5355672,34.4481384,supermarket,,
OpenStreetMap,n13751778302,العراقي,,,,31.3722139,34.3078059,supermarket,,
OpenStreetMap,n8297074738,العربي,,,,32.1883164,34.9652685,supermarket,,
OpenStreetMap,n8371348917,العروج,,,,31.6360356,35.2213725,supermarket,,
OpenStreetMap,n431969180,العرين ماركت,,,,32.1899531,35.2821864,supermarket,,
OpenStreetMap,n5875497988,العطا,,,,31.3929184,35.0723773,supermarket,,
OpenStreetMap,n4543673190,العقاد للمفروشات,,شارع الكراجات القديم 092673667,,32.3128379,35.026373,convenience,,https://fb.com/akkad.fu
OpenStreetMap,n8431127119,العلاء,,,,32.3093078,35.0273877,supermarket,,
OpenStreetMap,n8314526317,العمرية,,,,32.1850613,34.9750215,supermarket,,
OpenStreetMap,n8297074719,العنان,,,,32.1284705,35.0468144,supermarket,,
OpenStreetMap,n5830584193,العنيد,,,,31.4018017,35.0604933,supermarket,,
OpenStreetMap,n5830579199,العودة,,,,31.3925033,35.0641733,supermarket,,
OpenStreetMap,n13594794001,العورتاني,,,,32.1901945,35.2828872,supermarket,,
OpenStreetMap,n4570480500,الغد للخدمات المالية والتجارية,,Al-Obaydiah Street,,31.7221025,35.2855771,convenience,+972 59 9177394,
OpenStreetMap,n13076285401,الغزاوي مول - مخزن,,,,31.5046622,35.0362081,supermarket,,
OpenStreetMap,n8297078318,الفؤاد,,,,32.1293343,35.0437261,supermarket,,
OpenStreetMap,n4827121521,الفار لمواد البناء,,,,32.5226988,35.2273114,convenience,,
OpenStreetMap,n2587663758,الفحل سوبر ماركت,,,,32.3840636,35.3243281,supermarket,,
OpenStreetMap,n8297052018,الفحماوي للحوم,,,,32.3194509,35.0585481,supermarket,,
OpenStreetMap,n6068460285,الفصيح,,,,31.5342771,34.4677212,supermarket,,
OpenStreetMap,n5745004121,الفلوجة,,,,30.1978887,35.7352936,convenience,,
OpenStreetMap,n13391032812,القارب مول,,,,32.0589232,35.8224524,supermarket,,
OpenStreetMap,n5830592486,القدس,,,,31.5086033,34.9491,supermarket,,
OpenStreetMap,n8297074722,القدس ماركت,,,,32.1895064,34.9824261,supermarket,,
OpenStreetMap,n5830579214,القرنة,,,,31.5400249,35.0515377,supermarket,,
OpenStreetMap,n12975311601,القسطاس,,,,32.524499,35.8694443,supermarket,,
OpenStreetMap,n5875497816,القمة ميني مول,,,,31.5383341,35.0497094,supermarket,,
OpenStreetMap,n8431134017,القواس,,,,32.183239,34.9655736,supermarket,,
OpenStreetMap,n8431127124,القواس مصطفى,,,,32.1857182,34.9663669,supermarket,,
OpenStreetMap,n8297104917,القيس,,,,32.3190294,35.047412,supermarket,,
OpenStreetMap,n4624388092,الكابتن,,Ein Musbah St. شارع عين مصباح,,31.9050831,35.1959616,supermarket,,
OpenStreetMap,n8389972117,الكردي ماركت,,شارع المنتزه,,31.2852293,34.2543938,supermarket,,
OpenStreetMap,n5839070587,الكرم/ابو شكري,,,,31.4127615,34.9294553,supermarket,,
OpenStreetMap,n5111250821,الكرمل للمواد التموينية,,,,31.3391566,34.306844,supermarket,,
OpenStreetMap,n5892613689,الكرمي,,الصوانة,,32.2959647,35.0355756,supermarket,,
OpenStreetMap,n8371376217,اللؤلؤ,,,,31.6353094,35.2159784,supermarket,,
OpenStreetMap,n5904398571,اللداوية,,,,31.7828468,35.2339004,convenience,,
OpenStreetMap,n4225072597,اللفتاوي,,שועפט,,31.8146503,35.2294191,supermarket,,
OpenStreetMap,n4308987457,اللوزي,,,,31.888113,35.2108039,supermarket,,
OpenStreetMap,n4385800891,المؤسسة الاستهلاكية,,Kufor Ne'meh,,31.9282089,35.0935529,supermarket,,
OpenStreetMap,n4270439789,المؤسسة الاستهلاكيه,,,,31.6531919,35.0624751,supermarket,,
OpenStreetMap,n431801497,المؤسسة الاهلية,,,,31.5564197,35.1042859,supermarket,,
OpenStreetMap,n2396187854,المؤقت للبهارات,,,,31.785065,35.2312747,supermarket,,
OpenStreetMap,n4501211690,المتكاملة للدعاية والاعلان,,,,31.4517912,35.0931344,convenience,05698051700,
OpenStreetMap,n8297078123,المثلث,,,,32.3851189,35.0663706,supermarket,,
OpenStreetMap,n8431127121,المجد,,,,32.1897092,34.9720514,supermarket,,
OpenStreetMap,n8383799617,المجد,,,,31.6981233,35.2332222,supermarket,,
OpenStreetMap,n7154567485,المختار عصفور,,,,31.3375358,34.3539967,supermarket,,
OpenStreetMap,n8407991817,المخيم,,,,32.3189291,35.0587387,supermarket,,
OpenStreetMap,n9845463240,المدينة,,,,32.5425481,35.8440636,supermarket,,
OpenStreetMap,n4787154025,المدينه,,الشارع الرئيسي,,32.1143452,35.084959,supermarket,,
OpenStreetMap,n8380305517,المدينه,,,,31.7178388,35.2016067,supermarket,,
OpenStreetMap,n6364482188,المراد مول,,,,31.5033047,34.9665516,supermarket,,
OpenStreetMap,n10003970517,المرج,,,,32.0091379,35.3078938,supermarket,,
OpenStreetMap,n5947925485,المعرض الصيني 2,,,,32.3137642,35.0277184,convenience,,
OpenStreetMap,n8259817017,المغربي ابو وديع,,,,31.6947892,35.1797129,supermarket,,
OpenStreetMap,n8380136818,المغربي مول,,,,31.6947645,35.1795421,supermarket,,
OpenStreetMap,n5875497786,الملاح,,,,31.436052,34.9256179,supermarket,,
OpenStreetMap,n8297053317,الملاح,,,,32.3194446,35.0586604,supermarket,,
OpenStreetMap,n9280497349,الملاحي ماركت,,,,31.4963759,34.4738713,convenience,,
OpenStreetMap,n8552966117,الملكي,,,,31.7080633,35.2566329,supermarket,,
OpenStreetMap,n432087220,الممتميزون,,,,32.2222595,35.2361167,supermarket,,
OpenStreetMap,n5830584190,المنار,,,,31.5590867,34.97873,supermarket,,
OpenStreetMap,n5839070588,المنار مول,,,,31.4154595,34.9340686,supermarket,,
OpenStreetMap,n5039328121,المناصره للسجاد,,al nassra 0595318699,,32.4648956,35.3044807,convenience,0595318699,http://yazeed.m.com
OpenStreetMap,n8297074728,المنتصر,,,,32.3067353,35.115805,supermarket,,
OpenStreetMap,n8297105117,المنصور,,,,32.1803794,35.0570435,supermarket,,
OpenStreetMap,n8383951217,المهد,,,,31.7032067,35.2140257,supermarket,,
OpenStreetMap,n4417276489,المهندس حسن جمعة,,بهاء الدين بن سعيد,,31.4208282,34.3847597,convenience,,
OpenStreetMap,n8383259717,الناجي,,,,31.6997864,35.1652086,supermarket,,
OpenStreetMap,n5814720958,النتشة,,,,31.7831457,35.2280052,convenience,,
OpenStreetMap,n5830584197,النجوم,,,,31.3848217,35.06342,supermarket,,
OpenStreetMap,n9716571017,الهدف,,,,32.4639457,35.2827234,supermarket,,
OpenStreetMap,n9014083619,الهدهد,,,,32.2298225,35.2485422,supermarket,,
OpenStreetMap,n7667853086,الهضبة,,,,32.2253794,35.2617599,supermarket,,
OpenStreetMap,n8383901217,الهلال ماركت,,,,31.7057245,35.2248256,supermarket,,
OpenStreetMap,n8297060817,الهوجى مول,,,,32.3209278,35.0291698,supermarket,,
OpenStreetMap,n9160382117,الهيثم للتجاره العامه,,,,32.3495728,35.2803566,supermarket,,
OpenStreetMap,n5850791888,الوادية,,Al-Sha'af Street,,31.5027393,34.4779445,supermarket,,
OpenStreetMap,n8553588019,الورود,,,,31.7069186,35.1809339,supermarket,,
OpenStreetMap,n8384058917,الوزير,,,,31.7121233,35.2059439,supermarket,,
OpenStreetMap,n5830579191,الوسام,,,,31.5143617,34.958615,supermarket,,
OpenStreetMap,n11162794305,الوفيق للتجارة,,,,32.3519248,35.2656567,supermarket,,
OpenStreetMap,n9863360718,الولويل,,,,32.2206419,35.2486359,supermarket,,
OpenStreetMap,n4362393790,اليازجي,,,,31.5006123,34.4697215,supermarket,,
OpenStreetMap,n5148058225,اليازجي للبطاريات,,,,31.5252579,34.4690588,convenience,,
OpenStreetMap,n8383775017,الياس رشماوي,,,,31.6995034,35.2283297,supermarket,,
OpenStreetMap,n9734754147,اليوم الأول,,Abdulrahman Al-Husami Street 52,,31.9535914,35.8393301,supermarket,+962 7 7510 9284,
OpenStreetMap,n5875497986,الڨدس للعطارة,,,,31.3912576,35.0640515,supermarket,,
OpenStreetMap,n8431131719,ام القرى,,,,32.1770392,35.0583232,supermarket,,
OpenStreetMap,n8384034717,ام القرى,,,,31.6997356,35.2080676,supermarket,,
OpenStreetMap,n6407310486,ام سليمان ماركت,,Palestine Street,,31.7036821,35.1860355,supermarket,,
OpenStreetMap,n5753198421,امير,,شارع نابلس,,31.9058242,35.2125489,supermarket,,
OpenStreetMap,n6054300185,امير,,,,31.5080847,35.0266471,supermarket,,
OpenStreetMap,n13602730301,انس,,,,32.0907175,35.1704543,supermarket,,
OpenStreetMap,n5830584199,انس طبيش,,,,31.4783617,35.055775,supermarket,,
OpenStreetMap,n4460678693,انيرجي لايف لأدوات الاسنان,,,,31.5214002,34.4443274,convenience,,
OpenStreetMap,n8643085418,اوبل/سعيد,,,,32.296656,35.0310366,supermarket,,
OpenStreetMap,n11118971106,اوبن ستور دوار الشهداء,,,,32.4321379,35.2677439,supermarket,,
OpenStreetMap,n6551590185,اوراق الزيتون,,,,32.0258968,35.8878516,supermarket,,
OpenStreetMap,n4815205921,اوكازيون زعرب,,,,31.504898,34.4276456,convenience,,
OpenStreetMap,n5830584200,اياد الكومي,,,,31.4758583,35.0530383,supermarket,,
OpenStreetMap,n4948629523,ايمن صبري,,Nazlat Abu Nar - Baqa Alsharqyah 0598184977,,32.4089884,35.0685405,supermarket,0598184977,http://aslam.147-@hotmail.com
OpenStreetMap,n6983018285,باردي,,,,31.841745,35.2284503,supermarket,,
OpenStreetMap,n4369804690,بج ماركت - ابو سمرة,,,,31.900559,35.173742,supermarket,,
OpenStreetMap,n8431127320,بدون قارمة,,,,32.1816271,34.9757069,supermarket,,
OpenStreetMap,n5875498002,براء الطردة,,,,31.5345352,35.0353766,supermarket,,
OpenStreetMap,n7287602303,برادايس,,,,32.5404553,35.8512652,supermarket,,
OpenStreetMap,n10004385717,برافو المصيون,,,,31.8936341,35.2045718,supermarket,,
OpenStreetMap,n10020766718,برافوو,,,,32.2248439,35.2060216,supermarket,,
OpenStreetMap,n7282160281,برد الماء,,,,32.5342994,35.8522872,supermarket,,
OpenStreetMap,n8315625720,برداي,,,,32.1796085,35.0576612,supermarket,,
OpenStreetMap,n4417209391,برغوث للعطارة والبهارات والتوابل والمواد الغذائية,,بهاء الدين بن سعيد,,31.4221711,34.3829041,convenience,,
OpenStreetMap,n6906129886,برهان,,وسط البلد,,32.3262869,35.161847,convenience,,
OpenStreetMap,n8431134917,برهم,,,,32.1869159,34.9649157,supermarket,,
OpenStreetMap,n8440814317,بريح,,,,31.2693639,34.2637648,supermarket,,
OpenStreetMap,n10058726417,بريك كفر عقب,,,,31.8863866,35.2154673,supermarket,,
OpenStreetMap,n5921552986,بسام,,,,31.3892117,35.0797883,supermarket,,
OpenStreetMap,n5866418588,بسام الغانم,,,,32.3505295,35.0720174,supermarket,,
OpenStreetMap,n11104933307,بسام محمد عباهرة ابو رامي اليامون,,,,32.4855736,35.2307291,supermarket,,
OpenStreetMap,n12497582601,بسطة موسى زعرب,,,,31.3476345,34.2626179,supermarket,,
OpenStreetMap,n8297078124,بشار,,,,32.4101707,35.0709862,supermarket,,
OpenStreetMap,n4329004605,بقالة,,,,31.3992913,35.0665882,convenience,,
OpenStreetMap,n9786865707,بقالة,,,,32.584535,35.771785,general,,
OpenStreetMap,n431973378,بقالة,,,,32.1768659,35.332703,convenience,,
OpenStreetMap,n431964659,بقالة,,,,32.1772083,35.3296975,convenience,,
OpenStreetMap,n431963027,بقالة,,,,32.1788147,35.3342485,convenience,,
OpenStreetMap,n431958123,بقالة,,,,32.1762529,35.3378924,convenience,,
OpenStreetMap,n431920403,بقالة,,,,32.1865756,35.3286277,convenience,,
OpenStreetMap,n431914892,بقالة,,,,32.1743049,35.3323929,convenience,,
OpenStreetMap,n431913783,بقالة,,,,32.1752934,35.3315804,convenience,,
OpenStreetMap,n431913389,بقالة,,,,32.1758023,35.3329588,convenience,,
OpenStreetMap,n431899769,بقالة,,,,32.1754658,35.3356205,convenience,,
OpenStreetMap,n431970480,بقالة,,,,32.1757999,35.3291119,convenience,,
OpenStreetMap,n431996430,بقالة,,,,32.1738102,35.3369056,convenience,,
OpenStreetMap,n432005336,بقالة,,,,32.1759518,35.3367378,convenience,,
OpenStreetMap,n432190446,بقالة,,,,32.1756094,35.3362587,convenience,,
OpenStreetMap,n432188516,بقالة,,,,32.177284,35.3317385,convenience,,
OpenStreetMap,n432184255,بقالة,,,,32.1760567,35.3313344,convenience,,
OpenStreetMap,n432142252,بقالة,,,,32.1804902,35.3314413,convenience,,
OpenStreetMap,n432120030,بقالة,,,,32.1758682,35.3271735,convenience,,
OpenStreetMap,n432112012,بقالة,,,,32.1756733,35.3336907,convenience,,
OpenStreetMap,n432091625,بقالة,,,,32.1758062,35.3370268,convenience,,
OpenStreetMap,n432076346,بقالة,,,,32.1755534,35.338198,convenience,,
OpenStreetMap,n432068587,بقالة,,,,32.1778845,35.3355596,convenience,,
OpenStreetMap,n432008285,بقالة,,,,32.1771211,35.336109,convenience,,
OpenStreetMap,n432361874,بقالة,,,,32.11111,35.0787082,supermarket,,
OpenStreetMap,n432360858,بقالة,,,,32.1111983,35.0745854,supermarket,,
OpenStreetMap,n432360747,بقالة,,,,32.1118038,35.1621603,supermarket,,
OpenStreetMap,n432359140,بقالة,,,,32.109117,35.0512687,supermarket,,
OpenStreetMap,n432357688,بقالة,,,,32.115711,35.0810377,supermarket,,
OpenStreetMap,n432357098,بقالة,,,,32.0961954,35.0421545,supermarket,,
OpenStreetMap,n432357080,بقالة,,,,32.0783343,35.047135,supermarket,,
OpenStreetMap,n432353829,بقالة,,,,32.1135519,35.1418116,supermarket,,
OpenStreetMap,n432353751,بقالة,,,,32.1076713,35.0520868,supermarket,,
OpenStreetMap,n432353300,بقالة,,,,32.1125788,35.1376015,supermarket,,
OpenStreetMap,n432352980,بقالة,,,,32.1158531,35.0821305,supermarket,,
OpenStreetMap,n432352961,بقالة,,,,32.0958313,35.0390399,supermarket,,
OpenStreetMap,n432352842,بقالة,,,,32.0960959,35.0396778,supermarket,,
OpenStreetMap,n432352607,بقالة,,,,32.1139446,35.0883912,supermarket,,
OpenStreetMap,n432354223,بقالة,,,,32.1130922,35.0743623,supermarket,,
OpenStreetMap,n432355754,بقالة,,,,32.077938,35.0447627,supermarket,,
OpenStreetMap,n432356314,بقالة,,,,32.0956683,35.0394969,supermarket,,
OpenStreetMap,n432354767,بقالة,,,,32.1125684,35.1375345,supermarket,,
OpenStreetMap,n432355008,بقالة,,,,32.0953754,35.0408037,supermarket,,
OpenStreetMap,n432354812,بقالة,,,,32.1073862,35.0489871,supermarket,,
OpenStreetMap,n432347851,بقالة,,,,32.1123822,35.1359836,supermarket,,
OpenStreetMap,n432347518,بقالة,,,,32.1088064,35.0507346,supermarket,,
OpenStreetMap,n432346925,بقالة,,,,32.0679194,35.0767056,supermarket,,
OpenStreetMap,n432346862,بقالة,,,,32.0652125,35.0273918,supermarket,,
OpenStreetMap,n432346755,بقالة,,,,32.094619,35.039322,supermarket,,
OpenStreetMap,n432346283,بقالة,,,,32.1132331,35.0768094,supermarket,,
OpenStreetMap,n432345795,بقالة,,,,32.0642649,35.0250233,supermarket,,
OpenStreetMap,n432345611,بقالة,,,,32.1039506,35.0931443,supermarket,,
OpenStreetMap,n432345033,بقالة,,,,31.9471853,35.461959,supermarket,,
OpenStreetMap,n432348001,بقالة,,,,32.0634686,35.028226,supermarket,,
OpenStreetMap,n432348364,بقالة,,,,32.1044038,35.0915029,supermarket,,
OpenStreetMap,n432348601,بقالة,,,,32.0952267,35.0407064,supermarket,,
OpenStreetMap,n432349747,بقالة,,,,32.115483,35.0723094,supermarket,,
OpenStreetMap,n432350538,بقالة,,,,32.1188289,35.0737919,supermarket,,
OpenStreetMap,n432350313,بقالة,,,,32.1046885,35.0909863,supermarket,,
OpenStreetMap,n432349754,بقالة,,,,32.109187,35.0525367,supermarket,,
OpenStreetMap,n432349631,بقالة,,,,32.0641438,35.0271314,supermarket,,
OpenStreetMap,n432349585,بقالة,,,,32.065934,35.0217875,supermarket,,
OpenStreetMap,n432349517,بقالة,,,,32.1039475,35.0923501,supermarket,,
OpenStreetMap,n432349486,بقالة,,,,32.0967282,35.0401636,supermarket,,
OpenStreetMap,n432349414,بقالة,,,,32.066418,35.0247851,supermarket,,
OpenStreetMap,n432349070,بقالة,,,,32.1189059,35.073699,supermarket,,
OpenStreetMap,n432342076,بقالة,,,,32.03542,35.4385357,supermarket,,
OpenStreetMap,n432337477,بقالة,,,,31.9464224,35.4710218,supermarket,,
OpenStreetMap,n432337278,بقالة,,,,31.9475102,35.4628122,supermarket,,
OpenStreetMap,n432335712,بقالة,,,,31.9480321,35.4709057,supermarket,,
OpenStreetMap,n432037756,بقالة,,,,32.1778004,35.335806,supermarket,,
OpenStreetMap,n431991706,بقالة,,,,32.1770925,35.3363743,supermarket,,
OpenStreetMap,n431965751,بقالة,,,,32.2392401,35.2139214,supermarket,,
OpenStreetMap,n431974711,بقالة,,,,32.0808788,35.2564907,supermarket,,
OpenStreetMap,n432126323,بقالة,,,,32.1706686,35.264909,supermarket,,
OpenStreetMap,n432064580,بقالة,,,,32.1834815,35.3298511,supermarket,,
OpenStreetMap,n431708728,بقالة,,,,32.3210365,35.3707256,supermarket,,
OpenStreetMap,n431945884,بقالة,,,,32.1837252,35.3297788,supermarket,,
OpenStreetMap,n432169546,بقالة,,,,32.2398167,35.2095564,supermarket,,
OpenStreetMap,n432168971,بقالة,,,,32.1757932,35.3334447,supermarket,,
OpenStreetMap,n432168887,بقالة,,,,32.2248063,35.220234,supermarket,,
OpenStreetMap,n4937729705,بقالة,,,,32.0010421,35.0728623,supermarket,,
OpenStreetMap,n4939271272,بقالة,,,,31.9988213,35.0657249,supermarket,,
OpenStreetMap,n7538890250,بقالة أبو إسلام العجوز,,,,31.4913611,34.4583039,supermarket,,
OpenStreetMap,n1712701915,بقالة أبو العلاء	Abu Alaa's grocery store,,,,31.7382675,35.1614166,supermarket,,
OpenStreetMap,n8994206873,بقالة أبو جميل الحرازين,,,,31.4951788,34.4622027,supermarket,,
OpenStreetMap,n432349489,بقالة أبو شادي,,,,32.1122121,35.0804469,supermarket,,
OpenStreetMap,n7537140288,بقالة أبو علاء عودة,,,,31.4908779,34.4609499,supermarket,,
OpenStreetMap,w1074560805,بقالة أبو محمد,,,,32.3363495,35.3013238,supermarket,,
OpenStreetMap,n5135249221,بقالة أبو محمد قشطة,,,,31.2806685,34.2524076,supermarket,,
OpenStreetMap,n7537132473,بقالة أبو محمود عودة,,,,31.4902279,34.4605097,supermarket,,
OpenStreetMap,n7538781118,بقالة أبو نعيم أبو سمرة,,,,31.4920368,34.4624477,supermarket,,
OpenStreetMap,n9786906451,بقالة ابو اسامة,,,,32.5790309,35.7808076,convenience,,
OpenStreetMap,n5037486121,بقالة ابو حسام ملحم,,,,31.5826973,35.0868034,supermarket,,
OpenStreetMap,n11123060805,بقالة ابو رامي,,,,32.5277491,35.2098641,supermarket,,
OpenStreetMap,n5305024512,بقالة ابو عدنان الشرباتي,,,,31.8554131,35.460274,convenience,,
OpenStreetMap,n4777063321,بقالة ابو عمران - ميني مول الرويس,,الرويس,,32.0479223,35.1013652,supermarket,,
OpenStreetMap,n7925821485,بقالة ابو نبيل,,شارع العديسة,,31.5432667,35.1447763,supermarket,,
OpenStreetMap,w1074560807,بقالة الأمانة,,,,32.3362972,35.3014679,supermarket,0599325162,
OpenStreetMap,n4705534992,بقالة الأمير,,,,32.284927,35.0454682,supermarket,,
OpenStreetMap,n432545059,بقالة الجامعة,,,,32.3860415,35.3248327,supermarket,,
OpenStreetMap,n432352102,بقالة الحارسي,,,,32.111894,35.0803712,supermarket,,
OpenStreetMap,n6385307186,بقالة الحوت,,شارع زبود,,31.5851725,35.0919072,supermarket,,
OpenStreetMap,n7537137093,بقالة الدحدوح,,,,31.4915164,34.4604406,supermarket,,
OpenStreetMap,n6301527886,بقالة السلام ابو حصيرة,,,,31.528181,34.4385208,supermarket,0599141226,
OpenStreetMap,n4363565789,بقالة العائلة,,Safad Street,,31.5110133,34.4389631,supermarket,,
OpenStreetMap,n5555981022,بقالة المستقبل ابراهيم صالح,,شارع دار الافتاء الفلسطينية,,32.3114598,35.0290179,supermarket,00970598088303,
OpenStreetMap,n4410318793,بقالة الوفاء,,,,31.6590048,35.1895264,supermarket,,
OpenStreetMap,n2769100001,بقالة ام جبران,,,,32.3868563,35.3239927,supermarket,,
OpenStreetMap,n2776672715,بقالة بشار,,,,32.3891099,35.3231252,supermarket,,
OpenStreetMap,n432379685,بقالة بشير,,,,32.3348393,35.0316825,supermarket,,
OpenStreetMap,n2424000645,بقالة جيفارا,,,,31.7845053,35.2288216,convenience,,
OpenStreetMap,n3028795575,بقالة حارتنا,,,,32.0240145,35.8626552,supermarket,,
OpenStreetMap,n9028639416,بقالة حجاج,,,,31.4949007,34.461429,convenience,,
OpenStreetMap,n2424000755,بقالة حجازي,,,,31.7845332,35.2290193,supermarket,,
OpenStreetMap,n9276095525,بقالة حسب الله,,,,31.4973311,34.4603643,convenience,,
OpenStreetMap,n9785487043,بقالة حمزة,,,,32.3605698,35.8008986,supermarket,,
OpenStreetMap,n4377598589,بقالة صبارين,,مخيم الفارعة - الشارع الرئيسي - حارة بيروت,,32.291718,35.344497,supermarket,,
OpenStreetMap,n4657916092,بقالة عبد الرزاق,,الشارع الرئيسي برقة,,32.3014482,35.1877557,supermarket,,
OpenStreetMap,n7925821585,بقالة علي,,شارع العرامين,,31.5431484,35.1429362,supermarket,,
OpenStreetMap,n9028641521,بقالة عياد,,,,31.4990226,34.467283,convenience,,
OpenStreetMap,n5296886725,بقالة فهمي,,,,31.6092657,35.0333868,supermarket,,
OpenStreetMap,n5854734685,بقالة فيليب الدلو,,,,31.9046048,35.1984276,supermarket,,
OpenStreetMap,n9121727987,بقالة قدوم,,,,31.4950028,34.4601283,convenience,,
OpenStreetMap,n7922813687,بقالة مازن,,شارع العديسة,,31.5437671,35.1431704,supermarket,,
OpenStreetMap,n9594112870,بقالة ماسة,,,,32.553534,35.832002,convenience,,
OpenStreetMap,n9028642528,بقالة محمد وحمزة علي,,,,31.499699,34.4685041,convenience,,
OpenStreetMap,n9026195790,بقالة محمود,,,,31.4952665,34.4668931,convenience,,
OpenStreetMap,n2778912076,بقالة محمود ابو زينة,,,,32.3833092,35.3250389,supermarket,,
OpenStreetMap,n4501767691,بقالة معتصم الطنبوز,,,,32.3076137,35.0411245,supermarket,,
OpenStreetMap,n7925821587,بقالة هاني,,,,31.562531,35.1340645,supermarket,,
OpenStreetMap,n5305030312,بقالة يوسف الشرباتي,,,,31.8557637,35.4601763,convenience,,
OpenStreetMap,n432000967,بقاله,,,,32.2178144,35.3005487,supermarket,,
OpenStreetMap,n5884261587,بقاله ابو احمد وسوبر ماركت الكوثر خربثا المصباح,,,,31.885169,35.069142,supermarket,,
OpenStreetMap,n4740597621,بقاله ابو مراد,,To houses,,32.1150721,35.0822676,supermarket,,
OpenStreetMap,n4580635890,بقاله مالك,,,,32.1123091,35.2421207,supermarket,0595601010,
OpenStreetMap,n8281477917,بقلة ابو هاني للمواد الغذائيه,,An Nazla Al Gharbiya - An Nazla Al Wusta 343,,32.4110284,35.0730472,supermarket,,
OpenStreetMap,n431883382,بلازا مول,,,,31.5417971,35.0993398,supermarket,,
OpenStreetMap,n5881248386,بلال المحتسب العيزرية,,,,31.767572,35.27101,supermarket,,
OpenStreetMap,n13694840401,بلال بدران,,,,32.3528081,35.0762701,supermarket,,
OpenStreetMap,n8297070821,بلعا,,,,32.3266972,35.1027272,supermarket,,
OpenStreetMap,n8431127120,بلعاوي,,,,32.3150994,35.0290007,supermarket,,
OpenStreetMap,n8431134317,بن ابو عودة,,,,32.1880602,34.9664507,supermarket,,
OpenStreetMap,n9648317715,بن الملاح,,,,32.5374779,35.8725953,supermarket,,
OpenStreetMap,n9285617357,بن جور,,,,31.4902647,34.4675346,supermarket,,
OpenStreetMap,n5982120585,بن ومحمص السيلاوي,,Silet Aldaher,,32.3200672,35.1921732,supermarket,0599106172,
OpenStreetMap,n8386677517,بندك,,,,31.7106757,35.2078842,supermarket,,
OpenStreetMap,n4852291121,بنشر ابو مصطفى,,,,31.9428482,35.0695583,convenience,,
OpenStreetMap,n5875497686,بهاء,,,,31.4630742,34.932059,supermarket,,
OpenStreetMap,n13617596601,بهاء البعباع,,,,32.3029581,35.0400523,supermarket,,
OpenStreetMap,n5875497801,بهاء الطوباسب,,,,31.467848,35.0754503,supermarket,,
OpenStreetMap,n7213725485,بوابة ام السماق,,,,31.9820662,35.842617,supermarket,,
OpenStreetMap,n5825826253,بورصة مول,,,,31.4081623,34.9730383,supermarket,,
OpenStreetMap,n5830579197,بورصة مول,,,,31.40795,34.9725373,supermarket,,
OpenStreetMap,n5830584207,بوقي/علاء ابو زنيد,,,,31.5079718,35.0290397,supermarket,0599747516,
OpenStreetMap,n11112322605,بيت ابو سامح,,,,32.4670894,35.2129089,supermarket,,
OpenStreetMap,n8675676018,بيت الجمله,,,,32.2192533,35.2437012,supermarket,,
OpenStreetMap,n8370898417,بيت الحطب,,,,31.7195302,35.2779507,supermarket,,
OpenStreetMap,n4985734321,بيت الصابون النابلسي صابون هواش,,Ibn Rushed Street,,32.2230597,35.2655419,convenience,00970599455999,https://www.facebook.com/sabon.nablus2015/
OpenStreetMap,n7896203689,بيت المقدس,,Al-Naser Street - شارع النصر,,31.5328512,34.4578406,supermarket,,
OpenStreetMap,n5809473953,بيت المونة,,Al Marmaleh Street,,31.4567675,35.1079586,supermarket,,
OpenStreetMap,n9647821355,بيت المونة,,,,32.536329,35.8656366,supermarket,,
OpenStreetMap,n5830579188,بيت عوا,,,,31.5060783,34.9543283,supermarket,,
OpenStreetMap,n9226638417,بيتنا مول,,,,32.111786,35.0803739,supermarket,,
OpenStreetMap,n10093512617,بيج سيف,,شارع الطيرة,,31.9191975,35.1827009,supermarket,,
OpenStreetMap,n8987256649,بيج ماركت,,,,31.4986783,34.4644175,supermarket,,
OpenStreetMap,n4945394921,بيسان للزراعه والتجاره,,راس رمانة,,32.3965378,35.0666581,convenience,0598921285,
OpenStreetMap,n8297074721,بيسان ماركت,,,,32.1842548,34.9694189,supermarket,,
OpenStreetMap,n5830579200,ةا,,,,31.3895017,35.064645,supermarket,,
OpenStreetMap,n11354422569,تاج ماركت,,,,32.492986,35.2270539,supermarket,,
OpenStreetMap,n7137786885,تاجر تامر البريم,,,,31.3342949,34.3227051,supermarket,,
OpenStreetMap,n5830579192,تقربوش,,,,31.556305,34.9738217,supermarket,,
OpenStreetMap,n7866618785,تل الربيع مول,,شارع الكرمل,,31.4421727,35.1029711,supermarket,,
OpenStreetMap,n5022166226,تنويرات الشمال للاناره و للادوات الصحية والدهانات يسار ابو الرب,,قباطية الشارع الرئيسي 0597156189,,32.4134444,35.2812921,supermarket,0592287331,
OpenStreetMap,n13751777403,تنيرة,,,,31.3768164,34.3165373,supermarket,,
OpenStreetMap,n8380391217,تورتات.Tortila,,,,31.7066833,35.1958233,supermarket,,
OpenStreetMap,n6326058285,تيسير سبعي,,,,31.9749444,35.0039295,supermarket,,
OpenStreetMap,n5875498385,ثائر شقحة,,,,31.5072222,35.0281654,supermarket,,
OpenStreetMap,n9748664518,جاد سوبر ماركت,,,,32.3888755,35.2846202,supermarket,,
OpenStreetMap,n8084739242,جاروشة برعشيت,,,,33.1889092,35.4431929,general,,
OpenStreetMap,n5904398581,جتطب,,,,31.782848,35.2338081,convenience,,
OpenStreetMap,n4435712593,جريبان,,,,32.2291728,35.3044838,supermarket,,
OpenStreetMap,n8384059017,جرين باسكت,,,,31.7122298,35.2059497,supermarket,,
OpenStreetMap,n8383304018,جرين لاين,,,,31.694525,35.1686847,supermarket,,
OpenStreetMap,n5850791887,جعباص للقهوة,,,,31.4986649,34.4775723,convenience,,
OpenStreetMap,n8297074732,جعرون,,,,32.3270987,35.0295668,supermarket,,
OpenStreetMap,n4938123237,جمال,,,,32.3125522,35.0272378,supermarket,,
OpenStreetMap,n5875497802,جمال النجار,,,,31.44793,35.0906621,supermarket,,
OpenStreetMap,n5830579209,جمال قطيط,,,,31.44141,35.0183,supermarket,,
OpenStreetMap,n5830593986,جمال مسالمة,,,,31.5078656,35.0260245,supermarket,,
OpenStreetMap,n8760241617,جناتا مول,,,,31.6738233,35.2442269,supermarket,,
OpenStreetMap,n8762287317,جناتة مول,,,,31.6697631,35.2227033,supermarket,,
OpenStreetMap,n5468967825,جنة عدن للخضار والفواكه,,Nablus St,,32.1896006,34.9712524,supermarket,,https://www.facebook.com/pg/JannatAadn/about/
OpenStreetMap,n8386689918,جورجس شارع المهد,,,,31.7100242,35.2042255,supermarket,,
OpenStreetMap,n5830584205,ح,,,,31.539424,35.0458072,supermarket,,
OpenStreetMap,n6165294291,حاره زغير,,,,31.5455222,35.095513,supermarket,,
OpenStreetMap,n5921553490,حامد حساسنة,,,,31.5807315,35.1522266,supermarket,,
OpenStreetMap,n11225216937,حسام ماركت,,,,31.5035221,34.428241,supermarket,,
OpenStreetMap,n5875497694,حسن الطردة,,,,31.5372733,35.043385,supermarket,,
OpenStreetMap,n5830579210,حسن الكومي,,,,31.4768783,35.052655,supermarket,,
OpenStreetMap,n13671321701,حسين القصراوي,,,,32.0834422,35.3235236,supermarket,,
OpenStreetMap,n9121774519,حلا ماركت,,,,31.4954952,34.4667124,supermarket,,
OpenStreetMap,n6177747586,حلحولي,,,,31.3863637,35.0614664,supermarket,,
OpenStreetMap,w304817048,حلويات السعدي,,,,31.3449807,34.301232,supermarket,,
OpenStreetMap,n432260509,حلويات جعفر,,,,31.7706505,35.2569518,supermarket,,
OpenStreetMap,n7728712488,حمادة للبوظة,,شارع النصيرات,,31.4491105,34.3904454,convenience,,
OpenStreetMap,n7537132567,حمود ماركت,,,,31.492541,34.4605172,supermarket,,
OpenStreetMap,n9836127908,حمودة,,,,32.5327979,35.8439976,supermarket,,
OpenStreetMap,n5839070591,حمودة,,,,31.4088674,34.9666166,supermarket,,
OpenStreetMap,n7136796985,حمودة مشهور ابو دقة,,,,31.3308693,34.3594914,supermarket,,
OpenStreetMap,n8297078129,حمودي,,,,32.4110539,35.07168,supermarket,,
OpenStreetMap,n8308154417,حميد,,,,31.5002057,34.4701552,convenience,,
OpenStreetMap,n1706375020,حورة,,,,31.2926233,34.9248699,convenience,,https://www.sonol.co.il/
OpenStreetMap,n5606766136,حيدو,,,,32.5948174,35.8820995,supermarket,,
OpenStreetMap,w304980413,خالد إسليم لبيع المعسل والسجار,,شارع السكة,,31.3428752,34.3078641,convenience,0595494509,
OpenStreetMap,n13595468902,خالد ابو الحيات,,,,32.2390492,35.2292045,supermarket,,
OpenStreetMap,n5881467186,خالد درس,,,,31.919823,35.121184,supermarket,,
OpenStreetMap,n13637975408,خالد صلاحات,,,,32.2834253,35.3400134,supermarket,,
OpenStreetMap,n9121742945,خرابيش الحارة,,,,31.4894069,34.4619106,convenience,,
OpenStreetMap,n5875498191,خلدون الطردة,,,,31.536685,35.0421717,supermarket,,
OpenStreetMap,n5880614290,خلدون العبسي,,,,31.476937,35.0660876,supermarket,,
OpenStreetMap,n6906139587,خليل,,Bal'a-AL'atara,,32.3251383,35.1610336,convenience,,
OpenStreetMap,n5875497791,خليل,,,,31.3977425,35.064413,supermarket,,
OpenStreetMap,n5903556217,خورشيد,,,,31.7821366,35.2469153,convenience,,
OpenStreetMap,n10113614131,خير اولاد عايشة,,,,31.4154497,34.9782593,supermarket,00962785848434,
OpenStreetMap,n10872159605,دريم مول,,,,32.2210236,35.2417456,supermarket,,
OpenStreetMap,n9764626117,دريم مول 2,,شارع المأمون,,32.2202332,35.2487296,supermarket,,
OpenStreetMap,n8297080718,دعباس,,,,32.3120686,35.0285774,supermarket,,
OpenStreetMap,n4254035595,دكان أبو غازي,,,,32.2490115,35.0680494,supermarket,,
OpenStreetMap,n4254035506,دكان ابو خالد,,,,32.2532884,35.0646269,supermarket,,
OpenStreetMap,n432352449,دكان ابو فيصل,,,,32.1050501,35.0891271,supermarket,,
OpenStreetMap,n4936782325,دكان ابو قيس,,,,32.3524436,35.0769379,supermarket,,
OpenStreetMap,n9748738317,دكان ابو مالك قصراوي,,,,32.3872014,35.2870746,supermarket,,
OpenStreetMap,n8063972892,دكان ابو ناجح/ مكتبة رزق,,,,32.4124408,35.2800469,supermarket,,
OpenStreetMap,n5465320321,دكان الاخوة,,,,31.7185494,35.1957875,supermarket,,
OpenStreetMap,w1304618002,دكان الحج ابو محمد نسيب القادري,,,,33.3324133,35.6936414,supermarket,,
OpenStreetMap,n5059700223,دكان الحج مفضي,,,,32.3164176,35.3767604,supermarket,,
OpenStreetMap,n3176487085,دكان المختار,,,,31.3993078,34.3382923,supermarket,,
OpenStreetMap,n4426288598,دكان امجد,,,,32.3066161,35.1114837,supermarket,,
OpenStreetMap,n5058590521,دكان بقالة,,,,31.3234115,34.3207321,supermarket,,
OpenStreetMap,n4254035693,دكان حسين,,,,32.251445,35.0629151,supermarket,,
OpenStreetMap,n4254064689,دكان حنان,,,,32.2516107,35.0626471,supermarket,,
OpenStreetMap,n5131222321,دكان عثمان السعيد,,,,32.3152,35.3783537,supermarket,,
OpenStreetMap,n5091188621,دكان عثمان السعيد,,,,32.3145872,35.3773893,supermarket,,
OpenStreetMap,n4254035594,دكان عمار,,,,32.2518463,35.0627287,supermarket,,
OpenStreetMap,n4254035596,دكان مراد,,,,32.2514321,35.0615142,supermarket,,
OpenStreetMap,n5017557222,دكانة ابو الناجي,,,,32.3544572,35.1694576,supermarket,,
OpenStreetMap,n5017550324,دكانة بلال,,,,32.3550172,35.1697601,supermarket,,
OpenStreetMap,n432345692,دكانة فلاح,,,,32.1044936,35.0903787,supermarket,,
OpenStreetMap,n3391055557,دكنجي,,,,31.8964082,35.2060085,supermarket,022953455,
OpenStreetMap,n11148480506,دواجن اليزن,,,,32.4708797,35.2135463,supermarket,,
OpenStreetMap,n5839070586,ذياب,,,,31.3696866,34.9107497,supermarket,,
OpenStreetMap,n8431127125,رائد,,,,32.1944313,34.9721293,supermarket,,
OpenStreetMap,n8431127123,رائد,,,,32.1946915,34.9724627,supermarket,,
OpenStreetMap,n11099653105,رائد العطار ماركت,,,,32.4023876,35.2069824,supermarket,,
OpenStreetMap,n11576279970,راغب محمود زيود السيلة الحارثية شارع الاتصالات 0569189405,,,,32.5133403,35.2294421,supermarket,,
OpenStreetMap,n5830584194,رامي,,,,31.3954182,35.0624903,supermarket,,
OpenStreetMap,n4244093889,رامي التجارة الإلكترونية,,0523303323,,31.8109615,35.2463131,convenience,0523303323,
OpenStreetMap,n7762466785,رامي اورتن,,شارع السفيون,,32.1172133,35.0885142,convenience,,
OpenStreetMap,n5842407586,رصرص,,,,31.4764892,35.0664689,supermarket,,
OpenStreetMap,n5875498001,رضا الطردة,,,,31.5378648,35.0333977,supermarket,,
OpenStreetMap,n8628611217,رفيديا مول,,,,32.2228906,35.2383348,supermarket,,
OpenStreetMap,n8297074622,روافد,,,,32.3286291,35.1010135,supermarket,,
OpenStreetMap,n10006568217,روزميري الطيرة,,,,31.9093269,35.1986153,supermarket,,
OpenStreetMap,n5921554986,رياض جرادات,,,,31.5836909,35.1460947,supermarket,,
OpenStreetMap,n8096494017,ريحانه,,شارع السنية,,31.3439542,34.3062409,supermarket,,
OpenStreetMap,n4465035189,ريد سوبرماركت - الطيرة,,,,31.913776,35.1841043,supermarket,,
OpenStreetMap,n4465023098,ريد سوبرماركت - الماصيون,,,,31.8855489,35.1990649,supermarket,,
OpenStreetMap,n8383486217,ريكاردو,,,,31.7164072,35.175803,supermarket,,
OpenStreetMap,n4577582399,ريڤان للكوزمتكس والاكسسوارات,,,,32.4833795,35.2996554,convenience,,
OpenStreetMap,n8297078319,زادنا ماركت,,,,32.1956667,34.969039,supermarket,,
OpenStreetMap,n8297078133,زاكية المكان الادارة,,,,32.284794,35.048474,supermarket,,
OpenStreetMap,n8371240518,زعترة مول,,,,31.6695869,35.2618397,supermarket,,
OpenStreetMap,n8297070824,زقدح,,,,32.3119282,35.0291543,supermarket,,
OpenStreetMap,n7160320385,زكريا عصفور,,,,31.3427011,34.3481275,supermarket,,
OpenStreetMap,n8297070825,زكية,,,,32.3096809,35.0257543,supermarket,,
OpenStreetMap,n8297070828,زكية2,,,,32.3114852,35.0273295,supermarket,,
OpenStreetMap,n4309092159,زناتي,,,,31.8864537,35.2060722,supermarket,,
OpenStreetMap,n4460713489,زهرة البيلسان لأدوات الأسنان,,,,31.5266192,34.4654026,convenience,,
OpenStreetMap,n11364490841,زوادة,,,,31.9950358,35.8790177,supermarket,,
OpenStreetMap,n8380207017,زيدان,,,,31.711521,35.1842922,supermarket,,
OpenStreetMap,n8541428417,زيدون,,,,31.5220663,35.0825577,supermarket,,
OpenStreetMap,n9280490413,زينة,,,,31.4956348,34.4745098,convenience,,
OpenStreetMap,n7134785286,س م ابو سامي زعرب,,,,31.341304,34.29736,supermarket,,
OpenStreetMap,n5471073647,س م العوده,,Yabrod,,31.9547189,35.2472709,supermarket,,
OpenStreetMap,n4498112433,س. م NBC نشأت الكرد,,,,31.5475422,34.4641287,supermarket,,
OpenStreetMap,n4496327826,س. م ابو حمزة لبد,,,,31.536573,34.4893147,supermarket,,
OpenStreetMap,n4502437524,س. م ابو رزق العطار,,,,31.5575029,34.4823741,supermarket,,
OpenStreetMap,n4537617100,س. م ابو فايز اليازجي,,,,31.522351,34.4406109,supermarket,,
OpenStreetMap,n4502431169,س. م اشرف بعلوشة,,,,31.5529226,34.4770687,supermarket,,
OpenStreetMap,n4502435640,س. م اكرم العطار,,,,31.5565155,34.478501,supermarket,,
OpenStreetMap,n4502454538,"س. م الاصدقاء ""زايد""",,,,31.5483237,34.5006883,supermarket,,
OpenStreetMap,n4537609844,"س. م الاندلس ""حجاج""",,,,31.5216969,34.4336129,supermarket,,
OpenStreetMap,n4496326790,س. م الاندلس عبد النبي,,,,31.5369101,34.4915134,supermarket,,
OpenStreetMap,n4496323542,س. م الايام جحلش,,,,31.5396911,34.4818903,supermarket,,
OpenStreetMap,n4498121223,س. م البدوي المنايعة,,,,31.5474347,34.4638282,supermarket,,
OpenStreetMap,w302190644,"س. م الددح ""زقوت""",,,,31.5433795,34.4994387,supermarket,,
OpenStreetMap,n4496326450,س. م الرحمة ابو مدللة,,,,31.5347807,34.486375,supermarket,,
OpenStreetMap,n4502440713,"س. م السيف ""ابو حليمة""",,,,31.562515,34.48879,supermarket,,
OpenStreetMap,w297529829,س. م الفرسان بعلوشة,,,,31.544699,34.4678072,supermarket,,
OpenStreetMap,n4498132494,"س. م المجدل ""عناية""",,,,31.5461981,34.4689137,supermarket,,
OpenStreetMap,n4502456583,"س. م الميدان ""عليان""",,,,31.5481774,34.5009994,supermarket,,
OpenStreetMap,n4498112208,س. م الهيثم محمد رشيد,,,,31.5443372,34.4665536,supermarket,,
OpenStreetMap,n4502469256,س. م باسم المقيد,,,,31.5443911,34.4983515,supermarket,,
OpenStreetMap,n4498123438,س. م تامر الشيخ خليل,,,,31.5452106,34.464869,supermarket,,
OpenStreetMap,n4498120342,س. م حسن ابو سلطان,,,,31.5458507,34.4661564,supermarket,,
OpenStreetMap,n504286206,س. م حسونة,,,,31.5208808,34.4375932,convenience,,
OpenStreetMap,n4498113816,س. م دبي الكفارنة,,,,31.54431,34.4660759,supermarket,,
OpenStreetMap,n4496324040,س. م ديابكو عفانة,,,,31.5390602,34.4932843,supermarket,,
OpenStreetMap,n4498149016,س. م رفعت ابو شنب,,,,31.5477662,34.4721538,supermarket,,
OpenStreetMap,n4498113728,س. م طه عفانة,,,,31.5438254,34.4663549,supermarket,,
OpenStreetMap,n4498124266,س. م علاء البنا,,,,31.544566,34.4670094,supermarket,,
OpenStreetMap,n4502432745,"س. م علي المغربي ""صلاح""",,,,31.5535488,34.4764411,supermarket,,
OpenStreetMap,w297529912,س. م فارس الحداد,,,,31.5446088,34.4679392,supermarket,,
OpenStreetMap,n4502433881,"س. م فلسطين ""سائد مطير""",,,,31.5526031,34.4763512,supermarket,,
OpenStreetMap,w296002574,س. م فهد ابو الجديان,,,,31.5415019,34.5043691,supermarket,,
OpenStreetMap,n5585151322,س. م ليث,,,,32.5190061,35.8534118,supermarket,,
OpenStreetMap,n4498152143,س. م محسن العسلي,,,,31.5529456,34.4690103,supermarket,,
OpenStreetMap,n4498140382,س. م محمد انصيو,,,,31.5471353,34.4680715,supermarket,,
OpenStreetMap,n4498122660,س. م محمد عوض,,,,31.5459309,34.4625459,supermarket,,
OpenStreetMap,n4498152013,"س. م مرمره ""الهسي""",,,,31.5494531,34.4729746,supermarket,,
OpenStreetMap,n4498121492,س. م نعيم الكرد,,,,31.546845,34.4633025,supermarket,,
OpenStreetMap,n4502456178,س. م وجدي العالول,,,,31.5450595,34.4973623,supermarket,,
OpenStreetMap,w297523488,س.م ابو نائل,,,,31.5426749,34.4679699,supermarket,,
OpenStreetMap,n11475791669,س.م الحوايج شارع,,,,32.3643267,35.2130567,supermarket,+970595923395,
OpenStreetMap,n4498146407,س.م المجدل 2,,,,31.5466964,34.47011,supermarket,,
OpenStreetMap,n13282512901,س.م سكاكر,,,,32.3163895,35.0276592,supermarket,,
OpenStreetMap,n7134785287,س.م مطاوع,,,,31.3425059,34.2960182,supermarket,,
OpenStreetMap,n13620060401,ساجد السعدي,,,,32.4612239,35.3095097,supermarket,,
OpenStreetMap,n5875497796,سالم,,,,31.4469744,35.0549625,supermarket,,
OpenStreetMap,n5820238857,سالم الرشق,,,,31.7823051,35.2294251,convenience,,
OpenStreetMap,n11593796369,سامح مول,,شارع الشهيد وصفي التل,,31.9850802,35.8847162,supermarket,,
OpenStreetMap,n7521656885,سامح مول,,,,31.9195819,35.8587673,supermarket,,
OpenStreetMap,n3255400345,سامح مول,,,,32.5379497,35.8774495,supermarket,,
OpenStreetMap,n5947925085,سامر حرب,,,,32.3136279,35.0274316,convenience,,
OpenStreetMap,n10303157209,سبر ماركت ربيع,,,,32.4085947,35.2883754,supermarket,,
OpenStreetMap,w94759765,سبينس,,,,33.2566255,35.2180601,supermarket,,
OpenStreetMap,n4846638624,ستريو نيو ساوند,,Al Shuhadaa,,31.5159066,34.4479948,convenience,,
OpenStreetMap,n9594125256,ستي ماركت,,,,32.519255,35.7892298,supermarket,,
OpenStreetMap,n4466418799,ستيبس,,,,31.5305895,34.4555922,supermarket,,
OpenStreetMap,n11225224137,سجاير حازم,,شارع جامعة الدول العربية,,31.5039917,34.4280952,convenience,,
OpenStreetMap,n11225202537,سجاير حازم الخور,,شارع جامعة الدول العربية,,31.5038883,34.4281221,convenience,,
OpenStreetMap,n5884294387,سزبر ماركت ياسر خواجا,,,,31.9439856,35.0264249,supermarket,,
OpenStreetMap,n5839070490,سعد الخضيرات,,,,31.41513,34.9441233,supermarket,,
OpenStreetMap,n5687552822,سعد الدين,,,,32.2209413,35.2594165,supermarket,,
OpenStreetMap,n8493021917,سعيد,,,,32.1800169,34.9640742,supermarket,,
OpenStreetMap,n5921554987,سعير,,,,31.5847518,35.1458467,supermarket,,
OpenStreetMap,n5838277886,سفن اند الفن,,,,31.9622065,35.2115203,supermarket,,
OpenStreetMap,n5839070594,سفيان المخرزة/هيثم,,,,31.4082498,34.9688617,supermarket,,
OpenStreetMap,n8386667817,سكافي ماركت,,,,31.7080161,35.2052331,supermarket,,
OpenStreetMap,n4429895690,سلامة الطويل,,,,31.508241,35.0269285,supermarket,,
OpenStreetMap,n4331007790,سلامه,,,,32.1389257,35.2680824,supermarket,,
OpenStreetMap,n5832810499,سما الجنوب/وجدي الشعراوي,,,,31.4658088,35.0108884,supermarket,,
OpenStreetMap,n9647821334,سمارت,,,,32.5365989,35.8683862,supermarket,,
OpenStreetMap,n5875497808,سمير ابو هاشم,,,,31.4683752,34.9983729,supermarket,,
OpenStreetMap,n7197258085,سنتر ابو لحية,,,,31.3681834,34.3412548,supermarket,,
OpenStreetMap,n9276095526,سوافير,,,,31.4968142,34.4605185,convenience,,
OpenStreetMap,n5881327886,سوبر,,,,31.90172,35.213493,supermarket,,
OpenStreetMap,n5880842285,سوبر,,,,31.712078,35.206313,supermarket,,
OpenStreetMap,n5884362186,سوبر,,,,32.3883139,35.286225,supermarket,,
OpenStreetMap,n11222048437,سوبر ستوب ماركت /عين يبرود مقابل كازية الشرقية,,,,31.9380466,35.2442634,supermarket,,
OpenStreetMap,n5451777621,سوبر مارك كفر قود,,to ya'bad (main street),,32.4573345,35.2274688,supermarket,,
OpenStreetMap,n5057692724,سوبر ماركة ابناء صالح البريد,,,,32.4102887,35.2815195,supermarket,,
OpenStreetMap,n4270329993,سوبر ماركة الضيعة,,,,31.6529288,35.0603025,supermarket,,
OpenStreetMap,n5150152721,سوبر ماركة المحتسب,,الشارع الرئيسي,,31.7690147,35.2704414,supermarket,,
OpenStreetMap,n5187383421,سوبر ماركت,,الرئيسي,,32.4115722,35.0702968,supermarket,,
OpenStreetMap,n5884413031,سوبر ماركت,,,,32.2175722,35.2570417,supermarket,,
OpenStreetMap,n5881371485,سوبر ماركت,,,,31.761989,35.262359,supermarket,,
OpenStreetMap,n5881369885,سوبر ماركت,,,,31.869159,35.443052,supermarket,,
OpenStreetMap,n5884276886,سوبر ماركت,,,,31.8697576,35.0688568,supermarket,,
OpenStreetMap,n7925821686,سوبر ماركت,,,,31.5616245,35.1398488,supermarket,,
OpenStreetMap,n8493777301,سوبر ماركت,,,,31.9909666,35.3091057,supermarket,,
OpenStreetMap,n5711372023,سوبر ماركت,,,,31.7790341,35.2298813,convenience,,
OpenStreetMap,n13652169001,سوبر ماركت,,,,32.2165089,35.2585633,supermarket,,
OpenStreetMap,n13538566601,سوبر ماركت,,,,31.9043056,35.206515,supermarket,,
OpenStreetMap,n432284841,سوبر ماركت,,,,31.9901793,35.3086294,supermarket,,
OpenStreetMap,n432276368,سوبر ماركت,,,,32.0197836,35.0670291,supermarket,,
OpenStreetMap,n432274390,سوبر ماركت,,,,31.9897023,35.3095114,supermarket,,
OpenStreetMap,n432345406,سوبر ماركت,,,,32.0658794,35.0214223,supermarket,,
OpenStreetMap,n4679361794,سوبر ماركت,,,,31.5391029,34.5066421,supermarket,,
OpenStreetMap,n4587370890,سوبر ماركت,,,,31.4469978,34.3962312,supermarket,,
OpenStreetMap,n5083448641,سوبر ماركت,,,,32.3190384,35.3742047,supermarket,,
OpenStreetMap,n11816140969,سوبر ماركت 16,,,,32.331303,35.0274939,supermarket,,
OpenStreetMap,n11649126176,سوبر ماركت 2020 البيرة حي الجنان بجانب جريدة الحياة,,,,31.9009981,35.2135889,supermarket,,
OpenStreetMap,n9644918101,سوبر ماركت Zain,,,,32.5371426,35.8699919,supermarket,,
OpenStreetMap,n4281691190,سوبر ماركت آلاء الرحمن,,Moneer Al-Rayyes Street,,31.5038393,34.4361157,supermarket,,
OpenStreetMap,n3162594037,سوبر ماركت أبناء أبو عبد الله التلباني,,,,31.4248352,34.3794805,supermarket,,
OpenStreetMap,n7841144987,سوبر ماركت أبو أحمد,,,,31.5246966,34.4368999,supermarket,,
OpenStreetMap,n5880613986,سوبر ماركت أبو إياد أبيات بيت لحم,,,,31.695931,35.190987,supermarket,,
OpenStreetMap,n4421839696,سوبر ماركت أبو الأديب,,الشارع الرئيسي,,32.3874456,35.2871385,supermarket,,
OpenStreetMap,n4174363192,سوبر ماركت أبو حسام أبو نصار,,,,31.6974983,35.1802285,convenience,,
OpenStreetMap,w1076614586,سوبر ماركت أبو خضر,,,,32.3411613,35.3031334,supermarket,0599139135,
OpenStreetMap,n5397049722,سوبر ماركت أبو طه,,,,31.4365592,34.4090129,supermarket,,
OpenStreetMap,n7896195486,سوبر ماركت أبو علاء,,,,31.524265,34.4388809,supermarket,,
OpenStreetMap,w298430570,سوبر ماركت أبو غالي,,,,31.3091739,34.2424565,supermarket,,
OpenStreetMap,n7783671486,سوبر ماركت أبو مهادي,,,,31.5347854,34.489439,supermarket,,
OpenStreetMap,n4737378322,سوبر ماركت أبو نضال,,,,32.3101678,35.0334526,supermarket,,
OpenStreetMap,n11111359406,سوبر ماركت أجيال,,,,32.412866,35.2705621,supermarket,,
OpenStreetMap,n5880789585,سوبر ماركت أسعد البدن جورة الشمعة بيت لحم,,,,31.649873,35.167641,supermarket,,
OpenStreetMap,n7148953886,سوبر ماركت أنس ابو ريدة,,,,31.3005743,34.3551638,supermarket,,
OpenStreetMap,n4653900489,سوبر ماركت أياد جبر,,,,32.2177615,35.2690088,supermarket,,
OpenStreetMap,n8144906517,سوبر ماركت إبراهيم حبوش,,Omar Al-Mukhtar St. شارع عمر المختار,,31.5241672,34.439178,supermarket,0597223224,https://www.facebook.com/%D8%B3%D9%88%D8%A8%D8%B1%D9%85%D8%A7%D8%B1%D9%83%D8%AA-%D8%A5%D8%A8%D8%B1%D8%A7%D9%87%D9%8A%D9%85-%D8%AD%D8%A8%D9%88%D8%B4-100688235125677/
OpenStreetMap,n7149177285,سوبر ماركت ابو احمد النجار,,,,31.3321954,34.3140661,supermarket,,
OpenStreetMap,n4832410695,سوبر ماركت ابو اسكندر,,,,32.0824868,35.1063265,supermarket,,
OpenStreetMap,n4947560521,سوبر ماركت ابو الرائد,,شارع جبل الطويل,,31.9042904,35.2151857,supermarket,,
OpenStreetMap,n7136796087,سوبر ماركت ابو الرائد,,,,31.3265951,34.3529277,supermarket,,
OpenStreetMap,w302777310,سوبر ماركت ابو الرائد عامر,,,,31.3483703,34.2986214,supermarket,,
OpenStreetMap,n11240593739,سوبر ماركت ابو الزين,,,,32.3655355,35.253833,supermarket,,
OpenStreetMap,n11104576505,سوبر ماركت ابو العبد وأولاده,,,,32.260723,35.1311932,supermarket,,
OpenStreetMap,n11109476406,سوبر ماركت ابو العرينة,,,,32.3251074,35.2152016,supermarket,,
OpenStreetMap,n11112180205,سوبر ماركت ابو العسل,,,,32.4635139,35.2728681,supermarket,,
OpenStreetMap,n4528875189,سوبر ماركت ابو النمر,,,,32.4853865,35.2266465,supermarket,,
OpenStreetMap,n3946728592,سوبر ماركت ابو النور,,,,31.5175314,35.1046237,supermarket,,
OpenStreetMap,n11152291905,سوبر ماركت ابو الهيجاء جبريات,,,,32.4573592,35.2873789,supermarket,,
OpenStreetMap,n2744395036,سوبر ماركت ابو ثائر,,,,32.3870806,35.3240382,supermarket,,
OpenStreetMap,n11220294337,سوبر ماركت ابو حسن,,,,32.3729542,35.1511175,supermarket,,
OpenStreetMap,n5229165821,سوبر ماركت ابو حسنه,,,,31.4413979,35.0884389,supermarket,,
OpenStreetMap,n7159186385,سوبر ماركت ابو حسونة طبش,,,,31.3223038,34.3476286,supermarket,,
OpenStreetMap,n11240836637,سوبر ماركت ابو خالد كفر ذان,,,,32.4875632,35.2559472,supermarket,,
OpenStreetMap,n6558309285,سوبر ماركت ابو دية,,شارع الواد,,32.1794171,34.9712788,supermarket,,
OpenStreetMap,n6558309385,سوبر ماركت ابو دية,,,,32.1797855,34.9710146,supermarket,,
OpenStreetMap,w1304654874,سوبر ماركت ابو راشد كوكبا,,,,33.3857099,35.6405963,convenience,,
OpenStreetMap,n432274475,سوبر ماركت ابو زايد,,Nileen,,31.9468718,35.0162198,supermarket,,
OpenStreetMap,n4314940993,سوبر ماركت ابو شنب,,Said Al-A'as Street,,31.5294438,34.4593733,supermarket,,
OpenStreetMap,n4501757191,سوبر ماركت ابو صفية,,,,32.3088444,35.0352315,supermarket,,
OpenStreetMap,n7136788888,سوبر ماركت ابو عسل,,,,31.3253734,34.343776,supermarket,,
OpenStreetMap,n5866407886,سوبر ماركت ابو علاء,,,,32.3234965,35.2217901,supermarket,,
OpenStreetMap,n5866410990,سوبر ماركت ابو عمر,,,,32.4113233,35.0716403,supermarket,,
OpenStreetMap,n7143009085,سوبر ماركت ابو عمر القرا نور,,,,31.3396832,34.3562898,supermarket,,
OpenStreetMap,n4959890727,سوبر ماركت ابو عيسی,,,,31.9051592,35.2174468,supermarket,,
OpenStreetMap,n2744395037,سوبر ماركت ابو قيس,,,,32.3838051,35.32637,supermarket,,
OpenStreetMap,n11159155717,سوبر ماركت ابو محمود الجرس,,,,32.5231457,35.2233051,supermarket,,
OpenStreetMap,n4938515604,سوبر ماركت ابو مصطفى,,,,31.9976484,35.0673863,supermarket,,
OpenStreetMap,n2776835420,سوبر ماركت ابو نضال,,,,32.3877735,35.3234249,supermarket,,
OpenStreetMap,n7159186485,سوبر ماركت ابو هيثم الاغا,,,,31.3631864,34.3225482,supermarket,,
OpenStreetMap,n6916314485,سوبر ماركت ابو وائل سمودي للعروض,,المصرارة,,32.4845185,35.2310279,supermarket,,
OpenStreetMap,n5141562425,سوبر ماركت ابو يزن الحجار,,,,31.5353611,34.4748828,supermarket,,
OpenStreetMap,n7589910785,سوبر ماركت ابوفارس,,,,32.496206,35.3502488,supermarket,,
OpenStreetMap,n5884328286,سوبر ماركت احمد ذكارنة جنين,,,,32.4618338,35.3223329,supermarket,,
OpenStreetMap,n11172124937,سوبر ماركت احمد فرش,,,,31.9464067,35.2510524,supermarket,,
OpenStreetMap,n11146405705,سوبر ماركت ادم مول,,,,32.3341365,35.3028469,supermarket,,
OpenStreetMap,n7141071485,سوبر ماركت اسطنبول,,,,31.3613754,34.2928709,supermarket,,
OpenStreetMap,n5996691388,سوبر ماركت اسكان الجامعة,,,,32.2356325,35.2388875,supermarket,,
OpenStreetMap,n11180687238,سوبر ماركت اسلام,,,,32.41325,35.2794284,supermarket,,
OpenStreetMap,n5866418585,سوبر ماركت اسليم,,,,32.2822357,35.3843358,convenience,,
OpenStreetMap,n5884413394,سوبر ماركت اشرف الجلاد طولكرم,,,,32.3022944,35.0317611,supermarket,,
OpenStreetMap,n4827659721,سوبر ماركت اشرقت الانوار,,شارع النجار,,31.3091556,34.36431,supermarket,,
OpenStreetMap,w305244905,سوبر ماركت اطلس,,,,31.3437331,34.308077,supermarket,,
OpenStreetMap,n11096608905,سوبر ماركت اكسترا اسلام ابو الهيجا,,,,32.4674251,35.2934727,supermarket,,
OpenStreetMap,n11162037405,سوبر ماركت الأدهم,,Al Salaten,,31.5547034,34.4909885,supermarket,,
OpenStreetMap,n4650619206,سوبر ماركت الأسمر,,,,32.2203766,35.2329117,supermarket,,
OpenStreetMap,n4968233922,سوبر ماركت الأشعل,,Abu shkhaydem,,31.9627359,35.1748103,supermarket,0597347512,
OpenStreetMap,n4203138104,سوبر ماركت الأمل,,Suba - Dura,,31.5202919,35.016165,supermarket,,
OpenStreetMap,n4168291893,سوبر ماركت الأمل,,Suba - Dura,,31.5202981,35.0161055,supermarket,,
OpenStreetMap,n4653629192,سوبر ماركت الأمل,,,,32.219947,35.2737782,supermarket,,
OpenStreetMap,n11104258811,سوبر ماركت الأمير,,,,32.3315704,35.1125368,supermarket,,
OpenStreetMap,n6659517486,سوبر ماركت الأيام.,,Al-Saftawy Street,,31.53966,34.4817348,supermarket,0599356540,
OpenStreetMap,n4780114529,سوبر ماركت الأيمان,,,,31.5096626,35.1048986,supermarket,,
OpenStreetMap,n5880969685,سوبر ماركت الإسكان ماركت بيت لحم,,,,31.699068,35.196274,supermarket,,
OpenStreetMap,n11187798337,سوبر ماركت الإشارة,,,,31.9634975,35.2942645,supermarket,,
OpenStreetMap,n5884380586,سوبر ماركت الاخوين مول,,,,31.5354674,35.0829771,supermarket,,
OpenStreetMap,n11131360906,سوبر ماركت الارض الطيبه,,,,32.4531478,35.2625064,supermarket,,
OpenStreetMap,n11158971705,سوبر ماركت الارض المباركة كفر ذان,,,,32.4844208,35.2650497,supermarket,,
OpenStreetMap,n5884294486,سوبر ماركت الاستاذ راتب نعلين,,,,31.946184,35.02195,supermarket,,
OpenStreetMap,n11109360105,سوبر ماركت الاستاذ فهد,,,,32.3250335,35.2184033,supermarket,,
OpenStreetMap,n11133726105,سوبر ماركت الاسراء,,,,32.4708681,35.3559335,supermarket,,
OpenStreetMap,n5018704322,سوبر ماركت الاسراء ابو الفلايح,,,,32.337836,35.3570731,supermarket,,
OpenStreetMap,n11775493569,سوبر ماركت الاقصى قباطية,,,,32.4115007,35.2719558,supermarket,,
OpenStreetMap,n11099195506,سوبر ماركت الاقصى كفر قود,,,,32.4566368,35.2396288,supermarket,,
OpenStreetMap,n4429728695,سوبر ماركت الامل,,,,31.5084028,35.0270081,supermarket,,
OpenStreetMap,n11237708137,سوبر ماركت الامل حزما,,,,31.832439,35.2641168,supermarket,,
OpenStreetMap,n11146010805,سوبر ماركت الامين,,,,32.3573756,35.246813,supermarket,,
OpenStreetMap,n5606773719,سوبر ماركت الامين,,,,32.3579155,35.8822843,supermarket,,
OpenStreetMap,n11549988469,سوبر ماركت الامين شارع الحمرا,,,,32.492916,35.2423981,supermarket,,
OpenStreetMap,n2997479230,سوبر ماركت الاندونيسي,,,,31.5348896,34.5104787,supermarket,,
OpenStreetMap,n3630810935,سوبر ماركت الايمان,,,,32.3297541,35.2915595,supermarket,,
OpenStreetMap,n5890698088,سوبر ماركت الايهاب,,,,32.4464582,35.1737915,supermarket,,
OpenStreetMap,n5890698086,سوبر ماركت الايهاب,,,,32.4063685,35.2020483,supermarket,,
OpenStreetMap,n1782346055,سوبر ماركت البابا,,,,31.4355558,34.3665933,supermarket,,
OpenStreetMap,n5304950356,سوبر ماركت الباشا,,,,31.8808198,35.4534632,supermarket,,
OpenStreetMap,n4832410698,سوبر ماركت البراء,,,,32.0766234,35.1033034,supermarket,,
OpenStreetMap,n11205432537,سوبر ماركت البرازيلي زياد عابد,,,,31.9963947,35.2841345,supermarket,,
OpenStreetMap,n5739506721,سوبر ماركت البرنس,,شارع قباطية,,32.4118274,35.2768274,supermarket,,
OpenStreetMap,n4487666189,سوبر ماركت البساتين,,Birzeit Road طريق بيرزيت,,31.9393241,35.1833296,supermarket,,
OpenStreetMap,n5881340485,سوبر ماركت البستان سلفيت,,,,32.081899,35.180303,supermarket,,
OpenStreetMap,n4689750704,سوبر ماركت البشير,,,,31.5329798,34.4721311,supermarket,,
OpenStreetMap,n4207930073,سوبر ماركت البص,,وسط البلد,,31.3995721,35.066839,supermarket,,
OpenStreetMap,n11130683906,سوبر ماركت البلد,,,,32.3862246,35.3228711,supermarket,,
OpenStreetMap,n11110199406,سوبر ماركت البلد,,,,32.3075257,35.1673769,supermarket,,
OpenStreetMap,n11148422005,سوبر ماركت البلد,,,,32.464512,35.2270322,supermarket,,
OpenStreetMap,n2774684661,سوبر ماركت البلد,,,,32.3866593,35.3228608,supermarket,,
OpenStreetMap,n11099640706,سوبر ماركت البلد فحمة,,,,32.3815315,35.1810729,supermarket,,
OpenStreetMap,n11219508837,سوبر ماركت البلد ماجد عبيد,,,,32.4077921,35.1999545,supermarket,,
OpenStreetMap,n5884413033,سوبر ماركت البلعاوي للعصائر طولكرم,,,,32.3049012,35.0223426,supermarket,,
OpenStreetMap,n5866418586,سوبر ماركت البندر,,,,32.3750818,35.0654803,supermarket,,
OpenStreetMap,n11104350205,سوبر ماركت البهاء,,,,32.3299831,35.1130168,supermarket,,
OpenStreetMap,n9679631217,سوبر ماركت البهنساوي,,Street N° 1 ( Almusaddar Street ) شارع رقم 1 ( شارع المصدر ),,31.4176676,34.3707064,convenience,,
OpenStreetMap,n4877943921,سوبر ماركت التل الاخضر,,,,31.4306399,34.4089772,convenience,,
OpenStreetMap,n11237733337,سوبر ماركت التمام حزما,,,,31.8337806,35.2613224,supermarket,,
OpenStreetMap,n4501224690,سوبر ماركت التوأم,,,,32.2234143,35.2657228,supermarket,,
OpenStreetMap,n5098923721,سوبر ماركت التوتة,,,,31.9714476,35.1937193,supermarket,,
OpenStreetMap,n5033128622,سوبر ماركت التوحيد يوسف السيلاوي,,,,32.325402,35.3669427,supermarket,,
OpenStreetMap,n3647041757,سوبر ماركت التوفير,,,,32.3285758,35.2936614,supermarket,,
OpenStreetMap,n5869034792,سوبر ماركت التوفيق,,,,32.3151821,35.0285748,supermarket,,
OpenStreetMap,n11101642705,سوبر ماركت الجابريات,,,,32.4537211,35.2859505,supermarket,,
OpenStreetMap,n6317598186,سوبر ماركت الجاردنز,,,,32.3176715,35.0292989,supermarket,,
OpenStreetMap,n11111676105,سوبر ماركت الجامعة,,,,32.3845597,35.3252377,supermarket,,
OpenStreetMap,n7284410822,سوبر ماركت الجامعه,,,,32.5416786,35.8508946,supermarket,,
OpenStreetMap,n11111323905,سوبر ماركت الجذور,,,,32.4115348,35.2867373,supermarket,,
OpenStreetMap,n8251649817,سوبر ماركت الجعرون,,Shuweika Al-Gharbi Street,,32.3269615,35.029585,supermarket,,
OpenStreetMap,n11113557805,سوبر ماركت الجليل مول جنين,,,,32.4781683,35.3002952,supermarket,,
OpenStreetMap,n11114425005,سوبر ماركت الجنان حي الجنان,,,,32.4445179,35.3064538,supermarket,,
OpenStreetMap,n11116459905,سوبر ماركت الجود,,,,32.3760225,35.1575009,supermarket,,
OpenStreetMap,w296661656,سوبر ماركت الجوراني,,,,31.5379958,34.5048812,supermarket,,
OpenStreetMap,n6160992993,سوبر ماركت الجيش,,,,31.5036803,34.4279126,supermarket,,
OpenStreetMap,n5881248385,سوبر ماركت الحجاج اريحا,,,,31.857394,35.467063,supermarket,,
OpenStreetMap,n11158905705,سوبر ماركت الحسام عتبة نافع,,,,32.482226,35.2562219,supermarket,,
OpenStreetMap,n11121887106,سوبر ماركت الحسام كفر ذان,,,,32.4846432,35.2573578,supermarket,,
OpenStreetMap,n11121724906,سوبر ماركت الحسن اليامون حارة السمودي,,,,32.4822051,35.2303858,supermarket,,
OpenStreetMap,n5153816934,سوبر ماركت الحناوي,,,,31.5357381,34.474392,supermarket,,
OpenStreetMap,n6125078885,سوبر ماركت الحوت,,,,32.2188507,35.2943513,supermarket,,
OpenStreetMap,n5839070492,سوبر ماركت الحوت /ماجد سمامرة,,,,31.4162729,34.9404276,supermarket,,
OpenStreetMap,n10048415017,سوبر ماركت الحوت بيع جملة و مفرق,,,,32.3767014,35.1571176,supermarket,,
OpenStreetMap,n4456706390,سوبر ماركت الحور,,,,32.1407916,35.2805236,supermarket,,
OpenStreetMap,n4501213690,سوبر ماركت الخراز,,Al-Ma'mon Street,,32.2203085,35.2509343,supermarket,,
OpenStreetMap,n5910141985,سوبر ماركت الخطيب,,,,32.4447986,35.1642686,supermarket,,
OpenStreetMap,n5884282686,سوبر ماركت الخير والبركة بيت لقيا,,,,31.873758,35.06124,supermarket,,
OpenStreetMap,n5153820026,سوبر ماركت الدسوقي,,,,31.5373142,34.4683159,supermarket,,
OpenStreetMap,n5866407889,سوبر ماركت الدله,,,,32.4096379,35.3473184,convenience,,
OpenStreetMap,n4689750900,سوبر ماركت الدنف,,,,31.5379467,34.4665184,supermarket,,
OpenStreetMap,n9610447620,سوبر ماركت الدهون,,,,32.4318484,35.6848779,supermarket,,
OpenStreetMap,n7925821586,سوبر ماركت الدوارة,,,,31.5584874,35.1403327,supermarket,,
OpenStreetMap,n5884413393,سوبر ماركت الراجح بيتا,,,,32.142999,35.2580133,supermarket,,
OpenStreetMap,n5890698285,سوبر ماركت الرايه,,,,32.4050845,35.2044048,supermarket,,
OpenStreetMap,n13091791301,سوبر ماركت الربيع,,,,32.3660183,35.0798872,supermarket,,
OpenStreetMap,n11096956805,سوبر ماركت الرحمة,,,,32.4822522,35.2997488,supermarket,,
OpenStreetMap,n4232929294,سوبر ماركت الرشق,,,,32.4071833,35.2874656,supermarket,,
OpenStreetMap,n10758959988,سوبر ماركت الرضوان,,,,31.6850686,35.2074804,supermarket,,
OpenStreetMap,n4537843191,سوبر ماركت الروضه,,,,32.2246098,35.2463068,supermarket,,
OpenStreetMap,n5866410987,سوبر ماركت الريان,,,,32.3255626,35.3665176,convenience,,
OpenStreetMap,n11099522407,سوبر ماركت الريان,,,,32.441778,35.1667476,supermarket,,
OpenStreetMap,n11104977705,سوبر ماركت الريان اليامون,,,,32.4908838,35.2376287,supermarket,,
OpenStreetMap,n11171649537,سوبر ماركت الريف,,,,31.9048826,35.2158012,supermarket,,
OpenStreetMap,n4947610621,سوبر ماركت الريف,,,,31.9048544,35.2155952,supermarket,,
OpenStreetMap,n4478482092,سوبر ماركت الزيادة,,Lafit El Balad st,,31.9701648,35.1933342,supermarket,,
OpenStreetMap,w1074630101,سوبر ماركت الزيتونة,,,,32.3352872,35.3016346,supermarket,,
OpenStreetMap,n5881363985,سوبر ماركت الزير,,,,31.665754,35.227038,supermarket,,
OpenStreetMap,n7136796086,سوبر ماركت السدرة,,,,31.3262137,34.3424438,supermarket,,
OpenStreetMap,n4461677598,سوبر ماركت السعادة,,,,31.9700513,35.1988242,convenience,,
OpenStreetMap,n7148576590,سوبر ماركت السعادة ماركت العقاد,,,,31.3508772,34.3135104,supermarket,,
OpenStreetMap,n9606455131,سوبر ماركت السعد,,,,32.2617414,35.8552321,supermarket,,
OpenStreetMap,n4782695622,سوبر ماركت السعيد,,Salah Khalaf Street,,31.5367123,34.4678961,supermarket,0592700533,
OpenStreetMap,n4492344990,سوبر ماركت السلام,,Khaled Bin Al-Waleed,,31.4208751,34.3531643,supermarket,,
OpenStreetMap,n4107836999,سوبر ماركت السلام,,Nablus-Jenin Road,,32.316454,35.1909486,supermarket,,
OpenStreetMap,n5304924951,سوبر ماركت السلام,,,,31.8772132,35.4493322,supermarket,,
OpenStreetMap,n6341177693,سوبر ماركت السلام - الحرازين,,Al-Naser Street - شارع النصر,,31.5342102,34.459338,supermarket,,
OpenStreetMap,n7588282291,سوبر ماركت السلايمة,,,,31.8541682,35.236266,supermarket,,
OpenStreetMap,n4966722622,سوبر ماركت السلطان,,شارع القدس,,31.8896188,35.2156943,supermarket,,
OpenStreetMap,n6583963886,سوبر ماركت السماح ابو اكرم,,,,32.0952489,35.0406011,supermarket,,
OpenStreetMap,n4665641499,سوبر ماركت السنابل,,,,32.2536816,35.2633783,supermarket,,
OpenStreetMap,n4947610622,سوبر ماركت السندباد,,,,31.9050972,35.2144363,supermarket,,
OpenStreetMap,n9922087177,سوبر ماركت الشام,,,,32.4733249,35.0931929,convenience,,
OpenStreetMap,n11097456805,سوبر ماركت الشاويش,,,,32.4593274,35.4150155,supermarket,,
OpenStreetMap,n3589815975,سوبر ماركت الشعب,,,,32.3280972,35.2900506,supermarket,,
OpenStreetMap,n4501769889,سوبر ماركت الشلبي,,,,32.3072836,35.037603,supermarket,,
OpenStreetMap,n431793077,سوبر ماركت الشموع,,,,31.5540159,35.1022807,supermarket,,
OpenStreetMap,n6578919712,سوبر ماركت الشني,,,,31.9115012,35.2161508,supermarket,,
OpenStreetMap,n13095078801,سوبر ماركت الشني-سطح مرحبا,,,,31.8929522,35.2183285,supermarket,,
OpenStreetMap,n9610608739,سوبر ماركت الشهم,,,,32.5948752,35.886869,supermarket,,
OpenStreetMap,n5880830587,سوبر ماركت الشويكي,,,,31.7162575,35.2000301,supermarket,,
OpenStreetMap,n5880501286,سوبر ماركت الشويكي بيت لحم,,,,31.71209,35.2063246,supermarket,,
OpenStreetMap,n13076296203,سوبر ماركت الشيخ - ديرسامت,,,,31.5206094,34.9774627,supermarket,,
OpenStreetMap,n432283739,سوبر ماركت الشيخ صلاح,,الشارع الرئيسي شارع المديه,,31.9455585,35.0178538,supermarket,,
OpenStreetMap,n4368465092,سوبر ماركت الشيخ هاني,,,,32.4265999,35.3617229,supermarket,,
OpenStreetMap,n11217684737,سوبر ماركت الصادق,,,,32.4905228,35.4018799,supermarket,,
OpenStreetMap,n6301200288,سوبر ماركت الصباح,,,,31.5239987,34.4572068,supermarket,,
OpenStreetMap,n5420330422,سوبر ماركت الصحابة,,Al-Sahaba Street,,31.5123837,34.4624232,supermarket,,
OpenStreetMap,n432060362,سوبر ماركت الصديق,,Abe Yousef Street,,32.2120121,35.2832785,supermarket,,
OpenStreetMap,n4349692794,سوبر ماركت الصنوبر,,Kufor Ne'meh,,31.9281379,35.0911028,supermarket,,
OpenStreetMap,n11099067005,سوبر ماركت الضعيفة,,,,32.4622416,35.2677319,supermarket,,
OpenStreetMap,n11109616305,سوبر ماركت الطاسة,,,,32.3494117,35.2714133,supermarket,,
OpenStreetMap,n5163986235,سوبر ماركت الطلاع,,,,31.538436,34.4659801,supermarket,,
OpenStreetMap,n5884328285,سوبر ماركت الطنبور نابلس,,,,32.2205722,35.2627389,supermarket,,
OpenStreetMap,n5866407893,سوبر ماركت الطوباسي,,,,32.3220292,35.3705084,convenience,,
OpenStreetMap,n6440549685,سوبر ماركت الطويل,,شارع ضاحية إسكان البلدية,,31.5038616,35.0925334,supermarket,,
OpenStreetMap,n11093639005,سوبر ماركت الطيبات,,,,32.3561836,35.3474637,supermarket,,
OpenStreetMap,n5305049874,سوبر ماركت الطيبات,,,,31.8574399,35.4589035,supermarket,,
OpenStreetMap,n11207584637,سوبر ماركت الطيبات السيلة الحارثية,,,,32.5078358,35.2274279,supermarket,,
OpenStreetMap,n4379049689,سوبر ماركت الظاهر,,'Asira ash Shamaliya Street,,32.2337068,35.2491744,supermarket,,
OpenStreetMap,n10174729217,سوبر ماركت الظاهر,,,,32.4666385,35.2914943,supermarket,,
OpenStreetMap,n11096582705,سوبر ماركت الظاهر 2,,,,32.464604,35.2816693,supermarket,,
OpenStreetMap,n11101515305,سوبر ماركت الظاهر 3,,,,32.450796,35.2903319,supermarket,,
OpenStreetMap,n5880977485,سوبر ماركت العائلة,,,,31.704108,35.234087,supermarket,,
OpenStreetMap,n9845463187,سوبر ماركت العائلة,,,,32.5384106,35.8427097,supermarket,,
OpenStreetMap,n6161028391,سوبر ماركت العائلة,,,,31.5038957,34.4272319,supermarket,,
OpenStreetMap,n7159186285,سوبر ماركت العائلة ابو رجيلة,,,,31.3089889,34.3591305,supermarket,,
OpenStreetMap,n5884276887,سوبر ماركت العائلة بيت لقيا,,,,31.868879,35.066091,supermarket,,
OpenStreetMap,n5830579194,سوبر ماركت العائلة/شادي طالب ابو حلتم,,,,31.5771917,35.01899,supermarket,0595060000,
OpenStreetMap,n11203076337,سوبر ماركت العامر,,,,32.2994156,35.0235307,supermarket,,
OpenStreetMap,n9900503881,سوبر ماركت العايدة,,AL-Far'a Street,,32.2907083,35.3439722,supermarket,,
OpenStreetMap,n5881357585,سوبر ماركت العايدية عناتا,,,,31.8176018,35.2682715,supermarket,,
OpenStreetMap,n11096802905,سوبر ماركت العبوشي,,,,32.4682927,35.3095618,supermarket,,
OpenStreetMap,n7922813785,سوبر ماركت العديسة,,شارع العديسة,,31.547201,35.1389667,supermarket,,
OpenStreetMap,n11114576205,سوبر ماركت العربي,,,,32.4888241,35.2613209,supermarket,,
OpenStreetMap,n4705439090,سوبر ماركت العربي,,,,31.9037262,35.2129436,supermarket,,
OpenStreetMap,n7141391985,سوبر ماركت العكر 1,,,,31.346585,34.2984851,supermarket,,
OpenStreetMap,n7141391885,سوبر ماركت العكر 2,,,,31.3454378,34.2972513,supermarket,,
OpenStreetMap,n11120014205,سوبر ماركت العمر,,,,32.2994533,35.0232554,supermarket,,
OpenStreetMap,r14308591,سوبر ماركت العمرو,,,,32.3354628,35.3014012,supermarket,,
OpenStreetMap,n4654423789,سوبر ماركت العنبتاوي,,Hitteen Street,,32.2197476,35.2627705,supermarket,,
OpenStreetMap,n11171611839,سوبر ماركت العودة,,,,31.9068627,35.216983,supermarket,,
OpenStreetMap,n5046023521,سوبر ماركت العياد,,,,31.7007365,35.2114864,supermarket,,
OpenStreetMap,n4744837522,سوبر ماركت العين,,حارة الشيخ / عين قشقلة,,31.5298452,35.1028863,supermarket,022252671,
OpenStreetMap,n5884428886,سوبر ماركت الغزال,,,,32.3192722,35.0645778,supermarket,,
OpenStreetMap,n3491373921,سوبر ماركت الفؤاد,,,,32.1291308,35.0435824,supermarket,,
OpenStreetMap,n11146645608,سوبر ماركت الفداء,,,,32.3077456,35.0195978,supermarket,,
OpenStreetMap,n8399049217,سوبر ماركت الفرا,,شارع جمال عبد الناصر,,31.36692,34.3262002,supermarket,,
OpenStreetMap,n432290195,سوبر ماركت القاضي,,,,31.8961399,35.1672221,supermarket,,
OpenStreetMap,n7922814185,سوبر ماركت القاطع,,شارع القاطع,,31.5475172,35.14264,supermarket,,
OpenStreetMap,n11116148805,سوبر ماركت القصر,,,,32.4037336,35.2083854,supermarket,,
OpenStreetMap,n5304596203,سوبر ماركت القطب,,,,31.8597858,35.4559514,supermarket,022326230,
OpenStreetMap,w297329924,سوبر ماركت القططي,,,,31.3164046,34.236111,supermarket,,
OpenStreetMap,n1196970305,سوبر ماركت القمة,,,,31.9266596,35.2092681,supermarket,,
OpenStreetMap,n5866407895,سوبر ماركت القناعه,,,,32.4300712,35.0851863,supermarket,,
OpenStreetMap,n4653899995,سوبر ماركت القناعه الحديثة,,,,32.2192007,35.2682262,supermarket,,
OpenStreetMap,n4649173389,سوبر ماركت القيسي,,Nablus Street,,32.3192121,35.0474601,supermarket,,
OpenStreetMap,n7020369686,سوبر ماركت الكايد,,,,32.0575092,35.8922621,supermarket,,
OpenStreetMap,n11494519569,سوبر ماركت الكرمل,,,,31.3112593,34.2463594,supermarket,,
OpenStreetMap,n5583697621,سوبر ماركت الكوثر,,Essa Street,,31.5288597,35.07837,supermarket,0568828800,
OpenStreetMap,w1076614583,سوبر ماركت الكينا,,,,32.3424378,35.3048162,supermarket,,
OpenStreetMap,n5830579222,سوبر ماركت المؤمن,,,,31.4711857,35.0131875,supermarket,,
OpenStreetMap,n8493777302,سوبر ماركت المالكي,,,,31.9897615,35.309085,supermarket,,
OpenStreetMap,n4767656522,سوبر ماركت المتوكل على الله,,Hawwara-Jamma'in Street,,32.1462882,35.233426,convenience,,
OpenStreetMap,n11121620505,سوبر ماركت المثلث,,,,32.4767477,35.220692,supermarket,,
OpenStreetMap,n11299910569,سوبر ماركت المجد,,,,32.34649,35.2804007,supermarket,,
OpenStreetMap,n432279358,سوبر ماركت المجد,,,,31.8999111,35.1759241,supermarket,,
OpenStreetMap,n432376639,سوبر ماركت المجد,,,,32.319409,35.0292967,supermarket,,
OpenStreetMap,n432388137,سوبر ماركت المجد,,,,32.2981165,35.1101542,supermarket,,
OpenStreetMap,n431708685,سوبر ماركت المجد,,,,32.3481524,35.3546347,supermarket,,
OpenStreetMap,n431914900,سوبر ماركت المجد,,,,31.5320775,35.1023139,supermarket,,
OpenStreetMap,n432544811,سوبر ماركت المجد,,,,32.4248979,35.3633204,supermarket,,
OpenStreetMap,n5884359585,سوبر ماركت المجد جنين,,,,32.4630528,35.3033778,supermarket,,
OpenStreetMap,n5880818986,سوبر ماركت المجد عناتا,,,,31.812518,35.270107,supermarket,,
OpenStreetMap,n3543592039,سوبر ماركت المختار,,,,32.3276188,35.2903429,supermarket,,
OpenStreetMap,n11121852005,سوبر ماركت المدينة,,,,32.4888274,35.2373643,supermarket,,
OpenStreetMap,n4886717322,سوبر ماركت المدينة,,,,32.4602836,35.3033621,supermarket,,
OpenStreetMap,n11299910669,سوبر ماركت المدينة البدوي,,,,32.4601595,35.3026847,supermarket,,
OpenStreetMap,n5880961585,سوبر ماركت المسافر,,,,31.706555,35.205123,supermarket,,
OpenStreetMap,n4486069194,سوبر ماركت المسحال,,,,31.5349061,34.449007,supermarket,,
OpenStreetMap,n9049784017,سوبر ماركت المغالسه (supermarket AL-maghalsa ),,,,31.9476962,35.4642526,supermarket,,
OpenStreetMap,n5890698090,سوبر ماركت المنار,,,,32.3828747,35.3235032,supermarket,,
OpenStreetMap,n4444775390,سوبر ماركت المنارة,,,,31.4209327,34.3529683,supermarket,,
OpenStreetMap,n7918695985,سوبر ماركت المهند,,عزبة شوفة - الشارع الرئيسي,,32.285026,35.0459372,supermarket,,
OpenStreetMap,n11171877337,سوبر ماركت المودة,,,,31.9545546,35.247916,supermarket,,
OpenStreetMap,n11165328506,سوبر ماركت الميار,,,,32.3117937,35.3705844,supermarket,,
OpenStreetMap,n4478608991,سوبر ماركت الناطور,,,,31.9721995,35.195306,supermarket,,
OpenStreetMap,n505108871,سوبر ماركت النبيل,,,,31.2720378,34.2677256,supermarket,,
OpenStreetMap,n4254743489,سوبر ماركت النجوم,,,,32.0298063,35.2900956,supermarket,,
OpenStreetMap,n11120014105,سوبر ماركت النخبة,,,,32.4090967,35.2858583,supermarket,,
OpenStreetMap,n5884412901,سوبر ماركت النخبة طولكرم,,,,32.3171833,35.0193056,supermarket,,
OpenStreetMap,n11093008805,سوبر ماركت النعيم للمجمدات,,,,32.4117634,35.2769969,supermarket,,
OpenStreetMap,n7136796485,سوبر ماركت النمس,,,,31.3435567,34.3144092,supermarket,,
OpenStreetMap,n11099704905,سوبر ماركت النور,,,,32.3818864,35.1827597,supermarket,,
OpenStreetMap,n11104517505,سوبر ماركت النور,,,,32.297164,35.105847,supermarket,,
OpenStreetMap,n11104517605,سوبر ماركت النور,,,,32.2997438,35.1015234,supermarket,,
OpenStreetMap,n9929987329,سوبر ماركت النور للمواد التموينية,,,,32.4750698,35.0907066,supermarket,,
OpenStreetMap,n5582797322,سوبر ماركت الهلال,,092328869,,32.2177471,35.2910181,supermarket,092328869,
OpenStreetMap,n5890698289,سوبر ماركت الهناء,,,,32.2788164,35.3848816,supermarket,,
OpenStreetMap,n5141819528,سوبر ماركت الهيثم اسماعيل دراغمه,,,,32.3183457,35.3719253,supermarket,,
OpenStreetMap,n4366476490,سوبر ماركت الواحة,,Almalek Fysal street,,32.473015,35.3024113,supermarket,,
OpenStreetMap,n7124927886,سوبر ماركت الوحيدي,,,,31.5037778,34.4369461,supermarket,,
OpenStreetMap,n5881252185,سوبر ماركت الوزير العيزرية,,,,31.7685767,35.2721315,supermarket,,
OpenStreetMap,n5881365385,سوبر ماركت الولجة اريحا,,,,31.856206,35.45877,supermarket,,
OpenStreetMap,n11102051505,سوبر ماركت اليرموك النزلة الغربية,,,,32.4011775,35.074309,supermarket,,
OpenStreetMap,n4653831189,سوبر ماركت اليوسف البالوع,,,,31.9258299,35.2175323,supermarket,,
OpenStreetMap,n4539702816,سوبر ماركت انا ليندا,,,,32.2192384,35.242667,convenience,,
OpenStreetMap,n5884413032,سوبر ماركت انس الحصري,,,,32.3125861,35.0350056,supermarket,,
OpenStreetMap,n5884292685,سوبر ماركت انس انجاص خربثا بني حارث,,,,31.948815,35.071412,supermarket,,
OpenStreetMap,n6551590285,سوبر ماركت اهلا و سهلا,,,,32.0244015,35.8893583,supermarket,,
OpenStreetMap,n11093339505,سوبر ماركت اولف ماركت,,,,32.3857487,35.3230907,supermarket,,
OpenStreetMap,n5538618925,سوبر ماركت اياد,,Ebad Alrahman Street,,31.537073,34.4725124,supermarket,,
OpenStreetMap,n5538690221,سوبر ماركت اياد ابو كمال,,Ebad Alrahman Street,,31.5370562,34.4726476,supermarket,,
OpenStreetMap,n8560048417,سوبر ماركت اياد جبر,,,,32.216556,35.2825397,supermarket,,
OpenStreetMap,n11093145905,سوبر ماركت ايلاف,,,,32.410205,35.2835851,supermarket,,
OpenStreetMap,n5884357785,سوبر ماركت ايمن ابو عبيد,,,,32.4589861,35.2919139,supermarket,,
OpenStreetMap,n5866418685,سوبر ماركت ايه مارت,,,,32.2615797,35.3274187,supermarket,,
OpenStreetMap,n4767663824,سوبر ماركت باب الحارة,,,,32.1583559,35.259669,convenience,,
OpenStreetMap,n4337569196,سوبر ماركت باب الحارة,,,,32.3672762,35.0747203,supermarket,,
OpenStreetMap,n505096505,سوبر ماركت باب الحارة,,,,31.2870842,34.2722132,supermarket,,
OpenStreetMap,n5880828586,سوبر ماركت باب العامود سيميراميس,,,,31.878554,35.216857,supermarket,,
OpenStreetMap,n4226298890,سوبر ماركت براهمة,,,,32.2251029,35.3026793,supermarket,,
OpenStreetMap,n5646283321,سوبر ماركت براهمه بوابة مابلس,,,,32.241609,35.2267315,supermarket,,
OpenStreetMap,n11118604407,سوبر ماركت برج إيفل,,,,32.4523503,35.2982344,supermarket,,
OpenStreetMap,n2776633416,سوبر ماركت بسام,,,,32.3855289,35.3230529,supermarket,,
OpenStreetMap,n4653715494,سوبر ماركت بست مول,,,,31.9235724,35.2051041,convenience,,
OpenStreetMap,n9591521958,سوبر ماركت بعاره,,,,32.2987192,35.7058239,supermarket,,
OpenStreetMap,n11116148705,سوبر ماركت بلدنا,,,,32.4453005,35.1705222,supermarket,,
OpenStreetMap,n11099573306,سوبر ماركت بلدنا,,,,32.4453029,35.1720768,supermarket,,
OpenStreetMap,n4653899989,سوبر ماركت بلدنا,,,,31.8339246,35.145009,supermarket,,
OpenStreetMap,n11572171669,سوبر ماركت بندة,,,,32.4110616,35.2007973,supermarket,,
OpenStreetMap,n11116148706,سوبر ماركت بهاء حمارشة,,,,32.4469343,35.1708797,supermarket,,
OpenStreetMap,n11178307338,سوبر ماركت بهاء عمر,,,,32.33002,35.1130481,supermarket,,
OpenStreetMap,n5884246385,سوبر ماركت بيت عور,,,,31.895406,35.083754,supermarket,,
OpenStreetMap,n5881358785,سوبر ماركت بيتزا,,,,31.765368,35.2564559,supermarket,,
OpenStreetMap,n5890698087,سوبر ماركت بيروت,,,,32.445826,35.1750594,supermarket,,
OpenStreetMap,n5880828585,سوبر ماركت بيك سامس ام الشرايط,,,,31.880911,35.212882,supermarket,,
OpenStreetMap,n5892613691,سوبر ماركت تالا,,شارع فرعون,,32.297804,35.0325631,supermarket,,
OpenStreetMap,n11237708037,سوبر ماركت تالين,,,,32.3898111,35.3789241,supermarket,,
OpenStreetMap,n4235821689,سوبر ماركت تامر,,,,31.9717325,35.19108,supermarket,,
OpenStreetMap,n6578390453,سوبر ماركت توسكانا Toscana Supermarket Bakery סופר מרקט טוסכאנא,,,,32.9409864,35.1880282,supermarket,+972 4 998-5309,
OpenStreetMap,n5305007466,سوبر ماركت توفير,,,,31.8534053,35.4629758,supermarket,,
OpenStreetMap,n7148742785,سوبر ماركت تيسير ابو جزر,,,,31.3310055,34.3307395,supermarket,,
OpenStreetMap,n13076251701,سوبر ماركت جامبو,,,,31.7118296,35.1963659,supermarket,,
OpenStreetMap,n5153816937,سوبر ماركت جنة الرحمن,,,,31.5345835,34.4745941,supermarket,,
OpenStreetMap,n11162656305,سوبر ماركت جود,,,,32.3291896,35.2259798,supermarket,,
OpenStreetMap,n11178557737,سوبر ماركت جود ميثلون بجانب مسجد صلاح الدين,,,,32.3509751,35.2700407,supermarket,,
OpenStreetMap,n11127377505,سوبر ماركت جولدن نور,,,,32.3468186,35.2727905,supermarket,,
OpenStreetMap,n5810360354,سوبر ماركت جولس,,,,31.4552889,34.3903434,supermarket,,
OpenStreetMap,n11091930405,سوبر ماركت حارتنا,,,,32.483733,35.2269178,supermarket,,
OpenStreetMap,n11203076237,سوبر ماركت حامد لله,,,,31.9698166,35.2881259,supermarket,,
OpenStreetMap,n5880830585,سوبر ماركت حجازي,,,,31.8781678,35.2167985,supermarket,,
OpenStreetMap,n4478535994,سوبر ماركت حرب,,,,31.9694874,35.1935784,supermarket,,
OpenStreetMap,n11225202238,سوبر ماركت حسام,,شارع عون الشوا,,31.5035595,34.4281949,supermarket,,
OpenStreetMap,n11225202339,سوبر ماركت حسام,,شارع عون الشوا,,31.5035472,34.4282132,supermarket,,
OpenStreetMap,n11123378205,سوبر ماركت حلب عانين,,,,32.5021075,35.1723114,supermarket,,
OpenStreetMap,n11097271205,سوبر ماركت حمودة,,,,32.4962363,35.3219344,supermarket,,
OpenStreetMap,n11096850306,سوبر ماركت حيفا جمال جرار,,,,32.4688648,35.3066437,supermarket,,
OpenStreetMap,n4591076489,سوبر ماركت خالد بن الوليد,,,,32.3245967,35.3854101,supermarket,,
OpenStreetMap,n4596428291,سوبر ماركت خالد بن الوليد,,,,32.3245491,35.3851711,supermarket,,
OpenStreetMap,n5869034791,سوبر ماركت خريوش,,,,32.3176809,35.0355166,supermarket,,
OpenStreetMap,n5890698287,سوبر ماركت خليل الرحمن,,,,32.4461993,35.1675942,supermarket,,
OpenStreetMap,n6317598188,سوبر ماركت دالاس,,,,32.3167293,35.0240147,supermarket,,
OpenStreetMap,n5088254523,سوبر ماركت داوود الدباس,,,,32.2190978,35.268248,supermarket,2373480,
OpenStreetMap,n11172083441,سوبر ماركت درس وسط البلد رام الله,,,,31.9041285,35.2046857,supermarket,,
OpenStreetMap,n5884362185,سوبر ماركت ديانا,,,,32.4624203,35.3018996,supermarket,,
OpenStreetMap,n13076270204,سوبر ماركت ديرسامت,,,,31.5209097,34.9775098,supermarket,,
OpenStreetMap,n13095106301,سوبر ماركت راشد إخوان-خلف الحسبة,,,,31.9042968,35.2079686,supermarket,,
OpenStreetMap,n9510047917,سوبر ماركت راضي,,Omar bin Abdul Aziz Street,,31.4590314,34.3913673,supermarket,,
OpenStreetMap,n11097118305,سوبر ماركت رامي,,,,32.5080728,35.3117738,supermarket,,
OpenStreetMap,n2544716838,سوبر ماركت راني,,,,32.3873456,35.3200472,supermarket,,
OpenStreetMap,n11123086805,سوبر ماركت ربيع ابو حماد,,,,32.5255003,35.2050941,supermarket,,
OpenStreetMap,n6322920987,سوبر ماركت رجب,,Mohammed Yosef Alnajjar Street,,31.5361749,34.4590194,supermarket,0594592015,
OpenStreetMap,n11114527806,سوبر ماركت رويال,,,,32.4648431,35.2935986,supermarket,,
OpenStreetMap,n7142872687,سوبر ماركت رياض سمور,,,,31.3517118,34.3295364,supermarket,,
OpenStreetMap,n4653629191,سوبر ماركت ريد,,,,31.8856215,35.1984864,supermarket,,
OpenStreetMap,n11697024369,سوبر ماركت زمزم بتين الشارع الرئيسي مقابل قاعة الديوان,,,,31.9346239,35.2422297,supermarket,,
OpenStreetMap,n4939232155,سوبر ماركت زهران,,,,31.9984167,35.0649818,supermarket,,
OpenStreetMap,w952939081,سوبر ماركت زهور الحريه,,شارع الحرية,,31.9017046,35.8936013,supermarket,,
OpenStreetMap,n7706990285,سوبر ماركت زهير قشطة,,,,31.2746057,34.2717751,supermarket,,
OpenStreetMap,n9121053986,سوبر ماركت زيد وعمرو,,,,31.9510758,35.8235225,supermarket,,
OpenStreetMap,n5880502985,سوبر ماركت زينة العيزرية,,,,31.770352,35.288137,supermarket,,
OpenStreetMap,n11164903805,سوبر ماركت سارة,,,,32.4212544,35.3614687,supermarket,,
OpenStreetMap,n11171645037,سوبر ماركت سالم,,,,31.9050411,35.2175347,supermarket,,
OpenStreetMap,n11109496005,سوبر ماركت سامح,,,,32.3202525,35.2035094,supermarket,,
OpenStreetMap,n5884412900,سوبر ماركت سامر حرب طولكرم,,,,32.3052556,35.0236806,supermarket,,
OpenStreetMap,n8874197918,سوبر ماركت سامي,,,,32.3314831,35.0556547,supermarket,,
OpenStreetMap,n5884354185,سوبر ماركت ستي سكاي مول,,,,32.4771861,35.3005417,supermarket,,
OpenStreetMap,n5895531485,سوبر ماركت سعد عسكر,,,,32.2198821,35.2967698,supermarket,,
OpenStreetMap,n11109509308,سوبر ماركت سعيد ابو وائل,,,,32.320203,35.2052011,supermarket,,
OpenStreetMap,n11109160905,سوبر ماركت سلة الزهر,,,,32.3222647,35.1912977,supermarket,,
OpenStreetMap,n7136788889,سوبر ماركت سمارة,,,,31.335848,34.3411562,supermarket,,
OpenStreetMap,n11299910570,سوبر ماركت سميح تلالوه,,,,32.4038809,35.1991671,supermarket,,
OpenStreetMap,n5881246685,سوبر ماركت سيد قطب اريحا,,,,31.860036,35.455714,convenience,,
OpenStreetMap,n11121678307,سوبر ماركت سيف ابو حسن يامون قرب مدرسة الخياط,,,,32.4819582,35.2357913,supermarket,,
OpenStreetMap,n3543502746,سوبر ماركت سيف الدين,,,,32.3305943,35.2902952,supermarket,,
OpenStreetMap,n432265644,سوبر ماركت شاب,,,,31.9168744,35.1201566,supermarket,,
OpenStreetMap,n8987664073,سوبر ماركت شام,,,,31.4934212,34.4609209,supermarket,,
OpenStreetMap,n11114477805,سوبر ماركت شام البيادر,,,,32.4622026,35.3032816,supermarket,,
OpenStreetMap,n4247715989,سوبر ماركت شوب اند سيف,,,,31.8962797,35.1702242,supermarket,,
OpenStreetMap,n6551590385,سوبر ماركت شونيز,,,,32.0217716,35.8861569,supermarket,,
OpenStreetMap,n4666478805,سوبر ماركت صالح عابدين ابويوسف,,,,31.2803611,34.291855,supermarket,,
OpenStreetMap,n11096976305,سوبر ماركت صباح الخير,,,,32.4873258,35.3001094,supermarket,,
OpenStreetMap,n11986357769,سوبر ماركت صبيح,,Al-Esra,,32.2991607,35.0279017,supermarket,,
OpenStreetMap,n5131633323,سوبر ماركت صلاح,,,,32.3163929,35.3758683,supermarket,,
OpenStreetMap,n7141044285,سوبر ماركت صلاح العامودي,,,,31.3519283,34.2889428,supermarket,,
OpenStreetMap,n7141090686,سوبر ماركت صلاح العامودي 2,,,,31.3490432,34.2986713,supermarket,,
OpenStreetMap,n432263452,سوبر ماركت طالب,,,,31.9159793,35.1279513,supermarket,,
OpenStreetMap,n7148953885,سوبر ماركت طبش عبسان الكبيرة,,,,31.321708,34.3483133,supermarket,,
OpenStreetMap,n6330260012,سوبر ماركت طيبة,,Al Shuhadaa,,31.5229474,34.434513,supermarket,,
OpenStreetMap,n11112388705,سوبر ماركت عالم التوفير,,,,32.476297,35.2311397,supermarket,,
OpenStreetMap,n5187802223,سوبر ماركت عامر,,,,32.4116792,35.0703707,supermarket,,
OpenStreetMap,n4534465289,سوبر ماركت عبد الباري,,Al-Saftawy Street,,31.5381589,34.4799837,supermarket,,
OpenStreetMap,n4348756293,سوبر ماركت عبد الناصر,,Sair area,,32.3632388,35.314645,supermarket,,
OpenStreetMap,n4856246722,سوبر ماركت عبود,,,,32.3053574,35.0269848,supermarket,,
OpenStreetMap,n13095011001,سوبر ماركت عبيد الله,,,,31.6949691,35.1824886,supermarket,,
OpenStreetMap,n9607356613,سوبر ماركت عدي,,,,32.2733799,35.8406422,supermarket,,
OpenStreetMap,n5943044088,سوبر ماركت عرفات,,,,32.2085931,35.2804238,supermarket,,
OpenStreetMap,n5866407890,سوبر ماركت عز الحسني,,,,32.4107256,35.2906884,convenience,,
OpenStreetMap,n11132269005,سوبر ماركت عز الدين مسعود,,,,32.28957,35.1540017,supermarket,,
OpenStreetMap,n11112322505,سوبر ماركت عزات جرار,,,,32.4574767,35.228575,supermarket,,
OpenStreetMap,n11148420306,سوبر ماركت عزات محمود جرار,,,,32.4572799,35.227602,supermarket,,
OpenStreetMap,n11182908037,سوبر ماركت عزوز,,شارع كير,,31.2846423,34.2486872,supermarket,,
OpenStreetMap,w302020066,سوبر ماركت عزيز,,,,31.3507459,34.2988225,supermarket,,
OpenStreetMap,n5484270721,سوبر ماركت عصفور,,,,32.3477604,35.2696549,supermarket,042617133,
OpenStreetMap,n4118128999,سوبر ماركت عكاشة,,Aldahshan Street,,31.5021,34.4571044,supermarket,,
OpenStreetMap,n5884413987,سوبر ماركت علاء الدين نابلس,,,,32.2263583,35.2228417,supermarket,,
OpenStreetMap,n5884246388,سوبر ماركت علاء حرفوش,,,,31.884526,35.06761,supermarket,,
OpenStreetMap,n5884413307,سوبر ماركت علام بدران طولكرم,,,,32.2973639,35.0321,supermarket,,
OpenStreetMap,n11164903905,سوبر ماركت علاونة,,,,32.4319891,35.3471396,supermarket,,
OpenStreetMap,n7706975786,سوبر ماركت على كيفك,,,,31.2740875,34.2710436,supermarket,,
OpenStreetMap,n11121852105,سوبر ماركت عمر,,,,32.5005269,35.241364,supermarket,,
OpenStreetMap,n7089177485,سوبر ماركت عمو رشاد منطقة اعزيز,,,,31.4356563,35.0804675,supermarket,,
OpenStreetMap,n5168338425,سوبر ماركت عناية,,,,31.540328,34.4638337,supermarket,,
OpenStreetMap,n11101267337,سوبر ماركت عويس,,,,32.4638047,35.2846978,supermarket,,
OpenStreetMap,w223566650,سوبر ماركت عياش,,,,31.5362062,34.4927231,supermarket,,
OpenStreetMap,n11162038207,سوبر ماركت غزل,,Al Salaten,,31.554488,34.4906414,supermarket,,
OpenStreetMap,n9610447619,سوبر ماركت غنى,,,,32.4318415,35.6837254,supermarket,,
OpenStreetMap,n11118483905,سوبر ماركت فايق مول,,,,32.4252517,35.2381597,supermarket,,
OpenStreetMap,n9060968940,سوبر ماركت فتوح,,,,31.4877087,34.4572635,supermarket,,
OpenStreetMap,n11171667937,سوبر ماركت فرج,,,,31.9042917,35.2144159,supermarket,,
OpenStreetMap,n4029774399,سوبر ماركت فريد الصالح,,,,32.3273277,35.2898305,supermarket,,
OpenStreetMap,n9038402178,سوبر ماركت فكري(ابو اسامة),,,,32.0154174,35.122649,supermarket,,
OpenStreetMap,n11093250105,سوبر ماركت فلسطين,,,,32.4135003,35.2901599,supermarket,,
OpenStreetMap,n11134267405,سوبر ماركت فلسطين,,,,32.4648248,35.3256316,supermarket,,
OpenStreetMap,n432545070,سوبر ماركت فلسطين,,,,32.3854521,35.3260204,supermarket,,
OpenStreetMap,n11099005905,سوبر ماركت قرطبة,,,,32.4505899,35.2627669,supermarket,,
OpenStreetMap,n5839070601,سوبر ماركت قصر هشام/انس عمر,,,,31.5016393,35.0291402,supermarket,0594102425,
OpenStreetMap,n11152855805,سوبر ماركت قصي,,,,32.4454401,35.1758996,supermarket,,
OpenStreetMap,n5161254721,سوبر ماركت قصي,,,,31.5345182,34.4712254,supermarket,,
OpenStreetMap,n4247701491,سوبر ماركت كاش اند كاري,,,,31.8969525,35.1702398,supermarket,,
OpenStreetMap,n432266032,سوبر ماركت كايد,,,,32.042485,35.1016802,supermarket,,
OpenStreetMap,n5810360356,سوبر ماركت كرم,,,,31.455705,34.3904069,supermarket,,
OpenStreetMap,n11162861305,سوبر ماركت كرم سيرس,,,,32.330721,35.2903434,supermarket,,
OpenStreetMap,n11187798237,سوبر ماركت كرم مول سنجل مقابل القاعة الكبرى,,,,32.036833,35.2623622,supermarket,,
OpenStreetMap,n9597520271,سوبر ماركت كريم,,,,32.3638947,35.6646907,supermarket,,
OpenStreetMap,n4654423989,سوبر ماركت كلبونه مستودع,,,,32.2315023,35.2421178,supermarket,,
OpenStreetMap,n2728364959,سوبر ماركت كمال,,,,32.384127,35.3255912,supermarket,,
OpenStreetMap,n7141090785,سوبر ماركت كمال العبادسة,,,,31.3537869,34.2939825,supermarket,,
OpenStreetMap,n4367415989,سوبر ماركت كمال ماضي ابوالعبد,,,,31.5361773,34.456426,supermarket,,
OpenStreetMap,n5495596121,سوبر ماركت كولتي,,,,31.909404,35.2722801,supermarket,022897233,
OpenStreetMap,n11134267505,سوبر ماركت كولومبيا,,,,32.4810702,35.2995149,supermarket,,
OpenStreetMap,n5589981822,سوبر ماركت كيوي للتسويق,,شارع بئر المحجر,,31.558116,35.0864781,supermarket,+972 2 2225252,
OpenStreetMap,n11118604406,سوبر ماركت لافندر,,,,32.4453601,35.2952834,supermarket,,
OpenStreetMap,n4415323904,سوبر ماركت لميس,,,,31.928945,35.0831411,supermarket,,
OpenStreetMap,n5884246386,سوبر ماركت ليل نهار خربثا المصباح,,,,31.88471,35.077645,supermarket,,
OpenStreetMap,n9845463185,سوبر ماركت لين,,,,32.5382708,35.8430515,supermarket,,
OpenStreetMap,n4217024344,سوبر ماركت ماجد,,,,31.3084937,34.3594554,supermarket,,
OpenStreetMap,n9024415149,سوبر ماركت ماهر حلس,,,,31.4970958,34.4638692,supermarket,,
OpenStreetMap,n432259901,سوبر ماركت مبارك,,,,32.0154264,35.3017353,supermarket,,
OpenStreetMap,n5981741885,سوبر ماركت مجاهد,,,,32.2999047,35.0247628,supermarket,,
OpenStreetMap,n4217035732,سوبر ماركت مجدي,,,,31.3088801,34.359111,supermarket,,
OpenStreetMap,n5884385685,سوبر ماركت محمد ابو الزرقة,,,,31.407234,34.970003,supermarket,,
OpenStreetMap,n5884380587,سوبر ماركت محمد ابو سلام,,,,31.504507,35.066788,supermarket,,
OpenStreetMap,n5884294386,سوبر ماركت محمود الحلو,,,,31.688953,35.182844,supermarket,,
OpenStreetMap,n5884428885,سوبر ماركت محمود الصباغ مخيم عين شمس,,,,32.3192917,35.0574556,supermarket,,
OpenStreetMap,n7137786985,سوبر ماركت محمود الفجم,,,,31.3461316,34.3207424,supermarket,,
OpenStreetMap,n7148755585,سوبر ماركت مدحت قويدر,,,,31.3209603,34.3175777,supermarket,,
OpenStreetMap,n11097151105,سوبر ماركت مروان,,,,32.5073559,35.3151324,supermarket,,
OpenStreetMap,n5869094686,سوبر ماركت مسعود,,,,32.3105739,35.0252369,supermarket,,
OpenStreetMap,n5884362187,سوبر ماركت مقداد الحوتري,,,,32.188785,34.9829675,supermarket,,
OpenStreetMap,n11135724705,سوبر ماركت ملحمة العائلات,,,,32.4463631,35.168689,supermarket,,
OpenStreetMap,n5881365386,سوبر ماركت منصور,,,,31.856715,35.459851,supermarket,,
OpenStreetMap,n11099091305,سوبر ماركت موسسة ابو طارق,,,,32.4786336,35.2539136,supermarket,,
OpenStreetMap,n5884263585,سوبر ماركت موسى بيت لقيا,,,,31.868375,35.061094,supermarket,,
OpenStreetMap,n8676209417,سوبر ماركت ميراج المركزي,,,,31.2937136,34.2955488,supermarket,,
OpenStreetMap,n11093527607,سوبر ماركت ميلانو,,,,32.3862847,35.3205499,supermarket,,
OpenStreetMap,n4832410694,سوبر ماركت ناصر,,,,32.0848971,35.1080669,supermarket,,
OpenStreetMap,n9679571217,سوبر ماركت ناصر المصدر .,,"Street N° 10 (Al-Hajj Mahmoud Almusaddar  Street)
شارع رقم 10 (شارع الحاج محمود المصدر )",,31.4156629,34.3770408,convenience,,
OpenStreetMap,n7136882988,سوبر ماركت نافع ابو سبلة,,,,31.3244933,34.3197375,supermarket,,
OpenStreetMap,n7192938888,سوبر ماركت نبيل المسعور,,,,32.3174352,35.0304876,supermarket,,
OpenStreetMap,n11121620605,سوبر ماركت نوانهضة,,,,32.4893634,35.2318457,supermarket,,
OpenStreetMap,n4409432641,سوبر ماركت هارون,,,,32.3495255,35.2750784,supermarket,,
OpenStreetMap,n9919481068,سوبر ماركت هيثم,,,,32.4782227,35.0862685,supermarket,052-706-3647,
OpenStreetMap,n9920421165,سوبر ماركت هيثم,,,,32.4679699,35.0900642,convenience,,
OpenStreetMap,n5884412985,سوبر ماركت وائل ابو الطبيخ,,,,32.2066278,35.1248056,supermarket,,
OpenStreetMap,n11091930505,سوبر ماركت وطن,,,,32.3309162,35.0370322,supermarket,,
OpenStreetMap,n11091930406,سوبر ماركت وطن,,,,32.3306467,35.0345966,supermarket,,
OpenStreetMap,n11104810605,سوبر ماركت وفرة,,,,32.2896104,35.1541248,supermarket,,
OpenStreetMap,n431832014,سوبر ماركت وقهوة حمادة,,,,31.5595841,35.1003725,supermarket,,
OpenStreetMap,n9919883303,سوبر ماركت ومحلات الأمير التجارية,,,,32.4761653,35.0937216,supermarket,,
OpenStreetMap,n11218264937,سوبر ماركت ومحمص البركة,,,,32.3702503,35.0749489,supermarket,,
OpenStreetMap,n4969176321,سوبر ماركت ومخبز الفارعه,,,,32.2862335,35.3421045,supermarket,,
OpenStreetMap,n8543987117,سوبر ماركت وملحمة الدروبي,,,,32.2743333,35.0826905,supermarket,,https://m.facebook.com/motasemdroo/
OpenStreetMap,n432286813,سوبر ماركت ياسر,,Nileen,,31.9440615,35.0299434,supermarket,,
OpenStreetMap,n5221771621,سوبر ماركت ياسين (ابو أشرف),,,,32.28432,35.376961,supermarket,,
OpenStreetMap,n5890698286,سوبر ماركت يافا,,,,32.4463644,35.1675559,supermarket,,
OpenStreetMap,n11109177405,سوبر ماركت يافا,,,,32.3231124,35.1917558,supermarket,,
OpenStreetMap,n5884273685,سوبر ماركت يافا بيت لقيا,,,,31.86793,35.067492,supermarket,,
OpenStreetMap,n4294412289,سوبر ماركت يونس,,,,32.0050057,35.1139338,supermarket,,
OpenStreetMap,n8449647317,سوبر ماركه الاسكان,,شارع تل / سكن الكهرباء,,32.2181212,35.2467206,supermarket,,
OpenStreetMap,n7136788887,سوبر مارمت القدرة,,,,31.3414523,34.3128339,supermarket,,
OpenStreetMap,n4792350122,سوبر مارمت سي تاون,,Alwad St,,32.1836297,34.9759473,supermarket,092941018,http://www.facebook.com/ctownqalqilia
OpenStreetMap,n5200222787,سوبر مارکت خالد,,,,32.2248308,35.2316073,supermarket,,
OpenStreetMap,n11164820505,سوبر محمد القرم,,,,32.42123,35.3614582,supermarket,,
OpenStreetMap,n3946728590,سوبر مركت ابو تركي,,,,31.5172189,35.1044778,supermarket,,
OpenStreetMap,n5884360086,سوبر ملركت,,,,32.3930501,35.2409037,supermarket,,
OpenStreetMap,n5755441911,سوبرمادكت سائد,,85-87,,31.7038293,35.2024576,convenience,,
OpenStreetMap,n9922146749,سوبرمارت النور,,,,32.4730482,35.0930028,supermarket,,
OpenStreetMap,w704273185,سوبرماركت,,,,33.3436551,35.5760085,supermarket,,
OpenStreetMap,w704273183,سوبرماركت,,,,33.3381427,35.5725748,supermarket,,
OpenStreetMap,n432267027,سوبرماركت,,,,31.9857553,35.1761757,supermarket,,
OpenStreetMap,n908843701,سوبرماركت,,,,31.8005401,35.1181626,supermarket,,
OpenStreetMap,n8992774977,سوبرماركت أبو أمجد,,,,31.4853181,34.4717396,supermarket,,
OpenStreetMap,n505123320,سوبرماركت أبو أيمن غنيم,,,,31.268247,34.2553579,supermarket,,
OpenStreetMap,n505105723,سوبرماركت أبو جراد,,,,31.2733858,34.2625223,supermarket,,
OpenStreetMap,n9060894677,سوبرماركت أبو خالد,,,,31.4882966,34.4578998,supermarket,,
OpenStreetMap,n505087042,سوبرماركت أبو سليمان,,,,31.2693916,34.27636,supermarket,,
OpenStreetMap,n505101639,سوبرماركت أبو طارق,,,,31.2692048,34.2726948,supermarket,,
OpenStreetMap,n9255812948,سوبرماركت أبو عدي حبيب,,,,31.4975906,34.4794375,supermarket,,
OpenStreetMap,n11178187557,سوبرماركت أبو غنيمة,,,,31.4963202,34.4689125,supermarket,,
OpenStreetMap,n4988083523,سوبرماركت أجيال,,,,32.2585824,35.3221998,supermarket,,
OpenStreetMap,n505108517,سوبرماركت أم رائد,,,,31.2611678,34.2749822,supermarket,,
OpenStreetMap,n3028802796,سوبرماركت إسكدنيا,,,,32.0228177,35.8645275,supermarket,,
OpenStreetMap,n7537076075,سوبرماركت إسليم,,,,31.4918372,34.4621922,supermarket,,
OpenStreetMap,n9748738417,سوبرماركت ابو تامر قصراوي,,,,32.3854567,35.2877705,supermarket,,
OpenStreetMap,n4728029789,سوبرماركت ابو حمدة,,,,32.3069732,35.0282766,supermarket,,
OpenStreetMap,n4649500590,سوبرماركت ابو طارق,,,,32.2856868,35.3796045,supermarket,,
OpenStreetMap,n4205788802,سوبرماركت ابو عبد الله التتر,,Al-Reyadh Street,,31.499679,34.4759436,supermarket,,
OpenStreetMap,n504300998,سوبرماركت الأحلام,,,,31.4921754,34.4538547,supermarket,,
OpenStreetMap,n6819220485,سوبرماركت الأصدقاء,,,,31.5038218,34.4334593,supermarket,,
OpenStreetMap,n9065484517,سوبرماركت الأملام,,,,31.9485433,35.8641991,supermarket,,
OpenStreetMap,n11104334605,سوبرماركت الأمين بلعا,,,,32.3336715,35.1137648,supermarket,,
OpenStreetMap,n9923096721,سوبرماركت الامانة,,,,32.4748077,35.0909784,supermarket,,
OpenStreetMap,w299713010,سوبرماركت الباشا,,Al-Saftawy Street,,31.5372815,34.4784569,supermarket,,
OpenStreetMap,n4467276593,سوبرماركت الباشا,,,,31.7017706,35.1781562,supermarket,,
OpenStreetMap,n432281396,سوبرماركت التموين,,,,31.8985818,35.212223,supermarket,,
OpenStreetMap,n4471153890,سوبرماركت الخضري,,شارع أحمد عبد العزيز,,31.5190707,34.4478796,supermarket,,
OpenStreetMap,n505097684,سوبرماركت الخياط,,,,31.277926,34.2662753,supermarket,,
OpenStreetMap,n9323242406,سوبرماركت الخير,,,,31.4870445,34.4721976,supermarket,,
OpenStreetMap,n10914611183,سوبرماركت الدانة,,,,32.0001241,35.8919095,supermarket,,
OpenStreetMap,n505099234,سوبرماركت الدم,,,,31.2729081,34.2590426,supermarket,,
OpenStreetMap,n1524987963,سوبرماركت الرائد,,,,31.5344327,34.46277,supermarket,,
OpenStreetMap,n6689830785,سوبرماركت الراغب,,,,32.3237146,35.0426806,supermarket,,
OpenStreetMap,n9285602550,سوبرماركت الربيع,,,,31.4906294,34.4677475,supermarket,,
OpenStreetMap,n4534357591,سوبرماركت الرحمة,,,,32.2192956,35.294655,supermarket,,
OpenStreetMap,n505094531,سوبرماركت الرياطي,,,,31.2715912,34.2539662,supermarket,,
OpenStreetMap,n11038691032,سوبرماركت السيف سايد,,,,32.4666542,35.2910858,supermarket,+972599963363,
OpenStreetMap,n8311341051,سوبرماركت الشرع,,,,32.531685,35.851929,supermarket,,
OpenStreetMap,w297975715,سوبرماركت الشريف,,,,31.3059298,34.2428721,supermarket,,
OpenStreetMap,n7038086185,سوبرماركت الشني بيتونيا,,,,31.9002485,35.1775833,supermarket,,
OpenStreetMap,n9285616438,سوبرماركت الشهداء,,,,31.488629,34.467625,supermarket,,
OpenStreetMap,n4502449273,"سوبرماركت الشيماء ""رجب""",,,,31.5574481,34.5030271,supermarket,,
OpenStreetMap,n9932110618,سوبرماركت الطاهر,,,,32.4721579,35.0922016,supermarket,,
OpenStreetMap,n5312161323,سوبرماركت الطويل,,,,32.2253498,35.2417568,supermarket,,
OpenStreetMap,n9026216013,سوبرماركت الطيبات,,,,31.4947612,34.4661481,supermarket,,
OpenStreetMap,n4319958098,سوبرماركت العائلات,,,,32.2244857,35.2449447,supermarket,,
OpenStreetMap,n4368465093,سوبرماركت العابد,,,,31.8962298,35.1689853,supermarket,,
OpenStreetMap,n5943044089,سوبرماركت العسلية,,,,32.2176776,35.2615788,supermarket,,
OpenStreetMap,n3491343943,سوبرماركت العنان,,,,32.1285556,35.0468225,supermarket,092948127,
OpenStreetMap,n432272433,سوبرماركت العودة,,,,31.907086,35.2169265,supermarket,,
OpenStreetMap,w298833366,سوبرماركت الغالي,,,,31.309632,34.2453293,supermarket,,
OpenStreetMap,n7536846311,سوبرماركت الفيومي,,,,31.4943806,34.4614119,supermarket,,
OpenStreetMap,n7537128581,سوبرماركت القدس,,,,31.4946231,34.4610568,supermarket,,
OpenStreetMap,n9920558823,سوبرماركت القدس,,,,32.477178,35.0879207,convenience,,
OpenStreetMap,w276748636,سوبرماركت القيسي و القصراوي,,,,31.9563465,35.8771766,supermarket,,
OpenStreetMap,n4825615621,سوبرماركت الكركفة,,,,31.7121757,35.2034285,supermarket,,
OpenStreetMap,n9913552317,سوبرماركت الكينا,,Al-Jadidah Street,,32.34277,35.3049047,supermarket,,
OpenStreetMap,n9913552217,سوبرماركت الكينا,,Al-Jadidah Street,,32.3426812,35.3052778,supermarket,,
OpenStreetMap,w1456782537,سوبرماركت المؤقت,,,,31.857958,35.4701874,supermarket,,
OpenStreetMap,n4537609440,سوبرماركت المارينا,,,,31.5229637,34.4350051,supermarket,,
OpenStreetMap,n9285603136,سوبرماركت المنصورة,,,,31.4897509,34.4677761,supermarket,,
OpenStreetMap,n432263033,سوبرماركت المنطار,,,,31.9523327,35.1828646,supermarket,,
OpenStreetMap,n4988087523,سوبرماركت النور,,,,32.2585649,35.3224661,supermarket,,
OpenStreetMap,n4502451949,"سوبرماركت النور ""محمد زايد""",,,,31.5522826,34.5004844,supermarket,,
OpenStreetMap,w1304798388,سوبرماركت الهبارية,,,,33.3685333,35.6960429,supermarket,,
OpenStreetMap,n9007620995,سوبرماركت الهركلي,,,,31.4951797,34.4607631,supermarket,,
OpenStreetMap,n6344728488,سوبرماركت الهريمي,,,,31.7020629,35.1988799,supermarket,,
OpenStreetMap,n4369802991,سوبرماركت الواحة,,,,31.9025306,35.2077192,supermarket,,
OpenStreetMap,n4502453364,"سوبرماركت الواحة ""سليمان""",,,,31.5505089,34.4968366,supermarket,,
OpenStreetMap,n4144394495,سوبرماركت اليزن,,,,31.8505695,35.2282925,supermarket,,
OpenStreetMap,n9748694418,سوبرماركت امين,,,,32.3869562,35.2865724,supermarket,,
OpenStreetMap,n9285602551,سوبرماركت بردع,,,,31.486419,34.4680289,supermarket,,
OpenStreetMap,n432266859,سوبرماركت بلدنا,,,,31.9577903,35.1762742,supermarket,,
OpenStreetMap,n505093456,سوبرماركت بهلول,,,,31.2732911,34.2600768,supermarket,,
OpenStreetMap,n5694351021,سوبرماركت تشرين,,شارع القدس 1,,32.1837256,35.2777958,supermarket,,
OpenStreetMap,n6088632986,سوبرماركت جعفر,,,,31.8350465,35.2272888,supermarket,,
OpenStreetMap,n4713357090,سوبرماركت جمال,,,,32.0847195,35.1078874,supermarket,,
OpenStreetMap,w1304654869,سوبرماركت حجول,,,,33.3793248,35.6459683,supermarket,,
OpenStreetMap,n9323242278,سوبرماركت حرارة,,,,31.4884381,34.4734984,supermarket,,
OpenStreetMap,n8994074321,سوبرماركت حسب الله,,,,31.4914297,34.4580804,supermarket,,
OpenStreetMap,n5606764959,سوبرماركت حمزه الغني,,,,32.6703213,35.7506383,supermarket,,
OpenStreetMap,n2587653612,سوبرماركت حمودة,,,,32.3847273,35.3247464,supermarket,,
OpenStreetMap,n6789065986,سوبرماركت خليك بالبيت,,Princess Tharvath El-Hassan Street,,31.9713515,35.8430325,convenience,,
OpenStreetMap,n7537450193,سوبرماركت خير زمان,,,,31.4974848,34.4638078,supermarket,,
OpenStreetMap,n9276095524,سوبرماركت دلول,,,,31.4984002,34.4593893,supermarket,,
OpenStreetMap,n5017557321,سوبرماركت رائد,,,,32.3558585,35.1706559,supermarket,,
OpenStreetMap,n9285614501,سوبرماركت زغلول,,,,31.486866,34.4677231,supermarket,,
OpenStreetMap,n432277626,سوبرماركت زياد,,,,31.957737,35.2283396,supermarket,,
OpenStreetMap,n8111382717,سوبرماركت زيتا,,,,32.3845573,35.0534412,supermarket,,
OpenStreetMap,n3890099279,سوبرماركت سامي,,,,31.9176521,35.8911558,supermarket,,
OpenStreetMap,n5141566422,سوبرماركت سبينس,,,,31.5357589,34.4723166,supermarket,,
OpenStreetMap,n4368419694,سوبرماركت سلامة,,,,31.8966578,35.1691917,supermarket,,
OpenStreetMap,n13510976802,سوبرماركت شذى,,,,31.7037457,35.194833,supermarket,,
OpenStreetMap,n4696857692,سوبرماركت شرف,,,,31.522264,34.4620571,supermarket,,
OpenStreetMap,n6419145687,سوبرماركت شرف 2,,Ain Jaloot Street,,31.5244833,34.4603212,supermarket,,
OpenStreetMap,n9121730079,سوبرماركت صابحة,,,,31.4965435,34.4586889,supermarket,,
OpenStreetMap,w300116904,سوبرماركت صالحة,,,,31.5432634,34.4694556,supermarket,,
OpenStreetMap,n8307978617,سوبرماركت عباد الرحمن,,,,31.5281273,34.462316,supermarket,,
OpenStreetMap,n4465023192,سوبرماركت عبد الرحيم,,,,31.8955463,35.0836254,supermarket,,
OpenStreetMap,n4428732195,سوبرماركت عبد الرحيم سعد,,,,32.2210021,35.2972467,supermarket,,
OpenStreetMap,n4752622121,سوبرماركت عبود,,'Asira ash Shamaliya Street,,32.2349351,35.2470777,supermarket,,
OpenStreetMap,n505111515,سوبرماركت عدنان أبو طه,,,,31.269324,34.2661884,supermarket,,
OpenStreetMap,n5141578423,سوبرماركت عسقلان,,,,31.5359956,34.4720701,supermarket,,
OpenStreetMap,n432341518,سوبرماركت عقبة جبر,,,,31.8345889,35.442954,supermarket,,
OpenStreetMap,n9047429619,سوبرماركت عليوة,,,,31.4967327,34.4626627,supermarket,,
OpenStreetMap,n9280503089,سوبرماركت عياد,,,,31.4935345,34.4758536,supermarket,,
OpenStreetMap,n432292570,سوبرماركت فتحي,,,,31.9044055,35.2143737,supermarket,,
OpenStreetMap,n8278430617,سوبرماركت فراج,,Birzeit Road طريق بيرزيت,,31.9553463,35.1833219,supermarket,,
OpenStreetMap,n9121771934,سوبرماركت فراس,,,,31.4961652,34.4662203,supermarket,,
OpenStreetMap,n11137776575,سوبرماركت قايت,,,,31.954024,35.8384662,supermarket,,
OpenStreetMap,n8987717618,سوبرماركت قريقع,,,,31.4942045,34.4653966,supermarket,,
OpenStreetMap,n432287992,سوبرماركت كازبلانكا,,,,31.9002927,35.2036566,supermarket,,
OpenStreetMap,n3483696777,سوبرماركت مأمون,,,,31.7074381,35.1963633,supermarket,,
OpenStreetMap,n4937551921,سوبرماركت مادما,,,,32.1846721,35.2310546,supermarket,,
OpenStreetMap,n7838087786,سوبرماركت محطة اسليم للبترول,,,,31.4824606,34.4438785,supermarket,,
OpenStreetMap,n9260288648,سوبرماركت مراد,,,,31.509886,34.4660177,supermarket,,
OpenStreetMap,n4293900792,سوبرماركت مريش,,البستان,,31.8900284,35.1718796,supermarket,,
OpenStreetMap,n7925104649,سوبرماركت مسوده,,,,31.5058519,35.0599414,supermarket,,
OpenStreetMap,n4454501189,سوبرماركت مناع,,شارع التوام,,31.5506651,34.476538,supermarket,,
OpenStreetMap,n431838315,سوبرماركت ميدان القدس,,,,31.5557873,35.1007444,supermarket,,
OpenStreetMap,n431877297,سوبرماركت ناصر الدين,,,,31.5566837,35.1010593,supermarket,,
OpenStreetMap,n6591142887,سوبرماركت واد العرايس العبيدية,,,,31.7109911,35.2826468,supermarket,0598853221,
OpenStreetMap,n9036719975,سوبرماركت وجيه أبو القمبز وإخوانه,,,,31.4962416,34.4691701,supermarket,,
OpenStreetMap,n432255400,سوبرماركت ومحمص ابوشخيدم,,,,31.5563409,35.0989194,supermarket,,
OpenStreetMap,n432334061,سوبرماركت وملحمه المحيسن,,,,32.1904959,35.1367633,supermarket,,
OpenStreetMap,n13594286376,سوبرماركت يوسف ناصر,,,,33.1661316,35.3910565,supermarket,+9613976090,
OpenStreetMap,n432207183,سوق الأندلس التجاري,,,,31.527418,35.103052,supermarket,,
OpenStreetMap,n6789046587,سوق تالين,,Iyad Abu Hilal Street,,31.9716235,35.8435743,convenience,,
OpenStreetMap,n5512933621,سوق وسام المركزي,,,,32.0232415,35.8741393,supermarket,,
OpenStreetMap,n6222106385,سويتي سبرماركت,,,,31.5760057,35.0981212,supermarket,,
OpenStreetMap,n4247715389,سوير ماركت اعطيوي,,,,31.901008,35.1678879,supermarket,,
OpenStreetMap,n5830579205,سيتي,,,,31.4284523,34.9955831,supermarket,,
OpenStreetMap,n4583238590,سيتي مول,,Almalek Fysal street,,32.4772428,35.3005489,supermarket,,
OpenStreetMap,n1927937403,سيفويي (الجبيهة),,,,32.0284409,35.8599708,supermarket,,
OpenStreetMap,n5875497804,سيلا ماركت,,,,31.4533231,35.1009283,supermarket,,
OpenStreetMap,n5606766137,سيمو,,,,32.595353,35.8828005,supermarket,,
OpenStreetMap,n6322615485,شابط,,Al-Naser Street - شارع النصر,,31.5243744,34.4479935,supermarket,0828545555,
OpenStreetMap,w754704777,شادي,,,,32.5199961,35.8919482,supermarket,,
OpenStreetMap,n13695443012,شادي ثلثين,,,,32.2972227,35.1057296,supermarket,,
OpenStreetMap,n4433859690,شحادة مول سوبر ماركت,,Jabal Al-Rahmah Street,,31.5238435,35.0935981,supermarket,,
OpenStreetMap,n13140608401,شذى ماركت - عين مصباح,,,,31.9106712,35.2017924,supermarket,,
OpenStreetMap,n5842407585,شرف الحوامدة,,,,31.3959692,35.06996,supermarket,,
OpenStreetMap,n4278665000,شرف سوبرماركت Sharaf Supermarket,,,,32.2151737,35.2850488,supermarket,,
OpenStreetMap,n8556439517,شركة أبناء حج مصطفى,,,,32.2410841,35.2110816,supermarket,,
OpenStreetMap,n4851136421,شركة أبناء محمد قرطلو تجارية,,,,32.2121835,35.303779,convenience,,
OpenStreetMap,n1638754751,شركة ابناء احمد القدوة,,,,31.516132,34.4479283,convenience,,
OpenStreetMap,n4571723896,شركة ابناء محمد قرطلو التجارية,,المنطقة الصناعية الشرقية 092311231,,32.212195,35.3040383,convenience,0599987774,https://www.qartallo.com/
OpenStreetMap,n4486068991,شركة ابو اسكندر للصناعة والتجارة,,Al-Saftawy Street,,31.5378326,34.4804456,convenience,,
OpenStreetMap,n4124463091,شركة ابو زينة للشايش ولكراميكا,,Nablus-Jenin Road,,32.3321169,35.2047086,convenience,0599358380,
OpenStreetMap,n4486068990,شركة ابو عبيد نويجع لمواد البناء والمقاولات,,Al-Jalaa Street,,31.5337303,34.4732008,convenience,,
OpenStreetMap,n5626797921,شركة الاصدقاء للحجارة واللرخام,,شارع صرصوريا,,31.5036372,35.119695,convenience,,
OpenStreetMap,n4720199793,شركة التميمي الزراعية,,Dora Street,,31.5071585,35.074513,convenience,,
OpenStreetMap,n5880957285,شركة الجراشي للمواد الغذائية,,,,31.70325,35.19735,supermarket,,
OpenStreetMap,n4878418625,شركة الجراشي للمواد الغذائية,,,,31.7031278,35.1970784,supermarket,022766336,
OpenStreetMap,n4210935296,شركة الحويحي اخوان,,,,31.4443568,34.3986536,convenience,,
OpenStreetMap,n8651020817,شركة الدر,,,,32.2128399,35.2628404,supermarket,,
OpenStreetMap,n9340017917,شركة الدر,,,,32.2129172,35.263295,supermarket,,
OpenStreetMap,n4342210791,شركة السلام للتوزيع,,Vegetable Market Street,,32.2138716,35.2917546,supermarket,,
OpenStreetMap,n3188706019,شركة السياعره للسيارات,,,,31.5713189,35.0990472,supermarket,,
OpenStreetMap,n4215929789,شركة الشيخ اخوان للتجارة و المقاولات,,Al-Sahaba Street,,31.5106834,34.4633212,convenience,,
OpenStreetMap,n8556600517,شركة الطليعه,,,,32.1507952,35.2583576,supermarket,,
OpenStreetMap,n4614782295,شركة القواس - بقالة,,,,32.187532,34.9753056,convenience,,
OpenStreetMap,n4617308999,شركة الكفراوي,,Leah Imenu St. 02 2222525,,31.5317937,35.104922,convenience,0595332293,https://www.kafrawifood.com/
OpenStreetMap,n13619793401,شركة المتين,,,,32.4565738,35.2535161,supermarket,,
OpenStreetMap,n5054262422,شركة المحتسب للتجارة والتسويق,,خلة بطرخ,,31.5520094,35.1010302,convenience,,
OpenStreetMap,n4427845092,شركة المواسم للمواد الزراعية,,,,32.3485059,35.2742006,convenience,,
OpenStreetMap,n4210967889,شركة بسام الغفري,,شارع الوحدة,,31.5112779,34.4586746,convenience,,
OpenStreetMap,w302020210,شركة بشير السكسك وشريكاه,,,,31.3483472,34.3037148,convenience,,
OpenStreetMap,n4174363598,شركة بيت الكهرباء,,,,31.6881373,35.1645548,convenience,,
OpenStreetMap,n5038253021,شركة بيتنا للسيراميك,,شارع الشهيد جايل الأعرج 10,,31.7096147,35.196464,convenience,022777279,http://baytouna.ps
OpenStreetMap,n4210967890,شركة زكريا حجازي,,,,31.4444667,34.3998749,convenience,,
OpenStreetMap,n4511791089,شركة سخانات الاعتماد,,شارع يافا,,31.5095817,34.4653988,convenience,,
OpenStreetMap,n4486069092,شركة شاكر حرب للتجارة العامة,,Al-Saftawy Street,,31.5384701,34.4806796,convenience,,
OpenStreetMap,n5382693821,شركة شمس النهار لانظمة للطاقة الشمسية,,Said Al-A'as Street,,31.5192013,34.4470509,convenience,0599847130,
OpenStreetMap,n4496683294,شركة صلاح شهاب للتجارة العامة,,شارع الوحدة,,31.5180326,34.450987,convenience,,
OpenStreetMap,n4479286492,شركة ضبان للتجارة العامة و الصناعة,,,,31.5039783,34.4567154,convenience,,
OpenStreetMap,n4486069489,شركة عماد ابو سمك وشركاه,,Al-Saftawy Street,,31.5381571,34.4809947,convenience,,
OpenStreetMap,n4225219590,شركة عوض أحمد عبد العال وأولاده,,,,31.2710037,34.2618242,convenience,,
OpenStreetMap,n4438000990,شركة عين سارة للصناعه والتجاره الدوليه,,,,31.5585629,35.0841716,convenience,,
OpenStreetMap,n4322642492,شركة كافور للتجارة العامة,,,,32.3251029,35.0227925,convenience,,
OpenStreetMap,n2402415812,شركة ماجد مشتهى و أولاده - ملك الألعاب,,,,31.505233,34.4632122,convenience,,
OpenStreetMap,n4107546496,شركة مجمع سيلة الظهر التجارية,,Nablus-Jenin Road,,32.3192469,35.1922844,convenience,,
OpenStreetMap,n8553064917,شركة محامص المنار الذهبية,,,,31.7075792,35.20506,supermarket,,
OpenStreetMap,n431940745,شركة محامص النتشة التجارية,,,,31.556826,35.0979748,supermarket,,
OpenStreetMap,n4815202522,شركة محامص ومطاحن قهوة حماده الكبرى,,شارع دويربان,,31.5229899,35.0728382,convenience,00972599774000,
OpenStreetMap,n8557125920,شركة مصلح,,,,32.1980737,35.2852869,supermarket,,
OpenStreetMap,n4797051921,شركة ميجا باور - أنظمة طاقة شمسية,,شارع احمد بن عبد العزيز +972 8-284-4716,,31.5193547,34.44721,convenience,+972 8-284-4716,https://www.megapower.ps/
OpenStreetMap,n4726333990,شركة هيثم العامور,,Mesha 092991991,,32.1089561,35.0610308,convenience,09299,
OpenStreetMap,n4582454390,شركة يافا للمعدات الصناعية,,Amman Street,,32.2144976,35.2890344,convenience,092329998,https://mdm.ps/
OpenStreetMap,n4741772021,شركه أبناء عمر شاور للتجاره العامه,,AlSabe' St,,32.1874792,34.9652998,supermarket,,
OpenStreetMap,n4212464101,شركه البريق للمنظفات,,Al Rameh Area,,32.3555493,35.1721177,convenience,0097042466560,https://www.albareeq.ps/
OpenStreetMap,n4358940489,شركه الرائد للديكور,,Nablus Street,,32.3184879,35.0543135,convenience,0599220815,http://decor.ps
OpenStreetMap,n4342910493,شركه بريما التجارية,,,,31.5401698,35.0903319,convenience,,
OpenStreetMap,n5783001371,شركه سالم الشعراوي التجارية,,Magharet El-Zoqe'a Street,,31.5290293,35.0844657,supermarket,0569207077,
OpenStreetMap,n4791839921,شركه شاور,,Al-Hawouz Street,,31.5179377,35.0831912,convenience,,
OpenStreetMap,n4753542227,شركه صرصر التجارية,,,,31.9101181,35.2023823,supermarket,,
OpenStreetMap,n5839070600,شريتح/بكر احمد محمود الطل,,,,31.4217387,34.9771615,supermarket,,
OpenStreetMap,n6498465902,شمس,,,,32.0151327,35.8637959,supermarket,,
OpenStreetMap,n4510746795,شنكليش,,Beit nabala street,,31.9231471,35.2100224,supermarket,,
OpenStreetMap,n10026647417,شني العيزرية,,,,31.7692788,35.2669028,supermarket,,
OpenStreetMap,n10013348517,شني جديد,,,,31.9117312,35.2164669,supermarket,,
OpenStreetMap,n7604580387,شومر,,,,31.5021809,34.4724644,convenience,,
OpenStreetMap,n7851517685,صافي ميني مول,,,,31.3532442,34.2967437,supermarket,,
OpenStreetMap,n8297080717,صالح عوده,,,,32.1859974,34.9645734,supermarket,,
OpenStreetMap,n8297074620,صالح عودي 2,,,,32.1860134,34.9657228,supermarket,,
OpenStreetMap,n4587443091,صالون خليل,,,,31.4468825,34.396165,convenience,,
OpenStreetMap,n13076278902,صبيحة ماركت - نحالين,,,,31.6822279,35.1198024,supermarket,,
OpenStreetMap,n5981724686,صلاح محمد الهوجه,,,,32.3254146,35.0280492,convenience,,
OpenStreetMap,n13597545201,صهيب الخراز / محلات المكاوي,,,,32.2122617,35.2715785,supermarket,,
OpenStreetMap,n4815202524,صيانة طواحين بن,,,,31.5232577,35.0729364,convenience,,
OpenStreetMap,n432116620,صيدلية اريام,,,,32.1931209,35.3698493,supermarket,,
OpenStreetMap,n8431133118,صيدلية الجيوسي,,,,32.2014876,35.0336453,supermarket,,
OpenStreetMap,n11093004205,صيدلية المجد,,,,32.4119362,35.2767447,supermarket,,
OpenStreetMap,n8431133119,صيدلية سوبر فرم,,,,32.1840957,34.9797098,supermarket,,
OpenStreetMap,n11136077105,صيدلية عرابة البدوي,,,,32.4041104,35.2068681,supermarket,,
OpenStreetMap,n11093568605,صيدلية عمر فارم,,,,32.3706277,35.3381369,supermarket,,
OpenStreetMap,n11097312505,صيدلية مسك,,,,32.4961413,35.3490648,supermarket,,
OpenStreetMap,n11101874605,صيدلية ملهم كير,,,,32.4082047,35.2276992,supermarket,,
OpenStreetMap,n11145832405,صيدلية هليثي فارم,,,,32.3214683,35.2039167,supermarket,,
OpenStreetMap,n8297074727,طارق,,,,32.3506322,35.0699932,supermarket,,
OpenStreetMap,n8386821617,طارق النتشة,,,,31.7094051,35.2096812,supermarket,,
OpenStreetMap,n5830584192,طفيحة,,,,31.4074233,34.9701117,supermarket,,
OpenStreetMap,n5875497690,طلب ابو شيخة,,,,31.4506373,35.0254804,supermarket,,
OpenStreetMap,n5921554985,طيبات,,,,31.5740381,35.1370158,supermarket,,
OpenStreetMap,n8297078130,طيبة,,,,32.3195246,35.0523078,supermarket,,
OpenStreetMap,n2450580302,طيبة,,,,32.4369579,35.6996415,supermarket,,
OpenStreetMap,n13569280301,ع كيفك ضياء,,,,32.1922074,34.9667297,supermarket,,
OpenStreetMap,n9259278318,عاصم يمين,,,,32.232189,35.252022,supermarket,,
OpenStreetMap,n5875497996,عاطف,,,,31.4705229,35.0086855,supermarket,,
OpenStreetMap,n8297078125,عالم التوفير,,,,32.4271689,35.0846873,supermarket,,
OpenStreetMap,n13694954001,عامر بشير,,,,32.3071254,35.0283277,supermarket,,
OpenStreetMap,n5875497685,عاهد عساكرة,,,,31.6996114,35.2081277,supermarket,,
OpenStreetMap,n4551352192,عباد الرحمن,,,,31.4244202,34.3803509,supermarket,,
OpenStreetMap,n8297074729,عباس,,,,32.4102953,35.0709826,supermarket,,
OpenStreetMap,n6322613285,عبد,,,,31.5244757,34.4482722,supermarket,,
OpenStreetMap,n8297074717,عبد الرحيم ابو حمدة,,,,32.307517,35.0282315,supermarket,,
OpenStreetMap,n8850531817,عبد الهادي,,,,32.149806,35.2567665,supermarket,,
OpenStreetMap,n7038195985,عبدالله حمادة ابو رشاد,,,,31.5122466,34.4699118,convenience,,
OpenStreetMap,w1075087092,عبيدة مول,,,,32.3350359,35.3005641,supermarket,0598245924,
OpenStreetMap,n11060767903,عدنان الحلاق,,,,32.5981629,35.8536703,supermarket,,
OpenStreetMap,n5830584201,عدنان حماد,,,,31.4798833,35.0619017,supermarket,,
OpenStreetMap,n8817715317,عدنان فخر الدين,,,,32.2201853,35.2726035,supermarket,,
OpenStreetMap,n11111575905,عز الدين حسن محمود كميل,,,,32.4106638,35.290599,supermarket,,
OpenStreetMap,n4311617289,عزام الجلاد,,,,32.3044125,35.0294157,supermarket,,
OpenStreetMap,n13076312602,عزو ماركت - بيت كاحل,,,,31.5709637,35.0664113,supermarket,,
OpenStreetMap,n4331007592,عصيره القبليه للمحاجر,,,,32.1789982,35.1945871,supermarket,,
OpenStreetMap,n8297053718,عطار المدينة,,,,32.3141047,35.026827,supermarket,,
OpenStreetMap,n8386542017,عطار المنارة,,,,31.7047982,35.2043625,supermarket,,
OpenStreetMap,n5830584189,علاء,,,,31.5441633,34.9670367,supermarket,,
OpenStreetMap,n13694947301,علان بدران,,,,32.3138766,35.0229238,supermarket,,
OpenStreetMap,n9060944764,علوش ماركت,,,,31.4888884,34.4588462,supermarket,,
OpenStreetMap,n9024483557,على قد الإيد,,,,31.4940058,34.4653367,supermarket,,
OpenStreetMap,n5830584198,علي الحلبي,,,,31.390339,35.0741264,supermarket,,
OpenStreetMap,n4940923627,علي المصطفى,,,,32.3169237,35.3753161,supermarket,,
OpenStreetMap,n5830579196,علي حليقاوي,,,,31.413175,34.9587083,supermarket,,
OpenStreetMap,n4806054021,عماره قنازع وزريق الدوار,,,,32.2217122,35.2609179,convenience,,
OpenStreetMap,n5875497813,عمرو للتجارة العامة/شرف عمرو,,,,31.5054569,35.0396745,supermarket,,
OpenStreetMap,n8297052017,عنبتا مول,,,,32.3054932,35.1185952,supermarket,,
OpenStreetMap,n6403450091,عيد,,شارع الصف,,31.7019228,35.1993731,supermarket,,
OpenStreetMap,n13540475301,عيسى الطيراوي,,,,32.2070141,35.2900002,supermarket,,
OpenStreetMap,n13076219301,عيسى حنضل,,,,31.7056739,35.2102767,supermarket,,
OpenStreetMap,n9834786234,عيلتنا,,,,32.5322909,35.8468758,supermarket,,
OpenStreetMap,n8380262717,غانم,,,,31.7068745,35.1936418,supermarket,,
OpenStreetMap,n5866407887,غصوب ربايعه,,الشارع القبلي,,32.3466441,35.2730744,convenience,,
OpenStreetMap,n5890698288,غصوب ربايعه,,,,32.3476269,35.2717605,supermarket,,
OpenStreetMap,n4789109621,غوبن فابركس,,שהם 17,,32.1010947,35.1136582,convenience,,
OpenStreetMap,n5223421821,فؤاد سليم,,,,32.2825175,35.3842963,supermarket,,
OpenStreetMap,n5223421921,فؤاد سليم,,,,32.2822853,35.3842766,supermarket,,
OpenStreetMap,n12876970179,فاطمة Supermarket,,,,32.6965298,35.0490799,convenience,,
OpenStreetMap,n5839070595,فايز جبارين حبوبة,,,,31.4076903,34.9677422,supermarket,,
OpenStreetMap,n9060929586,فتوح ماركت,,,,31.4872627,34.457029,supermarket,,
OpenStreetMap,n8380223618,فريحة مول,,,,31.7022548,35.1874304,supermarket,,
OpenStreetMap,n8297092044,فلسطين,,,,32.1767452,35.0585707,supermarket,,
OpenStreetMap,n4617737693,فيصل المغربي,,,,30.2074896,35.7252987,supermarket,,
OpenStreetMap,n8380384819,فيليه مول,,,,31.7025647,35.1926812,supermarket,,
OpenStreetMap,n10006610117,فيوتشر,,,,31.9021077,35.1964305,supermarket,,
OpenStreetMap,n4457647392,قاصد كريم,,,,31.5316314,34.4441694,supermarket,,
OpenStreetMap,n11146213505,قتيبة رباعية,,,,32.3533238,35.2707759,supermarket,,
OpenStreetMap,n8297078128,قصي,,,,32.3841415,35.0505999,supermarket,,
OpenStreetMap,n4131006209,قطمش لمواد البناء,,Nablus-Jenin Road,,32.3160925,35.1896133,convenience,,
OpenStreetMap,n5850795785,قنديل,,,,31.4984747,34.4781493,supermarket,,
OpenStreetMap,n5031234822,قنديل ماركت,,Khaleel Al-Wazeer Street - شارع خليل الوزير,,31.530775,34.4508736,supermarket,,
OpenStreetMap,n4815202523,قهوة حماده (دوار الصحة),,دوار المنارة,,31.5280863,35.09643,convenience,+972 59 9813866,
OpenStreetMap,n4815200625,قهوة حماده (فرع الحاووز الأول),,شارع الحاووز 599678923,,31.524771,35.0852118,convenience,0599368822,
OpenStreetMap,n4815202622,قهوة حماده (فرع رأس الجورة),,شارع رأس الجورة,,31.5592483,35.1003406,convenience,0598598404,
OpenStreetMap,n4815202525,قهوة حماده (فرع نمرا),,شارع المدينة المنورة,,31.5465144,35.1044976,convenience,022254742,
OpenStreetMap,n9592824068,قيس,,,,32.553393,35.761851,supermarket,,
OpenStreetMap,w1299707317,ك صالح ابو يوسف,,,,31.5493764,34.4683349,supermarket,,
OpenStreetMap,n432264845,كافور سوبرماركت,,,,31.9110371,35.2017183,supermarket,,
OpenStreetMap,n13569353501,كاندي ديز,,,,32.186123,34.9642581,supermarket,,
OpenStreetMap,n8557545623,كاندي سويت الريان,,,,32.1243177,35.1043554,supermarket,,
OpenStreetMap,n8874739117,كتاني,,,,32.2187123,35.3052956,supermarket,,
OpenStreetMap,n8900944717,كتاني,,,,32.2162889,35.3091102,supermarket,,
OpenStreetMap,n4402722903,كرمل سوبر ماركت,,,,32.1922548,34.9657623,supermarket,,
OpenStreetMap,n4405706790,كرمل سوير مول,,,,32.1916266,34.9656701,supermarket,,
OpenStreetMap,n7136882987,كريم الفقعاوي,,,,31.3358681,34.3110786,supermarket,,
OpenStreetMap,n11593996669,كريم هايبر ماركت,,شارع الملكة رانيا العبد الله,,31.9884705,35.8954012,supermarket,,
OpenStreetMap,n4355079792,كعك للبراذع والاعلاف,,,,31.9868998,35.0397826,convenience,,
OpenStreetMap,n8383643417,كفاتي,,,,31.7145399,35.193464,supermarket,,
OpenStreetMap,n5305046073,كلين هاوس,,,,31.857186,35.4593841,convenience,,
OpenStreetMap,n8297078131,كندة,,,,32.3096444,35.0258286,supermarket,,
OpenStreetMap,n6322651086,كنزي,,Al-Naser Street - شارع النصر,,31.5248863,34.4486601,supermarket,0599802564,
OpenStreetMap,n4704830791,كهرباء الاصدقاء,,,,31.5147402,35.0794433,convenience,,
OpenStreetMap,n6996296185,كوستكو كنز الأردن,,شارع الملك عبدالله بن الحسين الثاني,,32.0069016,35.8344725,supermarket,+96265377011,https://www.facebook.com/costcoandsamskinzjordan/
OpenStreetMap,n4249888090,كوكو ريتش بروستد,,Al-Manfaloti,,31.8902092,35.2068619,supermarket,,
OpenStreetMap,n6975797313,كياز Kiaz,,,,31.8819935,35.2117986,supermarket,,
OpenStreetMap,n10004278617,كيوي,,,,31.946337,35.0390697,supermarket,,
OpenStreetMap,n9920722120,لؤلؤة,,,,32.4777971,35.0867493,convenience,046152033,
OpenStreetMap,n4465022404,لازمك - البالوع,,,,31.9234647,35.2201175,supermarket,,
OpenStreetMap,n4465002694,لازمك - الماصيون,,,,31.8853291,35.1989243,supermarket,,
OpenStreetMap,n5875497985,لل,,,,31.4702986,34.9373418,supermarket,,
OpenStreetMap,n9834239622,لومي ماركت,,,,31.091115,35.5175959,convenience,,
OpenStreetMap,n8297074723,ليل نهار,,,,32.1857266,34.9645044,supermarket,,
OpenStreetMap,n9647821358,ليمون,,,,32.5365893,35.8682342,supermarket,,
OpenStreetMap,n4502467594,م. م ابراهيم لبد,,,,31.5451144,34.498918,supermarket,,
OpenStreetMap,w302148800,م. م ابو باسل لبد,,,,31.5459023,34.5002437,supermarket,,
OpenStreetMap,n4496329418,م. م ابو عماد ابو عيدة,,,,31.5395357,34.4932092,supermarket,,
OpenStreetMap,n4496326520,م. م ابو فارس صالحة,,,,31.5352653,34.4888748,supermarket,,
OpenStreetMap,w296002576,م. م خليل تكونة,,,,31.5463321,34.4997539,supermarket,,
OpenStreetMap,n4496324277,م. م شعبان عوض,,,,31.5401757,34.4815255,supermarket,,
OpenStreetMap,w299715732,م. م شعبان عوض2,,,,31.5393671,34.4844976,supermarket,,
OpenStreetMap,w296002533,م. م عبد الرحيم ابو مهادي,,,,31.5462509,34.4996582,supermarket,,
OpenStreetMap,n4502427679,م. م عرفات سعد الله,,,,31.5522003,34.4777285,supermarket,,
OpenStreetMap,w296002541,م. م علاء البراوي,,,,31.5413801,34.5045226,supermarket,,
OpenStreetMap,n4537615789,م. م محمد الريس,,,,31.5220423,34.4398385,supermarket,,
OpenStreetMap,n4496327513,م. م ياسر ابو وادي,,,,31.5355397,34.4903125,supermarket,,
OpenStreetMap,n7924712161,مؤسسة ابو حطب للمواد التموينية,,,,32.0289403,35.8384709,supermarket,,
OpenStreetMap,n5830584206,مؤسسة ابو عفيف/ عصام ارزيقات,,,,31.5378198,35.0439775,supermarket,,
OpenStreetMap,n13076332601,مؤسسة الأفندي ماركت - صوريف,,,,31.6498478,35.0624114,supermarket,,
OpenStreetMap,n4248526389,مؤسسة الاشقر للأثاث المعدني,,,,32.3135323,35.0273917,convenience,,
OpenStreetMap,n5875497803,مؤسسة الايهم,,,,31.4483812,35.0903829,supermarket,,
OpenStreetMap,n13076230706,مؤسسة الجود سوبر ماركت-شارع البالوع,,,,31.699389,35.1665132,supermarket,,
OpenStreetMap,n5875497785,مؤسسة الرحمة/عزيز ابو عمرو,,,,31.5696279,35.0922783,supermarket,,
OpenStreetMap,n13076328902,مؤسسة الزيتونة - صوريف -غير دقيق,,,,31.648925,35.0679355,supermarket,,
OpenStreetMap,n2744395039,مؤسسة السعدي الاستهلاكية,,,,32.3844201,35.32571,supermarket,,
OpenStreetMap,n2587653614,مؤسسة النور,,,,32.3846888,35.3245081,supermarket,,
OpenStreetMap,n6177747587,مؤسسة رافات الاستهلاكية,,,,31.3878329,35.0635269,supermarket,,
OpenStreetMap,n8664384817,مؤسسة عنبتا,,,,32.3059242,35.1171572,supermarket,,
OpenStreetMap,n9586138745,مؤسسة ملكا الاستهلاكية .,,,,32.6529097,35.7433344,supermarket,,
OpenStreetMap,n8557332317,مؤسسة مناور,,,,32.2140142,35.2909377,supermarket,,
OpenStreetMap,n8557357717,مؤسسة نور,,,,32.2139394,35.2881874,supermarket,,
OpenStreetMap,n5229196322,مؤسسه العدره,,,,31.4441131,35.0874146,supermarket,,
OpenStreetMap,n8297070823,مؤمن سنتر,,,,32.4323694,35.0856641,supermarket,,
OpenStreetMap,n4852198524,ماركت الأرز,,,,31.7145773,35.1913129,supermarket,,
OpenStreetMap,n5875497693,ماركت البلد,,,,31.5384081,35.0486205,supermarket,,
OpenStreetMap,n9917610618,ماركت الدوار,,,,32.4761394,35.0892401,convenience,,
OpenStreetMap,n8387440817,ماركت الراضي,,,,31.7048193,35.194322,supermarket,,
OpenStreetMap,n9121761079,ماركت الرومي,,,,31.4957589,34.4592064,supermarket,,
OpenStreetMap,n9233576831,ماركت العرقان,,,,31.4915948,34.4602401,convenience,,
OpenStreetMap,w1082150168,ماركت المركز,,,,32.4758946,35.0894453,convenience,,
OpenStreetMap,n9280515328,ماركت الوسيم,,,,31.4963082,34.4695667,convenience,,
OpenStreetMap,n11207304701,ماركت كرم,,,,31.4969568,34.4614631,supermarket,,
OpenStreetMap,n9285568907,ماركت معاذ بيك,,,,31.4882518,34.4679489,supermarket,,
OpenStreetMap,n9921937900,ماركت يافا,,,,32.47549,35.0932316,supermarket,050-255-1135,
OpenStreetMap,n8380207018,ماريا ماركت ،مطعم الشام,,,,31.7064374,35.1918836,supermarket,,
OpenStreetMap,n8383457917,ماريا/ جورج غانم,,,,31.7169565,35.1826811,supermarket,,
OpenStreetMap,n13602664101,ماريو ( ابو عنان ),,,,32.1825604,34.9645799,supermarket,,
OpenStreetMap,w1392110929,ماسة ماركت,,,,32.4637601,35.2860677,supermarket,,
OpenStreetMap,n13076312301,ماكس ماركت - حلحول,,,,31.585014,35.0920038,supermarket,,
OpenStreetMap,n5830579211,ماهر البايض,,,,31.4799317,35.0621933,supermarket,,
OpenStreetMap,n5841475050,ماهر عواد الطردة,,,,31.5350794,35.0501239,supermarket,,
OpenStreetMap,n4970460423,ماي ماركت supermarket,,,,32.0017902,35.886018,supermarket,,
OpenStreetMap,n9648205981,مبنى تجاري,,,,32.5384783,35.8753589,general,,
OpenStreetMap,n5785126253,مبني ماركت ع الماشي,,,,31.5062518,34.4564669,supermarket,,
OpenStreetMap,n6445185488,متجر الاوفر 3,,رأس خميس,,31.8091102,35.2480346,supermarket,,
OpenStreetMap,n6322613186,مترةجو,,Al-Naser Street - شارع النصر,,31.5247919,34.4484984,supermarket,,
OpenStreetMap,n5385441122,مترو,,,,31.5176849,34.4444149,supermarket,,
OpenStreetMap,n5875497688,مثقال مسالمة,,,,31.5044173,34.9591884,supermarket,,
OpenStreetMap,n8297074718,مجاهد ماركت,,,,32.3005395,35.0242149,supermarket,,
OpenStreetMap,n4832410697,مجدي,,,,32.0800217,35.106588,supermarket,,
OpenStreetMap,n5875497794,مجدي ابو شيخة,,,,31.4494589,35.025081,supermarket,,
OpenStreetMap,n4502469143,مجمدات نائل نصار,,,,31.5444195,34.4986176,supermarket,,
OpenStreetMap,w1303506213,"مجمدات نصار ""ابو سميح""",,,,31.5425634,34.5002426,supermarket,,
OpenStreetMap,n2728364962,مجمدات و البان الشمال,,,,32.3839277,35.3259399,supermarket,,
OpenStreetMap,n4653639690,مجمع ابو حسني التجاري,,,,31.8378347,35.1408074,convenience,,
OpenStreetMap,n4971214321,مجمع ابو طريف والزغل التجاري,,شارع المستشفى,,32.3124706,35.0298053,convenience,,
OpenStreetMap,n2352444847,مجمع التاج التجاري,,شارع المستشفى,,32.3132628,35.0299626,supermarket,,https://www.facebook.com/pages/%D9%85%D8%AC%D9%85%D8%B9-%D8%A7%D9%84%D8%AA%D8%A7%D8%AC/321539487891410
OpenStreetMap,n5028811121,مجمع النفاع,,,,32.4627184,35.2995268,supermarket,,
OpenStreetMap,n13095107401,محامص المنارة الذهبية- الحسبة,,,,31.9041325,35.2069449,supermarket,,
OpenStreetMap,n8297081322,محامص عالم المكسرات,,,,32.3143504,35.0285475,supermarket,,
OpenStreetMap,n9920778739,محامص وسوبر ماركت الاماني,,,,32.4787221,35.0855524,supermarket,,
OpenStreetMap,n4292058389,محددة الياس عياد,,Al Wakaleh,,31.7618708,35.2667368,convenience,0569393041,
OpenStreetMap,n4416227995,محل البركة للمواد الزراعيه / ميثلون,,Methalon Street,,32.3468024,35.2764033,convenience,,
OpenStreetMap,n4414564289,محل البركة للمواد الزراعيه /طمون,,,,32.2898901,35.3822006,convenience,,
OpenStreetMap,n432381556,محل خضار,,,,32.3301137,35.1141343,supermarket,,
OpenStreetMap,n9586138746,محل خضراوات,,,,32.6529281,35.7433775,supermarket,,
OpenStreetMap,n4742333821,محل سامر رداد,,,,32.3858946,35.119924,convenience,,
OpenStreetMap,n8251649717,محل طارق الجعرون,,Shuweika Al-Gharbi Street,,32.3270754,35.0297181,convenience,,
OpenStreetMap,n4502470638,محل قداس لبيع الدجاج,,شارع السوق,,31.5429657,34.4998299,supermarket,,
OpenStreetMap,n432398163,محل موسى,,Ezbet Shofa Main Street,,32.2842966,35.045702,supermarket,,
OpenStreetMap,n5880613596,محلات,,,,31.695981,35.190931,supermarket,,
OpenStreetMap,n11285980176,محلات أبو هلال للملابس,,,,31.2708767,34.2621493,supermarket,,
OpenStreetMap,n4336832899,محلات ابو بكر التجارية,,,,32.3847708,35.0642298,convenience,,
OpenStreetMap,n4107833003,محلات ابو خالد التجارية,,Nablus-Jenin Road,,32.316193,35.1910121,convenience,,
OpenStreetMap,n7141090685,محلات ابو شادي الدعالسة,,,,31.3554458,34.2941871,supermarket,,
OpenStreetMap,n4679323189,محلات ابو صفوت للمواد الغذائية,,,,31.5386766,35.0415653,supermarket,,
OpenStreetMap,n4739061521,محلات ابو فادي الزيبادي,,,,32.3134932,35.0271015,supermarket,092672690,
OpenStreetMap,n6652266986,محلات ابوالعبد,,,,32.1145692,35.0744639,supermarket,,
OpenStreetMap,n4780640724,محلات ابوعرب المحتسب للخضار والفواكه,,,,31.5192117,35.0828943,supermarket,,
OpenStreetMap,n4496327755,محلات احمد صبيح,,,,31.536989,34.4912029,supermarket,,
OpenStreetMap,n5285016023,محلات الأخوة التجارية,,حارة ابو رسمي 2665024,,32.4321175,35.085509,supermarket,0569999988,
OpenStreetMap,n5298070722,محلات الأخوة التجارية,,,,32.4320492,35.0855461,supermarket,,
OpenStreetMap,n5621773645,محلات الاخلاص للتجارة العامة,,,,32.2091629,35.3308194,supermarket,,
OpenStreetMap,n4937740557,محلات الاخوة للمواد الصحية,,,,32.0008761,35.0703356,supermarket,,
OpenStreetMap,n4937738344,محلات الامانة لمواد البناء,,,,32.0009125,35.0716016,supermarket,,
OpenStreetMap,n11096747706,محلات الانيس,,,,32.4688561,35.293797,supermarket,,
OpenStreetMap,n5866418589,محلات البلاوي للمشروعات الخفيفه,,,,32.3046051,35.0238716,convenience,,
OpenStreetMap,n5875497805,محلات البلعوج,,,,31.4541542,35.1035775,supermarket,,
OpenStreetMap,n8556355120,محلات التمام,,محمود عباس,,32.2329063,35.2372575,supermarket,,
OpenStreetMap,n5866410988,محلات التوفيق التجاريه,,,,32.327819,35.3686972,convenience,,
OpenStreetMap,n8559837317,محلات الحاج احمد,,,,32.2252696,35.2465852,supermarket,,
OpenStreetMap,n5890698185,محلات الحاج فاروق,,,,32.3741774,35.155885,supermarket,,
OpenStreetMap,n5881323285,محلات الحج خضر ام سلمونة,,,,31.6437418,35.1676049,supermarket,,
OpenStreetMap,n5108135424,محلات الحوتري التجارية,,,,32.1826091,34.9630002,supermarket,,
OpenStreetMap,n4596623791,محلات الديك للزخرفة والرخام,,Al-Malek Sulaiman Street,,31.504874,35.1132429,convenience,0599263991,
OpenStreetMap,n5305029339,محلات السلايمة,,,,31.8561053,35.4602473,convenience,,
OpenStreetMap,n8549619521,محلات السنابل,,,,31.7064814,35.2533708,supermarket,,
OpenStreetMap,n8559355921,محلات السيد,,,,32.2186332,35.2422198,supermarket,,
OpenStreetMap,n13539977501,محلات الشرق,,,,32.1011236,35.2700141,supermarket,,
OpenStreetMap,n4358131589,محلات الشيخ رياض,,,,32.4879055,35.2323934,supermarket,,
OpenStreetMap,n9927559329,محلات الصدق والامانة,,,,32.4745823,35.0917015,supermarket,,
OpenStreetMap,n2591285368,محلات الطويل للأقمشة,,,,31.5070852,34.4604959,supermarket,,
OpenStreetMap,n5866418587,محلات العتيلي,,,,32.3834574,35.0648021,supermarket,,
OpenStreetMap,n8992820501,محلات القيصر,,,,31.4989202,34.4670788,supermarket,,
OpenStreetMap,n7537024238,محلات المدهون التجارية,,,,31.4958215,34.4593893,supermarket,082811156,
OpenStreetMap,n5503489523,محلات المرشد,,,,32.0958775,35.0431233,supermarket,,
OpenStreetMap,n4794751923,محلات المعتز لتوزيع المواد الغذائيه,,Ejah Area,,32.3566578,35.195372,supermarket,0599886975,
OpenStreetMap,n9597520265,محلات النجاح    للخضره,,,,32.3638553,35.6655504,supermarket,,
OpenStreetMap,n5869034790,محلات النسر,,,,32.3121217,35.0271253,convenience,,
OpenStreetMap,n4679322989,محلات الوفاء للمواد الغذائية يوسف الطرده,,,,31.5385357,35.0510218,supermarket,,
OpenStreetMap,n11872370569,محلات بلدنا للتجارة العامة,,,,31.9412232,35.3080519,supermarket,,
OpenStreetMap,n5881327885,محلات جعفر,,,,31.869469,35.228144,supermarket,,
OpenStreetMap,n4212109089,محلات جهاد عدوان لكراميكا,,,,31.2745667,34.261958,convenience,,
OpenStreetMap,n4664983990,محلات حجه اخوان,,Omar Ibn Al-Khattab Street,,31.508162,35.0224483,supermarket,0569800997,
OpenStreetMap,n5875497812,محلات حجي اخوان,,,,31.50825,35.0224033,supermarket,,
OpenStreetMap,n5141562431,محلات حنون للادوات المنزلية,,,,31.5330659,34.4694782,convenience,,
OpenStreetMap,n8737336217,محلات سدر التجارية,,,,31.5702425,35.0992674,supermarket,,
OpenStreetMap,n8556600417,محلات سليم باجس,,,,32.1509204,35.2583882,supermarket,,
OpenStreetMap,n5830592492,محلات سويطي,,,,31.4774942,35.0657497,supermarket,,
OpenStreetMap,n5866407896,محلات سيف العجولي,,,,32.432106,35.08543,supermarket,,
OpenStreetMap,n13597678901,محلات شقو واولاده,,,,32.2155859,35.2564996,supermarket,,
OpenStreetMap,n4446170090,محلات صلاح شهاب للتجارة العامة,,شارع الوحدة,,31.5179656,34.4510169,convenience,+97282866559,
OpenStreetMap,n5880977486,محلات صوان,,,,31.7632,35.280759,supermarket,,
OpenStreetMap,n5157481630,محلات طه للمواد التموينية,,,,31.5346007,34.4739088,convenience,,
OpenStreetMap,n8650857937,محلات عاهد مدحت الطاهر,,,,32.2293203,35.2992028,supermarket,,
OpenStreetMap,n5875498187,محلات عبد الهادي,,,,31.478582,35.0647271,supermarket,,
OpenStreetMap,n8556750417,محلات عبدالله باجس,,,,32.1427637,35.2580578,supermarket,,
OpenStreetMap,n8976799022,محلات عز ديريه,,,,32.1241711,35.3448745,supermarket,,
OpenStreetMap,n4788921222,محلات عمر السيد,,,,32.3054056,35.0254658,supermarket,,
OpenStreetMap,n8993862949,محلات فرحات للمواد الغذائية,,,,31.4939129,34.4652841,supermarket,,
OpenStreetMap,n4653900189,محلات فواز الجابي,,,,32.2174077,35.2668276,supermarket,,
OpenStreetMap,n505141696,محلات قشطة للاعلاف,,,,31.2760594,34.2515473,supermarket,,
OpenStreetMap,n4856247023,محلات كرم التجارية,,شارع رتاح,,32.3058386,35.0256882,supermarket,,
OpenStreetMap,n3119350076,محلات مرار البان واجبان,,,,31.5526665,35.1033666,supermarket,,
OpenStreetMap,n13633667601,محلات نظال الزبداوي,,,,32.4265077,35.2544865,supermarket,,
OpenStreetMap,n1196970312,محلات هاني مسلم لمواد البناء,,,,31.9713136,35.1936239,supermarket,,
OpenStreetMap,n4473562489,محلات و بن المقدادي,,,,31.9038249,35.2052372,supermarket,,
OpenStreetMap,n8372031817,محلات وسوبر ماركت السلام,,,,31.5783228,35.2309914,supermarket,,
OpenStreetMap,n2504875928,محلات يعقوب التموينية,,,,32.0812855,35.3332104,supermarket,,
OpenStreetMap,n13695258601,محمد ابو ديه / جمله طولكرم,,,,32.3030409,35.0166898,supermarket,,
OpenStreetMap,n13620076201,محمد الصالح,,,,32.4603186,35.2992709,supermarket,,
OpenStreetMap,n5830579206,محمد النمورة,,,,31.44065,35.0092183,supermarket,,
OpenStreetMap,n5830579193,محمد جعافرة,,,,31.5704633,35.0124817,supermarket,,
OpenStreetMap,n4355087790,محمد حامد شلش,,,,31.9869542,35.0383006,supermarket,,
OpenStreetMap,n5830584186,محمد حبيب,,,,31.4665883,34.9399317,supermarket,,
OpenStreetMap,n5830592491,محمد حسن,,,,31.4295097,34.9964217,supermarket,,
OpenStreetMap,n8297074736,محمد زهران,,,,32.3136843,35.0278619,supermarket,,
OpenStreetMap,n5921552993,محمد شلالدة,,,,31.586127,35.1471647,supermarket,,
OpenStreetMap,n8297078127,محمد فريد,,,,32.3848004,35.0543048,supermarket,,
OpenStreetMap,n5890698089,محمد قبها,,,,32.4583323,35.1351846,supermarket,,
OpenStreetMap,n5875497687,محمد ملاح,,,,31.4792046,34.9528957,supermarket,,
OpenStreetMap,n2728364964,محمص,,,,32.3843738,35.3251274,supermarket,,
OpenStreetMap,n7444730485,محمص ادريخ,,شارع غرناطة,,32.2212294,35.2575028,supermarket,,
OpenStreetMap,n11111461205,محمص الساريسي,,,,32.412808,35.2816272,supermarket,,
OpenStreetMap,n10001934917,محمص قرنفل,,,,31.986224,35.3072724,supermarket,,
OpenStreetMap,n9645113836,محمص كردش,,,,32.5377376,35.8718741,supermarket,,
OpenStreetMap,n4371004196,محمص كنعان,,,,31.9001934,35.1754178,supermarket,,
OpenStreetMap,n4653754592,محمص و بن الربيع,,,,31.8342137,35.1446752,supermarket,,
OpenStreetMap,n11187501137,محمص وبن الشام,,,,32.0328634,35.2665072,supermarket,,
OpenStreetMap,n5022603921,محمص وبن العربي,,AlSabe' St 092947606,,32.1883149,34.9653086,supermarket,0597606400,
OpenStreetMap,n8380472519,محمص وبن العربي,,,,31.6962041,35.1911549,supermarket,,
OpenStreetMap,n8553012817,محمص وبن المشتهيات,,,,31.706412,35.2527279,supermarket,,
OpenStreetMap,n8442620320,محمص وبن مزاج,,,,31.7079702,35.2650031,supermarket,,
OpenStreetMap,n5830579212,محمود ارزيقات,,,,31.5397157,35.0599962,supermarket,,
OpenStreetMap,n5875497792,محمود الحوامدة,,,,31.3955648,35.0701274,supermarket,,
OpenStreetMap,n4679323089,مخازن يوسف الطرده,,,,31.5373201,35.0493892,convenience,,
OpenStreetMap,n5881467185,مخبز البرفيلي,,,,31.918367,35.125947,supermarket,,
OpenStreetMap,n5830584208,مخبز بيت النعمة/جبريل المصري,,,,31.4894695,35.0207878,supermarket,,
OpenStreetMap,n4864265626,مخبز ليبي,,,,32.0200546,35.8665052,convenience,,
OpenStreetMap,n4369834990,مخبز و سوبرماركت الخضري (2),,,,31.9001591,35.1755216,supermarket,,
OpenStreetMap,n7151233185,مخزن ابو صبحي 2,,,,31.3525221,34.2958505,supermarket,,
OpenStreetMap,n431864732,مخزن العويوي للأدوات الصحية,,,,31.5427829,35.0952757,convenience,,
OpenStreetMap,n8386730325,مخلوف,,,,31.7118085,35.2056908,supermarket,,
OpenStreetMap,w1304654886,مخمر الموز,,,,33.3956689,35.651775,convenience,,
OpenStreetMap,n5067020921,مدرسة الشهيد ياسر عرفات الاساسيه للبنات;Abo Abdoh Market,,,,32.3230811,35.36946,supermarket,,
OpenStreetMap,n11801608718,مدى نابلس || مزود خدمة انترنت,,,,32.2246897,35.2453242,supermarket,,
OpenStreetMap,n13095095802,مدينة الطيبات المحل-التنزيل بالمخزن,,,,31.8988182,35.20999,supermarket,,
OpenStreetMap,n13094051001,مدينة الطيبات للبن والمكسرات,,,,31.913182,35.2181027,supermarket,,
OpenStreetMap,n6263633086,مدينة اللحوم,,Al-Naser Street - شارع النصر,,31.5217867,34.4448284,supermarket,,
OpenStreetMap,n5866407888,مراد ربايعه,,,,32.3520244,35.2698565,convenience,,
OpenStreetMap,n6990779185,مرجان مول,,شارع المدينة المنورة 268,,31.9990406,35.8731337,supermarket,,
OpenStreetMap,n11162936006,مركة ستور وائل سمير سالم,,,,32.3983127,35.2385782,supermarket,,
OpenStreetMap,n4603221791,مركز الامل للمواد الغذائية (الإسلامية),,Almahata street,,32.4619108,35.2952039,supermarket,042503496,
OpenStreetMap,n11122052605,مركز البركة للتجارة سيلة الحارثية,,,,32.512283,35.2345952,supermarket,,
OpenStreetMap,n4502473672,مركز الشريف للمجمدات,,,,31.5430297,34.4999265,supermarket,,
OpenStreetMap,n8297074739,مركز العائلة,,,,32.3074497,35.1152354,supermarket,,
OpenStreetMap,n5881246686,مركز العواطف التجاري,,,,31.952076,35.469334,supermarket,,
OpenStreetMap,n5884360186,مركز الغيث,,,,32.4134331,35.280353,supermarket,,
OpenStreetMap,n4369794698,مركز الفهد التجاري,,,,31.9040207,35.2077948,supermarket,,
OpenStreetMap,n8401644817,مركز اللحوم,,,,32.1767555,35.0585552,supermarket,,
OpenStreetMap,n10141174718,مركز ديرنا للتسوق,,شارع مكة,,31.4131782,34.3535629,supermarket,,
OpenStreetMap,n4653903193,مستودع سوبر ماركت أياد جبر,,,,32.2163318,35.2822616,supermarket,,
OpenStreetMap,n9186856218,مسعود,,,,32.21466,35.2682756,supermarket,,
OpenStreetMap,n5876621001,مسودة,,,,31.7827314,35.2285655,convenience,,
OpenStreetMap,n5044549024,مشتل المجد (لؤي نعيرات),,Siris - Meithalun highay,,32.3532196,35.2847115,supermarket,0599554016,
OpenStreetMap,n4413809392,مشتل المواسم,,,,32.3522986,35.2809395,convenience,,
OpenStreetMap,n4413113389,مشتل المواسم,,,,32.3519361,35.2806567,convenience,,
OpenStreetMap,w296094703,مشتهى ميني ماركت,,,,31.518004,34.4377392,convenience,,
OpenStreetMap,n2707153729,مصرف لبنان المركزي,,,,33.3761455,35.4889466,supermarket,,
OpenStreetMap,n5921552991,مصعب,,,,31.5825317,35.1465417,supermarket,,
OpenStreetMap,n13569606901,مصعب عوده,,,,32.1874799,34.9662561,supermarket,,
OpenStreetMap,n13641120701,مصلح  للعروض,,,,32.1897864,34.96817,supermarket,,
OpenStreetMap,n8297081321,مصلح للعطارة والبهارات,,,,32.1896875,34.968749,supermarket,,
OpenStreetMap,n4760667421,مطاحن ومحامص الدويك,,شارع يافا,,31.5474448,35.1002844,supermarket,,
OpenStreetMap,n4760662921,مطاحن ومحامص الدويك,,شارع عين سارة,,31.5440216,35.0986467,supermarket,,
OpenStreetMap,n4442549890,مطاوع,,Al-Makhfeyah Street,,32.2186433,35.2380044,supermarket,,
OpenStreetMap,n4587454293,مطبعه,,,,31.4455386,34.3943632,supermarket,,
OpenStreetMap,n9869458917,مطحنة جبر الحديثةللقهوة والبهارات,,,,31.504586,34.4636252,convenience,,
OpenStreetMap,n505111677,مطعم ابو صلاح للمأكولات الشعبية,,,,31.2731826,34.2702401,supermarket,,
OpenStreetMap,n11093059505,مطعم الشيف ابووليد,,,,32.4118977,35.2822933,supermarket,,
OpenStreetMap,n11093076806,مطعم شورما 99,,,,32.410858,35.2829122,supermarket,,
OpenStreetMap,n5875498190,معتز عمر,,,,31.4998775,35.0303425,supermarket,,
OpenStreetMap,n8001377585,معرض جنين للتنزيلات,,,,32.3125321,35.026476,supermarket,+972 4-250-3035,https://www.facebook.com/G.Jenin.D/
OpenStreetMap,n4212066590,معرض رشوان للسراميك,,,,31.2887778,34.2638432,convenience,,
OpenStreetMap,n5098903424,معرض رولكس للدهانات جاليري,,شارع الإرتباط,,32.3194431,35.0298273,convenience,092673759,
OpenStreetMap,n11093046005,معطم بورست قباطية,,,,32.4128168,35.2818382,supermarket,,
OpenStreetMap,n4587455291,مغسلة الاخوة,,,,31.4465365,34.3961158,supermarket,,
OpenStreetMap,n5518024030,مفترق رافات,,,,32.0910274,35.0432,supermarket,,
OpenStreetMap,n432336710,مكان فارغ,,,,31.9542357,35.4671578,supermarket,,
OpenStreetMap,n5921552997,مكة,,,,31.5783416,35.1506574,supermarket,,
OpenStreetMap,n4977172222,مكتب ابوالرب للتامين,,Yahia Ayyash Street,,32.4617955,35.2977625,convenience,,
OpenStreetMap,n4358940589,مكتب شركه الرائد للديكور,,Sa'ad Bin Abi Waqqas Street,,31.9260699,35.2058156,convenience,0599312164,http://decor.ps
OpenStreetMap,w1303506212,مكتبة,,,,31.5424203,34.5004164,supermarket,,
OpenStreetMap,n4823536121,مكتبة المجد,,,,32.5084837,35.2288757,convenience,,
OpenStreetMap,n4267969090,مكسرات أبو حدايد,,شارع صلاح الدين,,31.3393686,34.3116851,supermarket,,
OpenStreetMap,n5830579220,ملحمة أبو نبيل,,,,31.5382573,35.0483551,supermarket,,
OpenStreetMap,n8474856917,ملحمة البلد,,,,32.1860399,35.0157634,supermarket,,
OpenStreetMap,n6361894691,ملحمة المجد,,شارع الصف,,31.6975496,35.2014161,convenience,,
OpenStreetMap,n8493002617,ملحمة المدينة,,,,32.1860412,35.0157707,supermarket,,
OpenStreetMap,n4937729716,ملحمة دير ابو مشعل,,,,32.0010558,35.0727013,supermarket,,
OpenStreetMap,n5875497991,ملحمة رائد المهانية,,,,31.4460988,35.0854491,supermarket,,
OpenStreetMap,n2866145865,ملحمه جينصافوط,,,,32.1805312,35.1311692,supermarket,,
OpenStreetMap,n13569649801,ملك العروض,,,,32.1886209,34.9642657,supermarket,,
OpenStreetMap,n4181036089,منجرة القدومي,,شارع تل,,32.2166259,35.2419962,convenience,,
OpenStreetMap,n4176150702,منشار ابو السعود للرخام,,وادي التفاح,,32.2301025,35.2381336,convenience,,
OpenStreetMap,n4330973505,منشار الاتقان,,,,32.1793625,35.214904,supermarket,,
OpenStreetMap,n4381097990,منشار شايش بير الباشا,,Nablus-Jenin Street,,32.4169366,35.2296704,convenience,0598811794,
OpenStreetMap,n7896204085,منظفات حبوش,,Omar Al-Mukhtar St. شارع عمر المختار,,31.5258235,34.4386249,convenience,,
OpenStreetMap,n432279445,مني ماركت ابو حاتم,,Shoqba,,31.9867935,35.0401983,supermarket,,
OpenStreetMap,n4959907821,مني ماركت ابو صبيح,,,,31.9043687,35.2075571,supermarket,,
OpenStreetMap,n11123353905,مني ماركت ابو عبد الله عانين,,,,32.5014075,35.1674241,supermarket,,
OpenStreetMap,n431709455,مني ماركت الجرس,,,,32.5086565,35.2274077,supermarket,,
OpenStreetMap,n4102273591,مني ماركت الحشاش,,anasre street,,32.4657746,35.3050396,supermarket,0598745731,
OpenStreetMap,n4794857021,مني ماركت سعادة,,Hawwara-Jamma'in Street,,32.1485566,35.2532084,supermarket,,
OpenStreetMap,n11092977005,مني ماركت صلاح,,,,32.4178522,35.292271,supermarket,,
OpenStreetMap,n5866407894,مني ماركت عبد الله,,,,32.3192037,35.3730685,convenience,,
OpenStreetMap,n11122123005,مني ماركت عبدالله احمد زيود,,,,32.5043592,35.2214283,supermarket,,
OpenStreetMap,n4959907721,مني ماركت فراس,,,,31.9043253,35.2075951,supermarket,,
OpenStreetMap,n4316268496,مني ماركت كراميش,,0568594261,,32.3166251,35.0327743,supermarket,,
OpenStreetMap,n8431131720,موافي,,,,32.1923735,34.9669882,supermarket,,
OpenStreetMap,n1525008150,موبايل فادي مركز,,,,31.5345115,34.4628415,convenience,,
OpenStreetMap,n11114119705,موسسة ابو حلاوه,,,,32.4706117,35.3567454,supermarket,,
OpenStreetMap,n11132268805,موسسة اليزن,,,,32.4706786,35.213717,supermarket,,
OpenStreetMap,n11099118305,موسسة كفر ذان التجارية,,,,32.4772001,35.2551676,supermarket,,
OpenStreetMap,n10113908642,موسى الشلمي 2,,,,31.4093984,34.9738559,supermarket,,
OpenStreetMap,n5921553094,موسى الفروخ,,,,31.5660047,35.1311868,supermarket,,
OpenStreetMap,n5830593985,موفق دية,,,,31.409705,34.9493183,supermarket,,
OpenStreetMap,n8370962617,مول العبيدية,,,,31.7111558,35.2698635,supermarket,,
OpenStreetMap,w1297654184,مول العرب,,شارع الفالوجا,,31.2699892,34.2600677,supermarket,,
OpenStreetMap,n11099611906,مول فلسطين,,,,32.4390968,35.1813487,supermarket,,
OpenStreetMap,n432353125,مول قراوة,,,,32.1208024,35.1016502,supermarket,,
OpenStreetMap,n4300138990,مول كير فور,,Cairo,,31.5116227,34.4293353,supermarket,,
OpenStreetMap,n9734666253,ميخو,,,,31.9591178,35.8801325,supermarket,,
OpenStreetMap,n4214177092,ميركادو خزاعة,,,,31.3091398,34.3588541,supermarket,,
OpenStreetMap,n5839070598,ميقا,,,,31.4293217,34.9857349,supermarket,,
OpenStreetMap,n10031533718,ميلانو,,,,31.8775779,35.225518,supermarket,,
OpenStreetMap,n7150960685,ميني ماركت,,,,31.3604318,34.3267897,supermarket,,
OpenStreetMap,n431631193,ميني ماركت أبو العلاء Abu Alaa's Mini Market,,,,31.7258299,35.160548,supermarket,,
OpenStreetMap,n9020241279,ميني ماركت أبو يونس الديب,,,,31.4948713,34.4663015,supermarket,,
OpenStreetMap,n7149663285,ميني ماركت أحمد ابو شهلا,,,,31.3386884,34.3181048,supermarket,,
OpenStreetMap,n7142967685,ميني ماركت ابراهيم عصفور,,,,31.3378316,34.3508488,supermarket,,
OpenStreetMap,n5897802985,ميني ماركت ابو الكاس,,Al-Led And Al-Ramla Street,,31.5145988,34.446191,supermarket,,
OpenStreetMap,n9922562423,ميني ماركت ابو بكر,,,,32.474617,35.0933652,convenience,,
OpenStreetMap,n7152243285,ميني ماركت ابو جهاد الشاعر,,,,31.334256,34.2929956,supermarket,,
OpenStreetMap,n4357172551,ميني ماركت ابو حاتم,,,,31.9867962,35.0401712,supermarket,,
OpenStreetMap,n7140998885,ميني ماركت ابو شعر,,,,31.3453937,34.311964,supermarket,,
OpenStreetMap,n7149045985,ميني ماركت ابو طعيمة زهير,,,,31.306277,34.3417522,supermarket,,
OpenStreetMap,w1304620293,ميني ماركت ابو علي يحيى,,,,33.3337859,35.6952127,convenience,,
OpenStreetMap,n4367720594,ميني ماركت ابو عمرو,,,,32.2969915,35.1945722,supermarket,,
OpenStreetMap,n6322863486,ميني ماركت ابو نائل,,Alqouthi Street,,31.5294955,34.4552484,supermarket,0599331862,
OpenStreetMap,n5875497987,ميني ماركت ابو هاشم/عمر عيسى ابو عواد,,,,31.3937396,35.0715829,supermarket,,
OpenStreetMap,n7149046585,ميني ماركت احمد ابو طعيمة,,,,31.3066481,34.3413913,supermarket,,
OpenStreetMap,n11895207969,ميني ماركت اسامة,,,,32.4903048,35.3985851,supermarket,,
OpenStreetMap,n6376051855,ميني ماركت اسلام,,الشارع الغربي,,32.1905181,34.9630611,supermarket,0597574714,
OpenStreetMap,n432231564,ميني ماركت اسلام,,,,31.5567433,35.1019543,supermarket,,
OpenStreetMap,n9280506906,ميني ماركت الابتسامة,,,,31.492054,34.4764146,convenience,,
OpenStreetMap,n5699841121,ميني ماركت الاقصى,,10 street,,32.2131672,35.2573595,supermarket,,
OpenStreetMap,n9038414604,ميني ماركت البراء,,,,31.4848762,34.4677889,convenience,,
OpenStreetMap,n6322901085,ميني ماركت البيت السعيد,,Al-Naser Street - شارع النصر,,31.5298969,34.4545222,supermarket,099668537,
OpenStreetMap,n6322900985,ميني ماركت الجود,,Abd Al-Qader Al-Hoseiny Street,,31.5265013,34.4533052,supermarket,0599726260,
OpenStreetMap,n4424860292,ميني ماركت الخطيب,,to ya'bad (main street),,32.4436245,35.2035786,supermarket,0097042460751,
OpenStreetMap,n6322900785,ميني ماركت الخير,,Yousif Alathma Street,,31.5264987,34.4518168,supermarket,0599446845,
OpenStreetMap,n4116031690,ميني ماركت الرائد,,,,31.5056024,35.0384751,supermarket,,
OpenStreetMap,n9060981908,ميني ماركت السعيد,,,,31.4847168,34.4540856,convenience,,
OpenStreetMap,n7148772285,ميني ماركت الشيخ انور المجايدة,,,,31.3093394,34.3281342,supermarket,,
OpenStreetMap,n6397716786,ميني ماركت الصفوري,,الجلمة شارع عرانة,,32.5075352,35.3149194,supermarket,,
OpenStreetMap,n5144586623,ميني ماركت الضابطة,,شارع صلاح الدين,,31.3102179,34.3169408,supermarket,,
OpenStreetMap,w1076466466,ميني ماركت العائلات,,,,32.3355841,35.3019876,supermarket,0599358501,
OpenStreetMap,n4944377521,ميني ماركت الفضل,,,,32.130613,35.2080633,supermarket,,
OpenStreetMap,n4728036391,ميني ماركت القدس,,Jerusalem Hebron Street,,31.7107419,35.1987166,supermarket,,
OpenStreetMap,w1076327067,ميني ماركت المجاهد,,,,32.3341293,35.3027884,supermarket,,
OpenStreetMap,w1302090633,ميني ماركت المختار,,شارع الفالوجا الثاني,,31.5376626,34.4905633,supermarket,0567000017,http://www.facebook.com/Mokhtar.market
OpenStreetMap,n9026171091,ميني ماركت المدينة,,,,31.495108,34.4687555,supermarket,,
OpenStreetMap,n6384866688,ميني ماركت المصطفى,,شارع القفير,,31.4536139,35.0978337,supermarket,,
OpenStreetMap,n5304942125,ميني ماركت النور,,,,31.879585,35.4515288,supermarket,,
OpenStreetMap,n4679323190,ميني ماركت الهدى ابو طلب ارزيقات,,,,31.5402716,35.057933,supermarket,,
OpenStreetMap,n5054248124,ميني ماركت الياس,,,,31.7123858,35.2025608,supermarket,,
OpenStreetMap,n7142900887,ميني ماركت ام جبر,,,,31.3465144,34.3231969,supermarket,,
OpenStreetMap,w1074521046,ميني ماركت باب الحارة,,,,32.3371753,35.2991708,supermarket,,
OpenStreetMap,n3565271993,ميني ماركت بلال,,,,32.3278586,35.2904149,supermarket,,
OpenStreetMap,n7136824586,ميني ماركت بلال العويطي ابو خليل,,,,31.3387906,34.3145199,supermarket,,
OpenStreetMap,n7149046285,ميني ماركت جابر ابو طعيمة,,,,31.3072686,34.342918,supermarket,,
OpenStreetMap,n2587655869,ميني ماركت جابي,,,,32.3853592,35.3232202,supermarket,,
OpenStreetMap,n6322863487,ميني ماركت حارتنا,,Khaled Al-Hasan Street,,31.5311932,34.4577623,supermarket,0299609156,
OpenStreetMap,n9121748825,ميني ماركت حمدي ياسين,,,,31.4888004,34.4629621,convenience,,
OpenStreetMap,n7143033285,ميني ماركت حمودة عرفات,,,,31.3402126,34.3427857,supermarket,,
OpenStreetMap,n7142870186,ميني ماركت خليل ابو خاطر,,,,31.3483418,34.3303216,supermarket,,
OpenStreetMap,n4403451889,ميني ماركت ربعي,,,,31.5053364,35.0429243,supermarket,,
OpenStreetMap,n7148762585,ميني ماركت رشاد النجار,,,,31.3110451,34.3270074,supermarket,,
OpenStreetMap,n2728364970,ميني ماركت رياض العرب,,,,32.3842131,35.3254197,supermarket,,
OpenStreetMap,n2425149311,ميني ماركت زينة,,,,31.7874163,35.2373941,convenience,,
OpenStreetMap,n7150043985,ميني ماركت سلمان ابو خاطر,,,,31.3250092,34.321273,supermarket,,
OpenStreetMap,n9121773042,ميني ماركت سندس,,,,31.4964673,34.466981,convenience,,
OpenStreetMap,n4118672689,ميني ماركت شادي,,Al-Slam St.,,31.3082488,34.3632857,supermarket,0599774019,
OpenStreetMap,n4029774398,ميني ماركت عبد العبر,,,,32.3274274,35.2892776,supermarket,,
OpenStreetMap,n7136787486,ميني ماركت عبد ربه ابو عنزة,,,,31.3368484,34.3414814,supermarket,,
OpenStreetMap,w302394991,ميني ماركت عبد مقلد,,,,31.344417,34.2950836,supermarket,,
OpenStreetMap,n5141578436,ميني ماركت عبدس,,,,31.5326566,34.4694249,convenience,,
OpenStreetMap,n7143024485,ميني ماركت عبود بركة,,,,31.3379458,34.3459636,supermarket,,
OpenStreetMap,n7143035285,ميني ماركت عرفات ابو ياسر,,,,31.3405614,34.3428524,supermarket,,
OpenStreetMap,n9887365617,ميني ماركت علاء,,مسجد خالد بن الوليد,,32.2532382,35.1898301,supermarket,,
OpenStreetMap,w1074528502,ميني ماركت علي,,,,32.3366025,35.2986534,supermarket,,
OpenStreetMap,n5304836851,ميني ماركت عماد,,,,31.8610226,35.4538945,supermarket,,
OpenStreetMap,n7148954085,ميني ماركت عماد النجار,,,,31.3093701,34.3660878,supermarket,,
OpenStreetMap,n4545841791,ميني ماركت عمار,,0779216057,,32.4677476,35.7000409,supermarket,0779216057,http://www.googl.com
OpenStreetMap,n4361133492,ميني ماركت عنايه,,AlSabe' St 92944089,,32.1903368,34.9656468,supermarket,092944089,
OpenStreetMap,n4356307289,ميني ماركت عنايه قلقيلية,,AlSabe' St,,32.1902831,34.9656451,supermarket,092944089,
OpenStreetMap,n9028622401,ميني ماركت عياد,,,,31.4984319,34.4661045,supermarket,,
OpenStreetMap,n9285583531,ميني ماركت عياد,,,,31.4879404,34.4678091,convenience,,
OpenStreetMap,n431722179,ميني ماركت فلسطين,,,,32.5013565,35.1659233,convenience,,
OpenStreetMap,w762693977,ميني ماركت قمر,,,,33.3601163,35.5930422,convenience,,
OpenStreetMap,n5486786323,ميني ماركت لؤي,,,,32.2345249,35.2469226,supermarket,,
OpenStreetMap,n5486786324,ميني ماركت ليان 1,,,,32.2354024,35.2452367,supermarket,,
OpenStreetMap,n4319763316,ميني ماركت ليان٢,,,,32.2341399,35.2462583,supermarket,,
OpenStreetMap,n9285604986,ميني ماركت محمد,,,,31.492539,34.467532,convenience,,
OpenStreetMap,n3565259697,ميني ماركت مراد,,,,32.3298958,35.2952439,supermarket,,
OpenStreetMap,n7143014685,ميني ماركت نداء ابو دقة,,,,31.3301967,34.3592788,supermarket,,
OpenStreetMap,n7134788585,ميني ماركت نصار,,شارع حمدان 2/11,,31.5372646,34.4936912,supermarket,,
OpenStreetMap,n7149169886,ميني ماركت نظام ابو طعيمة ماجد,,,,31.3065043,34.3414873,supermarket,,
OpenStreetMap,n7143027885,ميني ماركت نور الدين عصفور,,,,31.3382513,34.3453233,supermarket,,
OpenStreetMap,n9285617356,ميني ماركت هيثم أبو طويلة,,,,31.4908984,34.4677399,convenience,,
OpenStreetMap,n431913814,ميني ماركت وملحمة الزهراء,,,,31.5447336,35.0961178,supermarket,,
OpenStreetMap,n7141022485,ميني ماركت ياسر ابو عواد,,,,31.3328716,34.3219131,supermarket,,
OpenStreetMap,n7151233285,ناجي ابو روك,,,,31.3025477,34.3600448,supermarket,,
OpenStreetMap,n13601938801,ناصر عوده جمله,,,,32.1824901,34.9736165,supermarket,,
OpenStreetMap,n13569216101,نايف,,,,32.1906503,34.9726557,supermarket,,
OpenStreetMap,n8669779317,نبيل ابوالقمبز,,,,31.4803869,34.4671671,supermarket,,
OpenStreetMap,n8380139317,نحلي,,,,31.6948711,35.1822273,supermarket,,
OpenStreetMap,n8431127917,نديم ماركت,,,,32.1837181,34.9761497,supermarket,,
OpenStreetMap,n6054300186,نسيم,,,,31.4123363,34.977121,supermarket,,
OpenStreetMap,n4375609699,نصار للأدوات المنزلية و مستلزمات المطاعم,,,,31.8933747,35.1894679,supermarket,,
OpenStreetMap,n5830592493,نظال رص رص,,,,31.4765943,35.0663362,supermarket,,
OpenStreetMap,n10004041617,نعيم,,,,32.0367119,35.2624385,supermarket,,
OpenStreetMap,n7791752585,نقطة بيع منتجات مخبز العائلات,,,,31.5023566,34.468155,convenience,,
OpenStreetMap,n5892758988,نمر,,,,31.5201541,34.9760602,supermarket,,
OpenStreetMap,n5304304821,نو نيم,,,,31.9047195,35.2072489,supermarket,,
OpenStreetMap,n8380644422,نواصرة,,,,31.6981094,35.1874771,supermarket,,
OpenStreetMap,n5869034793,نور البلعاوي,,,,32.3299713,35.1154398,convenience,,
OpenStreetMap,n11093399405,نيو لايف مواد تنظيف,,,,32.3844285,35.3252433,supermarket,,
OpenStreetMap,n7557904286,هادي حبوش,,Habosh Street,,31.5235007,34.4372107,supermarket,,
OpenStreetMap,n11101586819,هارون هايبر جنين الجابريات,,,,32.4493955,35.2886253,supermarket,,
OpenStreetMap,n13700965801,هاني ابو دواس ابو العبد,,,,32.3179078,35.378324,supermarket,,
OpenStreetMap,n7728712487,هايبر مول,,شارع النصيرات,,31.4513111,34.3886167,supermarket,,
OpenStreetMap,n4457647492,هللو,,,,31.5314416,34.4445592,convenience,,
OpenStreetMap,n5830592490,هيثم,,,,31.3867533,35.0785867,supermarket,,
OpenStreetMap,n5881467187,هيثم منصور,,,,31.9067755,35.0538449,supermarket,,
OpenStreetMap,n4599483300,واد قانا مول,,,,32.1324173,35.1382717,supermarket,,
OpenStreetMap,n4679301192,وليد ارزيقات,,Taffouh Street,,31.5385096,35.0497509,supermarket,,
OpenStreetMap,n13569368001,وليد عوده,,,,32.1852451,34.9698267,supermarket,,
OpenStreetMap,n8701819617,ومحلات الكمال,,,,32.1314158,35.0205559,supermarket,,
OpenStreetMap,n5892758886,ياسر,,,,31.5202115,34.9765397,supermarket,,
OpenStreetMap,n2167049663,ياسر مول,,,,31.9552917,35.834257,supermarket,,
OpenStreetMap,n8314452821,يافا,,,,32.1854842,34.9734405,supermarket,,
OpenStreetMap,n432330699,يثاله تيسير الحسني,,,,32.2028152,35.1317416,supermarket,,
OpenStreetMap,n8297078122,يزن,,,,32.3845725,35.0649236,supermarket,,
OpenStreetMap,n2778861041,يعقوب للتجارة,,,,32.3849274,35.3240712,supermarket,,
OpenStreetMap,n2769169144,يقالة ايمن,,,,32.3881044,35.3227426,supermarket,,
OpenStreetMap,n5839070593,يمان مول,,,,31.4194376,34.9678307,supermarket,,
OpenStreetMap,n4948907525,يوبر ماركت العربي,,,,31.9037556,35.2129953,supermarket,,
OpenStreetMap,n13619842101,يوسف طه,,,,32.4490579,35.200413,supermarket,,
OpenStreetMap,n8856428617,يونس للسكاكر والحلويات,,,,32.2252029,35.2486435,supermarket,,
OpenStreetMap,n5830592487,١,,,,31.5256267,34.97966,supermarket,,
OpenStreetMap,n5825826254,١,,,,31.43345,34.9214133,supermarket,,
OpenStreetMap,n5828065085,٢بتول,,,,31.4364,34.91621,supermarket,,
OpenStreetMap,n5828065185,٣,,,,31.43766,34.9131367,supermarket,,
OpenStreetMap,n5828065086,٤,,,,31.4523533,34.9257083,supermarket,,
OpenStreetMap,n5828065285,٥,,,,31.45423,34.9268533,supermarket,,
OpenStreetMap,n5830579189,٦,,,,31.506085,34.954105,supermarket,,
OpenStreetMap,n5830596186,٦ ابو يحيى,,,,31.4663083,34.938985,supermarket,,
OpenStreetMap,n5830584188,٨,,,,31.5122217,34.9530883,supermarket,,
OpenStreetMap,n5830579190,٨,,,,31.5133783,34.954565,supermarket,,
OpenStreetMap,n5137539121,‎קינג סטור עכו,,,,32.9253377,35.0825981,supermarket,,http://kingstore.co.il
OpenStreetMap,n13163055001,‎שופרסל שלי,שופרסל,חיים משה שפירא 28,,32.938043,35.0782779,supermarket,,http://shufersal.co.il
OpenStreetMap,n2501079955,,,Palace Street,Accra,29.5277536,35.0032275,supermarket,+233531910910,
OpenStreetMap,n8428748681,,,شارع غازي عربيات,Amman,31.9847106,35.8918429,supermarket,,
OpenStreetMap,w379635452,,,,Amman,31.9677979,35.8794501,convenience,,
OpenStreetMap,n11323145612,Abu Kartouneh market,,شارع عبدالنبي التسعة,Amman,31.9677155,35.8502525,supermarket,,
OpenStreetMap,w200222511,Safeway,,Princess Sumayah El Hassan Street,Amman,31.9548008,35.8563502,supermarket,,
OpenStreetMap,w384841150,Safeway,,,Amman,31.9820538,35.8941742,supermarket,,
OpenStreetMap,n8605540606,ابو اعز سوبرماركت,,شارع عبد اللطيف أبو قورة,Amman,31.9928218,35.8887919,supermarket,,
OpenStreetMap,n6444089520,اسواق عين ساره,,Unamed Road 11,Amman,31.89916,35.8577051,supermarket,+962777272712,
OpenStreetMap,n4318184493,Marina Mini Market,,,Aqaba,29.4080274,34.9786555,convenience,,
OpenStreetMap,n4169824846,Hamad Mini Market,,Jabriat Steet,Burqin,32.4540472,35.2623678,convenience,,
OpenStreetMap,n4172565321,Houf SuperMarket,,Jabriat Steet,Burqin,32.4538853,35.2644036,supermarket,,
OpenStreetMap,w296110612,Enaya Supermarket,,Abu Baker Al-Razi Street,Gaza,31.5265346,34.4433638,supermarket,,
OpenStreetMap,n8775925184,Ten Ten,,شارع جامعة الدول العربية,Gaza,31.5128771,34.4360823,supermarket,,
OpenStreetMap,w1340294900,Dabbach,,Check post interchange,Haifa,32.7900508,35.0292441,supermarket,+972543866520,
OpenStreetMap,n13144383770,טיב טעם,טיב טעם,החרושת 10,Haifa,32.8074143,35.0547469,supermarket,+972(4)8818900,https://www.tivtaam.co.il/
OpenStreetMap,n5851166465,Species and vegetable market,,אילת 36,Holon,32.018539,34.7647799,supermarket,,
OpenStreetMap,w745474568,HIT & RUN Market,,عبدالحميد شرف 1,Irbid,32.5359315,35.8465514,supermarket,21162,
OpenStreetMap,n561130327,Superdeal,,חברון 28,Jerusalem,31.7656895,35.2250787,supermarket,+97226731141,https://www.super-deal.co.il
OpenStreetMap,n2380698679,יוניברס,שופרסל,Akko Road 192,Kiryat Bialik,32.845214,35.091887,supermarket,+972(4)8759986,https://www.shufersal.co.il
OpenStreetMap,n13135687788,Infinity,,קדיש לוז 3,Kiryat Motzkin,32.8377725,35.0844971,convenience,,
OpenStreetMap,n12701793167,Rosman Market,,העמק 1,Migdal HaEmek,32.6927201,35.2297629,supermarket,,
OpenStreetMap,w1360669354,سوبرماركت ياسين,,khallet el Hawa 108,Nabatieh,33.383179,35.4855817,supermarket,,
OpenStreetMap,n8527533535,Ezz-AlMaslamani for Nuts & Chocola,,Ghernata Street,Nablus,32.2219433,35.2586395,supermarket,,
OpenStreetMap,n4839056834,Technolab Electronics,,"Rafedya Street Technolab Electronics, Qutob Building",Nablus,32.2263469,35.2216505,supermarket,,
OpenStreetMap,n4108561816,טיב טעם,טיב טעם,מזא''ה 42,Tel Aviv,32.0659627,34.7768156,supermarket,+97235255444,https://www.tivtaam.co.il
OpenStreetMap,n12073954598,סופר יודה,,מטלון 50,Tel Aviv,32.058894,34.7705294,supermarket,,https://www.yuda.co.il/
OpenStreetMap,n1171637842,ניצת הדובדבן,,פנחס רוזן 72,Tel Aviv - Yafo,32.1147554,34.8257933,supermarket,,
OpenStreetMap,n6975006460,Berlin Levontin,,Mikve Israel St 15,Tel Aviv-Yafo,32.0628273,34.7766883,supermarket,+972 03 9743666,
OpenStreetMap,n7930918978,Supermarché Al Janob,,,Tyr,33.2716477,35.2017439,supermarket,,
OpenStreetMap,n12759644610,Tiny Market,,Majadel,Tyr,33.2367614,35.360261,supermarket,,
OpenStreetMap,n7930918946,الصيرات,,,Tyr,33.271743,35.1980377,supermarket,,
OpenStreetMap,n7930911820,المتجر الأمريكي,,,Tyr,33.2702039,35.203659,supermarket,,
OpenStreetMap,n7680882177,سوبرماركت عز الدين,,,Tyr,33.2681723,35.2073865,supermarket,,
OpenStreetMap,n4488818904,Sunrise,,,Wadi Musa,30.3252372,35.4717754,supermarket,,
OpenStreetMap,n2440957950,,,,Yâtar,33.1552117,35.3304758,supermarket,,
OpenStreetMap,w238773826,gazi super market,,Khaleel Al Salem,amman,31.9993225,35.8659016,supermarket,,
OpenStreetMap,w238773825,ramzi mall,,Khaleel Al Salem,amman,31.9987743,35.8659177,supermarket,,
OpenStreetMap,n4924466663,شركة المشكاة المشهراوي للكهرباء,,شارع جامعة الدول العربية,gaza,31.5097432,34.4332391,supermarket,0594090091,
OpenStreetMap,n7934573789,Rahhal,,,"nabatieh, toul",33.384837,35.4438773,supermarket,,
OpenStreetMap,n7948246974,سوبر ماركت الشلبي,,خلف فندق القصر,nablus,32.2202279,35.2400499,supermarket,,
OpenStreetMap,w966543892,נתיב החסד,נתיב החסד,,אור הגנוז,33.0048246,35.4455169,supermarket,,
OpenStreetMap,n12029425190,KIOSK,,עפרה חזה 1,אור יהודה,32.0350196,34.83317,convenience,,
OpenStreetMap,w367886821,השוק הגדול,,המפעל 3,אור יהודה,32.0347351,34.8487071,supermarket,,
OpenStreetMap,n12123251598,ויקטורי,ויקטורי,הערבה 10,אורנית,32.1294781,34.9953111,supermarket,,https://www.victory.co.il/branch/%D7%90%D7%95%D7%A8%D7%A0%D7%99%D7%AA/
OpenStreetMap,w959763144,יאן משקאות,,הדייג 1,אילת,29.570393,34.9584059,supermarket,+972528887009,www.yane.co.il
OpenStreetMap,w431562800,V מרקט,,וינגייט 66,באר שבע,31.2559651,34.8023039,convenience,,
OpenStreetMap,n4171825093,ויקטורי,ויקטורי,שדרות דוד בן גוריון 15,באר שבע,31.2548211,34.8143539,supermarket,,https://www.victory.co.il
OpenStreetMap,n8926172062,לני מרקט,,שדרות יצחק רגר 187,באר שבע,31.2698955,34.7977253,convenience,,
OpenStreetMap,n6390636586,מיני שני,,בזל 8,באר שבע,31.2486981,34.7894397,general,,
OpenStreetMap,n2961124559,רמי לוי,רמי לוי,תאנה 22,באר-שבע,31.2329007,34.7971242,supermarket,,https://www.rami-levy.co.il
OpenStreetMap,n4860055623,מינימרקט במושב,,,בית הלל,33.2079083,35.6062365,supermarket,,
OpenStreetMap,n5981044014,Yellow,,,בית קמה,31.4427605,34.7643149,convenience,,https://www.yellow.co.il/
OpenStreetMap,n11018839480,שפע ברכה,,נחל גילה 5,בית שמש,31.7108495,34.9930789,supermarket,,
OpenStreetMap,n5548612058,אלונית,,מבצע קדש 60,בני ברק,32.1003172,34.828653,convenience,+972-54-543-8782,
OpenStreetMap,n8626395859,יש חסד,,אהרונוביץ',בני ברק,32.0908505,34.8385354,supermarket,,
OpenStreetMap,n5997852256,מחסני השוק,מחסני השוק,זאב ז'בוטינסקי 128,בני ברק,32.0902269,34.8210207,supermarket,+972-73-322-9608,https://m-shuk.net/
OpenStreetMap,n1819934652,מכולת מוהליבר,,מוהליבר 8,בני ברק,32.0798455,34.8280106,convenience,,
OpenStreetMap,n4512349542,סופר בני תורה,,בארי 6,בני ברק,32.0780345,34.8285566,supermarket,,
OpenStreetMap,n5548612060,רמי לוי,רמי לוי,מבצע קדש 68,בני ברק,32.1015211,34.830848,supermarket,036225494,https://www.rami-levy.co.il
OpenStreetMap,n10087485122,AM:PM,ampm,בן גוריון 115,בת ים,32.0149323,34.7387897,supermarket,,https://www.ampm.co.il/
OpenStreetMap,n4806076423,מאמא האמא של המעדניות,,קוממיות 11,בת ים,32.0058519,34.7436034,convenience,+972-54-881-1959,http://facebook.com/mamaisrael
OpenStreetMap,n8361588704,המכולת של סימון,,,"גבעת ניל""י",32.5479558,35.0415779,supermarket,972525162890,
OpenStreetMap,n5504992343,ברקת,,הזיתים 1,גבעת שמואל,32.0864057,34.8528878,supermarket,,
OpenStreetMap,n5865184874,סופר ברקת,,בן גוריון 11,גבעת שמואל,32.0776136,34.846479,supermarket,+972 3 509 5557,
OpenStreetMap,n12529677699,AM:PM,ampm,עליית הנוער 27,גבעתיים,32.0749121,34.8017018,supermarket,,
OpenStreetMap,n11003504386,Red Market,,כצנלסון 153,גבעתיים,32.0755166,34.8183564,supermarket,,
OpenStreetMap,n6224618572,"סופר רמב""ם",,הצנחנים 11,גבעתיים,32.0707442,34.8065314,supermarket,,
OpenStreetMap,n10106798042,רמי לוי,רמי לוי,בן גוריון 182,גבעתיים,32.0749867,34.8184649,supermarket,,
OpenStreetMap,w689018443,Victory,ויקטורי,פינס,גדרה,31.816487,34.777922,supermarket,,
OpenStreetMap,w628540339,כלבו,,,גניגר,32.6632196,35.2568998,supermarket,,
OpenStreetMap,n2443308116,המינימרקט של הקיבוץ,,,הגושרים,33.2223098,35.6257032,convenience,,
OpenStreetMap,n9570946549,Yellow Market,,הרב קוק 74,הרצליה,32.1633662,34.8304202,convenience,,
OpenStreetMap,n9937793416,סופר יודה,,,הרצליה,32.1654554,34.8370429,supermarket,,https://superyuda.co.il/
OpenStreetMap,n1873146977,סופר עשר,,אבן גבירול 16,הרצליה,32.166927,34.8363946,convenience,,
OpenStreetMap,n9209340351,רמי לוי בשכונה,רמי לוי,,הרצליה,32.1669647,34.8462642,supermarket,,
OpenStreetMap,n4545991537,ברכל הגיבורים,,הגיבורים 51,חדרה,32.4341779,34.9223101,supermarket,,
OpenStreetMap,w283804445,קארפור מרקט,קרפור,הלל יפה 5,חדרה,32.4340988,34.9155532,supermarket,,https://www.carrefour.co.il/
OpenStreetMap,n1994488039,Carrefour,קרפור,ההסתדרות 107,חולון,32.016785,34.7813508,supermarket,,https://www.carrefour.co.il/
OpenStreetMap,n1931903700,גבריאל מרקט,,ההסתדרות 60,חולון,32.0173002,34.7752428,convenience,,
OpenStreetMap,n1520103894,טיב טעם סיטי,טיב טעם,שדרות לוי אשכול 30,חולון,32.0330357,34.7749,supermarket,+97236759444,https://www.tivtaam.co.il
OpenStreetMap,n6015877469,,,צרפת 11-13,חיפה,32.8203877,34.9590584,supermarket,,
OpenStreetMap,n12189772892,AM:PM,ampm,כיכר הרקפות 8,חיפה,32.8078627,34.9761863,supermarket,,
OpenStreetMap,w182191874,מגה בעיר,,הרב רפאל אנקואה 32,חיפה,32.8173989,34.9587139,supermarket,+972 4 833 0655,https://www.mega-bair.co.il/
OpenStreetMap,w1133799731,מרקט הניצנים,,ניצנים 16,חיפה,32.804709,34.9774275,supermarket,+972 52-8026970,
OpenStreetMap,n5034894321,קשת טעמים,,לבונטין 25,חיפה,32.8145318,34.9928845,convenience,,
OpenStreetMap,n7376289969,שופרסל דיל,שופרסל,דרך ארץ 2,חריש,32.4702057,35.0383241,supermarket,,
OpenStreetMap,w446299881,יוחננוף,יוחננוף,החרושת 10,טבריה,32.7792212,35.5028796,supermarket,053-700-2121,
OpenStreetMap,n1368000959,מחסני השוק,מחסני השוק,התמר 2,יוקנעם עילית,32.6591776,35.1046626,supermarket,,
OpenStreetMap,w1192121299,אלונית יסודות,,,יסודות,31.8107615,34.8603441,convenience,,
OpenStreetMap,w1183352250,צרכניית יסודות,,עמוס 6,יסודות,31.8154888,34.864212,supermarket,+972 8 935 0256,
OpenStreetMap,n7257804369,Eshkolet,,פארן 15,ירושלים,31.8006814,35.2263913,supermarket,+972 25816225,https://eshkolet.co.il
OpenStreetMap,w256287953,אושר עד,אושר עד,,ירושלים,31.7849927,35.1836797,supermarket,,https://avipars.github.io/OsherAd/
OpenStreetMap,n12815421939,זול ובגדול,זול ובגדול,"הפלמ""ח",ירושלים,31.7668866,35.2094593,supermarket,,
OpenStreetMap,n11942275506,זול טוב,,שבטי ישראל 48,ירושלים,31.7857632,35.225757,supermarket,,
OpenStreetMap,n4703498060,מינימרקט שחר,,שלום יהודה 30,ירושלים,31.7503244,35.219653,convenience,,
OpenStreetMap,n2015486222,רמי לוי,רמי לוי,החורש 90,ירושלים,31.8092393,35.1941876,supermarket,,
OpenStreetMap,w163460196,שערי רווחה,,ירמיהו 25,ירושלים,31.7919135,35.2046632,supermarket,,
OpenStreetMap,n11413422929,שפע מרקט,,,ירושלים | القدس,31.794752,35.1692503,supermarket,,
OpenStreetMap,n4395761631,קיוסק כוכב יעקב,,כיכר נתנאל,כוכב יעקב,31.879974,35.242834,convenience,,
OpenStreetMap,n13567628621,King Store,,היוצרים 15,כרמיאל,32.925379,35.3127767,supermarket,+972 73 394 7566,
OpenStreetMap,n5302302784,Super Sweets,,שדרות נשיאי ישראל 100,כרמיאל,32.9086943,35.2938652,supermarket,,
OpenStreetMap,n13064186880,סופר רמת רבין,,מבצע אסף 35,כרמיאל,32.9072461,35.2820665,supermarket,+972 4 988 8295,
OpenStreetMap,n5331561907,פיצוציה,,"הפלמ""ח 12",כרמיאל,32.9045856,35.2813505,supermarket,,
OpenStreetMap,n4328348603,קשת טעמים,,היוצרים 7,כרמיאל,32.9233927,35.3070847,supermarket,+972 4 990 5151,https://www.keshet-teamim.co.il
OpenStreetMap,n442370134,רמי לוי,רמי לוי,היוצרים 7,כרמיאל,32.9234845,35.3080088,supermarket,+972 4 770 4413,https://www.rami-levy.co.il
OpenStreetMap,n4329711089,שופרסל דיל,שופרסל,ההגנה 2,כרמיאל,32.9049796,35.2818629,supermarket,+972 4 627 6788,https://www.shufersal.co.il
OpenStreetMap,n3295373361,שופרסל דיל,שופרסל,מעלה כמון 5,כרמיאל,32.9287102,35.3261322,supermarket,+972 4 998 5358,https://www.shufersal.co.il
OpenStreetMap,n5375669034,שפע טעמים,,"הפלמ""ח 12/1",כרמיאל,32.9050254,35.2809572,convenience,,
OpenStreetMap,w384820968,,,תלמים 11,לוד,31.9589659,34.8788647,convenience,,
OpenStreetMap,w384820987,,,תלמים 13,לוד,31.95867,34.878744,convenience,,
OpenStreetMap,w415523188,אושר עד,אושר עד,בת שבע 1,לוד,31.9530081,34.8897124,supermarket,,
OpenStreetMap,n13784522491,אושר עד,אושר עד,האיצטדיון 7,מגדל העמק,32.6693608,35.2375266,supermarket,,
OpenStreetMap,w546669794,מעיין 2000,מעיין 2000,הזית 4,מגדל העמק,32.6758143,35.238501,supermarket,,
OpenStreetMap,n728976432,פז,,המכונאי,מודיעין,31.8893652,34.9600372,convenience,,https://www.paz.co.il
OpenStreetMap,n11044206686,אהבת חסד,,עיון התלמוד 5,מודיעין עילית,31.9232208,35.0483625,supermarket,,
OpenStreetMap,n11255876641,יש חסד,,שערי תשובה,מודיעין עילית,31.923724,35.0433101,supermarket,,
OpenStreetMap,n1517917527,מרכולית מעיין ברוך,,,מעיין ברוך,33.2402042,35.6087655,convenience,,
OpenStreetMap,w1020261731,דבאח ביג מרקט,,תובל 1,מעלות תרשיחא,33.0182482,35.2695243,supermarket,,
OpenStreetMap,n11470112975,Carrefour,קרפור,חושן 1,נס ציונה,31.9220489,34.8101361,convenience,,
OpenStreetMap,n11941182128,סופר ברקת,,סנונית 18,נס ציונה,31.9070607,34.7838758,supermarket,,
OpenStreetMap,n6677172245,מחסני השוק,מחסני השוק,,נשר,32.7785607,35.0403464,supermarket,+972 4 614 2500,https://m-shuk.net/
OpenStreetMap,w67707770,שופרסל דיל אקסטרה,שופרסל,בר יהודה 147,נשר,32.7804708,35.0385325,supermarket,+9724-8209400,https://www.shufersal.co.il
OpenStreetMap,n7071727304,אגם היין,,"ש""י עגנון 3",נתניה,32.2810008,34.8520315,supermarket,,
OpenStreetMap,n7425471494,חד פעמית,,המלאכה,נתניה,32.2846963,34.8608388,convenience,,
OpenStreetMap,n7159018463,טל אופטיקה,,מרכז מסחרי לב יסמין 7,נתניה,32.2837172,34.8533011,general,,https://www.taloptica.co.il/?items=all%3Fmobile%3D0%3Fmobile%3D0%3Fmobile%3D0%3Fmobile%3D0
OpenStreetMap,w916856231,מגה בעיר,,גרינבויים 14,נתניה,32.2951329,34.8506429,supermarket,,
OpenStreetMap,n570691409,מיני מרקט לוניה,,קצנלסון יצחק 24,נתניה,32.2848468,34.8518833,supermarket,,
OpenStreetMap,n696738885,מיני מרקט רומי,,רוטנברג 9,נתניה,32.2803051,34.8538956,supermarket,,
OpenStreetMap,n7049568172,סופר יפרח,,גולדה מאיר 37,נתניה,32.2778289,34.8528506,convenience,,
OpenStreetMap,w490908664,קואופ שופ בכפר,,,עטרת,32.001327,35.175894,supermarket,,http://www.israel.coop
OpenStreetMap,n6174486305,טאקו,,,עידן,30.8059592,35.2996459,supermarket,,
OpenStreetMap,n6174439309,מחסני השוק עין יהב,מחסני השוק,,עין יהב,30.6566951,35.2332536,supermarket,,
OpenStreetMap,n6276897097,קנטינה,,,עין יהב,30.6567736,35.2338181,supermarket,,
OpenStreetMap,n12055379166,בצק סוכר עכו,,הרצל 18,עכו,32.928562,35.0768111,supermarket,0547705719,
OpenStreetMap,n5445252536,Super Park,,רובע יזרעאל 24,עפולה,32.6145242,35.3104326,supermarket,,
OpenStreetMap,w756331053,בר בכיכר,,ירושלים 35,עפולה,32.6048793,35.2903582,convenience,,
OpenStreetMap,n11054040419,Supertal,,אבשלום גיסין 12,פתח תקווה,32.0978156,34.8820585,supermarket,,
OpenStreetMap,n11061951864,בבל מרקט,,אבשלום גיסין 12,פתח תקווה,32.0978188,34.8821926,supermarket,,
OpenStreetMap,w173029492,יינות ביתן,יינות ביתן,"בר כוכבא 61, 63",פתח תקווה,32.0965224,34.8854115,supermarket,,https://www.ybitan.co.il
OpenStreetMap,n5997801254,מפגש מאיר,,יצחק שדה 34,פתח תקווה,32.0874781,34.8777789,convenience,,
OpenStreetMap,n9996593089,פיצוחי המושבה,,אבשלום גיסין 12,פתח תקווה,32.0978503,34.8827838,general,,
OpenStreetMap,w504027723,,,עלייה ב' 6,צפת,32.9654848,35.495745,supermarket,,
OpenStreetMap,w498036984,Stores,,חיים ויצמן,צפת,32.9574453,35.4965665,convenience,,
OpenStreetMap,w497980821,Stores,,חיים ויצמן 20,צפת,32.9577935,35.4978875,convenience,,
OpenStreetMap,n5019604428,בר כל,,"צה""ל 13",צפת,32.964423,35.4922281,supermarket,+972 4 682 6315,
OpenStreetMap,n4961569803,הכי זול,,חיים ויצמן 10,צפת,32.9575513,35.4956582,supermarket,+972 4 697 1284,http://www.super-sapir.co.il/
OpenStreetMap,w497981219,סופר האחים לרדו,,שפרינצק 139,צפת,32.9582156,35.4947185,supermarket,+972 4 697 4865,
OpenStreetMap,w497981220,פוני שיווק והפצה,,שפרינצק 4,צפת,32.9583112,35.4945823,supermarket,+972 4 697 3526,
OpenStreetMap,n8626554284,רב חסד,,ירושלים,צפת,32.9711383,35.4942116,supermarket,,
OpenStreetMap,n2877940114,שופרסל דיל,שופרסל,חיים ויצמן 20,צפת,32.9578091,35.4981852,supermarket,+972 4 682 2099,https://www.shufersal.co.il
OpenStreetMap,n12570908206,אושר עד,אושר עד,שמירה אימבר גדיש,קריית אונו,32.0347097,34.8644922,supermarket,,
OpenStreetMap,n11835613243,טיב טעם,טיב טעם,השדרה האקדמית 4,קריית אונו,32.0357678,34.8651696,supermarket,972-03-7713640,
OpenStreetMap,w229483849,מרכז צבר,,דרך עכו 140,קריית ביאליק,32.836119,35.0852194,supermarket,,
OpenStreetMap,n3666156148,יוחננוף,יוחננוף,תל חי 93,קריית שמונה,33.1967488,35.5699918,supermarket,+9721700550550,https://www.ybitan.co.il
OpenStreetMap,n2697487920,שופרסל דיל,שופרסל,תפוצות ישראל (דרך חיפה) 52,קרית אתא,32.8068901,35.07756,supermarket,,https://www.shufersal.co.il
OpenStreetMap,w191449282,שופרסל דיל,שופרסל,,קרית חיים,32.8156452,35.0508415,supermarket,,https://www.shufersal.co.il
OpenStreetMap,n12434929119,Victory,ויקטורי,שדרות ירושלים 1,קרית מוצקין,32.8587156,35.0923495,supermarket,+972747157250,
OpenStreetMap,n5128934780,MAX,,הנשיא 4,קרית שמונה,33.221097,35.5755327,convenience,+972 4 690 4497,https://www.maxstock.co.il/
OpenStreetMap,w578573097,בל חנות נוחות,,,קרית שמונה,33.2230882,35.5808901,convenience,,
OpenStreetMap,n5137000302,מגה בעיר,,ארלוזורוב 1,קרית שמונה,33.2109087,35.5690509,supermarket,+972 4 695 9995,https://www.mega-bair.co.il/
OpenStreetMap,n5115019353,מינימרקט מור,,יצחק שדה,קרית שמונה,33.2006846,35.5691527,supermarket,+972 4 635 9947,
OpenStreetMap,n5128943161,סופר קופיקס,,הנשיא 4,קרית שמונה,33.2211291,35.5756847,supermarket,+972 9 973 3150,https://cofix.co.il/super-cofix/
OpenStreetMap,n6014899792,ניצת הדובדבן,,מעלה גיא אוני 1,ראש פינה,32.9691438,35.5480414,supermarket,+972 4 852 2809,https://www.nizat.com/
OpenStreetMap,n5613161317,פינקי,,,ראש פינה,32.9684865,35.5486153,convenience,,
OpenStreetMap,n5426555354,Co-Op shop,,הנחשול 30,ראשון לציון,31.9843851,34.7824223,supermarket,,
OpenStreetMap,w92514890,Victory,ויקטורי,הנרי פרנק צבי 39,ראשון לציון,31.9705651,34.8126699,supermarket,0747157225,https://www.victory.co.il
OpenStreetMap,n5426555352,Vitopia Market,,הנחשול 30,ראשון לציון,31.9843785,34.7825388,supermarket,,
OpenStreetMap,n3172049463,אלונית,,השר יעקב קנר 32,ראשון לציון,31.9927314,34.7549982,convenience,,http://www.doralon.co.il/
OpenStreetMap,w114191220,חצי חינם,חצי חינם,"לח""י 16",ראשון לציון,31.9882619,34.7625787,supermarket,,https://www.hazi-hinam.co.il
OpenStreetMap,w369599419,יוחננוף,יוחננוף,משורר השואה 15,ראשון לציון,31.9829121,34.7921533,supermarket,,https://yochananof.co.il/
OpenStreetMap,w254044665,יוניברס,,בנימין שמוטקין 30,ראשון לציון,31.9763097,34.812465,supermarket,,https://www.shufersal.co.il
OpenStreetMap,w333807856,יינות ביתן,יינות ביתן,בנימין שמוטקין 29,ראשון לציון,31.9787184,34.8118264,supermarket,,https://www.ybitan.co.il
OpenStreetMap,w364865077,מעדני מניה,,עין הקורא 19,ראשון לציון,31.9655206,34.8012184,supermarket,,
OpenStreetMap,n3811246516,קשת טעמים,,ברשבסקי 33,ראשון לציון,31.9738468,34.8124599,supermarket,+972-36045538,https://www.keshet-teamim.co.il
OpenStreetMap,n11018657991,Carrefour Market,קרפור,ירושלים 2,רחובות,31.8872706,34.8201367,supermarket,073-245-8375,
OpenStreetMap,n10293137872,יוחננוף,יוחננוף,מוטי קינד 10,רחובות,31.8943344,34.7900165,supermarket,,
OpenStreetMap,n1304774790,AM:PM,ampm,זאב ז'בוטינסקי 86,רמת גן,32.087989,34.8143354,supermarket,,https://www.ampm.co.il/
OpenStreetMap,n6715757542,AM:PM,ampm,אבא הלל 25,רמת גן,32.0870006,34.8051541,supermarket,0732292350,https://www.ampm.co.il/
OpenStreetMap,n3461420326,Carrefour,קרפור,הרצל 75,רמת גן,32.0877052,34.8146919,supermarket,8620*,https://www.carrefour.co.il/
OpenStreetMap,n5997864498,Yellow,,זאב ז'בוטינסקי 66,רמת גן,32.0865099,34.8120508,convenience,,https://www.yellow.co.il/
OpenStreetMap,n6750789332,בקס מרקט,,זאב ז'בוטינסקי 95,רמת גן,32.0886154,34.8146397,supermarket,+972-3-711-8081,becksmarket.shopo.co.il
OpenStreetMap,n8372135123,בקס מרקט,,אבא הלל סילבר 54,רמת גן,32.0893702,34.8095076,supermarket,,becksmarket.shopo.co.il
OpenStreetMap,n765081749,יאלי בשכונה,,שפירא 3,רמת גן,32.0814751,34.8048527,convenience,+972 3 673 1983,
OpenStreetMap,n13619385019,יאלי בשכונה,,"תרע""ד 30",רמת גן,32.0794118,34.8048491,convenience,+972 3 575 7696,
OpenStreetMap,n9774956345,מיניכל אמיר,,ברוריה 5,רמת גן,32.0887518,34.8036079,supermarket,,
OpenStreetMap,n13621628763,מינימרקט ראשונים,,הראשונים 24,רמת גן,32.0798416,34.8036895,convenience,+972 3 575 1252,
OpenStreetMap,n9107204762,מינימרקט רווחה,,אנה פרנק 16,רמת גן,32.0890428,34.8038179,supermarket,03-5755993,
OpenStreetMap,n13110719201,מכולת ירון,,"החי""ל 39",רמת גן,32.0678432,34.8270716,convenience,,
OpenStreetMap,n8634583992,מעדניית המגנט,,הרצל 92,רמת גן,32.088187,34.8148867,convenience,+972-3-670-0830,
OpenStreetMap,n9633886451,קולינריק,,ביאליק 39,רמת גן,32.0833083,34.8143397,supermarket,03 6227456,https://www.kulinarik.co.il/
OpenStreetMap,n2201999723,שופרסל שלי,שופרסל,ביאליק 76,רמת גן,32.0856991,34.8113874,supermarket,,https://www.shufersal.co.il
OpenStreetMap,n2225104014,RED,,אוסטרובסקי 17,רעננה,32.1782963,34.870361,convenience,,
OpenStreetMap,w128810362,רמי לוי,רמי לוי,המסגר 5,רעננה,32.1949101,34.8811636,supermarket,+972 98660530,https://www.rami-levy.co.il
OpenStreetMap,w128810358,שופרסל,שופרסל,החרושת 6,רעננה,32.193255,34.8815415,supermarket,,https://www.shufersal.co.il
OpenStreetMap,n8537137966,AM:PM,ampm,הרצל 114,תל אביב,32.0548624,34.7707349,supermarket,+972 73 229 2311,
OpenStreetMap,n9745625840,AM:PM,ampm,הרצל 61,תל אביב,32.058017,34.7709314,supermarket,+972 73 200 6662,
OpenStreetMap,n5076081316,City Market,ampm,החשמל 11,תל אביב,32.0613739,34.7754964,supermarket,+972 73-229-2353,
OpenStreetMap,n11818013491,Shufersal Express,שופרסל,מאיר יערי 27,תל אביב,32.1004417,34.7878173,supermarket,037780676,
OpenStreetMap,n4790815228,אושר עד,אושר עד,"ד""ר ולטר מוזס 6",תל אביב,32.0672143,34.7942901,supermarket,+97276-8899905,https://avipars.github.io/OsherAd/
OpenStreetMap,n2645120643,שלנו,,שדרות ההשכלה 9,תל אביב,32.0659302,34.7958796,supermarket,,http://shelanoo.co.il/
OpenStreetMap,n13482143250,,,שדרות הר ציון,תל אביב-יפו,32.0577416,34.7768199,convenience,,
OpenStreetMap,n1643304645,7to7,,,תל אביב-יפו,32.0811376,34.7815744,supermarket,,
OpenStreetMap,n3610419430,AM:PM,ampm,אחד העם 9,תל אביב-יפו,32.0644004,34.7694089,supermarket,+972 54 543 8125;+972 73 229 2312,https://www.ampm.co.il/
OpenStreetMap,n12104942465,AM:PM,ampm,י.ל. פרץ 29,תל אביב-יפו,32.059339,34.7758806,supermarket,+972 73 229 2333,
OpenStreetMap,n7011476318,AM:PM,ampm,שאול המלך 41,תל אביב-יפו,32.0779116,34.7908863,supermarket,,
OpenStreetMap,n13664780840,Mama,,העלייה 17,תל אביב-יפו,32.0590219,34.7736584,supermarket,+972 54 641 1531,https://www.mamaonline.co.il/
OpenStreetMap,n1995922015,SoGood,,אילת 43,תל אביב-יפו,32.0584012,34.7647956,convenience,,http://www.sonol.co.il/
OpenStreetMap,n12187673556,Super Cofix,,אלנבי 119,תל אביב-יפו,32.0615164,34.7737492,convenience,,https://cofix.co.il/
OpenStreetMap,n12111434800,Supersix,,הרצל 124,תל אביב-יפו,32.0536675,34.7706677,supermarket,+972 3 527 7773,
OpenStreetMap,n2079194738,Victory,ויקטורי,שלמה 55,תל אביב-יפו,32.055115,34.767284,supermarket,,
OpenStreetMap,n12106424803,Victory,ויקטורי,יהודה הלוי 40,תל אביב-יפו,32.0616119,34.7720085,supermarket,+972 74 715 7185,
OpenStreetMap,n12114357371,Victory,ויקטורי,שדרות רוטשילד 14,תל אביב-יפו,32.0627986,34.7706529,supermarket,+972 74 715 7181,
OpenStreetMap,n11163200118,Victory,ויקטורי,ויצמן 53,תל אביב-יפו,32.0849277,34.789193,supermarket,+972 74 715 7195,
OpenStreetMap,n12952218520,Victory,ויקטורי,הארבעה 6,תל אביב-יפו,32.0703331,34.7833478,supermarket,+972 74 715 7229,https://victory.co.il/branch/%D7%A1%D7%A0%D7%99%D7%A3-%D7%AA%D7%9C-%D7%90%D7%91%D7%99%D7%91/
OpenStreetMap,n2108063237,Yellow,,אילת 35,תל אביב-יפו,32.0580266,34.7637969,convenience,,http://www.yellow.co.il/
OpenStreetMap,n12122753344,ג'ו מרקט,,אילת 58,תל אביב-יפו,32.059502,34.7673126,convenience,,
OpenStreetMap,n12104071470,הדודות,,ויטל חיים 7,תל אביב-יפו,32.0566302,34.7679498,convenience,,
OpenStreetMap,n1678949618,טיב טעם,טיב טעם,החשמונאים 91,תל אביב-יפו,32.069753,34.7830543,supermarket,+972 3 561 5580,https://www.tivtaam.co.il
OpenStreetMap,n10765295517,טיב טעם בעיר,טיב טעם,ארלוזורוב 149,תל אביב-יפו,32.0831341,34.792771,supermarket,+972 3 740 5420,
OpenStreetMap,n11587283905,טיב טעם בעיר,טיב טעם,המסגר 37,תל אביב-יפו,32.0651633,34.785878,supermarket,+972 3 630 8360,
OpenStreetMap,n12083790066,יוחננוף,יוחננוף,אחד העם 14,תל אביב-יפו,32.0634535,34.7692783,supermarket,,
OpenStreetMap,n3461420324,מגה בעיר,,,תל אביב-יפו,32.0938183,34.7920483,supermarket,,https://www.mega-bair.co.il/
OpenStreetMap,n12121493764,מולטי מרקט,,הרצל 37,תל אביב-יפו,32.0596457,34.7707306,convenience,+972 54 488 7533,
OpenStreetMap,n6401692655,מינימרקט לינוי,,גליצנשטיין 2,תל אביב-יפו,32.0814268,34.7834972,supermarket,,
OpenStreetMap,n4108510788,מינימרקט שלנו,,פינסקר 28,תל אביב-יפו,32.0750026,34.7711197,supermarket,,
OpenStreetMap,n13140757960,נון סטופ Market,,פלורנטין 35,תל אביב-יפו,32.0563488,34.7702251,convenience,+972 52 5999 116,
OpenStreetMap,n5245475874,ניו מרקט,,,תל אביב-יפו,32.0840061,34.7889991,supermarket,+97236096003,
OpenStreetMap,n2967584835,סופר אל הים,,הירקון 28,תל אביב-יפו,32.0711312,34.7653289,supermarket,+972 3 5168751,
OpenStreetMap,n12090743599,סופר אל הים,,מטלון 2,תל אביב-יפו,32.058516,34.7685503,supermarket,+972 3 689 1894,
OpenStreetMap,n12135746812,סופר ברקת,,דרך שלמה 54,תל אביב-יפו,32.0547301,34.7689298,supermarket,+972 3 624 4490,https://super-bareket.co.il/
OpenStreetMap,n12809512570,סופר יודה,,ריינס 62,תל אביב-יפו,32.0832252,34.776246,convenience,,
OpenStreetMap,n12114447600,סופר יודה,,נחלת בנימין 37,תל אביב-יפו,32.0657283,34.770784,supermarket,+972 50 253 9357,https://www.yuda.co.il/
OpenStreetMap,n9299631025,סופר יודה,,שדרות בן ציון 3,תל אביב-יפו,32.0740461,34.7761315,supermarket,,https://superyuda.co.il
OpenStreetMap,n12190029402,רמי לוי,רמי לוי,מנחם בגין,תל אביב-יפו,32.0689227,34.7868701,supermarket,,
OpenStreetMap,n2249328555,שופרסל אקספרס,שופרסל,מרמורק 10,תל אביב-יפו,32.0714723,34.7801664,supermarket,+972 3 566 1431,https://www.shufersal.co.il
OpenStreetMap,n8333411060,שופרסל אקספרס,שופרסל,תוספתא 15,תל אביב-יפו,32.0974305,34.7985813,supermarket,,
OpenStreetMap,n8537137963,שופרסל אקספרס,שופרסל,27,תל אביב-יפו,32.0563278,34.7696775,supermarket,+972 3 631 9489,
OpenStreetMap,n11174881987,שופרסל שלי,שופרסל,ויצמן 14,תל אביב-יפו,32.0816763,34.7901714,supermarket,+972 3 609 1193,
OpenStreetMap,n12087602686,שפע טעמים,,המלך ג'ורג' 60,תל אביב-יפו,32.0753748,34.7763902,supermarket,,
OpenStreetMap,w965597199,Avi's Grocery,,,תמרת,32.7041229,35.2264873,supermarket,,
OpenStreetMap,w1456782581,,,,أريحا,31.8676371,35.4572253,supermarket,,
OpenStreetMap,n4951577940,أبو هيثم,,,أريحا,31.8605708,35.4662566,supermarket,,
OpenStreetMap,n432343300,القمر ماركت,,,أريحا,31.8622099,35.4663578,supermarket,,
OpenStreetMap,n432339645,المركز الذهبي,,,أريحا,31.8766998,35.4485138,supermarket,,
OpenStreetMap,n5305964492,النور للتجارة العامة,,,أريحا,31.8494358,35.4512196,supermarket,,
OpenStreetMap,n432335328,بلازا,,,أريحا,31.8592051,35.4554449,supermarket,,
OpenStreetMap,n4464369790,رامي,,,أريحا,31.851747,35.4521191,supermarket,,
OpenStreetMap,w549692330,سوبر ماركت حداد,,شارع بلال,أريحا,31.8666619,35.4529803,supermarket,,
OpenStreetMap,n432344132,سوبرماركت,,,أريحا,31.8552988,35.4625141,supermarket,,
OpenStreetMap,n432336881,سوبرماركت أبو جوهر,,,أريحا,31.8777926,35.4474648,supermarket,,
OpenStreetMap,n5304901290,سوبرماركت أبو لاوي,,,أريحا,31.8728916,35.4457197,supermarket,,
OpenStreetMap,n432344881,سوبرماركت الأنوار,,,أريحا,31.8772885,35.4446148,supermarket,,
OpenStreetMap,n5304908926,سوبرماركت الأنوار,,,أريحا,31.8743295,35.446865,supermarket,,
OpenStreetMap,n432336472,سوبرماركت الاصدقاء,,,أريحا,31.8728637,35.4453344,supermarket,,
OpenStreetMap,n432336406,سوبرماركت الحبايب,,,أريحا,31.8574495,35.4662111,supermarket,,
OpenStreetMap,n432335118,سوبرماركت المجد,,,أريحا,31.8576471,35.4684967,supermarket,,
OpenStreetMap,n5304933597,سوبرماركت ريحان,,,أريحا,31.8781931,35.4501329,supermarket,,
OpenStreetMap,n5304999687,سوبرماركت صالح,,,أريحا,31.8504584,35.4640424,supermarket,,
OpenStreetMap,n4540992164,سوبرماركت عدوي,,,أريحا,31.8690128,35.4430184,supermarket,,
OpenStreetMap,n5304862949,سوبرماركت غزل,,,أريحا,31.8645913,35.4485465,supermarket,,
OpenStreetMap,n5304920117,سوبرماركت مناصرة,,,أريحا,31.8754171,35.4477589,supermarket,,
OpenStreetMap,n432341116,منيماركت فلسطين,,,أريحا,31.8817585,35.4488855,supermarket,,
OpenStreetMap,n4235337289,مول أريحا,,,أريحا,31.8467111,35.450232,supermarket,0599966068,
OpenStreetMap,n5304602272,مينيماركت الطيراوي,,,أريحا,31.8606546,35.4544186,supermarket,,
OpenStreetMap,n6177094185,دجاج عطوي,,,أنصار,33.375942,35.364319,convenience,,
OpenStreetMap,n9591521995,سوبر ماركت ابوجويعد,,ابدر المثلث الغربي,ابدر,32.6567079,35.7787494,supermarket,0772009709,
OpenStreetMap,n9607369380,G mart,,,اربد,32.518607,35.8645308,supermarket,,
OpenStreetMap,w1042143558,mariah market,,شارع المدرسة صيدور,اربد,32.6119617,35.6960835,supermarket,,
OpenStreetMap,n9589555205,بقالة حسين النجار,,محمد علي عبد الله,اربد,32.5715272,35.8527923,convenience,,
OpenStreetMap,n9589555204,بقالة حمودة,,محمد علي عبدالله,اربد,32.5717697,35.8541001,convenience,,
OpenStreetMap,n9607369366,سوبر ماركت ادم2,,الملك عبدالله الثاني بن الحسين,اربد,32.517323,35.8676992,supermarket,,
OpenStreetMap,w1042143556,سوبر ماركت العقرب,,شارع فرعي صيدور,اربد,32.6152368,35.6951607,supermarket,,
OpenStreetMap,w1150288654,محامص الشعب,,شارع وصفي التل,اربد,32.5297835,35.8777062,convenience,,
OpenStreetMap,n13442355426,معاذ السعدون للقرميد والديكور,,ش حذيفة بن اليمان,اربد,32.5626147,35.8721432,general,00962799314867,
OpenStreetMap,n9590345258,اسواق التنافس التجارية,,الشارع الرئسي كفراسد,اربد_كفراسد,32.5900645,35.7164229,supermarket,0772114207,
OpenStreetMap,n4309092596,,,,البيرة,31.8881006,35.2061189,supermarket,,
OpenStreetMap,n4350830452,iFix Computer Store ايفيكس للكمبيوتر,,Nablus Street - شارع نابلس 022412568,البيرة,31.9085409,35.2145957,convenience,022412568,https://www.facebook.com/ifix.pal/
OpenStreetMap,n432295425,سوبرماركت البيرة,,,البيرة,31.9069038,35.2221875,supermarket,,
OpenStreetMap,n4653230492,سوبرماركت عسل وبصل,,,البيرة,31.8894062,35.206217,supermarket,,
OpenStreetMap,n8828054718,سوق الاغوار للخضار والفواكه,,Basheet Street,البيرة,31.9214669,35.2058272,supermarket,0568339771,https://www.facebook.com/Aghwar.Ramallah
OpenStreetMap,n4308401042,عباد الرحمن,,,البيرة,31.8879769,35.2120238,supermarket,,
OpenStreetMap,n4825973264,,,,الجش,33.0207164,35.4509631,supermarket,,
OpenStreetMap,n432544950,بقالة ابومنير,,,الجلمة,32.5080467,35.3128565,supermarket,,
OpenStreetMap,n432544942,بقالة الجلمة,,,الجلمة,32.5075347,35.3147546,supermarket,,
OpenStreetMap,n432544940,ميني ماركت عاصم,,,الجلمة,32.5086795,35.3127192,supermarket,,
OpenStreetMap,n431891310,الجنات,,,الخليل,31.5078665,35.0814473,supermarket,,
OpenStreetMap,n4815202526,الشرفا لصناعة البواري,,ضاحية اسكان البلدية,الخليل,31.5044761,35.0905413,convenience,0595715995,
OpenStreetMap,n7572172711,العكش مول,,شارع الحاووز واد الهرية,الخليل,31.5081601,35.0802443,supermarket,,
OpenStreetMap,n4720677790,النتشة للساعات,,شارع الشلالة القديم 0568511922,الخليل,31.5270831,35.1025772,convenience,0598511922,https://m.facebook.com/النتشة-للساعات-Natsheh-Watches-524612237570005/
OpenStreetMap,n5063573521,بيتنا العامر للسيراميك,,شارع المدينة المنورة,الخليل,31.5434993,35.1052204,convenience,022252583,http://baytouna.ps
OpenStreetMap,n7441369071,سوبر ماركت المجد,,شارع الشهداء,الخليل,31.50717,35.0665984,supermarket,,
OpenStreetMap,n431924894,سوبرماركت الجواد,,,الخليل,31.5030397,35.093799,supermarket,,
OpenStreetMap,n7441369067,سوبرماركت القصور,,شارع الشهداء,الخليل,31.5043242,35.0606233,supermarket,,
OpenStreetMap,n2140096961,قهوة قنيبي,,,الخليل,31.5094064,35.0782614,supermarket,+972 2 2231505,
OpenStreetMap,n431990954,ميني ماركت الوادي,,,الخليل,31.541577,35.110679,supermarket,,
OpenStreetMap,n6164088085,توفير,,,الدوير,33.3954076,35.4195885,supermarket,,
OpenStreetMap,n6177094187,سوبر ماركت الحاج حسين قبيسي,,,الدوير,33.3949221,35.4192907,supermarket,,
OpenStreetMap,w1367348334,محمصة بن بهارات بزورات مكسرات المهدي,,,الدوير,33.3919407,35.4226717,convenience,,
OpenStreetMap,n1811734369,מנטה,,,الرامة,32.9308344,35.3679526,convenience,,
OpenStreetMap,n2045110101,SoGood,,,الرينة,32.7288924,35.3243172,convenience,,
OpenStreetMap,n4328999569,حماد,,,السموع,31.4009642,35.0625605,convenience,,
OpenStreetMap,n4328999570,خضروات وفواكهة,,,السموع,31.4009266,35.0627414,convenience,,
OpenStreetMap,n431896307,سوبرماركت الباسل,,,السموع,31.3942531,35.0709282,supermarket,,
OpenStreetMap,n4326565337,سوبرماركت الجزيرة أبو رامي,,,السموع,31.400772,35.0671572,supermarket,,
OpenStreetMap,n3646474550,سوبرماركت المنتصر,,,السموع,31.4010859,35.0665423,supermarket,+97022266611,
OpenStreetMap,n4329001003,شتات,,,السموع,31.4028351,35.0627667,convenience,,
OpenStreetMap,n4329002397,يوسف سعادة,,,السموع,31.402237,35.0622023,convenience,,
OpenStreetMap,n432269421,سوبرماركت,,,الطيبة‎,31.9544549,35.3010235,supermarket,,
OpenStreetMap,n432293596,سوبرماركت,,,الطيبة‎,31.9548233,35.3003379,supermarket,,
OpenStreetMap,n12089975321,الأمير للأراجيل,,بالقرب من مؤسسة المتقاعدين، القويرة 76910 R826+86 القويرة,العقبه لواء القويرة,29.8011432,35.3106794,supermarket,+962796489565,
OpenStreetMap,n1543980929,Zalloum Groceries,,طريق بيت حنينا,القدس,31.8235006,35.2277833,convenience,,
OpenStreetMap,n1543989050,جورج,,طريق بيت حنينا,القدس,31.8258093,35.2268471,convenience,,
OpenStreetMap,n432270730,سوبرماركت العائلة,,,القدس,31.8707384,35.2221705,supermarket,,
OpenStreetMap,n4653755290,سوبرماركت اليوسف الآي أميني,,,القدس,31.8733043,35.2148656,supermarket,,
OpenStreetMap,n1196970313,سوبرماركت حكم / العكاوي,,,القدس,31.8708793,35.2229404,supermarket,,
OpenStreetMap,n432279872,سوبرماركت يافا,,,القدس,31.8676254,35.2254049,supermarket,,
OpenStreetMap,n2030485817,سوق فيصل الكبير,,,المزرعة,32.9864476,35.0965769,supermarket,,
OpenStreetMap,n9591521996,MAN,,,المزيريب,32.6550917,35.8019297,supermarket,,
OpenStreetMap,n2519566010,سوبر فارم,,,الناصرة,32.697242,35.292805,supermarket,,http://www.super-pharm.co.il
OpenStreetMap,n9596940784,اسواق ورد,,,ايدون,32.5056324,35.8582571,supermarket,,
OpenStreetMap,n9596940785,السعيد,,,ايدون,32.5059985,35.8578247,supermarket,,
OpenStreetMap,n4587746891,أبو خليل,,,باقة الشرقية,32.412884,35.0595951,supermarket,,
OpenStreetMap,n432356846,بقالة,,,باقة الشرقية,32.4143551,35.0573,supermarket,,
OpenStreetMap,n432392106,بقالة,,,باقة الشرقية,32.4143926,35.0572476,supermarket,,
OpenStreetMap,n432261383,سوبرماركت المالكي,,,بتين,31.927092,35.2345779,supermarket,,
OpenStreetMap,n432283561,سوبرماركت بلدنا,,,بتين,31.9253922,35.2402014,supermarket,,
OpenStreetMap,n4288651495,سوبرماركت مروة,,,بنت جبيل,33.1205462,35.4378376,supermarket,,
OpenStreetMap,n431888882,الأقصى للاتصالات,,,بني نعيم,31.5157878,35.163481,convenience,,
OpenStreetMap,n432216112,الأمير للبرفان,,,بني نعيم,31.5165763,35.1641475,convenience,,
OpenStreetMap,n4826892821,الباشا,,,بني نعيم,31.51646,35.1599224,supermarket,,
OpenStreetMap,n432062891,حلويات إيفل,,,بني نعيم,31.516383,35.1598454,convenience,,
OpenStreetMap,n432138209,سوبرماركت أبو النور,,,بني نعيم,31.5163573,35.1607775,convenience,,
OpenStreetMap,n432193475,سوبرماركت الأصدقاء,,,بني نعيم,31.5184351,35.1624288,supermarket,,
OpenStreetMap,n431844101,سوبرماركت الأقصى,,,بني نعيم,31.5127144,35.161574,supermarket,,
OpenStreetMap,n432230456,سوبرماركت الأنوار,,,بني نعيم,31.5172205,35.1670756,supermarket,,
OpenStreetMap,n431874503,سوبرماركت الوان,,,بني نعيم,31.5169843,35.1618017,supermarket,,
OpenStreetMap,n432205272,سوبرماركت ومحامص أبو النور,,,بني نعيم,31.5173263,35.1625276,supermarket,,
OpenStreetMap,n431859972,مؤسسة استهلاكية,,,بني نعيم,31.5174389,35.163983,convenience,,
OpenStreetMap,n432001442,محلات الباشا,,,بني نعيم,31.5168307,35.1637995,convenience,,
OpenStreetMap,n432235376,محلات بني نعيم للادوات الكهربائية,,,بني نعيم,31.5162264,35.1604587,convenience,,
OpenStreetMap,n431869219,مني ماركت,,,بني نعيم,31.5170932,35.1579214,convenience,,
OpenStreetMap,n432067216,مني ماركت,,,بني نعيم,31.51679,35.1581214,convenience,,
OpenStreetMap,n432007938,ميني ماركت صدام,,,بني نعيم,31.5174539,35.1634326,convenience,,
OpenStreetMap,n929196000,Shoes 2000,,Municipility st.,بيت ساحور,31.7046068,35.2151354,convenience,,
OpenStreetMap,n431629783,بقالة ميخائيل,,,بيت ساحور,31.6977814,35.2340706,supermarket,,
OpenStreetMap,n431629745,سوبرماركت ابو سعدى,,,بيت ساحور,31.7025138,35.2199704,supermarket,,
OpenStreetMap,n431624660,سوبرماركت البردويل,,,بيت ساحور,31.7018229,35.2174473,supermarket,,
OpenStreetMap,n431628725,سوبرماركت المجد,,,بيت ساحور,31.6979808,35.2330306,supermarket,,
OpenStreetMap,n1234168267,سوبرماركت سوق الشعب,,شارع القدس,بيت ساحور,31.7048104,35.2186738,supermarket,,
OpenStreetMap,n431630104,سوبرماركت فادي,,شارع المدارس,بيت ساحور,31.7057923,35.219775,supermarket,,
OpenStreetMap,n431828702,سوبرماركت القدس,,,بيت كاحل,31.5694105,35.0707412,supermarket,,
OpenStreetMap,n5058353923,سوبرماركت باسم,,,بيت لحم,31.7029261,35.2115236,supermarket,,
OpenStreetMap,n4807733797,سوبرماركت عواد,,,بيت لحم,31.7221323,35.2035089,supermarket,,
OpenStreetMap,n9591680614,خولة,,شارع البرج,جرش-سوف,32.3177526,35.8447749,supermarket,لا يوجد,
OpenStreetMap,n9591680615,سوبر ماركت عبده,,شارع شرحبيل بن حسنه,جرش-سوف,32.3172321,35.8413282,supermarket,لا يوجد,
OpenStreetMap,n9597231358,اسواق ميسره الزعبي,,وسط البلد,جفين,32.4890869,35.6551234,supermarket,,
OpenStreetMap,n10206960691,سوبر ماركت الهلال,,Fatima Khatoon,جنين,32.4641049,35.2975639,supermarket,+972595779210,https://alhelalmarkt.com/
OpenStreetMap,n9602604500,assfor,,بلاط الشهداء,حي السلام,32.5673865,35.8573824,supermarket,,
OpenStreetMap,n7151298785,عماد أبو روك,,,خزاعة,31.3041665,34.3590129,supermarket,,
OpenStreetMap,n6875431670,سوبر ماركت محمود,,شارع عمر بن الخطاب,دورا,31.5074751,35.0273171,supermarket,,
OpenStreetMap,n4129744598,ملحمة الديك الذهبي,,شارع عمر المختار,دورا,31.5061021,35.0337744,convenience,,
OpenStreetMap,n6875519688,ملحمة حمودة للحوم الطازجة,,شارع عمر بن الخطاب 202,دورا,31.5074582,35.027544,supermarket,,
OpenStreetMap,n4116019791,مني ماركت المنجد,,شارع عمر المختار,دورا,31.5058144,35.0362254,supermarket,,
OpenStreetMap,n4129744597,مني ماركت يافا,,شارع عمر المختار,دورا,31.5060764,35.0339213,supermarket,,
OpenStreetMap,n4691096392,منيماركت حمزة ربعي,,,دورا,31.5005079,35.0318549,supermarket,,
OpenStreetMap,n13730804070,أسواق بوابة الكورة الاستهلاكية,,,دير أبي سعيد,32.5017798,35.6833727,supermarket,+962777746160,
OpenStreetMap,n9599138177,سوبر ماركت ابو عبدالله,,,دير الليات,32.2965817,35.8758528,supermarket,,
OpenStreetMap,n432296361,آدم,,,دير جرير,31.9632256,35.2955055,supermarket,,
OpenStreetMap,n431921927,بقالة,,,دير سامت,31.5204501,34.9770158,supermarket,,
OpenStreetMap,n432086302,سوبرماركت الحروب,,,دير سامت,31.5178161,34.9740208,supermarket,,
OpenStreetMap,n431947623,منيماركت,,,دير سامت,31.5171505,34.9696679,supermarket,,
OpenStreetMap,n432296314,بنك فلسطين,,,رام الله,31.9183073,35.2066524,supermarket,02-2965820,https://www.facebook.com/SuperMarketBrothers
OpenStreetMap,n432266358,سوبرماركت الواحة,,شارع القديس بطرس,رام الله,31.9038133,35.1948454,supermarket,,
OpenStreetMap,n432261899,سوبرماركت كنعان,,,رام الله,31.9191123,35.1828029,supermarket,,
OpenStreetMap,n3476664456,سيا لملابس الاطفال,,شارع الزهراء,رام الله,31.9052875,35.2034735,supermarket,,
OpenStreetMap,n1196970300,غرينلاند,,,رام الله,31.9186423,35.1827234,supermarket,,
OpenStreetMap,n3368359993,تن+,,,رمة الهيب,32.7681356,35.3107223,convenience,,
OpenStreetMap,n2455108641,سوبرماركت ألبرت الحاج,,,رميش,33.0768323,35.3652369,supermarket,,
OpenStreetMap,n5454011422,السوق,,,رهط,31.395314,34.7602148,supermarket,,
OpenStreetMap,n4205904153,دكان تيسير,,,رهط,31.3954037,34.7538626,supermarket,,
OpenStreetMap,n4199639966,دكان زقنة,,,رهط,31.3925824,34.7675144,supermarket,,
OpenStreetMap,n4200354281,دكان سلمان,,,رهط,31.3956778,34.7694904,supermarket,,
OpenStreetMap,n4213069592,زقنة,,,رهط,31.3927461,34.767571,supermarket,,
OpenStreetMap,n4200354263,سيما سنتر,,,رهط,31.3927468,34.7749557,supermarket,,
OpenStreetMap,n4213079389,شوبينغ سنتر,,,رهط,31.3937358,34.7719105,supermarket,,
OpenStreetMap,n4199639973,مركز التسوق,,,رهط,31.3937999,34.7719173,supermarket,,
OpenStreetMap,w419977644,يش,,,رهط,31.3963314,34.7577297,supermarket,,
OpenStreetMap,n4199639958,يش بشخونا,,,رهط,31.3963284,34.7577407,supermarket,,http://www.yesh.co.il
OpenStreetMap,n1290996680,سوبرماركت هاني,,,زبيدات,32.7329166,35.1424597,supermarket,,
OpenStreetMap,n9591637040,فؤاد مول,,طريق جرش - ساكب - عجلون,ساكب,32.2788401,35.808906,supermarket,,
OpenStreetMap,n2301804449,باز,,,سخنين,32.8601778,35.3146852,convenience,,https://www.paz.co.il
OpenStreetMap,n432358024,Minimarket,,شارع القدس,سلفيت,32.0774069,35.1835947,supermarket,,
OpenStreetMap,n432348849,Tal Alrabi',,شارع القدس,سلفيت,32.0767864,35.1807885,supermarket,,
OpenStreetMap,n432353754,بقالة فتحي سليم,,شارع فرنسا,سلفيت,32.0870472,35.1831339,supermarket,,
OpenStreetMap,n5881336385,سوبر,,شارع شهداء الانتفاضة,سلفيت,32.0823398,35.1801446,supermarket,,
OpenStreetMap,n432359849,سوبر ماركت عبادة,,شارع القدس,سلفيت,32.0732977,35.173228,supermarket,,
OpenStreetMap,n5880807787,محمص العودة سلفيت,,شارع شهداء الانتفاضة,سلفيت,32.0826349,35.1808046,supermarket,,
OpenStreetMap,n431714941,مني ماركت حسان,,,سيلة الحارثية,32.5057709,35.2286769,convenience,,
OpenStreetMap,n6851497886,Al Khateeb Minimarket,,,صور,33.2677213,35.1995761,supermarket,,
OpenStreetMap,n940107189,جاباري,,,طمرة‎,32.843376,35.1644828,supermarket,,
OpenStreetMap,n5181447542,هاني ابو دواس,,,طوباس,32.3253194,35.3682466,supermarket,,
OpenStreetMap,n432295778,أبو الامجد,,,عابود,32.0142443,35.0702664,supermarket,,
OpenStreetMap,n432282051,سوبر ماركت,,,عابود,32.0159152,35.0698284,supermarket,,
OpenStreetMap,w420021607,سوبر ماركت ابو الأمين,,,عابود,32.0142241,35.0709095,supermarket,,
OpenStreetMap,n432264276,سوبر ماركت الأراضي المقدسة,,,عابود,32.0157214,35.0676653,supermarket,,
OpenStreetMap,n432286819,سوبرماركت جبل الزيتون,,,عابود,32.0201093,35.0667122,supermarket,,
OpenStreetMap,n432261614,عابود,,,عابود,32.0179725,35.0677375,supermarket,,
OpenStreetMap,n9602561640,ahmad,,alsalheen,عجلون,32.3305895,35.7617393,supermarket,,
OpenStreetMap,w1041662368,omar,,,عجلون,32.3313596,35.7611237,supermarket,,
OpenStreetMap,n9590312765,المؤسسة المدنية الاستهلاكية,,,عجلون - عبين,32.3605285,35.7986608,supermarket,,
OpenStreetMap,n9590312764,سوبر ماركت العلاء,,,عجلون - عبين,32.3615018,35.7969656,supermarket,,
OpenStreetMap,n432544967,سوبرماركت الامير,,,عرانة,32.4963786,35.3220794,supermarket,,
OpenStreetMap,n2291608053,מנטה,,,عرعرة,32.4922049,35.081287,convenience,,
OpenStreetMap,n432303919,سوق الأقصى,,,عزبة سلمان,32.1412936,34.9999582,supermarket,,
OpenStreetMap,n4157632794,Corner Supermarket,,,عمان,31.9543629,35.8919886,supermarket,+96265930637,https://jo.jeeran.com/en/p/corner-supermarket-amman/
OpenStreetMap,n652562222,Loca Shop,,,عمان,31.9554325,35.8911544,convenience,,
OpenStreetMap,n3785020928,Oscar Market,,,عمان,31.965404,35.8592525,supermarket,,
OpenStreetMap,n8602749208,خيرات الجنة,,شارع عامر بن مالك,عمان,31.9822989,35.8478549,supermarket,07 7035 4848,https://www.facebook.com/khairataljanneh/
OpenStreetMap,n4301448541,سوبر ماركت الرشق,,Sawad Bin Amro Street,عمان,31.9972223,35.8960756,convenience,,
OpenStreetMap,n2539792332,محل عبدون للمشروبات الكحولية,,,عمان,31.9479408,35.8918936,supermarket,,
OpenStreetMap,n4478969916,سوبرماركت العكلوك,,Al-Naser Street الكرامة,غزة,31.5442512,34.4673101,supermarket,,
OpenStreetMap,w1421293481,محل ابو عمر صبري,,شارع الصبارنة,قلقيلية,32.1885841,34.970069,convenience,,
OpenStreetMap,n432276955,سوبرماركت كفر عقب,,,قلنديا,31.8694782,35.2279359,supermarket,,
OpenStreetMap,n4455046790,نعيم اللوزي,,,قلنديا,31.8719317,35.2250854,convenience,,
OpenStreetMap,n1804534270,כמא זול מרקט,,,كفر كما,32.7178691,35.4380837,supermarket,,
OpenStreetMap,n2045110113,Yellow,,,كفر كنا,32.7401969,35.334019,convenience,,
OpenStreetMap,n2045110114,مركز كنا,,,كفر كنا,32.7406729,35.3345669,supermarket,,
OpenStreetMap,n9725265369,أبو السعسد,,الشارع الرئيسي,كفراسد,32.6011023,35.7068889,supermarket,,
OpenStreetMap,n5853780046,Truck,,,مجدل شمس,33.2656615,35.7683174,convenience,,
OpenStreetMap,n432289744,,,,مخماس,31.8723757,35.2778557,supermarket,,
OpenStreetMap,n432262600,بقالة,,,مخماس,31.8726254,35.2778632,supermarket,,
OpenStreetMap,n432281420,بقالة,,,مخماس,31.8704472,35.2794404,supermarket,,
OpenStreetMap,n432290931,سوبرماركت الحارة الشرقية,,,مخماس,31.8710253,35.2788739,supermarket,,
OpenStreetMap,n432262728,سوبرماركت زمان,,,مخماس,31.8732791,35.2765438,supermarket,,
OpenStreetMap,n1760624175,,,,مسعدة,33.230462,35.7558735,convenience,,
OpenStreetMap,n4293246690,SoGood,,,معليا,33.0249153,35.2536642,convenience,,
OpenStreetMap,n5352496721,,,,نابلس,32.2193699,35.2599506,convenience,,
OpenStreetMap,n5352367229,,,,نابلس,32.2208242,35.2607922,convenience,,
OpenStreetMap,n4319849733,,,,نابلس,32.221015,35.2587491,supermarket,,
OpenStreetMap,n432123150,Al Jawharah Shops,,,نابلس,32.2239192,35.2524067,convenience,,
OpenStreetMap,n4233723816,Al-Maslamani for Nuts & Chocolate,,,نابلس,32.2224645,35.2576555,supermarket,,
OpenStreetMap,w433074994,Mofeed,,Baker Street,نابلس,32.2210572,35.2694581,supermarket,,
OpenStreetMap,n4769368122,سوبر ماركت اشبيلية,,العامرية,نابلس,32.2192484,35.2208206,supermarket,,
OpenStreetMap,n8328770479,سوبر ماركت العامرية,,العامرية,نابلس,32.2237646,35.2236399,supermarket,,
OpenStreetMap,w914475879,ليل نهار,,شارع رفيديا,نابلس,32.2260447,35.2299093,supermarket,,
OpenStreetMap,n8476971559,محمص القوقا,,شارع غرناطة,نابلس,32.2210228,35.2596937,supermarket,0598211114,
OpenStreetMap,n4675606890,معرض ابو السعود للفرش المنزلي,,Rafedya Street 09-2386832,نابلس,32.2238857,35.2518415,convenience,,
OpenStreetMap,n9591634996,اسواق ابو شاكر,,شارع رئسي,هاشمية,32.3638795,35.6579469,supermarket,,
OpenStreetMap,n9591634997,نهر الخيرات,,شارع رئسي,هاشمية,32.364145,35.659117,supermarket,,
OpenStreetMap,n6851706408,بهاء للدعاية والاعلان,,Main Street,يطا,31.4504458,35.0912634,supermarket,,
OpenStreetMap,n432132819,سوبرماركت شيكاغو,,,يطا,31.446872,35.0850094,supermarket,,
