{
  "type": "FeatureCollection",
  "features": [
    {
      "type": "Feature",
      "geometry": {
        "type": "Point",
        "coordinates": [
          34.803277,
          32.066902
        ]
      },
      "properties": {
        "store_code": "ampm_401",
        "store_name": "AM-PMדרך השלום",
        "chainname": "ampm",
        "subchainname": "AM:PM",
        "storeid": 401.0,
        "address": "דרך השלום 53",
        "city": "גבעתיים",
        "zipcode": 5345433.0,
        "average_price_diff": 8.459293549662396,
        "popular_item_count": 4686
      }
    },
    {
      "type": "Feature",
      "geometry": {
        "type": "Point",
        "coordinates": [
          35.1054986,
          32.8493857
        ]
      },
      "properties": {
        "store_code": "ampm_402",
        "store_name": "AM-PMקרית ביאליק",
        "chainname": "ampm",
        "subchainname": "AM:PM",
        "storeid": 402.0,
        "address": "נעמי שמר 10",
        "city": "קרית ביאליק",
        "zipcode": 2751419.0,
        "average_price_diff": 8.785441418575019,
        "popular_item_count": 4512
      }
    },
    {
      "type": "Feature",
      "geometry": {
        "type": "Point",
        "coordinates": [
          34.99175345298348,
          32.82334041273907
        ]
      },
      "properties": {
        "store_code": "ampm_403",
        "store_name": "AM-PM המושבה הגרמנית",
        "chainname": "ampm",
        "subchainname": "AM:PM",
        "storeid": 403.0,
        "address": "בן גוריון 6",
        "city": "חיפה",
        "zipcode": 3541416.0,
        "average_price_diff": 8.86055688529492,
        "popular_item_count": 4144
      }
    },
    {
      "type": "Feature",
      "geometry": {
        "type": "Point",
        "coordinates": [
          34.99175345298348,
          32.82334041273907
        ]
      },
      "properties": {
        "store_code": "ampm_404",
        "store_name": "AM-PMאח\"י אילת חיפה",
        "chainname": "ampm",
        "subchainname": "AM:PM",
        "storeid": 404.0,
        "address": "אח\"י אילת 22",
        "city": "חיפה",
        "zipcode": 3541416.0,
        "average_price_diff": 9.074522946130624,
        "popular_item_count": 3150
      }
    },
    {
      "type": "Feature",
      "geometry": {
        "type": "Point",
        "coordinates": [
          34.7682159,
          32.0760792
        ]
      },
      "properties": {
        "store_code": "ampm_501",
        "store_name": "Am-pm בן יהודה 30",
        "chainname": "ampm",
        "subchainname": "AM:PM",
        "storeid": 501.0,
        "address": "בן יהודה 30",
        "city": "תל אביב יפו",
        "zipcode": 6380407.0,
        "average_price_diff": 8.829258667945288,
        "popular_item_count": 3992
      }
    },
    {
      "type": "Feature",
      "geometry": {
        "type": "Point",
        "coordinates": [
          34.7744633,
          32.0921006
        ]
      },
      "properties": {
        "store_code": "ampm_504",
        "store_name": "Am-pm נורדאו",
        "chainname": "ampm",
        "subchainname": "AM:PM",
        "storeid": 504.0,
        "address": "בן יהודה 195",
        "city": "תל אביב יפו",
        "zipcode": 6347312.0,
        "average_price_diff": 8.635414727234854,
        "popular_item_count": 4647
      }
    },
    {
      "type": "Feature",
      "geometry": {
        "type": "Point",
        "coordinates": [
          34.7736408,
          32.0624808
        ]
      },
      "properties": {
        "store_code": "ampm_505",
        "store_name": "Am-pmאלנבי",
        "chainname": "ampm",
        "subchainname": "AM:PM",
        "storeid": 505.0,
        "address": "אלנבי 115",
        "city": "תל אביב יפו",
        "zipcode": 6581708.0,
        "average_price_diff": 8.43203797396035,
        "popular_item_count": 4948
      }
    },
    {
      "type": "Feature",
      "geometry": {
        "type": "Point",
        "coordinates": [
          34.7736551,
          32.0718846
        ]
      },
      "properties": {
        "store_code": "ampm_506",
        "store_name": "Am-pm קינג גורג",
        "chainname": "ampm",
        "subchainname": "AM:PM",
        "storeid": 506.0,
        "address": "קינג גורג 24",
        "city": "תל אביב יפו",
        "zipcode": 6326709.0,
        "average_price_diff": 8.921872166689946,
        "popular_item_count": 3917
      }
    },
    {
      "type": "Feature",
      "geometry": {
        "type": "Point",
        "coordinates": [
          34.7728342,
          32.0692713
        ]
      },
      "properties": {
        "store_code": "ampm_507",
        "store_name": "Am-pm 24 שנקין",
        "chainname": "ampm",
        "subchainname": "AM:PM",
        "storeid": 507.0,
        "address": "שנקין 24",
        "city": "תל אביב יפו",
        "zipcode": 6523132.0,
        "average_price_diff": 8.542984680802787,
        "popular_item_count": 4596
      }
    },
    {
      "type": "Feature",
      "geometry": {
        "type": "Point",
        "coordinates": [
          34.7819905,
          32.0729348
        ]
      },
      "properties": {
        "store_code": "ampm_508",
        "store_name": "Am-pm  אבן גבירול",
        "chainname": "ampm",
        "subchainname": "AM:PM",
        "storeid": 508.0,
        "address": "אבן גבירול 14",
        "city": "תל אביב יפו",
        "zipcode": 6407716.0,
        "average_price_diff": 8.764816786255448,
        "popular_item_count": 3953
      }
    },
    {
      "type": "Feature",
      "geometry": {
        "type": "Point",
        "coordinates": [
          34.7775964,
          32.077532
        ]
      },
      "properties": {
        "store_code": "ampm_509",
        "store_name": "Am-pm זמנהוף",
        "chainname": "ampm",
        "subchainname": "AM:PM",
        "storeid": 509.0,
        "address": "קינג גורג 99",
        "city": "תל אביב יפו",
        "zipcode": 6433831.0,
        "average_price_diff": 8.658539723381903,
        "popular_item_count": 4294
      }
    },
    {
      "type": "Feature",
      "geometry": {
        "type": "Point",
        "coordinates": [
          34.7818233,
          32.0670307
        ]
      },
      "properties": {
        "store_code": "ampm_510",
        "store_name": "Am-pm לינקולן",
        "chainname": "ampm",
        "subchainname": "AM:PM",
        "storeid": 510.0,
        "address": "לינקולן 9",
        "city": "תל אביב יפו",
        "zipcode": 0.0,
        "average_price_diff": 8.587424822373317,
        "popular_item_count": 3535
      }
    },
    {
      "type": "Feature",
      "geometry": {
        "type": "Point",
        "coordinates": [
          34.7709586,
          32.0549445
        ]
      },
      "properties": {
        "store_code": "ampm_511",
        "store_name": "Am-pm  הרצל",
        "chainname": "ampm",
        "subchainname": "AM:PM",
        "storeid": 511.0,
        "address": "הרצל 91,עובר להרצל 114)",
        "city": "תל אביב יפו",
        "zipcode": 6655414.0,
        "average_price_diff": 8.540333380763737,
        "popular_item_count": 4185
      }
    },
    {
      "type": "Feature",
      "geometry": {
        "type": "Point",
        "coordinates": [
          34.7696096,
          32.0640664
        ]
      },
      "properties": {
        "store_code": "ampm_512",
        "store_name": "Am-pm  כל-בו שלום",
        "chainname": "ampm",
        "subchainname": "AM:PM",
        "storeid": 512.0,
        "address": "אחד העם 9",
        "city": "תל אביב יפו",
        "zipcode": 6525101.0,
        "average_price_diff": 8.484307782411847,
        "popular_item_count": 5307
      }
    },
    {
      "type": "Feature",
      "geometry": {
        "type": "Point",
        "coordinates": [
          34.76826740000001,
          32.0572752
        ]
      },
      "properties": {
        "store_code": "ampm_513",
        "store_name": "Am-pm פרנקל",
        "chainname": "ampm",
        "subchainname": "AM:PM",
        "storeid": 513.0,
        "address": "פרנקל 15",
        "city": "תל אביב יפו",
        "zipcode": 6608419.0,
        "average_price_diff": 8.569300188719906,
        "popular_item_count": 4488
      }
    },
    {
      "type": "Feature",
      "geometry": {
        "type": "Point",
        "coordinates": [
          34.7739473,
          32.0821944
        ]
      },
      "properties": {
        "store_code": "ampm_514",
        "store_name": "Am-pm גורדון",
        "chainname": "ampm",
        "subchainname": "AM:PM",
        "storeid": 514.0,
        "address": "דיזנגוף 136",
        "city": "תל אביב יפו",
        "zipcode": 6346109.0,
        "average_price_diff": 8.563199795263552,
        "popular_item_count": 4607
      }
    },
    {
      "type": "Feature",
      "geometry": {
        "type": "Point",
        "coordinates": [
          34.8144138,
          32.0879734
        ]
      },
      "properties": {
        "store_code": "ampm_517",
        "store_name": "Am-pm זבוטינסקי ר\"ג",
        "chainname": "ampm",
        "subchainname": "AM:PM",
        "storeid": 517.0,
        "address": "זבוטינסקי 86",
        "city": "רמת גן",
        "zipcode": 5244215.0,
        "average_price_diff": 8.735173005589342,
        "popular_item_count": 4448
      }
    },
    {
      "type": "Feature",
      "geometry": {
        "type": "Point",
        "coordinates": [
          34.782656,
          32.0883128
        ]
      },
      "properties": {
        "store_code": "ampm_518",
        "store_name": "Am-pm זבוטינסקי ת\"א",
        "chainname": "ampm",
        "subchainname": "AM:PM",
        "storeid": 518.0,
        "address": "אבן גבירול 136",
        "city": "תל אביב יפו",
        "zipcode": 6296601.0,
        "average_price_diff": 8.549237661385533,
        "popular_item_count": 4024
      }
    },
    {
      "type": "Feature",
      "geometry": {
        "type": "Point",
        "coordinates": [
          34.799186,
          32.075597
        ]
      },
      "properties": {
        "store_code": "ampm_519",
        "store_name": "Am-pm נחלת יצחק",
        "chainname": "ampm",
        "subchainname": "AM:PM",
        "storeid": 519.0,
        "address": "נחלת יצחק",
        "city": "תל אביב יפו",
        "zipcode": 6744809.0,
        "average_price_diff": 8.430807190026128,
        "popular_item_count": 4895
      }
    },
    {
      "type": "Feature",
      "geometry": {
        "type": "Point",
        "coordinates": [
          34.7693743,
          32.0795508
        ]
      },
      "properties": {
        "store_code": "ampm_524",
        "store_name": "Am-pm בן יהודה 61",
        "chainname": "ampm",
        "subchainname": "AM:PM",
        "storeid": 524.0,
        "address": "בן יהודה 61",
        "city": "תל אביב יפו",
        "zipcode": 3275.0,
        "average_price_diff": 9.258929288585808,
        "popular_item_count": 3563
      }
    },
    {
      "type": "Feature",
      "geometry": {
        "type": "Point",
        "coordinates": [
          34.8205539,
          32.0813031
        ]
      },
      "properties": {
        "store_code": "ampm_529",
        "store_name": "Am-pm בן גוריון",
        "chainname": "ampm",
        "subchainname": "AM:PM",
        "storeid": 529.0,
        "address": "בן גוריון 119",
        "city": "בת ים",
        "zipcode": 5956005.0,
        "average_price_diff": 8.69093825892353,
        "popular_item_count": 3890
      }
    },
    {
      "type": "Feature",
      "geometry": {
        "type": "Point",
        "coordinates": [
          34.8159154,
          32.0766339
        ]
      },
      "properties": {
        "store_code": "ampm_531",
        "store_name": "Am-pmכצנלסון גבעתיים",
        "chainname": "ampm",
        "subchainname": "AM:PM",
        "storeid": 531.0,
        "address": "כצנלסון 129",
        "city": "גבעתיים",
        "zipcode": 5327314.0,
        "average_price_diff": 8.6897356533549,
        "popular_item_count": 4512
      }
    },
    {
      "type": "Feature",
      "geometry": {
        "type": "Point",
        "coordinates": [
          34.7717635,
          32.0760008
        ]
      },
      "properties": {
        "store_code": "ampm_534",
        "store_name": "Am-pm בוגרשוב",
        "chainname": "ampm",
        "subchainname": "AM:PM",
        "storeid": 534.0,
        "address": "בוגרשוב 49",
        "city": "תל אביב יפו",
        "zipcode": 6314513.0,
        "average_price_diff": 8.933163919383867,
        "popular_item_count": 3345
      }
    },
    {
      "type": "Feature",
      "geometry": {
        "type": "Point",
        "coordinates": [
          34.7773662,
          32.0684191
        ]
      },
      "properties": {
        "store_code": "ampm_535",
        "store_name": "Am-pm שנקין59",
        "chainname": "ampm",
        "subchainname": "AM:PM",
        "storeid": 535.0,
        "address": "שנקין 59",
        "city": "תל אביב יפו",
        "zipcode": 6523313.0,
        "average_price_diff": 8.869239572763123,
        "popular_item_count": 3783
      }
    },
    {
      "type": "Feature",
      "geometry": {
        "type": "Point",
        "coordinates": [
          34.8098643,
          32.0845621
        ]
      },
      "properties": {
        "store_code": "ampm_536",
        "store_name": "Am-pmזבוטינסקי 44",
        "chainname": "ampm",
        "subchainname": "AM:PM",
        "storeid": 536.0,
        "address": "זבוטינסקי 44",
        "city": "רמת גן",
        "zipcode": 5248504.0,
        "average_price_diff": 8.663069455273298,
        "popular_item_count": 4371
      }
    },
    {
      "type": "Feature",
      "geometry": {
        "type": "Point",
        "coordinates": [
          34.83977369999999,
          32.1668362
        ]
      },
      "properties": {
        "store_code": "ampm_537",
        "store_name": "Am-pm סוקולוב הרצליה",
        "chainname": "ampm",
        "subchainname": "AM:PM",
        "storeid": 537.0,
        "address": "סוקולוב 10",
        "city": "הרצליה",
        "zipcode": 4649713.0,
        "average_price_diff": 8.65671761595887,
        "popular_item_count": 4445
      }
    },
    {
      "type": "Feature",
      "geometry": {
        "type": "Point",
        "coordinates": [
          34.7887382,
          32.0650742
        ]
      },
      "properties": {
        "store_code": "ampm_540",
        "store_name": "Am-pm טברסקי",
        "chainname": "ampm",
        "subchainname": "AM:PM",
        "storeid": 540.0,
        "address": "יצחק שדה 35",
        "city": "תל אביב יפו",
        "zipcode": 6721309.0,
        "average_price_diff": 8.897544362194726,
        "popular_item_count": 3760
      }
    },
    {
      "type": "Feature",
      "geometry": {
        "type": "Point",
        "coordinates": [
          34.790122,
          32.0699793
        ]
      },
      "properties": {
        "store_code": "ampm_542",
        "store_name": "Am-pm שד יהודית",
        "chainname": "ampm",
        "subchainname": "AM:PM",
        "storeid": 542.0,
        "address": "שד יהודית 16",
        "city": "תל אביב יפו",
        "zipcode": 6701618.0,
        "average_price_diff": 8.636624687889823,
        "popular_item_count": 3800
      }
    },
    {
      "type": "Feature",
      "geometry": {
        "type": "Point",
        "coordinates": [
          34.7973754,
          32.1065947
        ]
      },
      "properties": {
        "store_code": "ampm_544",
        "store_name": "Am-pm ברודצקי",
        "chainname": "ampm",
        "subchainname": "AM:PM",
        "storeid": 544.0,
        "address": "ברודצקי 15",
        "city": "תל אביב יפו",
        "zipcode": 6905126.0,
        "average_price_diff": 9.03742065186789,
        "popular_item_count": 4101
      }
    },
    {
      "type": "Feature",
      "geometry": {
        "type": "Point",
        "coordinates": [
          34.8114628,
          32.180388
        ]
      },
      "properties": {
        "store_code": "ampm_545",
        "store_name": "Am-pm הנשיא הרצליה",
        "chainname": "ampm",
        "subchainname": "AM:PM",
        "storeid": 545.0,
        "address": "הנשיא יצחק בן צבי 75",
        "city": "הרצליה",
        "zipcode": 4639975.0,
        "average_price_diff": 8.568717946823844,
        "popular_item_count": 4935
      }
    },
    {
      "type": "Feature",
      "geometry": {
        "type": "Point",
        "coordinates": [
          34.873857,
          32.0291382
        ]
      },
      "properties": {
        "store_code": "ampm_548",
        "store_name": "Am-pm נווה מונסון",
        "chainname": "ampm",
        "subchainname": "AM:PM",
        "storeid": 548.0,
        "address": "רחוב השקד 30",
        "city": "יהוד מונוסון",
        "zipcode": 6019000.0,
        "average_price_diff": 8.65555303887791,
        "popular_item_count": 4241
      }
    },
    {
      "type": "Feature",
      "geometry": {
        "type": "Point",
        "coordinates": [
          34.9024585,
          32.1623925
        ]
      },
      "properties": {
        "store_code": "ampm_549",
        "store_name": "Am-pm הוד השרון",
        "chainname": "ampm",
        "subchainname": "AM:PM",
        "storeid": 549.0,
        "address": "סוקולוב 11",
        "city": "הוד השרון",
        "zipcode": 0.0,
        "average_price_diff": 8.83615535543945,
        "popular_item_count": 4241
      }
    },
    {
      "type": "Feature",
      "geometry": {
        "type": "Point",
        "coordinates": [
          34.7918755,
          31.9306019
        ]
      },
      "properties": {
        "store_code": "ampm_551",
        "store_name": "Am-pm הדר נס ציונה",
        "chainname": "ampm",
        "subchainname": "AM:PM",
        "storeid": 551.0,
        "address": "השייטת 4",
        "city": "נס ציונה",
        "zipcode": 7420812.0,
        "average_price_diff": 8.780156240013332,
        "popular_item_count": 4217
      }
    },
    {
      "type": "Feature",
      "geometry": {
        "type": "Point",
        "coordinates": [
          34.8244931,
          32.1179986
        ]
      },
      "properties": {
        "store_code": "ampm_554",
        "store_name": "Am-pm ווינשל",
        "chainname": "ampm",
        "subchainname": "AM:PM",
        "storeid": 554.0,
        "address": "וינשל 6",
        "city": "תל אביב יפו",
        "zipcode": 6941331.0,
        "average_price_diff": 8.879598284644322,
        "popular_item_count": 4189
      }
    },
    {
      "type": "Feature",
      "geometry": {
        "type": "Point",
        "coordinates": [
          34.801658,
          32.074846
        ]
      },
      "properties": {
        "store_code": "ampm_556",
        "store_name": "Am- pm עליית הנוער",
        "chainname": "ampm",
        "subchainname": "AM:PM",
        "storeid": 556.0,
        "address": "עליית הנוער 27",
        "city": "גבעתיים",
        "zipcode": 5340101.0,
        "average_price_diff": 8.477426272759372,
        "popular_item_count": 5058
      }
    },
    {
      "type": "Feature",
      "geometry": {
        "type": "Point",
        "coordinates": [
          34.7815376,
          32.0849352
        ]
      },
      "properties": {
        "store_code": "ampm_557",
        "store_name": "Am-pm אבן גבירול 91",
        "chainname": "ampm",
        "subchainname": "AM:PM",
        "storeid": 557.0,
        "address": "אבן גבירול 91",
        "city": "תל אביב יפו",
        "zipcode": 6404619.0,
        "average_price_diff": 9.474469643545682,
        "popular_item_count": 2841
      }
    },
    {
      "type": "Feature",
      "geometry": {
        "type": "Point",
        "coordinates": [
          34.8335267,
          32.1096985
        ]
      },
      "properties": {
        "store_code": "ampm_558",
        "store_name": "Am-pm המלכות",
        "chainname": "ampm",
        "subchainname": "AM:PM",
        "storeid": 558.0,
        "address": "הרוגי המלכות 9 שיכון דן",
        "city": "תל אביב יפו",
        "zipcode": 6971409.0,
        "average_price_diff": 8.75179962355039,
        "popular_item_count": 3968
      }
    },
    {
      "type": "Feature",
      "geometry": {
        "type": "Point",
        "coordinates": [
          34.7820237,
          32.0708973
        ]
      },
      "properties": {
        "store_code": "ampm_560",
        "store_name": "AMPMיהודה הלוי",
        "chainname": "ampm",
        "subchainname": "AM:PM",
        "storeid": 560.0,
        "address": "יהודה הלוי 114",
        "city": "תל אביב יפו",
        "zipcode": 6527614.0,
        "average_price_diff": 8.843104268803012,
        "popular_item_count": 4275
      }
    },
    {
      "type": "Feature",
      "geometry": {
        "type": "Point",
        "coordinates": [
          34.7848105,
          32.0695981
        ]
      },
      "properties": {
        "store_code": "ampm_563",
        "store_name": "Am-pm החשמונאים",
        "chainname": "ampm",
        "subchainname": "AM:PM",
        "storeid": 563.0,
        "address": "החשמונאים 105",
        "city": "תל אביב יפו",
        "zipcode": 6713320.0,
        "average_price_diff": 8.914528314860618,
        "popular_item_count": 4349
      }
    },
    {
      "type": "Feature",
      "geometry": {
        "type": "Point",
        "coordinates": [
          34.8053883,
          32.08706220000001
        ]
      },
      "properties": {
        "store_code": "ampm_564",
        "store_name": "Am-pm אבא הלל",
        "chainname": "ampm",
        "subchainname": "AM:PM",
        "storeid": 564.0,
        "address": "אבא הלל 25",
        "city": "רמת גן",
        "zipcode": 5252215.0,
        "average_price_diff": 8.501428569938442,
        "popular_item_count": 4978
      }
    },
    {
      "type": "Feature",
      "geometry": {
        "type": "Point",
        "coordinates": [
          34.8245566,
          32.1132571
        ]
      },
      "properties": {
        "store_code": "ampm_566",
        "store_name": "Am-pm קהילת סלוניקי",
        "chainname": "ampm",
        "subchainname": "AM:PM",
        "storeid": 566.0,
        "address": "קהילת סלוניקי 11",
        "city": "תל אביב יפו",
        "zipcode": 6951311.0,
        "average_price_diff": 8.58409991399479,
        "popular_item_count": 4544
      }
    },
    {
      "type": "Feature",
      "geometry": {
        "type": "Point",
        "coordinates": [
          34.771245,
          32.0677788
        ]
      },
      "properties": {
        "store_code": "ampm_568",
        "store_name": "Am-pmאלנבי 69",
        "chainname": "ampm",
        "subchainname": "AM:PM",
        "storeid": 568.0,
        "address": "אלנבי 69",
        "city": "תל אביב יפו",
        "zipcode": 6513408.0,
        "average_price_diff": 9.058693881545093,
        "popular_item_count": 3607
      }
    },
    {
      "type": "Feature",
      "geometry": {
        "type": "Point",
        "coordinates": [
          34.82280009999999,
          32.0891743
        ]
      },
      "properties": {
        "store_code": "ampm_571",
        "store_name": "Am-pmבן גוריון בת ים",
        "chainname": "ampm",
        "subchainname": "AM:PM",
        "storeid": 571.0,
        "address": "בן גוריון 47",
        "city": "בת ים",
        "zipcode": 5932204.0,
        "average_price_diff": 9.002394704902876,
        "popular_item_count": 3939
      }
    },
    {
      "type": "Feature",
      "geometry": {
        "type": "Point",
        "coordinates": [
          34.8090555,
          32.081034
        ]
      },
      "properties": {
        "store_code": "ampm_576",
        "store_name": "AMPM ארלוזורוב 52",
        "chainname": "ampm",
        "subchainname": "AM:PM",
        "storeid": 576.0,
        "address": "ארלוזורוב 52",
        "city": "רמת גן",
        "zipcode": 5248183.0,
        "average_price_diff": 8.490561294317674,
        "popular_item_count": 4994
      }
    },
    {
      "type": "Feature",
      "geometry": {
        "type": "Point",
        "coordinates": [
          34.7699812,
          32.0706039
        ]
      },
      "properties": {
        "store_code": "ampm_577",
        "store_name": "AMPM אלנבי 56",
        "chainname": "ampm",
        "subchainname": "AM:PM",
        "storeid": 577.0,
        "address": "אלנבי 56 תל אביב",
        "city": "תל אביב יפו",
        "zipcode": 6382206.0,
        "average_price_diff": 9.050860517731778,
        "popular_item_count": 3943
      }
    },
    {
      "type": "Feature",
      "geometry": {
        "type": "Point",
        "coordinates": [
          34.7828125,
          32.0919612
        ]
      },
      "properties": {
        "store_code": "ampm_578",
        "store_name": "AMPM הקסטל",
        "chainname": "ampm",
        "subchainname": "AM:PM",
        "storeid": 578.0,
        "address": "אבן גבירול 161",
        "city": "תל אביב יפו",
        "zipcode": 6203303.0,
        "average_price_diff": 8.567667803550627,
        "popular_item_count": 4440
      }
    },
    {
      "type": "Feature",
      "geometry": {
        "type": "Point",
        "coordinates": [
          34.7412609,
          32.0070868
        ]
      },
      "properties": {
        "store_code": "ampm_579",
        "store_name": "AM-PM הקוממיות 16",
        "chainname": "ampm",
        "subchainname": "AM:PM",
        "storeid": 579.0,
        "address": "הקוממיות 16",
        "city": "בת ים",
        "zipcode": 967558.0,
        "average_price_diff": 8.89064657343875,
        "popular_item_count": 4354
      }
    },
    {
      "type": "Feature",
      "geometry": {
        "type": "Point",
        "coordinates": [
          34.9924911,
          32.7670184
        ]
      },
      "properties": {
        "store_code": "ampm_580",
        "store_name": "AM-PM דניה",
        "chainname": "ampm",
        "subchainname": "AM:PM",
        "storeid": 580.0,
        "address": "אנטוורפן 56",
        "city": "חיפה",
        "zipcode": 3490101.0,
        "average_price_diff": 9.145547993644465,
        "popular_item_count": 3193
      }
    },
    {
      "type": "Feature",
      "geometry": {
        "type": "Point",
        "coordinates": [
          34.7441294,
          31.8651287
        ]
      },
      "properties": {
        "store_code": "ampm_581",
        "store_name": "Am-pm-העצמאות",
        "chainname": "ampm",
        "subchainname": "AM:PM",
        "storeid": 581.0,
        "address": "עצמאות 61",
        "city": "יבנה",
        "zipcode": 3303331.0,
        "average_price_diff": 9.18568045639986,
        "popular_item_count": 3364
      }
    },
    {
      "type": "Feature",
      "geometry": {
        "type": "Point",
        "coordinates": [
          34.8936729,
          32.1772118
        ]
      },
      "properties": {
        "store_code": "ampm_582",
        "store_name": "טשרניחובסקי כ\"ס",
        "chainname": "ampm",
        "subchainname": "AM:PM",
        "storeid": 582.0,
        "address": "טשרניחובסקי 24",
        "city": "כפר סבא",
        "zipcode": 4427112.0,
        "average_price_diff": 8.551540590756854,
        "popular_item_count": 4360
      }
    },
    {
      "type": "Feature",
      "geometry": {
        "type": "Point",
        "coordinates": [
          34.8638919,
          32.0548391
        ]
      },
      "properties": {
        "store_code": "ampm_583",
        "store_name": "AM-PM קריית אונו",
        "chainname": "ampm",
        "subchainname": "AM:PM",
        "storeid": 583.0,
        "address": "שלמה המלך 40",
        "city": "קרית אונו",
        "zipcode": 5542136.0,
        "average_price_diff": 9.02010408610194,
        "popular_item_count": 3502
      }
    },
    {
      "type": "Feature",
      "geometry": {
        "type": "Point",
        "coordinates": [
          34.9859807,
          32.7880474
        ]
      },
      "properties": {
        "store_code": "ampm_591",
        "store_name": "מוריה חיפה AM-PM",
        "chainname": "ampm",
        "subchainname": "AM:PM",
        "storeid": 591.0,
        "address": "שדרות מוריה 128 - חיפה",
        "city": "חיפה",
        "zipcode": 3461818.0,
        "average_price_diff": 8.865919477635554,
        "popular_item_count": 3722
      }
    },
    {
      "type": "Feature",
      "geometry": {
        "type": "Point",
        "coordinates": [
          34.9109822,
          32.438695
        ]
      },
      "properties": {
        "store_code": "ampm_594",
        "store_name": "AMPM חדרה",
        "chainname": "ampm",
        "subchainname": "AM:PM",
        "storeid": 594.0,
        "address": "הרברט סמואל 1 חדרה",
        "city": "חדרה",
        "zipcode": 3836261.0,
        "average_price_diff": 8.934787734325177,
        "popular_item_count": 3646
      }
    },
    {
      "type": "Feature",
      "geometry": {
        "type": "Point",
        "coordinates": [
          34.7399987,
          32.0206943
        ]
      },
      "properties": {
        "store_code": "ampm_595",
        "store_name": "AM-PMזבוטינסקי בת ים",
        "chainname": "ampm",
        "subchainname": "AM:PM",
        "storeid": 595.0,
        "address": "זבוטינסקי 2 בת ים",
        "city": "בת ים",
        "zipcode": 0.0,
        "average_price_diff": 8.605852805636523,
        "popular_item_count": 4740
      }
    },
    {
      "type": "Feature",
      "geometry": {
        "type": "Point",
        "coordinates": [
          34.9758596,
          32.8079731
        ]
      },
      "properties": {
        "store_code": "ampm_596",
        "store_name": "AM-PM אילנות חיפה",
        "chainname": "ampm",
        "subchainname": "AM:PM",
        "storeid": 596.0,
        "address": "אילנות 2 חיפה",
        "city": "חיפה",
        "zipcode": 3432404.0,
        "average_price_diff": 8.800732815766153,
        "popular_item_count": 3870
      }
    },
    {
      "type": "Feature",
      "geometry": {
        "type": "Point",
        "coordinates": [
          34.75648320000001,
          32.0402655
        ]
      },
      "properties": {
        "store_code": "ampm_597",
        "store_name": "AM-PM נרקיסים",
        "chainname": "ampm",
        "subchainname": "AM:PM",
        "storeid": 597.0,
        "address": "שדרות ירושלים 155",
        "city": "תל אביב יפו",
        "zipcode": 7500234.0,
        "average_price_diff": 7.553908176091236,
        "popular_item_count": 3986
      }
    },
    {
      "type": "Feature",
      "geometry": {
        "type": "Point",
        "coordinates": [
          34.9666721,
          32.7498722
        ]
      },
      "properties": {
        "store_code": "ampm_599",
        "store_name": "AM-PM טירת הכרמל",
        "chainname": "ampm",
        "subchainname": "AM:PM",
        "storeid": 599.0,
        "address": "מנחם בגין 53",
        "city": "טירת הכרמל",
        "zipcode": 0.0,
        "average_price_diff": 8.895052347065121,
        "popular_item_count": 3581
      }
    },
    {
      "type": "Feature",
      "geometry": {
        "type": "Point",
        "coordinates": [
          34.586559,
          31.6690874
        ]
      },
      "properties": {
        "store_code": "car_0002",
        "store_name": "מרקט אשקלון החאן",
        "chainname": "קרפור",
        "subchainname": "קרפור מרקט",
        "storeid": 2.0,
        "address": "הרצל 33",
        "city": "אשקלון",
        "zipcode": 7860132.0,
        "average_price_diff": 12.219024296304974,
        "popular_item_count": 2211
      }
    },
    {
      "type": "Feature",
      "geometry": {
        "type": "Point",
        "coordinates": [
          34.6023671,
          31.6682664
        ]
      },
      "properties": {
        "store_code": "car_0004",
        "store_name": "אשקלון צפוני",
        "chainname": "קרפור",
        "subchainname": "קרפור היפר",
        "storeid": null,
        "address": "הפנינים 28",
        "city": "אשקלון",
        "zipcode": 7863636.0,
        "average_price_diff": -4.712513947041916,
        "popular_item_count": 7358
      }
    },
    {
      "type": "Feature",
      "geometry": {
        "type": "Point",
        "coordinates": [
          34.6563563,
          31.8122249
        ]
      },
      "properties": {
        "store_code": "car_0006",
        "store_name": "אשדוד אורגים",
        "chainname": "קרפור",
        "subchainname": "קרפור היפר",
        "storeid": null,
        "address": "האורגים 13",
        "city": "אשדוד",
        "zipcode": 7760924.0,
        "average_price_diff": -5.103320870301542,
        "popular_item_count": 5470
      }
    },
    {
      "type": "Feature",
      "geometry": {
        "type": "Point",
        "coordinates": [
          34.88363940000001,
          32.1958481
        ]
      },
      "properties": {
        "store_code": "car_0009",
        "store_name": "היפר רעננה רמה",
        "chainname": "קרפור",
        "subchainname": "קרפור היפר",
        "storeid": 9.0,
        "address": "זרחין 12",
        "city": "רעננה",
        "zipcode": 4320906.0,
        "average_price_diff": -4.627459617670565,
        "popular_item_count": 7541
      }
    },
    {
      "type": "Feature",
      "geometry": {
        "type": "Point",
        "coordinates": [
          34.933172,
          32.176305
        ]
      },
      "properties": {
        "store_code": "car_0010",
        "store_name": "כפר סבא",
        "chainname": "קרפור",
        "subchainname": "קרפור",
        "storeid": 10.0,
        "address": "השקמה 21",
        "city": "כפר סבא",
        "zipcode": 4450012.0,
        "average_price_diff": -4.608494406827532,
        "popular_item_count": 7264
      }
    },
    {
      "type": "Feature",
      "geometry": {
        "type": "Point",
        "coordinates": [
          34.8785591,
          32.3184089
        ]
      },
      "properties": {
        "store_code": "car_0015",
        "store_name": "היפר נתניה הפלדה",
        "chainname": "קרפור",
        "subchainname": "קרפור היפר",
        "storeid": 15.0,
        "address": "הפלדה 13",
        "city": "נתניה",
        "zipcode": 4237823.0,
        "average_price_diff": -5.0851651648465435,
        "popular_item_count": 5407
      }
    },
    {
      "type": "Feature",
      "geometry": {
        "type": "Point",
        "coordinates": [
          34.901082,
          32.261756
        ]
      },
      "properties": {
        "store_code": "car_0019",
        "store_name": "תל מונד",
        "chainname": "קרפור",
        "subchainname": "קרפור",
        "storeid": null,
        "address": "בני דרור 8",
        "city": "תל נונד",
        "zipcode": 4063134.0,
        "average_price_diff": 0.3938188051451361,
        "popular_item_count": 3885
      }
    },
    {
      "type": "Feature",
      "geometry": {
        "type": "Point",
        "coordinates": [
          34.9425888,
          32.1047554
        ]
      },
      "properties": {
        "store_code": "car_0026",
        "store_name": "מרקט ראש העין יהושע",
        "chainname": "קרפור",
        "subchainname": "קרפור מרקט",
        "storeid": 26.0,
        "address": "יהושע בן נון 77",
        "city": "ראש העין",
        "zipcode": 4804824.0,
        "average_price_diff": -0.2068209674623385,
        "popular_item_count": 5596
      }
    },
    {
      "type": "Feature",
      "geometry": {
        "type": "Point",
        "coordinates": [
          34.9902576,
          31.7564164
        ]
      },
      "properties": {
        "store_code": "car_0033",
        "store_name": "היפר בית שמש",
        "chainname": "קרפור",
        "subchainname": "קרפור היפר",
        "storeid": 33.0,
        "address": "שדרות יגאל אלון ,מרכז ביג",
        "city": "בית שמש",
        "zipcode": 9906201.0,
        "average_price_diff": -4.7087276858930975,
        "popular_item_count": 6991
      }
    },
    {
      "type": "Feature",
      "geometry": {
        "type": "Point",
        "coordinates": [
          34.9232696,
          32.5146179
        ]
      },
      "properties": {
        "store_code": "car_0041",
        "store_name": "מרקט אור עקיבא",
        "chainname": "קרפור",
        "subchainname": "קרפור היפר",
        "storeid": 41.0,
        "address": "האילן 2 א.ת צפוני אור עקיבא",
        "city": "אור עקיבא",
        "zipcode": 3063907.0,
        "average_price_diff": -5.167790026187811,
        "popular_item_count": 5931
      }
    },
    {
      "type": "Feature",
      "geometry": {
        "type": "Point",
        "coordinates": [
          35.2802834,
          33.0216836
        ]
      },
      "properties": {
        "store_code": "car_0044",
        "store_name": "מרקט מעלות תרשיחא",
        "chainname": "קרפור",
        "subchainname": "קרפור מרקט",
        "storeid": 44.0,
        "address": "שלמה שרירא 3 מעלות תרשיחא",
        "city": "מעלות תרשיחא",
        "zipcode": 2120107.0,
        "average_price_diff": -0.2561167984105615,
        "popular_item_count": 6142
      }
    },
    {
      "type": "Feature",
      "geometry": {
        "type": "Point",
        "coordinates": [
          34.8779067,
          31.9229092
        ]
      },
      "properties": {
        "store_code": "car_0046",
        "store_name": "רמלה",
        "chainname": "קרפור",
        "subchainname": "קרפור",
        "storeid": 46.0,
        "address": "קלאוזנר 10",
        "city": "רמלה",
        "zipcode": 7243224.0,
        "average_price_diff": -0.46282467127753085,
        "popular_item_count": 5111
      }
    },
    {
      "type": "Feature",
      "geometry": {
        "type": "Point",
        "coordinates": [
          35.0514526,
          32.6955201
        ]
      },
      "properties": {
        "store_code": "car_0055",
        "store_name": "דליית אל כרמל",
        "chainname": "קרפור",
        "subchainname": "קרפור היפר",
        "storeid": 55.0,
        "address": "דרך ראשית 672 כיכר חמוד אל-קארה",
        "city": "דלית אלכרמל",
        "zipcode": 3005600.0,
        "average_price_diff": -0.6019003274085938,
        "popular_item_count": 3155
      }
    },
    {
      "type": "Feature",
      "geometry": {
        "type": "Point",
        "coordinates": [
          35.2011827,
          31.2481659
        ]
      },
      "properties": {
        "store_code": "car_0056",
        "store_name": "מרקט ערד",
        "chainname": "קרפור",
        "subchainname": "קרפור מרקט",
        "storeid": 56.0,
        "address": "התעשיה 60",
        "city": "ערד",
        "zipcode": 8909424.0,
        "average_price_diff": -5.0960405745065716,
        "popular_item_count": 5817
      }
    },
    {
      "type": "Feature",
      "geometry": {
        "type": "Point",
        "coordinates": [
          35.497336,
          32.497103
        ]
      },
      "properties": {
        "store_code": "car_0057",
        "store_name": "היפר בית שאן",
        "chainname": "קרפור",
        "subchainname": "קרפור היפר",
        "storeid": 57.0,
        "address": "א.ת צפוני בית שאן",
        "city": "בית שאן",
        "zipcode": 1177940.0,
        "average_price_diff": -4.8305277218786165,
        "popular_item_count": 6567
      }
    },
    {
      "type": "Feature",
      "geometry": {
        "type": "Point",
        "coordinates": [
          34.6415622,
          31.800285
        ]
      },
      "properties": {
        "store_code": "car_0060",
        "store_name": "מרקט אשדוד",
        "chainname": "קרפור",
        "subchainname": "קרפור מרקט",
        "storeid": 60.0,
        "address": "השייטים 9",
        "city": "אשדוד",
        "zipcode": 7744140.0,
        "average_price_diff": 0.4496236244811264,
        "popular_item_count": 3775
      }
    },
    {
      "type": "Feature",
      "geometry": {
        "type": "Point",
        "coordinates": [
          34.8565982,
          32.3119039
        ]
      },
      "properties": {
        "store_code": "car_0061",
        "store_name": "נתניה בסיטי",
        "chainname": "קרפור",
        "subchainname": "קרפור",
        "storeid": 61.0,
        "address": "האר\"י 12",
        "city": "נתניה",
        "zipcode": 4628555.0,
        "average_price_diff": 0.6830841737004049,
        "popular_item_count": 2499
      }
    },
    {
      "type": "Feature",
      "geometry": {
        "type": "Point",
        "coordinates": [
          35.0112568,
          31.8962796
        ]
      },
      "properties": {
        "store_code": "car_0062",
        "store_name": "בסיטי מודיעין",
        "chainname": "קרפור",
        "subchainname": "קרפור סיטי",
        "storeid": 62.0,
        "address": "עמק החולה 76",
        "city": "מודיעין מכבים רעות",
        "zipcode": 7170399.0,
        "average_price_diff": 12.516888163085044,
        "popular_item_count": 2479
      }
    },
    {
      "type": "Feature",
      "geometry": {
        "type": "Point",
        "coordinates": [
          34.8496839,
          32.153352
        ]
      },
      "properties": {
        "store_code": "car_0064",
        "store_name": "סיטי הרצליה ליד הבית",
        "chainname": "קרפור",
        "subchainname": "קרפור סיטי",
        "storeid": 64.0,
        "address": "רבי עקיבא 50",
        "city": "הרצליה",
        "zipcode": 46422360.0,
        "average_price_diff": 12.910564494309284,
        "popular_item_count": 2179
      }
    },
    {
      "type": "Feature",
      "geometry": {
        "type": "Point",
        "coordinates": [
          34.56677971519415,
          31.666314018445128
        ]
      },
      "properties": {
        "store_code": "car_0065",
        "store_name": "קרפור מרקט אשקלון",
        "chainname": "קרפור",
        "subchainname": "קרפור מרקט",
        "storeid": null,
        "address": "קיבוץ גלויות 5",
        "city": "אשקלון",
        "zipcode": 7834104.0,
        "average_price_diff": 0.1948138963712278,
        "popular_item_count": 2972
      }
    },
    {
      "type": "Feature",
      "geometry": {
        "type": "Point",
        "coordinates": [
          34.778821579198784,
          32.00964386207322
        ]
      },
      "properties": {
        "store_code": "car_0067",
        "store_name": "סיטי חולון",
        "chainname": "קרפור",
        "subchainname": "קרפור סיטי",
        "storeid": 67.0,
        "address": "המרגנית 2",
        "city": "חולון",
        "zipcode": 5845909.0,
        "average_price_diff": 12.165076242386556,
        "popular_item_count": 3433
      }
    },
    {
      "type": "Feature",
      "geometry": {
        "type": "Point",
        "coordinates": [
          34.583199940113595,
          31.69902796455685
        ]
      },
      "properties": {
        "store_code": "car_0068",
        "store_name": "מרקט אשקלון ברנע",
        "chainname": "קרפור",
        "subchainname": "קרפור מרקט",
        "storeid": 68.0,
        "address": "הודית לייפר מילר 6",
        "city": "אשקלון",
        "zipcode": 7880811.0,
        "average_price_diff": 12.219661340063134,
        "popular_item_count": 2089
      }
    },
    {
      "type": "Feature",
      "geometry": {
        "type": "Point",
        "coordinates": [
          34.9458283,
          32.6960656
        ]
      },
      "properties": {
        "store_code": "car_0073",
        "store_name": "קרפור מרקט עתלית",
        "chainname": "קרפור",
        "subchainname": "קרפור מרקט",
        "storeid": 73.0,
        "address": "רחוב הרדוף מרכז מסחרי",
        "city": "עתלית",
        "zipcode": 3032706.0,
        "average_price_diff": 12.07750424348086,
        "popular_item_count": 3708
      }
    },
    {
      "type": "Feature",
      "geometry": {
        "type": "Point",
        "coordinates": [
          34.8694953,
          31.9189548
        ]
      },
      "properties": {
        "store_code": "car_0074",
        "store_name": "קרפור רמלה לוין",
        "chainname": "קרפור",
        "subchainname": "קרפור מרקט",
        "storeid": null,
        "address": "אבא אחימאיר 1 קרית מנחם",
        "city": "רמלה",
        "zipcode": 7228401.0,
        "average_price_diff": 0.4766870667630768,
        "popular_item_count": 2989
      }
    },
    {
      "type": "Feature",
      "geometry": {
        "type": "Point",
        "coordinates": [
          35.1201256,
          32.7116459
        ]
      },
      "properties": {
        "store_code": "car_0080",
        "store_name": "טבעון",
        "chainname": "קרפור",
        "subchainname": "קרפור",
        "storeid": 80.0,
        "address": "קק\"ל 16 קרית טבעון",
        "city": "טבעון",
        "zipcode": 3608208.0,
        "average_price_diff": 12.03209837873148,
        "popular_item_count": 2601
      }
    },
    {
      "type": "Feature",
      "geometry": {
        "type": "Point",
        "coordinates": [
          34.76956833686881,
          31.97772708027238
        ]
      },
      "properties": {
        "store_code": "car_0081",
        "store_name": "ראשון מערב",
        "chainname": "קרפור",
        "subchainname": "קרפור מרקט",
        "storeid": 81.0,
        "address": "השירה העברית 10",
        "city": "ראשון לציון",
        "zipcode": 7573105.0,
        "average_price_diff": 12.509129261194387,
        "popular_item_count": 2671
      }
    },
    {
      "type": "Feature",
      "geometry": {
        "type": "Point",
        "coordinates": [
          34.9972202,
          32.2415041
        ]
      },
      "properties": {
        "store_code": "car_0083",
        "store_name": "סיטי צור יצחק",
        "chainname": "קרפור",
        "subchainname": "קרפור סיטי",
        "storeid": 83.0,
        "address": "א.ת מסחרי צור יצחק",
        "city": "צור יצחק",
        "zipcode": 4580800.0,
        "average_price_diff": 0.26394321294823786,
        "popular_item_count": 3025
      }
    },
    {
      "type": "Feature",
      "geometry": {
        "type": "Point",
        "coordinates": [
          34.9733804,
          32.1590279
        ]
      },
      "properties": {
        "store_code": "car_0084",
        "store_name": "סיטי מתן",
        "chainname": "קרפור",
        "subchainname": "קרפור סיטי",
        "storeid": 84.0,
        "address": "הדר 84",
        "city": "מתן",
        "zipcode": 4585800.0,
        "average_price_diff": 12.342990132669916,
        "popular_item_count": 3519
      }
    },
    {
      "type": "Feature",
      "geometry": {
        "type": "Point",
        "coordinates": [
          35.2481814,
          31.8408456
        ]
      },
      "properties": {
        "store_code": "car_0091",
        "store_name": "קרפור מרקט ריינס",
        "chainname": "קרפור",
        "subchainname": "קרפור מרקט",
        "storeid": null,
        "address": "ריינס 6 שכונת קרית משה",
        "city": "ירושלים",
        "zipcode": 9542731.0,
        "average_price_diff": 0.3873135790970727,
        "popular_item_count": 3072
      }
    },
    {
      "type": "Feature",
      "geometry": {
        "type": "Point",
        "coordinates": [
          35.1041759,
          32.8036546
        ]
      },
      "properties": {
        "store_code": "car_0092",
        "store_name": "קרית אתא קרפור מהדרי",
        "chainname": "קרפור",
        "subchainname": "קרפור מהדרין",
        "storeid": null,
        "address": "העצמאות 42",
        "city": "קרית אתא",
        "zipcode": 2807145.0,
        "average_price_diff": -1.2876900875817054,
        "popular_item_count": 3394
      }
    },
    {
      "type": "Feature",
      "geometry": {
        "type": "Point",
        "coordinates": [
          34.8012154,
          32.0589248
        ]
      },
      "properties": {
        "store_code": "car_0205",
        "store_name": "מרקט לה גרדיה תא",
        "chainname": "קרפור",
        "subchainname": "קרפור מרקט",
        "storeid": 205.0,
        "address": "לה גרדיה 78",
        "city": "תל אביב יפו",
        "zipcode": 6732506.0,
        "average_price_diff": -0.29227826574408106,
        "popular_item_count": 5849
      }
    },
    {
      "type": "Feature",
      "geometry": {
        "type": "Point",
        "coordinates": [
          34.8657024,
          32.1827356
        ]
      },
      "properties": {
        "store_code": "car_0830",
        "store_name": "קרפור גולן רעננה",
        "chainname": "קרפור",
        "subchainname": "קרפור",
        "storeid": null,
        "address": "אחוזה 198",
        "city": "רעננה",
        "zipcode": 4355801.0,
        "average_price_diff": 0.6466282827023403,
        "popular_item_count": 3845
      }
    },
    {
      "type": "Feature",
      "geometry": {
        "type": "Point",
        "coordinates": [
          34.81596990988867,
          32.05918965714699
        ]
      },
      "properties": {
        "store_code": "car_1201",
        "store_name": "מגה יהלומים גבעתיים",
        "chainname": "קרפור",
        "subchainname": "מגה",
        "storeid": 1201.0,
        "address": "1 כורזין",
        "city": "גבעתיים",
        "zipcode": 5358301.0,
        "average_price_diff": 0.5990762067434183,
        "popular_item_count": 5387
      }
    },
    {
      "type": "Feature",
      "geometry": {
        "type": "Point",
        "coordinates": [
          34.7658227,
          32.0404773
        ]
      },
      "properties": {
        "store_code": "car_1228",
        "store_name": "תל כביר",
        "chainname": "קרפור",
        "subchainname": "קרפור",
        "storeid": 1228.0,
        "address": "גרינבאום 45 תל כביר",
        "city": "תל אביב יפו",
        "zipcode": 6810982.0,
        "average_price_diff": -0.3383544982081372,
        "popular_item_count": 4025
      }
    },
    {
      "type": "Feature",
      "geometry": {
        "type": "Point",
        "coordinates": [
          34.94119398083048,
          29.55571120085781
        ]
      },
      "properties": {
        "store_code": "car_1252",
        "store_name": "קרפור אילת מעלה",
        "chainname": "קרפור",
        "subchainname": "קרפור מרקט",
        "storeid": null,
        "address": "דרך יותם פינת רח ארגמן",
        "city": "אילת",
        "zipcode": 8820206.0,
        "average_price_diff": -14.634558793268912,
        "popular_item_count": 6178
      }
    },
    {
      "type": "Feature",
      "geometry": {
        "type": "Point",
        "coordinates": [
          34.86268950000001,
          32.0556897
        ]
      },
      "properties": {
        "store_code": "car_1430",
        "store_name": "סיטי קניון קיראון",
        "chainname": "קרפור",
        "subchainname": "קרפור סיטי",
        "storeid": 1430.0,
        "address": "שלמה המלך",
        "city": "קרית אונו",
        "zipcode": 542335.0,
        "average_price_diff": 12.98436285364287,
        "popular_item_count": 4916
      }
    },
    {
      "type": "Feature",
      "geometry": {
        "type": "Point",
        "coordinates": [
          34.975196,
          32.797406
        ]
      },
      "properties": {
        "store_code": "car_2040",
        "store_name": "מגה כרמליה חיפה",
        "chainname": "קרפור",
        "subchainname": "מגה",
        "storeid": null,
        "address": "אלכסנדר ינאי 3 חיפה",
        "city": "חיפה",
        "zipcode": 3481603.0,
        "average_price_diff": 11.706616793794094,
        "popular_item_count": 2805
      }
    },
    {
      "type": "Feature",
      "geometry": {
        "type": "Point",
        "coordinates": [
          34.9367876,
          32.3117945
        ]
      },
      "properties": {
        "store_code": "car_2070",
        "store_name": "סיטי כפר יונה דרום",
        "chainname": "קרפור",
        "subchainname": "קרפור סיטי",
        "storeid": 2070.0,
        "address": "40 מנחם בגין",
        "city": "כפר יונה",
        "zipcode": 4035736.0,
        "average_price_diff": 12.531176460153953,
        "popular_item_count": 4177
      }
    },
    {
      "type": "Feature",
      "geometry": {
        "type": "Point",
        "coordinates": [
          34.89067910000001,
          32.2692212
        ]
      },
      "properties": {
        "store_code": "car_2180",
        "store_name": "מגה אבן יהודה",
        "chainname": "קרפור",
        "subchainname": "מגה",
        "storeid": 2180.0,
        "address": "הדרים פינת המיסדים",
        "city": "אבן יהודה",
        "zipcode": 4051113.0,
        "average_price_diff": 12.421675154884092,
        "popular_item_count": 4217
      }
    },
    {
      "type": "Feature",
      "geometry": {
        "type": "Point",
        "coordinates": [
          34.8206734,
          31.8802184
        ]
      },
      "properties": {
        "store_code": "car_2190",
        "store_name": "מגה גני העיר רחובות",
        "chainname": "קרפור",
        "subchainname": "מגה",
        "storeid": null,
        "address": "15 דרך ירושלים",
        "city": "רחובות",
        "zipcode": 7663008.0,
        "average_price_diff": 12.71127006037132,
        "popular_item_count": 3891
      }
    },
    {
      "type": "Feature",
      "geometry": {
        "type": "Point",
        "coordinates": [
          34.8803708,
          31.9590876
        ]
      },
      "properties": {
        "store_code": "car_2230",
        "store_name": "מרקט גני אביב לוד",
        "chainname": "קרפור",
        "subchainname": "קרפור מרקט",
        "storeid": 2230.0,
        "address": "ארבע עונות 14",
        "city": "לוד",
        "zipcode": 7145806.0,
        "average_price_diff": -0.0990945514629922,
        "popular_item_count": 5801
      }
    },
    {
      "type": "Feature",
      "geometry": {
        "type": "Point",
        "coordinates": [
          35.1027423,
          32.7983003
        ]
      },
      "properties": {
        "store_code": "car_2240",
        "store_name": "מרקט בית וגן ק.אתא",
        "chainname": "קרפור",
        "subchainname": "קרפור מרקט",
        "storeid": 2240.0,
        "address": "10 העצמאות",
        "city": "קרית אתא",
        "zipcode": 2807110.0,
        "average_price_diff": 0.5284930697586422,
        "popular_item_count": 4593
      }
    },
    {
      "type": "Feature",
      "geometry": {
        "type": "Point",
        "coordinates": [
          34.7118682,
          31.7895298
        ]
      },
      "properties": {
        "store_code": "car_2310",
        "store_name": "מרקט גן יבנה",
        "chainname": "קרפור",
        "subchainname": "קרפור מרקט",
        "storeid": 2310.0,
        "address": "הרצל פ.קיבוץ גלויות",
        "city": "גן יבנה",
        "zipcode": 7080901.0,
        "average_price_diff": 0.469815116155918,
        "popular_item_count": 4025
      }
    },
    {
      "type": "Feature",
      "geometry": {
        "type": "Point",
        "coordinates": [
          34.8109297,
          32.0663446
        ]
      },
      "properties": {
        "store_code": "car_2320",
        "store_name": "סיטי קניון גבעתיים",
        "chainname": "קרפור",
        "subchainname": "קרפור סיטי",
        "storeid": 2320.0,
        "address": "ויצמן פינת יצחק רבין",
        "city": "גבעתיים",
        "zipcode": 5346903.0,
        "average_price_diff": 13.320593101955373,
        "popular_item_count": 6609
      }
    },
    {
      "type": "Feature",
      "geometry": {
        "type": "Point",
        "coordinates": [
          34.6380512,
          31.7814535
        ]
      },
      "properties": {
        "store_code": "car_2330",
        "store_name": "סיטי אשדוד יב",
        "chainname": "קרפור",
        "subchainname": "קרפור סיטי",
        "storeid": 2330.0,
        "address": "תמוז 14 מרכז מסחרי",
        "city": "אשדוד",
        "zipcode": 7775114.0,
        "average_price_diff": 12.495208118460798,
        "popular_item_count": 4255
      }
    },
    {
      "type": "Feature",
      "geometry": {
        "type": "Point",
        "coordinates": [
          34.8470676,
          32.2791567
        ]
      },
      "properties": {
        "store_code": "car_2410",
        "store_name": "מרקט עיר ימים נתניה",
        "chainname": "קרפור",
        "subchainname": "קרפור מרקט",
        "storeid": 2410.0,
        "address": "שדרות בן גוריון",
        "city": "נתניה",
        "zipcode": 4227231.0,
        "average_price_diff": 0.4517322988500162,
        "popular_item_count": 5594
      }
    },
    {
      "type": "Feature",
      "geometry": {
        "type": "Point",
        "coordinates": [
          34.9158956,
          32.4339439
        ]
      },
      "properties": {
        "store_code": "car_2470",
        "store_name": "ש. נאות חן חדרה",
        "chainname": "קרפור",
        "subchainname": "קרפור",
        "storeid": 2470.0,
        "address": "הלל יפה 5 פינת סמילנסקי",
        "city": "חדרה",
        "zipcode": 3820308.0,
        "average_price_diff": -1.0326707032550524,
        "popular_item_count": 4385
      }
    },
    {
      "type": "Feature",
      "geometry": {
        "type": "Point",
        "coordinates": [
          34.8056166,
          32.0515996
        ]
      },
      "properties": {
        "store_code": "car_2490",
        "store_name": "מגה כפר שלם",
        "chainname": "קרפור",
        "subchainname": "מגה",
        "storeid": 2490.0,
        "address": "10 סנפיר",
        "city": "תל אביב יפו",
        "zipcode": 6729801.0,
        "average_price_diff": 12.843973428171868,
        "popular_item_count": 3713
      }
    },
    {
      "type": "Feature",
      "geometry": {
        "type": "Point",
        "coordinates": [
          34.807026,
          32.100744
        ]
      },
      "properties": {
        "store_code": "car_2518",
        "store_name": "מגה פארק הירקון",
        "chainname": "קרפור",
        "subchainname": "מגה",
        "storeid": null,
        "address": "1 שלום אש",
        "city": "תל אביב יפו",
        "zipcode": 6948307.0,
        "average_price_diff": 12.601761899653473,
        "popular_item_count": 3461
      }
    },
    {
      "type": "Feature",
      "geometry": {
        "type": "Point",
        "coordinates": [
          34.9792929,
          32.8318585
        ]
      },
      "properties": {
        "store_code": "car_2530",
        "store_name": "מגה בת גלים",
        "chainname": "קרפור",
        "subchainname": "מגה",
        "storeid": 2530.0,
        "address": "37 העליה השניה",
        "city": "חיפה",
        "zipcode": 3501601.0,
        "average_price_diff": 12.464526262142602,
        "popular_item_count": 3813
      }
    },
    {
      "type": "Feature",
      "geometry": {
        "type": "Point",
        "coordinates": [
          35.0018653,
          31.9120349
        ]
      },
      "properties": {
        "store_code": "car_2540",
        "store_name": "מרקט מודעין שמשוני",
        "chainname": "קרפור",
        "subchainname": "קרפור מרקט",
        "storeid": 2540.0,
        "address": "עמק בית שאן פינת יחזקאל הנביא",
        "city": "מודיעין מכבים רעות",
        "zipcode": 7171702.0,
        "average_price_diff": -0.3427734935991424,
        "popular_item_count": 5849
      }
    },
    {
      "type": "Feature",
      "geometry": {
        "type": "Point",
        "coordinates": [
          35.2373076,
          32.6823717
        ]
      },
      "properties": {
        "store_code": "car_2730",
        "store_name": "מגדל העמק",
        "chainname": "קרפור",
        "subchainname": "קרפור",
        "storeid": 2730.0,
        "address": "ניצנים 39",
        "city": "מגדל העמק",
        "zipcode": 2351330.0,
        "average_price_diff": -0.5624488277788823,
        "popular_item_count": 3960
      }
    },
    {
      "type": "Feature",
      "geometry": {
        "type": "Point",
        "coordinates": [
          34.8200824,
          31.8874564
        ]
      },
      "properties": {
        "store_code": "car_2740",
        "store_name": "מרקט שרונה רחובות",
        "chainname": "קרפור",
        "subchainname": "קרפור מרקט",
        "storeid": 2740.0,
        "address": "מדר פינת דרך ירושלים",
        "city": "רחובות",
        "zipcode": 7663101.0,
        "average_price_diff": -0.2365516313813467,
        "popular_item_count": 5879
      }
    },
    {
      "type": "Feature",
      "geometry": {
        "type": "Point",
        "coordinates": [
          34.9142034,
          32.069694
        ]
      },
      "properties": {
        "store_code": "car_2750",
        "store_name": "קרפור עמישב פ\"ת",
        "chainname": "קרפור",
        "subchainname": "קרפור מהדרין",
        "storeid": null,
        "address": "דרך מנחם בגין 96",
        "city": "פתח תקווה",
        "zipcode": 4973295.0,
        "average_price_diff": -0.8254860964039116,
        "popular_item_count": 4744
      }
    },
    {
      "type": "Feature",
      "geometry": {
        "type": "Point",
        "coordinates": [
          34.6534113,
          31.7836627
        ]
      },
      "properties": {
        "store_code": "car_2840",
        "store_name": "מרקט אשדוד ח",
        "chainname": "קרפור",
        "subchainname": "קרפור מרקט",
        "storeid": 2840.0,
        "address": "הרב לוין מ.מסחרי",
        "city": "אשדוד",
        "zipcode": 7763804.0,
        "average_price_diff": -1.2790889647745716,
        "popular_item_count": 4545
      }
    },
    {
      "type": "Feature",
      "geometry": {
        "type": "Point",
        "coordinates": [
          34.9424895,
          32.5661431
        ]
      },
      "properties": {
        "store_code": "car_2960",
        "store_name": "סיטי זכרון יעקב",
        "chainname": "קרפור",
        "subchainname": "קרפור סיטי",
        "storeid": 2960.0,
        "address": ".10 חברה חשבונאית",
        "city": "זכרון יעקב",
        "zipcode": 3094089.0,
        "average_price_diff": 12.728026914983941,
        "popular_item_count": 4780
      }
    },
    {
      "type": "Feature",
      "geometry": {
        "type": "Point",
        "coordinates": [
          34.7972186,
          31.2700224
        ]
      },
      "properties": {
        "store_code": "car_2976",
        "store_name": "סיטי צפון באר שבע",
        "chainname": "קרפור",
        "subchainname": "קרפור סיטי",
        "storeid": 2976.0,
        "address": "101 אברהם אבינו",
        "city": "באר שבע",
        "zipcode": 8454001.0,
        "average_price_diff": 12.630044675520686,
        "popular_item_count": 2676
      }
    },
    {
      "type": "Feature",
      "geometry": {
        "type": "Point",
        "coordinates": [
          34.9360101,
          32.3207607
        ]
      },
      "properties": {
        "store_code": "car_3050",
        "store_name": "מגה קניון כפר יונה",
        "chainname": "קרפור",
        "subchainname": "מגה",
        "storeid": 3050.0,
        "address": "6 שרת",
        "city": "כפר יונה",
        "zipcode": 4035806.0,
        "average_price_diff": 12.259392727233335,
        "popular_item_count": 3047
      }
    },
    {
      "type": "Feature",
      "geometry": {
        "type": "Point",
        "coordinates": [
          34.8457903,
          32.0679616
        ]
      },
      "properties": {
        "store_code": "car_3174",
        "store_name": "סיטי גבעת שמואל",
        "chainname": "קרפור",
        "subchainname": "קרפור סיטי",
        "storeid": 3174.0,
        "address": "האורנים",
        "city": "גבעת שמואל",
        "zipcode": 54045301.0,
        "average_price_diff": 12.134356745813,
        "popular_item_count": 2805
      }
    },
    {
      "type": "Feature",
      "geometry": {
        "type": "Point",
        "coordinates": [
          34.830805,
          32.121315
        ]
      },
      "properties": {
        "store_code": "car_3180",
        "store_name": "מגה רמות צהלה",
        "chainname": "קרפור",
        "subchainname": "מגה",
        "storeid": 3180.0,
        "address": "4-6 גרפית",
        "city": "תל אביב יפו",
        "zipcode": 6930041.0,
        "average_price_diff": 12.659954952882396,
        "popular_item_count": 2971
      }
    },
    {
      "type": "Feature",
      "geometry": {
        "type": "Point",
        "coordinates": [
          34.55664150563116,
          31.65515009416126
        ]
      },
      "properties": {
        "store_code": "car_3210",
        "store_name": "מגה לב אשקלון",
        "chainname": "קרפור",
        "subchainname": "מגה",
        "storeid": null,
        "address": "שכונת שמשון",
        "city": "אשקלון",
        "zipcode": 7864118.0,
        "average_price_diff": 12.679364317916015,
        "popular_item_count": 3653
      }
    },
    {
      "type": "Feature",
      "geometry": {
        "type": "Point",
        "coordinates": [
          34.86910161128421,
          32.30698939271339
        ]
      },
      "properties": {
        "store_code": "car_3280",
        "store_name": "סיטי אלוני השרון",
        "chainname": "קרפור",
        "subchainname": "קרפור סיטי",
        "storeid": 3280.0,
        "address": "תום לנטוס 26 ק.השרון",
        "city": "נתניה",
        "zipcode": 4276001.0,
        "average_price_diff": 12.037310472959348,
        "popular_item_count": 3741
      }
    },
    {
      "type": "Feature",
      "geometry": {
        "type": "Point",
        "coordinates": [
          34.784254,
          31.261528
        ]
      },
      "properties": {
        "store_code": "car_3300",
        "store_name": "מגה שכונה ו באר שבע",
        "chainname": "קרפור",
        "subchainname": "מגה",
        "storeid": null,
        "address": "קנ.אביה שד.שאול המלך",
        "city": "באר שבע",
        "zipcode": 8479612.0,
        "average_price_diff": -0.3393436998533833,
        "popular_item_count": 3730
      }
    },
    {
      "type": "Feature",
      "geometry": {
        "type": "Point",
        "coordinates": [
          35.2243191828876,
          31.7554312561794
        ]
      },
      "properties": {
        "store_code": "car_3420",
        "store_name": "מגה אלנבי ירושלים",
        "chainname": "קרפור",
        "subchainname": "מגה",
        "storeid": null,
        "address": "בית\"ר פינת ינובסקי",
        "city": "ירושלים",
        "zipcode": 9338603.0,
        "average_price_diff": 0.34407174005818236,
        "popular_item_count": 4076
      }
    },
    {
      "type": "Feature",
      "geometry": {
        "type": "Point",
        "coordinates": [
          34.8422381,
          31.8544885
        ]
      },
      "properties": {
        "store_code": "car_3440",
        "store_name": "סיטי מזכרת בתיה",
        "chainname": "קרפור",
        "subchainname": "קרפור סיטי",
        "storeid": 3440.0,
        "address": "8 שדרות אליהו",
        "city": "מזכרת בתיה",
        "zipcode": 7685448.0,
        "average_price_diff": 12.257232114513723,
        "popular_item_count": 3296
      }
    },
    {
      "type": "Feature",
      "geometry": {
        "type": "Point",
        "coordinates": [
          34.8686103,
          32.0570106
        ]
      },
      "properties": {
        "store_code": "car_3506",
        "store_name": "סיטי גבעת סביון",
        "chainname": "קרפור",
        "subchainname": "קרפור סיטי",
        "storeid": 3506.0,
        "address": "78 הגליל",
        "city": "גני תקווה",
        "zipcode": 5591478.0,
        "average_price_diff": 12.595566551941136,
        "popular_item_count": 4753
      }
    },
    {
      "type": "Feature",
      "geometry": {
        "type": "Point",
        "coordinates": [
          35.0130904,
          32.7732794
        ]
      },
      "properties": {
        "store_code": "car_3580",
        "store_name": "סיטי רמות אלון חיפה",
        "chainname": "קרפור",
        "subchainname": "קרפור סיטי",
        "storeid": 3580.0,
        "address": "29 יגאל אלון",
        "city": "חיפה",
        "zipcode": 3298331.0,
        "average_price_diff": 12.453761226131652,
        "popular_item_count": 4142
      }
    },
    {
      "type": "Feature",
      "geometry": {
        "type": "Point",
        "coordinates": [
          34.8902527,
          32.093471
        ]
      },
      "properties": {
        "store_code": "car_3600",
        "store_name": "מגה בעיר- שטמפפר",
        "chainname": "קרפור",
        "subchainname": "מגה",
        "storeid": null,
        "address": "שטמפפר 73, פינת אבניאל פ\"ת",
        "city": "פתח תקווה",
        "zipcode": 4929078.0,
        "average_price_diff": 12.352061614228273,
        "popular_item_count": 3295
      }
    },
    {
      "type": "Feature",
      "geometry": {
        "type": "Point",
        "coordinates": [
          35.0033715,
          32.804778
        ]
      },
      "properties": {
        "store_code": "car_3610",
        "store_name": "הרצל חיפה",
        "chainname": "קרפור",
        "subchainname": "קרפור",
        "storeid": null,
        "address": "הרצל 97",
        "city": "חיפה",
        "zipcode": 3321609.0,
        "average_price_diff": -1.110623040162814,
        "popular_item_count": 4106
      }
    },
    {
      "type": "Feature",
      "geometry": {
        "type": "Point",
        "coordinates": [
          34.9886899,
          31.7145524
        ]
      },
      "properties": {
        "store_code": "car_3680",
        "store_name": "קרפור מרקט בית שמש",
        "chainname": "קרפור",
        "subchainname": "קרפור מרקט",
        "storeid": null,
        "address": "נחל השורק 23",
        "city": "בית שמש",
        "zipcode": 9909135.0,
        "average_price_diff": -1.1199624651576485,
        "popular_item_count": 4424
      }
    },
    {
      "type": "Feature",
      "geometry": {
        "type": "Point",
        "coordinates": [
          34.7740533,
          31.2395415
        ]
      },
      "properties": {
        "store_code": "car_3700",
        "store_name": "מרקט נווה זאב בש",
        "chainname": "קרפור",
        "subchainname": "קרפור מרקט",
        "storeid": 3700.0,
        "address": "64 יוהנה זבוטינסקי",
        "city": "באר שבע",
        "zipcode": 8425842.0,
        "average_price_diff": -0.19454798892277614,
        "popular_item_count": 6100
      }
    },
    {
      "type": "Feature",
      "geometry": {
        "type": "Point",
        "coordinates": [
          34.5753127,
          31.6778055
        ]
      },
      "properties": {
        "store_code": "car_3740",
        "store_name": "מרקט אפרידר אשקלון",
        "chainname": "קרפור",
        "subchainname": "קרפור מרקט",
        "storeid": 3740.0,
        "address": "5 שדרות ירושלים",
        "city": "אשקלון",
        "zipcode": 761719.0,
        "average_price_diff": -0.6662005233501093,
        "popular_item_count": 3748
      }
    },
    {
      "type": "Feature",
      "geometry": {
        "type": "Point",
        "coordinates": [
          35.1875994,
          31.7753984
        ]
      },
      "properties": {
        "store_code": "car_3850",
        "store_name": "סיטי בית הכרם ים",
        "chainname": "קרפור",
        "subchainname": "קרפור סיטי",
        "storeid": 3850.0,
        "address": "אבי זהר",
        "city": "ירושלים",
        "zipcode": 9626701.0,
        "average_price_diff": 12.771386895070808,
        "popular_item_count": 5656
      }
    },
    {
      "type": "Feature",
      "geometry": {
        "type": "Point",
        "coordinates": [
          34.816677,
          32.1227035
        ]
      },
      "properties": {
        "store_code": "car_3990",
        "store_name": "סיטי תל ברוך תא",
        "chainname": "קרפור",
        "subchainname": "קרפור סיטי",
        "storeid": 3990.0,
        "address": "8 בקר",
        "city": "תל אביב יפו",
        "zipcode": 6464316.0,
        "average_price_diff": 13.255541768065003,
        "popular_item_count": 4966
      }
    },
    {
      "type": "Feature",
      "geometry": {
        "type": "Point",
        "coordinates": [
          34.8422973,
          32.1666234
        ]
      },
      "properties": {
        "store_code": "car_4110",
        "store_name": "קרפור מרקט לב הרצליה",
        "chainname": "קרפור",
        "subchainname": "קרפור מרקט",
        "storeid": null,
        "address": "בן גוריון 2",
        "city": "הרצליה",
        "zipcode": 4678501.0,
        "average_price_diff": 0.7228739392134114,
        "popular_item_count": 4875
      }
    },
    {
      "type": "Feature",
      "geometry": {
        "type": "Point",
        "coordinates": [
          34.849346267566425,
          32.16757451108522
        ]
      },
      "properties": {
        "store_code": "car_4120",
        "store_name": "מגה הדר הרצליה",
        "chainname": "קרפור",
        "subchainname": "מגה",
        "storeid": null,
        "address": "2 הדר",
        "city": "הרצליה",
        "zipcode": 4629025.0,
        "average_price_diff": 12.729439491859118,
        "popular_item_count": 4190
      }
    },
    {
      "type": "Feature",
      "geometry": {
        "type": "Point",
        "coordinates": [
          34.8421088,
          32.1545039
        ]
      },
      "properties": {
        "store_code": "car_4130",
        "store_name": "סיטי נווה אמירים",
        "chainname": "קרפור",
        "subchainname": "קרפור סיטי",
        "storeid": 4130.0,
        "address": "82 בן גוריון",
        "city": "הרצליה",
        "zipcode": 4644630.0,
        "average_price_diff": 13.072111082906343,
        "popular_item_count": 5021
      }
    },
    {
      "type": "Feature",
      "geometry": {
        "type": "Point",
        "coordinates": [
          34.8028265,
          32.1708537
        ]
      },
      "properties": {
        "store_code": "car_4150",
        "store_name": "סיטי הרצליה פיתוח",
        "chainname": "קרפור",
        "subchainname": "קרפור סיטי",
        "storeid": 4150.0,
        "address": "34 זהר טל",
        "city": "הרצליה",
        "zipcode": 4674134.0,
        "average_price_diff": 12.593112811245351,
        "popular_item_count": 2710
      }
    },
    {
      "type": "Feature",
      "geometry": {
        "type": "Point",
        "coordinates": [
          34.8128297,
          32.1879828
        ]
      },
      "properties": {
        "store_code": "car_4160",
        "store_name": "סיטי נוף ים הרצליה",
        "chainname": "קרפור",
        "subchainname": "קרפור סיטי",
        "storeid": 4160.0,
        "address": "10 שער הים",
        "city": "הרצליה",
        "zipcode": 4660610.0,
        "average_price_diff": 12.70471313665607,
        "popular_item_count": 2283
      }
    },
    {
      "type": "Feature",
      "geometry": {
        "type": "Point",
        "coordinates": [
          34.85627551781642,
          32.16909877756077
        ]
      },
      "properties": {
        "store_code": "car_4170",
        "store_name": "מגה נוה עמל",
        "chainname": "קרפור",
        "subchainname": "מגה",
        "storeid": 4170.0,
        "address": "19 כצנלסון",
        "city": "הרצליה",
        "zipcode": 4629010.0,
        "average_price_diff": 12.810027782442221,
        "popular_item_count": 2980
      }
    },
    {
      "type": "Feature",
      "geometry": {
        "type": "Point",
        "coordinates": [
          34.8365545,
          32.141958
        ]
      },
      "properties": {
        "store_code": "car_4200",
        "store_name": "סיטי זרובבל ר.השרון",
        "chainname": "קרפור",
        "subchainname": "קרפור סיטי",
        "storeid": 4200.0,
        "address": "33 סוקולוב",
        "city": "רמת השרון",
        "zipcode": 4723602.0,
        "average_price_diff": 13.168990109920555,
        "popular_item_count": 3200
      }
    },
    {
      "type": "Feature",
      "geometry": {
        "type": "Point",
        "coordinates": [
          34.81447435036713,
          32.087926882504064
        ]
      },
      "properties": {
        "store_code": "car_4420",
        "store_name": "מגה אואזיס רמת גן",
        "chainname": "קרפור",
        "subchainname": "מגה",
        "storeid": null,
        "address": "87 הרצל",
        "city": "רמת גן",
        "zipcode": 5244346.0,
        "average_price_diff": 12.469130784044216,
        "popular_item_count": 4340
      }
    },
    {
      "type": "Feature",
      "geometry": {
        "type": "Point",
        "coordinates": [
          34.9044103,
          32.1862357
        ]
      },
      "properties": {
        "store_code": "car_5304",
        "store_name": "כפא סבא @ קרפור",
        "chainname": "קרפור",
        "subchainname": "קרפור",
        "storeid": null,
        "address": " כפר סבא",
        "city": "כפר סבא",
        "zipcode": 4450012.0,
        "average_price_diff": 0.790999578093762,
        "popular_item_count": 4663
      }
    },
    {
      "type": "Feature",
      "geometry": {
        "type": "Point",
        "coordinates": [
          34.7767805,
          32.0250605
        ]
      },
      "properties": {
        "store_code": "cit_001",
        "store_name": "סיטי מרקט חולון",
        "chainname": "סיטי מרקט",
        "subchainname": "סיטי מרקט",
        "storeid": null,
        "address": " שנקר 25 חולון",
        "city": "חולון",
        "zipcode": null,
        "average_price_diff": 4.525915126626127,
        "popular_item_count": 20623
      }
    },
    {
      "type": "Feature",
      "geometry": {
        "type": "Point",
        "coordinates": [
          34.7709041,
          32.0185119
        ]
      },
      "properties": {
        "store_code": "cit_002",
        "store_name": "סיטי מרקט חולון",
        "chainname": "סיטי מרקט",
        "subchainname": "סיטי מרקט",
        "storeid": null,
        "address": " ויצמן 45 חולון",
        "city": "חולון",
        "zipcode": null,
        "average_price_diff": 5.11181172886908,
        "popular_item_count": 18964
      }
    },
    {
      "type": "Feature",
      "geometry": {
        "type": "Point",
        "coordinates": [
          34.7681902,
          32.0352345
        ]
      },
      "properties": {
        "store_code": "cit_003",
        "store_name": "סיטי מרקט פינה מתוקה חולון בע\"מ",
        "chainname": "סיטי מרקט",
        "subchainname": "סיטי מרקט",
        "storeid": null,
        "address": " הלוחמים 37 חולון",
        "city": "חולון",
        "zipcode": null,
        "average_price_diff": -1.0519445559441167,
        "popular_item_count": 13707
      }
    },
    {
      "type": "Feature",
      "geometry": {
        "type": "Point",
        "coordinates": [
          34.7675277,
          32.0027073
        ]
      },
      "properties": {
        "store_code": "cit_005",
        "store_name": "סיטי מרקט ברכאל חולון בע\"מ",
        "chainname": "סיטי מרקט",
        "subchainname": "סיטי מרקט",
        "storeid": null,
        "address": "  יוסף אהרונוביץ' 92 חולון",
        "city": "חולון",
        "zipcode": null,
        "average_price_diff": 3.064361141918088,
        "popular_item_count": 25511
      }
    },
    {
      "type": "Feature",
      "geometry": {
        "type": "Point",
        "coordinates": [
          34.7814959,
          32.0169028
        ]
      },
      "properties": {
        "store_code": "cit_007",
        "store_name": "סיטי מרקט י.ח.ר הסתדרות חולון בע\"מ",
        "chainname": "סיטי מרקט",
        "subchainname": "סיטי מרקט",
        "storeid": null,
        "address": " ההסתדרות 106 חולון",
        "city": "חולון",
        "zipcode": null,
        "average_price_diff": 3.1711671817162426,
        "popular_item_count": 20134
      }
    },
    {
      "type": "Feature",
      "geometry": {
        "type": "Point",
        "coordinates": [
          34.799156,
          32.047187
        ]
      },
      "properties": {
        "store_code": "cit_008",
        "store_name": "סיטי מרקט טאוור בע\"מ",
        "chainname": "סיטי מרקט",
        "subchainname": "סיטי מרקט",
        "storeid": null,
        "address": " משה דיין 2 תל אביב",
        "city": "תל אביב יפו",
        "zipcode": null,
        "average_price_diff": 1.096253338001677,
        "popular_item_count": 24232
      }
    },
    {
      "type": "Feature",
      "geometry": {
        "type": "Point",
        "coordinates": [
          34.7916198,
          32.0471988
        ]
      },
      "properties": {
        "store_code": "cit_009",
        "store_name": "סיטי מרקט טווינס לח\"י בע\"מ",
        "chainname": "סיטי מרקט",
        "subchainname": "סיטי מרקט",
        "storeid": null,
        "address": " לח\"י 36 תל אביב",
        "city": "תל אביב יפו",
        "zipcode": null,
        "average_price_diff": 1.3060512452109365,
        "popular_item_count": 26081
      }
    },
    {
      "type": "Feature",
      "geometry": {
        "type": "Point",
        "coordinates": [
          34.779005694542796,
          32.017657529515624
        ]
      },
      "properties": {
        "store_code": "cit_013",
        "store_name": "סיטי מרקט חנקין",
        "chainname": "סיטי מרקט",
        "subchainname": "סיטי מרקט",
        "storeid": null,
        "address": " חנקין 95 חולון",
        "city": "חולון",
        "zipcode": null,
        "average_price_diff": 4.42631855647202,
        "popular_item_count": 18979
      }
    },
    {
      "type": "Feature",
      "geometry": {
        "type": "Point",
        "coordinates": [
          34.79232830226624,
          32.01340655723415
        ]
      },
      "properties": {
        "store_code": "cit_015",
        "store_name": "סיטי מרקט \"השדרה\" חולון",
        "chainname": "סיטי מרקט",
        "subchainname": "סיטי מרקט",
        "storeid": null,
        "address": " סיטי מרקט \"השדרה\" חולון בע\"מ",
        "city": "חולון",
        "zipcode": null,
        "average_price_diff": 2.1064532390590323,
        "popular_item_count": 26022
      }
    },
    {
      "type": "Feature",
      "geometry": {
        "type": "Point",
        "coordinates": [
          34.7911501,
          32.0536973
        ]
      },
      "properties": {
        "store_code": "cit_016",
        "store_name": "סיטי מרקט האצ\"ל פינת ההגנה",
        "chainname": "סיטי מרקט",
        "subchainname": "סיטי מרקט",
        "storeid": null,
        "address": " סיטי מרקט אצ\"ל בע\"מ",
        "city": "תל אביב יפו",
        "zipcode": null,
        "average_price_diff": 3.6317794783509565,
        "popular_item_count": 28213
      }
    },
    {
      "type": "Feature",
      "geometry": {
        "type": "Point",
        "coordinates": [
          34.8091372,
          31.9009739
        ]
      },
      "properties": {
        "store_code": "cit_017",
        "store_name": "סיטי מרקט רוטשילד בע\"מ",
        "chainname": "סיטי מרקט",
        "subchainname": "סיטי מרקט",
        "storeid": null,
        "address": " הרצל 199 רחובות",
        "city": "רחובות",
        "zipcode": null,
        "average_price_diff": 2.174627384650917,
        "popular_item_count": 24426
      }
    },
    {
      "type": "Feature",
      "geometry": {
        "type": "Point",
        "coordinates": [
          34.7781832,
          32.0227368
        ]
      },
      "properties": {
        "store_code": "cit_019",
        "store_name": "סיטי מרקט סוקולוב חולון ",
        "chainname": "סיטי מרקט",
        "subchainname": "סיטי מרקט",
        "storeid": null,
        "address": " רח' סוקולוב 75 חולון",
        "city": "חולון",
        "zipcode": null,
        "average_price_diff": -0.054153785694140436,
        "popular_item_count": 25234
      }
    },
    {
      "type": "Feature",
      "geometry": {
        "type": "Point",
        "coordinates": [
          34.7656687,
          32.0409417
        ]
      },
      "properties": {
        "store_code": "cit_020",
        "store_name": "סיטי מרקט תל כביר בע\"מ",
        "chainname": "סיטי מרקט",
        "subchainname": "סיטי מרקט",
        "storeid": null,
        "address": " רח'  גרינבויים 41 ת\"א",
        "city": "תל אביב יפו",
        "zipcode": null,
        "average_price_diff": 8.943238204068747,
        "popular_item_count": 24441
      }
    },
    {
      "type": "Feature",
      "geometry": {
        "type": "Point",
        "coordinates": [
          34.8024156,
          32.0493245
        ]
      },
      "properties": {
        "store_code": "cit_023",
        "store_name": "סיטי מרקט מח\"ל",
        "chainname": "סיטי מרקט",
        "subchainname": "סיטי מרקט",
        "storeid": null,
        "address": " מח\"ל 16 תל אביב",
        "city": "תל אביב יפו",
        "zipcode": null,
        "average_price_diff": 0.8321883037722867,
        "popular_item_count": 24060
      }
    },
    {
      "type": "Feature",
      "geometry": {
        "type": "Point",
        "coordinates": [
          34.9719941,
          32.4762448
        ]
      },
      "properties": {
        "store_code": "cit_024",
        "store_name": "סיטי מרקט פרדס חנה כרכור בע\"מ",
        "chainname": "סיטי מרקט",
        "subchainname": "סיטי מרקט",
        "storeid": null,
        "address": " הדקלים 102 פרדס חנה",
        "city": "פרדס חנה כרכור",
        "zipcode": null,
        "average_price_diff": 2.3405582457231704,
        "popular_item_count": 26429
      }
    },
    {
      "type": "Feature",
      "geometry": {
        "type": "Point",
        "coordinates": [
          34.77719080000001,
          32.022787
        ]
      },
      "properties": {
        "store_code": "cit_028",
        "store_name": "סיטי מרקט סוקולוב חולון - סניף 2",
        "chainname": "סיטי מרקט",
        "subchainname": "סיטי מרקט",
        "storeid": null,
        "address": " סוקולוב 63",
        "city": "חולון",
        "zipcode": null,
        "average_price_diff": -0.6463775665299352,
        "popular_item_count": 24925
      }
    },
    {
      "type": "Feature",
      "geometry": {
        "type": "Point",
        "coordinates": [
          34.8969894,
          32.0842895
        ]
      },
      "properties": {
        "store_code": "cit_029",
        "store_name": "סיטי מרקט עין גנים",
        "chainname": "סיטי מרקט",
        "subchainname": "סיטי מרקט",
        "storeid": null,
        "address": " עין גנים 65 פתח תקווה",
        "city": "פתח תקווה",
        "zipcode": null,
        "average_price_diff": 2.412011268970701,
        "popular_item_count": 25366
      }
    },
    {
      "type": "Feature",
      "geometry": {
        "type": "Point",
        "coordinates": [
          34.6467917,
          31.7751344
        ]
      },
      "properties": {
        "store_code": "cit_030",
        "store_name": "סיטי מרקט אשדוד",
        "chainname": "סיטי מרקט",
        "subchainname": "סיטי מרקט",
        "storeid": null,
        "address": " י\"ג 2 אשדוד",
        "city": "אשדוד",
        "zipcode": null,
        "average_price_diff": 1.218114637646548,
        "popular_item_count": 21943
      }
    },
    {
      "type": "Feature",
      "geometry": {
        "type": "Point",
        "coordinates": [
          34.7666892,
          32.0675334
        ]
      },
      "properties": {
        "store_code": "cit_031",
        "store_name": "מתוק בשוק הכרמל בע\"מ",
        "chainname": "סיטי מרקט",
        "subchainname": "סיטי מרקט",
        "storeid": null,
        "address": " דניאל 25 תל אביב",
        "city": "תל אביב יפו",
        "zipcode": null,
        "average_price_diff": 7.322794786030238,
        "popular_item_count": 17312
      }
    },
    {
      "type": "Feature",
      "geometry": {
        "type": "Point",
        "coordinates": [
          34.7996966,
          31.9636024
        ]
      },
      "properties": {
        "store_code": "cit_032",
        "store_name": "סיטי מרקט פרימיום",
        "chainname": "סיטי מרקט",
        "subchainname": "סיטי מרקט",
        "storeid": null,
        "address": " רח רוטשילד 57 ראשל\"צ",
        "city": "ראשון לציון",
        "zipcode": null,
        "average_price_diff": 6.398322752743198,
        "popular_item_count": 26519
      }
    },
    {
      "type": "Feature",
      "geometry": {
        "type": "Point",
        "coordinates": [
          34.7428833,
          32.0060162
        ]
      },
      "properties": {
        "store_code": "cit_033",
        "store_name": "סיטי מרקט עדן טאוור",
        "chainname": "סיטי מרקט",
        "subchainname": "סיטי מרקט",
        "storeid": null,
        "address": " הקוממיות 2 בת ים",
        "city": "בת ים",
        "zipcode": null,
        "average_price_diff": 4.491665598286373,
        "popular_item_count": 27259
      }
    },
    {
      "type": "Feature",
      "geometry": {
        "type": "Point",
        "coordinates": [
          34.779005694542796,
          32.017657529515624
        ]
      },
      "properties": {
        "store_code": "cit_035",
        "store_name": "סיטי מרקט בכיכר חולון",
        "chainname": "סיטי מרקט",
        "subchainname": "סיטי מרקט",
        "storeid": null,
        "address": " חנקין 95 חולון",
        "city": "חולון",
        "zipcode": null,
        "average_price_diff": 1.990470885860823,
        "popular_item_count": 27655
      }
    },
    {
      "type": "Feature",
      "geometry": {
        "type": "Point",
        "coordinates": [
          34.75380742337885,
          32.01977804348684
        ]
      },
      "properties": {
        "store_code": "cit_037",
        "store_name": "סיטי מרקט דב הוז",
        "chainname": "סיטי מרקט",
        "subchainname": "סיטי מרקט",
        "storeid": null,
        "address": " דב הוז 45 חולון",
        "city": "חולון",
        "zipcode": null,
        "average_price_diff": 1.132003547595422,
        "popular_item_count": 25643
      }
    },
    {
      "type": "Feature",
      "geometry": {
        "type": "Point",
        "coordinates": [
          34.7647189,
          32.01778700000001
        ]
      },
      "properties": {
        "store_code": "cit_038",
        "store_name": "סיטי מרקט ארגמן חולון",
        "chainname": "סיטי מרקט",
        "subchainname": "סיטי מרקט",
        "storeid": null,
        "address": " אילת 36 חולון",
        "city": "חולון",
        "zipcode": null,
        "average_price_diff": 0.6180195693840336,
        "popular_item_count": 26993
      }
    },
    {
      "type": "Feature",
      "geometry": {
        "type": "Point",
        "coordinates": [
          34.767289,
          32.067185
        ]
      },
      "properties": {
        "store_code": "cit_040",
        "store_name": "מתוק בשוק הכרמל בע\"מ",
        "chainname": "סיטי מרקט",
        "subchainname": "סיטי מרקט",
        "storeid": null,
        "address": " קלישר 3 תל אביב",
        "city": "תל אביב יפו",
        "zipcode": null,
        "average_price_diff": -0.6334437599714406,
        "popular_item_count": 6391
      }
    },
    {
      "type": "Feature",
      "geometry": {
        "type": "Point",
        "coordinates": [
          34.7704492,
          32.0235888
        ]
      },
      "properties": {
        "store_code": "cit_057",
        "store_name": "סיטי מרקט סטרומה חולון",
        "chainname": "סיטי מרקט",
        "subchainname": "סיטי מרקט",
        "storeid": null,
        "address": " סוקולוב 3 חולון",
        "city": "חולון",
        "zipcode": null,
        "average_price_diff": 1.6880605057153484,
        "popular_item_count": 26229
      }
    },
    {
      "type": "Feature",
      "geometry": {
        "type": "Point",
        "coordinates": [
          34.8391784,
          32.172691
        ]
      },
      "properties": {
        "store_code": "fre_008",
        "store_name": "טיפ טוב אשר ברש",
        "chainname": "פרש מרקט",
        "subchainname": "פרש מרקט",
        "storeid": 8.0,
        "address": "רח'אשר ברש הרצליה",
        "city": "הרצליה",
        "zipcode": null,
        "average_price_diff": 17.611190241733016,
        "popular_item_count": 3812
      }
    },
    {
      "type": "Feature",
      "geometry": {
        "type": "Point",
        "coordinates": [
          34.8462806,
          32.1736163
        ]
      },
      "properties": {
        "store_code": "fre_009",
        "store_name": "טיפ טוב גולומב",
        "chainname": "פרש מרקט",
        "subchainname": "פרש מרקט",
        "storeid": 9.0,
        "address": "רח' גולומב 56 הרצליה",
        "city": "הרצליה",
        "zipcode": null,
        "average_price_diff": 16.70253992210595,
        "popular_item_count": 1680
      }
    },
    {
      "type": "Feature",
      "geometry": {
        "type": "Point",
        "coordinates": [
          34.839398,
          31.9471553
        ]
      },
      "properties": {
        "store_code": "fre_010",
        "store_name": "היפר דודו באר יעקב",
        "chainname": "פרש מרקט",
        "subchainname": "פרש מרקט",
        "storeid": 10.0,
        "address": "דרך צהל 22 אזור תעשיה",
        "city": "באר יעקב",
        "zipcode": null,
        "average_price_diff": 5.646217504472334,
        "popular_item_count": 4010
      }
    },
    {
      "type": "Feature",
      "geometry": {
        "type": "Point",
        "coordinates": [
          34.8632777,
          32.1911989
        ]
      },
      "properties": {
        "store_code": "fre_012",
        "store_name": "פרשמרקט רעננה",
        "chainname": "פרש מרקט",
        "subchainname": "פרש מרקט",
        "storeid": 12.0,
        "address": "רח' הנשיאים 47 רעננה",
        "city": "רעננה",
        "zipcode": null,
        "average_price_diff": 12.157490806655545,
        "popular_item_count": 3621
      }
    },
    {
      "type": "Feature",
      "geometry": {
        "type": "Point",
        "coordinates": [
          34.8280633,
          32.0714834
        ]
      },
      "properties": {
        "store_code": "fre_040",
        "store_name": "פרשמרקט מרום נווה",
        "chainname": "פרש מרקט",
        "subchainname": "פרש מרקט",
        "storeid": 40.0,
        "address": "לנדאו 7",
        "city": "רמת גן",
        "zipcode": null,
        "average_price_diff": 18.575923338879708,
        "popular_item_count": 5495
      }
    },
    {
      "type": "Feature",
      "geometry": {
        "type": "Point",
        "coordinates": [
          34.7794211,
          31.9740224
        ]
      },
      "properties": {
        "store_code": "fre_046",
        "store_name": "סופר כרמים",
        "chainname": "פרש מרקט",
        "subchainname": "פרש מרקט",
        "storeid": 46.0,
        "address": "היקב 12",
        "city": "ראשון לציון",
        "zipcode": null,
        "average_price_diff": 18.631845774072005,
        "popular_item_count": 3730
      }
    },
    {
      "type": "Feature",
      "geometry": {
        "type": "Point",
        "coordinates": [
          34.768075921525934,
          31.989686269182354
        ]
      },
      "properties": {
        "store_code": "haz_201",
        "store_name": "כל בו חצי חינם הכשרת הישוב",
        "chainname": "חצי חינם",
        "subchainname": "חצי חינם",
        "storeid": null,
        "address": "הכשרת הישוב 3 , ראשון לציון , ישראל",
        "city": "ראשון לציון",
        "zipcode": 7565216.0,
        "average_price_diff": -5.0112037839085355,
        "popular_item_count": 6239
      }
    },
    {
      "type": "Feature",
      "geometry": {
        "type": "Point",
        "coordinates": [
          34.803677,
          32.0037346
        ]
      },
      "properties": {
        "store_code": "haz_202",
        "store_name": "כל בו חצי חינם כישור",
        "chainname": "חצי חינם",
        "subchainname": "חצי חינם",
        "storeid": null,
        "address": "כישור 22, חולון, ישראל",
        "city": "חולון",
        "zipcode": 0.0,
        "average_price_diff": -4.531459002689671,
        "popular_item_count": 7777
      }
    },
    {
      "type": "Feature",
      "geometry": {
        "type": "Point",
        "coordinates": [
          34.789112,
          31.8925606
        ]
      },
      "properties": {
        "store_code": "haz_203",
        "store_name": "כל בו חצי חינם - רחובות",
        "chainname": "חצי חינם",
        "subchainname": "חצי חינם",
        "storeid": null,
        "address": "דרך הים 1 , רחובות",
        "city": "רחובות",
        "zipcode": 7638701.0,
        "average_price_diff": -4.208534461252024,
        "popular_item_count": 9175
      }
    },
    {
      "type": "Feature",
      "geometry": {
        "type": "Point",
        "coordinates": [
          34.80832689454245,
          32.01096493881973
        ]
      },
      "properties": {
        "store_code": "haz_204",
        "store_name": "כל בו חצי חינם מרכבה",
        "chainname": "חצי חינם",
        "subchainname": "חצי חינם",
        "storeid": null,
        "address": "המרכבה 31, חולון, ישראל",
        "city": "חולון",
        "zipcode": 5885119.0,
        "average_price_diff": -3.8279947460162695,
        "popular_item_count": 9821
      }
    },
    {
      "type": "Feature",
      "geometry": {
        "type": "Point",
        "coordinates": [
          34.762682478664466,
          31.98856466742855
        ]
      },
      "properties": {
        "store_code": "haz_205",
        "store_name": "כל בו חצי חינם לחי",
        "chainname": "חצי חינם",
        "subchainname": "חצי חינם",
        "storeid": null,
        "address": "הלחי 16 ראשל\"צ , ישראל",
        "city": "ראשון לציון",
        "zipcode": 7570693.0,
        "average_price_diff": -4.044218276916236,
        "popular_item_count": 9377
      }
    },
    {
      "type": "Feature",
      "geometry": {
        "type": "Point",
        "coordinates": [
          34.90142347920555,
          32.133412756423475
        ]
      },
      "properties": {
        "store_code": "haz_206",
        "store_name": "כל בו חצי חינם שרונים",
        "chainname": "חצי חינם",
        "subchainname": "חצי חינם",
        "storeid": null,
        "address": "הרקון 2 הוד השרון",
        "city": "הוד השרון",
        "zipcode": 4524102.0,
        "average_price_diff": -4.015550610951258,
        "popular_item_count": 9757
      }
    },
    {
      "type": "Feature",
      "geometry": {
        "type": "Point",
        "coordinates": [
          34.762682478664466,
          31.98856466742855
        ]
      },
      "properties": {
        "store_code": "haz_207",
        "store_name": "תוצרת חקלאית ירקות לחי",
        "chainname": "חצי חינם",
        "subchainname": "חצי חינם",
        "storeid": null,
        "address": "לחי 16 , ראשון לציון , ישראל",
        "city": "ראשון לציון",
        "zipcode": 7570693.0,
        "average_price_diff": -5.322188665934542,
        "popular_item_count": 363
      }
    },
    {
      "type": "Feature",
      "geometry": {
        "type": "Point",
        "coordinates": [
          34.7731246,
          31.9864425
        ]
      },
      "properties": {
        "store_code": "haz_208",
        "store_name": "תוצרת חקלאית שוק ראשון",
        "chainname": "חצי חינם",
        "subchainname": "חצי חינם",
        "storeid": null,
        "address": "משה לוי 8 , ראשון לציון , ישראל",
        "city": "ראשון לציון",
        "zipcode": 7565822.0,
        "average_price_diff": -4.7649801848153865,
        "popular_item_count": 7523
      }
    },
    {
      "type": "Feature",
      "geometry": {
        "type": "Point",
        "coordinates": [
          34.8756808,
          32.0995721
        ]
      },
      "properties": {
        "store_code": "haz_209",
        "store_name": "כל בו חצי חינם אם המושבות",
        "chainname": "חצי חינם",
        "subchainname": "חצי חינם",
        "storeid": null,
        "address": "ראשון לציון 1 , פ\"ת , ישראל",
        "city": "ראשון לציון",
        "zipcode": 4972339.0,
        "average_price_diff": -4.382210935751194,
        "popular_item_count": 8452
      }
    },
    {
      "type": "Feature",
      "geometry": {
        "type": "Point",
        "coordinates": [
          34.90142347920555,
          32.133412756423475
        ]
      },
      "properties": {
        "store_code": "haz_210",
        "store_name": "תוצרת חקלאית ירקות שרונים",
        "chainname": "חצי חינם",
        "subchainname": "חצי חינם",
        "storeid": null,
        "address": "הרקון 2 , הוד השרון , ישראל",
        "city": "הוד השרון",
        "zipcode": 4524102.0,
        "average_price_diff": -8.48360896288528,
        "popular_item_count": 294
      }
    },
    {
      "type": "Feature",
      "geometry": {
        "type": "Point",
        "coordinates": [
          34.80832689454245,
          32.01096493881973
        ]
      },
      "properties": {
        "store_code": "haz_217",
        "store_name": "תוצרת חקלאית מרכבה ירקות",
        "chainname": "חצי חינם",
        "subchainname": "חצי חינם",
        "storeid": null,
        "address": "המרכבה 31, חולון, ישראל",
        "city": "חולון",
        "zipcode": 5885119.0,
        "average_price_diff": -6.917347718350082,
        "popular_item_count": 312
      }
    },
    {
      "type": "Feature",
      "geometry": {
        "type": "Point",
        "coordinates": [
          34.768075921525934,
          31.989686269182354
        ]
      },
      "properties": {
        "store_code": "haz_219",
        "store_name": "תוצרת חקלאית ירקות הכשרת הישוב",
        "chainname": "חצי חינם",
        "subchainname": "חצי חינם",
        "storeid": null,
        "address": "הכשרת הישוב 3 , ראשון לציון , ישראל",
        "city": "ראשון לציון",
        "zipcode": 7565216.0,
        "average_price_diff": -11.552903469196057,
        "popular_item_count": 138
      }
    },
    {
      "type": "Feature",
      "geometry": {
        "type": "Point",
        "coordinates": [
          35.09811399710307,
          33.004259553684044
        ]
      },
      "properties": {
        "store_code": "kesh_002",
        "store_name": "נהריה",
        "chainname": "קשת טעמים",
        "subchainname": "קשת טעמים",
        "storeid": 2.0,
        "address": "לוחמי הגטאות 9",
        "city": "נהריה",
        "zipcode": 2244628.0,
        "average_price_diff": -0.5906974325021941,
        "popular_item_count": 9758
      }
    },
    {
      "type": "Feature",
      "geometry": {
        "type": "Point",
        "coordinates": [
          35.038830183602286,
          32.77340901555219
        ]
      },
      "properties": {
        "store_code": "kesh_003",
        "store_name": "נשר",
        "chainname": "קשת טעמים",
        "subchainname": "קשת טעמים",
        "storeid": 3.0,
        "address": "הזית 2",
        "city": "נשר",
        "zipcode": 3675018.0,
        "average_price_diff": -0.3321441537549768,
        "popular_item_count": 8069
      }
    },
    {
      "type": "Feature",
      "geometry": {
        "type": "Point",
        "coordinates": [
          34.99316333942602,
          32.814851194
        ]
      },
      "properties": {
        "store_code": "kesh_004",
        "store_name": "הדר",
        "chainname": "קשת טעמים",
        "subchainname": "קשת טעמים",
        "storeid": 4.0,
        "address": "שבתאי לוי 23-25",
        "city": "חיפה",
        "zipcode": 3330421.0,
        "average_price_diff": -1.0310933680739376,
        "popular_item_count": 8609
      }
    },
    {
      "type": "Feature",
      "geometry": {
        "type": "Point",
        "coordinates": [
          34.987175852919705,
          32.825348752189676
        ]
      },
      "properties": {
        "store_code": "kesh_005",
        "store_name": "קרית אליעזר",
        "chainname": "קשת טעמים",
        "subchainname": "קשת טעמים",
        "storeid": 5.0,
        "address": "תל אביב 11",
        "city": "חיפה",
        "zipcode": 3330421.0,
        "average_price_diff": -1.8880379630930393,
        "popular_item_count": 10061
      }
    },
    {
      "type": "Feature",
      "geometry": {
        "type": "Point",
        "coordinates": [
          35.32277494708437,
          32.70400980992161
        ]
      },
      "properties": {
        "store_code": "kesh_008",
        "store_name": "נוף הגליל",
        "chainname": "קשת טעמים",
        "subchainname": "קשת טעמים",
        "storeid": 8.0,
        "address": "עמל 1",
        "city": "נוף הגליל",
        "zipcode": 1783011.0,
        "average_price_diff": -1.7883652852001037,
        "popular_item_count": 9603
      }
    },
    {
      "type": "Feature",
      "geometry": {
        "type": "Point",
        "coordinates": [
          35.27568772342614,
          32.91345585395408
        ]
      },
      "properties": {
        "store_code": "kesh_010",
        "store_name": "כרמיאל גבעת רם",
        "chainname": "קשת טעמים",
        "subchainname": "קשת טעמים",
        "storeid": 10.0,
        "address": "בציר 46",
        "city": "כרמיאל",
        "zipcode": 2196081.0,
        "average_price_diff": -3.050245960648872,
        "popular_item_count": 5609
      }
    },
    {
      "type": "Feature",
      "geometry": {
        "type": "Point",
        "coordinates": [
          35.08612049359486,
          32.642659870801964
        ]
      },
      "properties": {
        "store_code": "kesh_011",
        "store_name": "יקנעם",
        "chainname": "קשת טעמים",
        "subchainname": "קשת טעמים",
        "storeid": 11.0,
        "address": "הירדן 64ב",
        "city": "יקנעם",
        "zipcode": 2068116.0,
        "average_price_diff": -2.326772474920136,
        "popular_item_count": 6552
      }
    },
    {
      "type": "Feature",
      "geometry": {
        "type": "Point",
        "coordinates": [
          34.81247404124857,
          31.974203906981604
        ]
      },
      "properties": {
        "store_code": "kesh_013",
        "store_name": "ראשון לציון",
        "chainname": "קשת טעמים",
        "subchainname": "קשת טעמים",
        "storeid": 13.0,
        "address": "ברשבסקי 33",
        "city": "ראשון לציון",
        "zipcode": 7536376.0,
        "average_price_diff": -0.5185011519966635,
        "popular_item_count": 12877
      }
    },
    {
      "type": "Feature",
      "geometry": {
        "type": "Point",
        "coordinates": [
          34.85925007374893,
          32.28285046982538
        ]
      },
      "properties": {
        "store_code": "kesh_014",
        "store_name": "פולג",
        "chainname": "קשת טעמים",
        "subchainname": "קשת טעמים",
        "storeid": 14.0,
        "address": "המלאכה 24",
        "city": "נתניה",
        "zipcode": 4250563.0,
        "average_price_diff": -0.9281600698829632,
        "popular_item_count": 14573
      }
    },
    {
      "type": "Feature",
      "geometry": {
        "type": "Point",
        "coordinates": [
          35.308131725935944,
          32.92353227713128
        ]
      },
      "properties": {
        "store_code": "kesh_015",
        "store_name": "כרמיאל היוצרים",
        "chainname": "קשת טעמים",
        "subchainname": "קשת טעמים",
        "storeid": 15.0,
        "address": "היוצרים 7",
        "city": "כרמיאל",
        "zipcode": 2165233.0,
        "average_price_diff": -0.7124879452037705,
        "popular_item_count": 11238
      }
    },
    {
      "type": "Feature",
      "geometry": {
        "type": "Point",
        "coordinates": [
          35.05540992962999,
          32.82054429042673
        ]
      },
      "properties": {
        "store_code": "kesh_016",
        "store_name": "קרית חיים",
        "chainname": "קשת טעמים",
        "subchainname": "קשת טעמים",
        "storeid": 16.0,
        "address": "אצטדיון 5",
        "city": "קרית חיים",
        "zipcode": 2624805.0,
        "average_price_diff": -1.0486927957045384,
        "popular_item_count": 13252
      }
    },
    {
      "type": "Feature",
      "geometry": {
        "type": "Point",
        "coordinates": [
          34.806258226037706,
          31.86116896860909
        ]
      },
      "properties": {
        "store_code": "kesh_017",
        "store_name": "בילו",
        "chainname": "קשת טעמים",
        "subchainname": "קשת טעמים",
        "storeid": 17.0,
        "address": "מרכז קניות נטו גבעת ברנר",
        "city": "גבעת ברנר",
        "zipcode": 6094800.0,
        "average_price_diff": -1.3138437573104658,
        "popular_item_count": 13087
      }
    },
    {
      "type": "Feature",
      "geometry": {
        "type": "Point",
        "coordinates": [
          34.802494668212546,
          31.223511247312256
        ]
      },
      "properties": {
        "store_code": "kesh_018",
        "store_name": "באר שבע",
        "chainname": "קשת טעמים",
        "subchainname": "קשת טעמים",
        "storeid": 18.0,
        "address": "סולל בונה",
        "city": "באר שבע",
        "zipcode": 8488435.0,
        "average_price_diff": -1.7727312309561407,
        "popular_item_count": 13918
      }
    },
    {
      "type": "Feature",
      "geometry": {
        "type": "Point",
        "coordinates": [
          34.89246717563624,
          32.173721474549104
        ]
      },
      "properties": {
        "store_code": "kesh_019",
        "store_name": "כפר סבא",
        "chainname": "קשת טעמים",
        "subchainname": "קשת טעמים",
        "storeid": 19.0,
        "address": "מרכז מסחרי שרונה דרך השרון 12",
        "city": "כפר סבא",
        "zipcode": 4427125.0,
        "average_price_diff": -1.421824184753392,
        "popular_item_count": 12981
      }
    },
    {
      "type": "Feature",
      "geometry": {
        "type": "Point",
        "coordinates": [
          34.8939467287564,
          32.10107488639124
        ]
      },
      "properties": {
        "store_code": "kesh_020",
        "store_name": "פתח תקווה",
        "chainname": "קשת טעמים",
        "subchainname": "קשת טעמים",
        "storeid": 20.0,
        "address": "הרב פינטו מסעוד אשר 19",
        "city": "פתח תקווה",
        "zipcode": 4900518.0,
        "average_price_diff": -1.1292335216477998,
        "popular_item_count": 14001
      }
    },
    {
      "type": "Feature",
      "geometry": {
        "type": "Point",
        "coordinates": [
          35.08132152593573,
          32.923074348919016
        ]
      },
      "properties": {
        "store_code": "kesh_021",
        "store_name": "עכו",
        "chainname": "קשת טעמים",
        "subchainname": "קשת טעמים",
        "storeid": 21.0,
        "address": "החרושת 2",
        "city": "עכו",
        "zipcode": 2451705.0,
        "average_price_diff": -1.3600265063476127,
        "popular_item_count": 10293
      }
    },
    {
      "type": "Feature",
      "geometry": {
        "type": "Point",
        "coordinates": [
          34.66133296712504,
          31.812104977285962
        ]
      },
      "properties": {
        "store_code": "kesh_022",
        "store_name": "אשדוד",
        "chainname": "קשת טעמים",
        "subchainname": "קשת טעמים",
        "storeid": 22.0,
        "address": "היהלומים 4",
        "city": "אשדוד",
        "zipcode": 7761104.0,
        "average_price_diff": -1.4025410001226783,
        "popular_item_count": 14006
      }
    },
    {
      "type": "Feature",
      "geometry": {
        "type": "Point",
        "coordinates": [
          35.29678067617779,
          32.59871148254221
        ]
      },
      "properties": {
        "store_code": "kesh_023",
        "store_name": "עפולה",
        "chainname": "קשת טעמים",
        "subchainname": "קשת טעמים",
        "storeid": 23.0,
        "address": "האומן 3",
        "city": "עפולה",
        "zipcode": 1871303.0,
        "average_price_diff": -1.349355534996098,
        "popular_item_count": 13718
      }
    },
    {
      "type": "Feature",
      "geometry": {
        "type": "Point",
        "coordinates": [
          34.76554118362454,
          31.987319818947846
        ]
      },
      "properties": {
        "store_code": "kesh_024",
        "store_name": "ראשון לציון מערב",
        "chainname": "קשת טעמים",
        "subchainname": "קשת טעמים",
        "storeid": 24.0,
        "address": "לחי 4",
        "city": " ראשון לציון",
        "zipcode": 7570687.0,
        "average_price_diff": -1.9237668981182614,
        "popular_item_count": 14223
      }
    },
    {
      "type": "Feature",
      "geometry": {
        "type": "Point",
        "coordinates": [
          34.931185182486445,
          32.44010633174728
        ]
      },
      "properties": {
        "store_code": "kesh_025",
        "store_name": "חדרה חדש",
        "chainname": "קשת טעמים",
        "subchainname": "קשת טעמים",
        "storeid": 25.0,
        "address": "צהל 34",
        "city": "חדרה",
        "zipcode": 3822043.0,
        "average_price_diff": -1.7949774827334812,
        "popular_item_count": 13403
      }
    },
    {
      "type": "Feature",
      "geometry": {
        "type": "Point",
        "coordinates": [
          34.857637624352805,
          32.05605073149467
        ]
      },
      "properties": {
        "store_code": "kesh_102",
        "store_name": "קולינריק קרית אונו",
        "chainname": "קשת טעמים",
        "subchainname": "קולינריק",
        "storeid": 102.0,
        "address": "המייסדים 3",
        "city": "קרית אונו",
        "zipcode": 5552103.0,
        "average_price_diff": -2.1776702785745123,
        "popular_item_count": 4182
      }
    },
    {
      "type": "Feature",
      "geometry": {
        "type": "Point",
        "coordinates": [
          34.98699947452934,
          32.784383281327976
        ]
      },
      "properties": {
        "store_code": "kesh_103",
        "store_name": "קולינריק חורב",
        "chainname": "קשת טעמים",
        "subchainname": "קולינריק",
        "storeid": 103.0,
        "address": "חורב 15",
        "city": "חיפה",
        "zipcode": 3434119.0,
        "average_price_diff": 4.885746524479762,
        "popular_item_count": 2278
      }
    },
    {
      "type": "Feature",
      "geometry": {
        "type": "Point",
        "coordinates": [
          34.81421642399949,
          32.08331601304289
        ]
      },
      "properties": {
        "store_code": "kesh_104",
        "store_name": "קולינריק רמת גן",
        "chainname": "קשת טעמים",
        "subchainname": "קולינריק",
        "storeid": 104.0,
        "address": "ביאליק 39 רמת גן",
        "city": "רמת גן",
        "zipcode": 5246105.0,
        "average_price_diff": -1.1500797296956378,
        "popular_item_count": 6066
      }
    },
    {
      "type": "Feature",
      "geometry": {
        "type": "Point",
        "coordinates": [
          35.00663981056227,
          31.903905019724526
        ]
      },
      "properties": {
        "store_code": "kesh_105",
        "store_name": "קולינריק מודיעין",
        "chainname": "קשת טעמים",
        "subchainname": "קולינריק",
        "storeid": 105.0,
        "address": "דם המכבים 38",
        "city": "מודיעין",
        "zipcode": 7178604.0,
        "average_price_diff": -0.9260266752441927,
        "popular_item_count": 8269
      }
    },
    {
      "type": "Feature",
      "geometry": {
        "type": "Point",
        "coordinates": [
          35.2259714,
          31.7740173
        ]
      },
      "properties": {
        "store_code": "maa_001",
        "store_name": "רכס",
        "chainname": "מעיין אלפיים",
        "subchainname": "מעיין אלפיים",
        "storeid": 1.0,
        "address": "דרוק 54",
        "city": "ירושלים",
        "zipcode": 97428.0,
        "average_price_diff": -1.6332403978655052,
        "popular_item_count": 1510
      }
    },
    {
      "type": "Feature",
      "geometry": {
        "type": "Point",
        "coordinates": [
          35.2182108,
          31.8006939
        ]
      },
      "properties": {
        "store_code": "maa_002",
        "store_name": "ים סוף מאה ואחד",
        "chainname": "מעיין אלפיים",
        "subchainname": "מעיין אלפיים",
        "storeid": 2.0,
        "address": "ים סוף 101",
        "city": "ירושלים",
        "zipcode": 97701.0,
        "average_price_diff": -1.553955017608729,
        "popular_item_count": 3258
      }
    },
    {
      "type": "Feature",
      "geometry": {
        "type": "Point",
        "coordinates": [
          35.2204259,
          31.8004489
        ]
      },
      "properties": {
        "store_code": "maa_003",
        "store_name": "סנהדריה",
        "chainname": "מעיין אלפיים",
        "subchainname": "מעיין אלפיים",
        "storeid": 3.0,
        "address": "ים סוף 17",
        "city": "ירושלים",
        "zipcode": 97701.0,
        "average_price_diff": -1.1404088073959149,
        "popular_item_count": 3943
      }
    },
    {
      "type": "Feature",
      "geometry": {
        "type": "Point",
        "coordinates": [
          35.2504526,
          31.8196612
        ]
      },
      "properties": {
        "store_code": "maa_004",
        "store_name": "פסגת זאב",
        "chainname": "מעיין אלפיים",
        "subchainname": "מעיין אלפיים",
        "storeid": 4.0,
        "address": "מאיר גרשון 46",
        "city": "ירושלים",
        "zipcode": 97860.0,
        "average_price_diff": -2.9405360606600213,
        "popular_item_count": 1296
      }
    },
    {
      "type": "Feature",
      "geometry": {
        "type": "Point",
        "coordinates": [
          35.039119,
          32.460825
        ]
      },
      "properties": {
        "store_code": "maa_005",
        "store_name": "התאנה",
        "chainname": "מעיין אלפיים",
        "subchainname": "מעיין אלפיים",
        "storeid": 5.0,
        "address": "התאנה 19",
        "city": "חריש",
        "zipcode": null,
        "average_price_diff": -3.668258341413205,
        "popular_item_count": 4165
      }
    },
    {
      "type": "Feature",
      "geometry": {
        "type": "Point",
        "coordinates": [
          35.215038,
          31.7934669
        ]
      },
      "properties": {
        "store_code": "maa_006",
        "store_name": "ירמיהו אחד",
        "chainname": "מעיין אלפיים",
        "subchainname": "מעיין אלפיים",
        "storeid": 6.0,
        "address": "ירמיהו 1",
        "city": "ירושלים",
        "zipcode": 95306.0,
        "average_price_diff": -1.8986283604506775,
        "popular_item_count": 2705
      }
    },
    {
      "type": "Feature",
      "geometry": {
        "type": "Point",
        "coordinates": [
          35.2394853,
          31.8214674
        ]
      },
      "properties": {
        "store_code": "maa_007",
        "store_name": "משה דיין",
        "chainname": "מעיין אלפיים",
        "subchainname": "מעיין אלפיים",
        "storeid": 7.0,
        "address": "שד' משה דיין 160",
        "city": "ירושלים",
        "zipcode": 97816.0,
        "average_price_diff": -3.1460342464523317,
        "popular_item_count": 2150
      }
    },
    {
      "type": "Feature",
      "geometry": {
        "type": "Point",
        "coordinates": [
          35.2940167,
          31.77079149999999
        ]
      },
      "properties": {
        "store_code": "maa_008",
        "store_name": "פרי מגדים",
        "chainname": "מעיין אלפיים",
        "subchainname": "מעיין אלפיים",
        "storeid": 8.0,
        "address": "פרי מגדים 19",
        "city": "מעלה אדומים",
        "zipcode": 98480.0,
        "average_price_diff": -2.9979379359587472,
        "popular_item_count": 2479
      }
    },
    {
      "type": "Feature",
      "geometry": {
        "type": "Point",
        "coordinates": [
          35.197501,
          31.762951
        ]
      },
      "properties": {
        "store_code": "maa_009",
        "store_name": "גבעת מרדכי",
        "chainname": "מעיין אלפיים",
        "subchainname": "מעיין אלפיים",
        "storeid": 9.0,
        "address": "שח\"ל 58",
        "city": "ירושלים",
        "zipcode": 93720.0,
        "average_price_diff": -1.9299893797775642,
        "popular_item_count": 2884
      }
    },
    {
      "type": "Feature",
      "geometry": {
        "type": "Point",
        "coordinates": [
          35.221951,
          31.7259589
        ]
      },
      "properties": {
        "store_code": "maa_011",
        "store_name": "הר חומה",
        "chainname": "מעיין אלפיים",
        "subchainname": "מעיין אלפיים",
        "storeid": 11.0,
        "address": "ברש רועי 1",
        "city": "ירושלים",
        "zipcode": 93134.0,
        "average_price_diff": -1.7962649495812224,
        "popular_item_count": 2244
      }
    },
    {
      "type": "Feature",
      "geometry": {
        "type": "Point",
        "coordinates": [
          35.2143552,
          31.7837444
        ]
      },
      "properties": {
        "store_code": "maa_013",
        "store_name": "מרכז כלל",
        "chainname": "מעיין אלפיים",
        "subchainname": "מעיין אלפיים",
        "storeid": 13.0,
        "address": "אגריפס 40",
        "city": "ירושלים",
        "zipcode": 94301.0,
        "average_price_diff": -2.5323538575371436,
        "popular_item_count": 4166
      }
    },
    {
      "type": "Feature",
      "geometry": {
        "type": "Point",
        "coordinates": [
          35.3113066,
          31.7824447
        ]
      },
      "properties": {
        "store_code": "maa_016",
        "store_name": "קרסו",
        "chainname": "מעיין אלפיים",
        "subchainname": "מעיין אלפיים",
        "storeid": 16.0,
        "address": "הרכס 31",
        "city": "מעלה אדומים",
        "zipcode": 98554.0,
        "average_price_diff": -6.458468470879784,
        "popular_item_count": 3792
      }
    },
    {
      "type": "Feature",
      "geometry": {
        "type": "Point",
        "coordinates": [
          35.212041,
          31.800401
        ]
      },
      "properties": {
        "store_code": "maa_017",
        "store_name": "הר חוצבים",
        "chainname": "מעיין אלפיים",
        "subchainname": "מעיין אלפיים",
        "storeid": 17.0,
        "address": "המרפא 1",
        "city": "ירושלים",
        "zipcode": 97774.0,
        "average_price_diff": -3.27512063164091,
        "popular_item_count": 1839
      }
    },
    {
      "type": "Feature",
      "geometry": {
        "type": "Point",
        "coordinates": [
          35.1774603,
          31.7376859
        ]
      },
      "properties": {
        "store_code": "maa_018",
        "store_name": "גילה",
        "chainname": "מעיין אלפיים",
        "subchainname": "מעיין אלפיים",
        "storeid": 18.0,
        "address": "יהושוע ברוכי 2",
        "city": "ירושלים",
        "zipcode": 93858.0,
        "average_price_diff": -1.807968282764709,
        "popular_item_count": 2006
      }
    },
    {
      "type": "Feature",
      "geometry": {
        "type": "Point",
        "coordinates": [
          35.2175977,
          31.78017109999999
        ]
      },
      "properties": {
        "store_code": "maa_020",
        "store_name": "הילל",
        "chainname": "מעיין אלפיים",
        "subchainname": "מעיין אלפיים",
        "storeid": 20.0,
        "address": "הילל 16",
        "city": "ירושלים",
        "zipcode": 94581.0,
        "average_price_diff": -2.7044758804004836,
        "popular_item_count": 2614
      }
    },
    {
      "type": "Feature",
      "geometry": {
        "type": "Point",
        "coordinates": [
          35.224843,
          31.789996
        ]
      },
      "properties": {
        "store_code": "maa_021",
        "store_name": "שמואל הנביא",
        "chainname": "מעיין אלפיים",
        "subchainname": "מעיין אלפיים",
        "storeid": 21.0,
        "address": "שמואל הנביא 35",
        "city": "ירושלים",
        "zipcode": 97253.0,
        "average_price_diff": -1.1873712817369224,
        "popular_item_count": 2465
      }
    },
    {
      "type": "Feature",
      "geometry": {
        "type": "Point",
        "coordinates": [
          35.2243603,
          31.7895097
        ]
      },
      "properties": {
        "store_code": "maa_022",
        "store_name": "בית ישראל",
        "chainname": "מעיין אלפיים",
        "subchainname": "מעיין אלפיים",
        "storeid": 22.0,
        "address": "בית ישראל 17",
        "city": "ירושלים",
        "zipcode": 95190.0,
        "average_price_diff": -0.7281916682834217,
        "popular_item_count": 2285
      }
    },
    {
      "type": "Feature",
      "geometry": {
        "type": "Point",
        "coordinates": [
          35.2161714,
          31.776883
        ]
      },
      "properties": {
        "store_code": "maa_023",
        "store_name": "קק\"ל",
        "chainname": "מעיין אלפיים",
        "subchainname": "מעיין אלפיים",
        "storeid": 23.0,
        "address": "קק\"ל (רחביה) 12",
        "city": "ירושלים",
        "zipcode": 92428.0,
        "average_price_diff": -2.601397853786829,
        "popular_item_count": 2089
      }
    },
    {
      "type": "Feature",
      "geometry": {
        "type": "Point",
        "coordinates": [
          35.261645,
          31.865575
        ]
      },
      "properties": {
        "store_code": "maa_026",
        "store_name": "שער בנימין אזור תעשיה",
        "chainname": "מעיין אלפיים",
        "subchainname": "מעיין אלפיים",
        "storeid": 26.0,
        "address": "אזור תעשיה שער בינימין 1",
        "city": "גבע בנימין",
        "zipcode": 90632.0,
        "average_price_diff": -5.860220806502484,
        "popular_item_count": 4871
      }
    },
    {
      "type": "Feature",
      "geometry": {
        "type": "Point",
        "coordinates": [
          35.3127811,
          31.7866667
        ]
      },
      "properties": {
        "store_code": "maa_027",
        "store_name": "נופי הסלע",
        "chainname": "מעיין אלפיים",
        "subchainname": "מעיין אלפיים",
        "storeid": 27.0,
        "address": "הצור 36",
        "city": "מעלה אדומים",
        "zipcode": 98556.0,
        "average_price_diff": -2.3062515580638716,
        "popular_item_count": 2723
      }
    },
    {
      "type": "Feature",
      "geometry": {
        "type": "Point",
        "coordinates": [
          35.536758,
          32.781093
        ]
      },
      "properties": {
        "store_code": "maa_028",
        "store_name": "טבריה",
        "chainname": "מעיין אלפיים",
        "subchainname": "מעיין אלפיים",
        "storeid": 28.0,
        "address": "מיכאל 7",
        "city": "טבריה",
        "zipcode": 14369.0,
        "average_price_diff": -4.251460883037896,
        "popular_item_count": 3027
      }
    },
    {
      "type": "Feature",
      "geometry": {
        "type": "Point",
        "coordinates": [
          35.0484118,
          32.4667806
        ]
      },
      "properties": {
        "store_code": "maa_029",
        "store_name": "טופז",
        "chainname": "מעיין אלפיים",
        "subchainname": "מעיין אלפיים",
        "storeid": 29.0,
        "address": "טופז 1",
        "city": "חריש",
        "zipcode": 37604.0,
        "average_price_diff": -3.8211882150003125,
        "popular_item_count": 4120
      }
    },
    {
      "type": "Feature",
      "geometry": {
        "type": "Point",
        "coordinates": [
          35.2384784,
          32.6757994
        ]
      },
      "properties": {
        "store_code": "maa_035",
        "store_name": "מגדל העמק",
        "chainname": "מעיין אלפיים",
        "subchainname": "מעיין אלפיים",
        "storeid": 35.0,
        "address": "הזית 4",
        "city": "מגדל העמק",
        "zipcode": 23011.0,
        "average_price_diff": -2.7381167231293517,
        "popular_item_count": 2957
      }
    },
    {
      "type": "Feature",
      "geometry": {
        "type": "Point",
        "coordinates": [
          34.8315349,
          32.0859521
        ]
      },
      "properties": {
        "store_code": "maa_038",
        "store_name": "גן ורשא",
        "chainname": "מעיין אלפיים",
        "subchainname": "מעיין אלפיים",
        "storeid": 38.0,
        "address": "רח רבי עקיבא 94",
        "city": "בני ברק",
        "zipcode": 51460.0,
        "average_price_diff": -1.6418023452013015,
        "popular_item_count": 2516
      }
    },
    {
      "type": "Feature",
      "geometry": {
        "type": "Point",
        "coordinates": [
          34.8352474,
          32.0907813
        ]
      },
      "properties": {
        "store_code": "maa_039",
        "store_name": "סימטת אזר",
        "chainname": "מעיין אלפיים",
        "subchainname": "מעיין אלפיים",
        "storeid": 39.0,
        "address": "העליה השניה 13",
        "city": "בני ברק",
        "zipcode": 51331.0,
        "average_price_diff": -1.5991883225425523,
        "popular_item_count": 3249
      }
    },
    {
      "type": "Feature",
      "geometry": {
        "type": "Point",
        "coordinates": [
          34.82717660989021,
          32.08732594365195
        ]
      },
      "properties": {
        "store_code": "maa_040",
        "store_name": "הרב קוק",
        "chainname": "מעיין אלפיים",
        "subchainname": "מעיין אלפיים",
        "storeid": 40.0,
        "address": "הרב קוק 5",
        "city": "בני ברק",
        "zipcode": 51405.0,
        "average_price_diff": -1.07839119857554,
        "popular_item_count": 2716
      }
    },
    {
      "type": "Feature",
      "geometry": {
        "type": "Point",
        "coordinates": [
          35.094212,
          32.752262
        ]
      },
      "properties": {
        "store_code": "maa_041",
        "store_name": "רכסים",
        "chainname": "מעיין אלפיים",
        "subchainname": "מעיין אלפיים",
        "storeid": 41.0,
        "address": "אזור תעשיה כפר חסידים 0",
        "city": "רכסים",
        "zipcode": 20496.0,
        "average_price_diff": -4.372784250101258,
        "popular_item_count": 2797
      }
    },
    {
      "type": "Feature",
      "geometry": {
        "type": "Point",
        "coordinates": [
          35.2445371,
          31.8287763
        ]
      },
      "properties": {
        "store_code": "maa_043",
        "store_name": "השישה עשר",
        "chainname": "מעיין אלפיים",
        "subchainname": "מעיין אלפיים",
        "storeid": 43.0,
        "address": "השישה עשר 39",
        "city": "ירושלים",
        "zipcode": 97534.0,
        "average_price_diff": -2.3359896888499674,
        "popular_item_count": 1633
      }
    },
    {
      "type": "Feature",
      "geometry": {
        "type": "Point",
        "coordinates": [
          35.218633,
          31.7956357
        ]
      },
      "properties": {
        "store_code": "maa_044",
        "store_name": "שמעון חכם",
        "chainname": "מעיין אלפיים",
        "subchainname": "מעיין אלפיים",
        "storeid": 44.0,
        "address": "חכם שמעון 14",
        "city": "ירושלים",
        "zipcode": 95348.0,
        "average_price_diff": -2.2280673935144764,
        "popular_item_count": 2048
      }
    },
    {
      "type": "Feature",
      "geometry": {
        "type": "Point",
        "coordinates": [
          35.29812,
          31.773363
        ]
      },
      "properties": {
        "store_code": "maa_045",
        "store_name": "כיכר יהלום",
        "chainname": "מעיין אלפיים",
        "subchainname": "מעיין אלפיים",
        "storeid": 45.0,
        "address": "כיכר יהלום 1",
        "city": "מעלה אדומים",
        "zipcode": 98454.0,
        "average_price_diff": -3.7576783699452414,
        "popular_item_count": 4148
      }
    },
    {
      "type": "Feature",
      "geometry": {
        "type": "Point",
        "coordinates": [
          34.7734267,
          31.254518
        ]
      },
      "properties": {
        "store_code": "maa_046",
        "store_name": "טבנקין",
        "chainname": "מעיין אלפיים",
        "subchainname": "מעיין אלפיים",
        "storeid": 46.0,
        "address": "טבנקין (שכונה ה') 76",
        "city": "באר שבע",
        "zipcode": 84745.0,
        "average_price_diff": -2.8928125751166376,
        "popular_item_count": 3352
      }
    },
    {
      "type": "Feature",
      "geometry": {
        "type": "Point",
        "coordinates": [
          34.7930447,
          31.26455099999999
        ]
      },
      "properties": {
        "store_code": "maa_047",
        "store_name": "יוחנן הורקנוס",
        "chainname": "מעיין אלפיים",
        "subchainname": "מעיין אלפיים",
        "storeid": 47.0,
        "address": "יוחנן הורקנוס מרכז גלית 1",
        "city": "באר שבע",
        "zipcode": 84557.0,
        "average_price_diff": -3.4817147926107346,
        "popular_item_count": 3011
      }
    },
    {
      "type": "Feature",
      "geometry": {
        "type": "Point",
        "coordinates": [
          34.7991725,
          31.2704307
        ]
      },
      "properties": {
        "store_code": "maa_060",
        "store_name": "ברנפלד",
        "chainname": "מעיין אלפיים",
        "subchainname": "מעיין אלפיים",
        "storeid": 60.0,
        "address": "ברנפלד 17",
        "city": "באר שבע",
        "zipcode": 84585.0,
        "average_price_diff": -3.200757364090368,
        "popular_item_count": 1214
      }
    },
    {
      "type": "Feature",
      "geometry": {
        "type": "Point",
        "coordinates": [
          35.5321260240832,
          32.7937179387725
        ]
      },
      "properties": {
        "store_code": "maa_061",
        "store_name": "ויצמן",
        "chainname": "מעיין אלפיים",
        "subchainname": "מעיין אלפיים",
        "storeid": 61.0,
        "address": "unknown",
        "city": "טבריה",
        "zipcode": null,
        "average_price_diff": -2.370748720563467,
        "popular_item_count": 1596
      }
    },
    {
      "type": "Feature",
      "geometry": {
        "type": "Point",
        "coordinates": [
          35.24992278289223,
          31.840017561462346
        ]
      },
      "properties": {
        "store_code": "maa_062",
        "store_name": "נווה יעקב (אביר יעקב)",
        "chainname": "מעיין אלפיים",
        "subchainname": "מעיין אלפיים",
        "storeid": 62.0,
        "address": "אביר יעקב (קמניץ) 2",
        "city": "ירושלים",
        "zipcode": null,
        "average_price_diff": -1.3565538206039094,
        "popular_item_count": 2053
      }
    },
    {
      "type": "Feature",
      "geometry": {
        "type": "Point",
        "coordinates": [
          35.1784273,
          31.7387367
        ]
      },
      "properties": {
        "store_code": "maa_063",
        "store_name": "מורדות גילה",
        "chainname": "מעיין אלפיים",
        "subchainname": "מעיין אלפיים",
        "storeid": 63.0,
        "address": "אבנר חי שאקי 27 גילה ירושלים 27",
        "city": "ירושלים",
        "zipcode": null,
        "average_price_diff": -3.672422008673552,
        "popular_item_count": 1184
      }
    },
    {
      "type": "Feature",
      "geometry": {
        "type": "Point",
        "coordinates": [
          35.03971864417635,
          31.925853658879042
        ]
      },
      "properties": {
        "store_code": "maa_064",
        "store_name": "מעיין קרית ספר",
        "chainname": "מעיין אלפיים",
        "subchainname": "מעיין אלפיים",
        "storeid": 64.0,
        "address": "שערי תשובה 14",
        "city": "מודיעין עילית",
        "zipcode": 0.0,
        "average_price_diff": -4.326001873855727,
        "popular_item_count": 1576
      }
    },
    {
      "type": "Feature",
      "geometry": {
        "type": "Point",
        "coordinates": [
          34.7939865,
          31.239921
        ]
      },
      "properties": {
        "store_code": "mah_001",
        "store_name": "1 ב\"ש-בית אשל",
        "chainname": "מחסני השוק",
        "subchainname": "מחסני השוק",
        "storeid": 1.0,
        "address": "בית אשל 1",
        "city": "באר שבע",
        "zipcode": null,
        "average_price_diff": -5.3811641108753685,
        "popular_item_count": 7239
      }
    },
    {
      "type": "Feature",
      "geometry": {
        "type": "Point",
        "coordinates": [
          34.7796984,
          31.2509597
        ]
      },
      "properties": {
        "store_code": "mah_016",
        "store_name": "16 יעלים ב\"ש",
        "chainname": "מחסני השוק",
        "subchainname": "מחסני השוק בסיטי",
        "storeid": 16.0,
        "address": " ",
        "city": "באר שבע",
        "zipcode": null,
        "average_price_diff": -2.147322808568049,
        "popular_item_count": 4748
      }
    },
    {
      "type": "Feature",
      "geometry": {
        "type": "Point",
        "coordinates": [
          35.3186256,
          32.7035785
        ]
      },
      "properties": {
        "store_code": "mah_018",
        "store_name": "18 נוף הגליל",
        "chainname": "מחסני השוק",
        "subchainname": "מחסני השוק",
        "storeid": 18.0,
        "address": " ",
        "city": "נוף הגליל",
        "zipcode": null,
        "average_price_diff": -5.080578823867113,
        "popular_item_count": 7463
      }
    },
    {
      "type": "Feature",
      "geometry": {
        "type": "Point",
        "coordinates": [
          34.8092845,
          31.3733931
        ]
      },
      "properties": {
        "store_code": "mah_020",
        "store_name": "20 להבים",
        "chainname": "מחסני השוק",
        "subchainname": "מחסני השוק",
        "storeid": 20.0,
        "address": "מרכז מסחרי להבים ",
        "city": "להבים",
        "zipcode": null,
        "average_price_diff": -5.308337358168994,
        "popular_item_count": 7279
      }
    },
    {
      "type": "Feature",
      "geometry": {
        "type": "Point",
        "coordinates": [
          35.1450494,
          33.0754389
        ]
      },
      "properties": {
        "store_code": "mah_035",
        "store_name": "35 שלומי",
        "chainname": "מחסני השוק",
        "subchainname": "מחסני השוק בסיטי",
        "storeid": 35.0,
        "address": "ההשראה 2",
        "city": "שלומי",
        "zipcode": null,
        "average_price_diff": -2.446997309795414,
        "popular_item_count": 5399
      }
    },
    {
      "type": "Feature",
      "geometry": {
        "type": "Point",
        "coordinates": [
          35.317284101725456,
          32.621521714497554
        ]
      },
      "properties": {
        "store_code": "mah_036",
        "store_name": "36 עפולה ביהח העמק",
        "chainname": "מחסני השוק",
        "subchainname": "מחסני השוק בסיטי",
        "storeid": 36.0,
        "address": "יצחק רבין 21",
        "city": "פרדס חנה כרכור",
        "zipcode": 1834111.0,
        "average_price_diff": -6.311223108953949,
        "popular_item_count": 2505
      }
    },
    {
      "type": "Feature",
      "geometry": {
        "type": "Point",
        "coordinates": [
          34.62468190467515,
          31.315346322776204
        ]
      },
      "properties": {
        "store_code": "mah_041",
        "store_name": "41 אופקים אזור תעשיה",
        "chainname": "מחסני השוק",
        "subchainname": "מחסני השוק",
        "storeid": 41.0,
        "address": "שדרות יהדות דרום אפריקה 14",
        "city": "אופקים",
        "zipcode": 0.0,
        "average_price_diff": -5.807585344755518,
        "popular_item_count": 4473
      }
    },
    {
      "type": "Feature",
      "geometry": {
        "type": "Point",
        "coordinates": [
          35.2152179,
          31.26125469999999
        ]
      },
      "properties": {
        "store_code": "mah_044",
        "store_name": "44 ערד",
        "chainname": "מחסני השוק",
        "subchainname": "מחסני השוק",
        "storeid": null,
        "address": "שמיר 5",
        "city": "ערד",
        "zipcode": null,
        "average_price_diff": -5.354647725935847,
        "popular_item_count": 6735
      }
    },
    {
      "type": "Feature",
      "geometry": {
        "type": "Point",
        "coordinates": [
          35.0067509528218,
          31.375119581811
        ]
      },
      "properties": {
        "store_code": "mah_045",
        "store_name": "45 מיתרים",
        "chainname": "מחסני השוק",
        "subchainname": "מחסני השוק בסיטי",
        "storeid": 45.0,
        "address": "אזור תעשיה הר חרמ 1",
        "city": "מיתרים",
        "zipcode": null,
        "average_price_diff": -1.680415367203802,
        "popular_item_count": 4565
      }
    },
    {
      "type": "Feature",
      "geometry": {
        "type": "Point",
        "coordinates": [
          34.7867691,
          31.2521018
        ]
      },
      "properties": {
        "store_code": "mah_050",
        "store_name": "50 רד\"ק- ב\"ש",
        "chainname": "מחסני השוק",
        "subchainname": "מחסני השוק בסיטי",
        "storeid": 50.0,
        "address": "רחבת רד\"ק 28",
        "city": "באר שבע",
        "zipcode": null,
        "average_price_diff": 0.20021446359462874,
        "popular_item_count": 4363
      }
    },
    {
      "type": "Feature",
      "geometry": {
        "type": "Point",
        "coordinates": [
          35.0406357,
          32.7785192
        ]
      },
      "properties": {
        "store_code": "mah_051",
        "store_name": "51 חיפה - נשר",
        "chainname": "מחסני השוק",
        "subchainname": "מחסני השוק",
        "storeid": 51.0,
        "address": "דרך בר יהודה http 147",
        "city": "נשר",
        "zipcode": null,
        "average_price_diff": -5.5875535711474,
        "popular_item_count": 6592
      }
    },
    {
      "type": "Feature",
      "geometry": {
        "type": "Point",
        "coordinates": [
          35.0209953,
          31.8991267
        ]
      },
      "properties": {
        "store_code": "mah_052",
        "store_name": "52 מודיעין",
        "chainname": "מחסני השוק",
        "subchainname": "מחסני השוק בסיטי",
        "storeid": 52.0,
        "address": "עמק דותן 24",
        "city": "מודיעין מכבים רעות",
        "zipcode": null,
        "average_price_diff": -1.7317943432592644,
        "popular_item_count": 5715
      }
    },
    {
      "type": "Feature",
      "geometry": {
        "type": "Point",
        "coordinates": [
          34.8215989,
          31.8981815
        ]
      },
      "properties": {
        "store_code": "mah_054",
        "store_name": "54 רחובות - הנשיא",
        "chainname": "מחסני השוק",
        "subchainname": "מחסני השוק בסיטי",
        "storeid": 54.0,
        "address": " ",
        "city": "רחובות",
        "zipcode": null,
        "average_price_diff": 0.038038342625027075,
        "popular_item_count": 4629
      }
    },
    {
      "type": "Feature",
      "geometry": {
        "type": "Point",
        "coordinates": [
          34.8183187,
          31.2543238
        ]
      },
      "properties": {
        "store_code": "mah_058",
        "store_name": "58 סניף אורגים- ב\"ש",
        "chainname": "מחסני השוק",
        "subchainname": "מחסני השוק",
        "storeid": 58.0,
        "address": "האורגים http://ww 1",
        "city": "באר שבע",
        "zipcode": null,
        "average_price_diff": -4.70975176524466,
        "popular_item_count": 9527
      }
    },
    {
      "type": "Feature",
      "geometry": {
        "type": "Point",
        "coordinates": [
          35.1045404,
          32.6592962
        ]
      },
      "properties": {
        "store_code": "mah_059",
        "store_name": "59 יקנעם",
        "chainname": "מחסני השוק",
        "subchainname": "מחסני השוק",
        "storeid": 59.0,
        "address": "התמר 1",
        "city": "יקנעם",
        "zipcode": null,
        "average_price_diff": -5.622428662992439,
        "popular_item_count": 5576
      }
    },
    {
      "type": "Feature",
      "geometry": {
        "type": "Point",
        "coordinates": [
          35.03529194277279,
          31.060269211788118
        ]
      },
      "properties": {
        "store_code": "mah_061",
        "store_name": "61 דימונה ממשית",
        "chainname": "מחסני השוק",
        "subchainname": "מחסני השוק",
        "storeid": null,
        "address": "תל לכיש 6",
        "city": "דימונה",
        "zipcode": null,
        "average_price_diff": -5.651045676979204,
        "popular_item_count": 5279
      }
    },
    {
      "type": "Feature",
      "geometry": {
        "type": "Point",
        "coordinates": [
          35.1053976,
          32.8125999
        ]
      },
      "properties": {
        "store_code": "mah_065",
        "store_name": "65 קרית אתא",
        "chainname": "מחסני השוק",
        "subchainname": "מחסני השוק בסיטי",
        "storeid": 65.0,
        "address": "חנקין 1",
        "city": "קרית אתא",
        "zipcode": 28212.0,
        "average_price_diff": -1.9384190897857156,
        "popular_item_count": 4653
      }
    },
    {
      "type": "Feature",
      "geometry": {
        "type": "Point",
        "coordinates": [
          35.008912,
          32.197318
        ]
      },
      "properties": {
        "store_code": "mah_066",
        "store_name": "66 צופים",
        "chainname": "מחסני השוק",
        "subchainname": "מחסני השוק בסיטי",
        "storeid": 66.0,
        "address": " ",
        "city": "צופים",
        "zipcode": null,
        "average_price_diff": 0.5026875002507551,
        "popular_item_count": 3518
      }
    },
    {
      "type": "Feature",
      "geometry": {
        "type": "Point",
        "coordinates": [
          35.495997,
          32.964648
        ]
      },
      "properties": {
        "store_code": "mah_076",
        "store_name": "76 צפת",
        "chainname": "מחסני השוק",
        "subchainname": "מחסני השוק",
        "storeid": 76.0,
        "address": "לוחמי הגטאות 1",
        "city": "צפת",
        "zipcode": 13401.0,
        "average_price_diff": -5.222750194310127,
        "popular_item_count": 6142
      }
    },
    {
      "type": "Feature",
      "geometry": {
        "type": "Point",
        "coordinates": [
          34.7729873,
          31.6022033
        ]
      },
      "properties": {
        "store_code": "mah_077",
        "store_name": "77 קרית גת",
        "chainname": "מחסני השוק",
        "subchainname": "מחסני השוק",
        "storeid": 77.0,
        "address": "דרך הדרום http:// 1",
        "city": "קרית גת",
        "zipcode": 82021.0,
        "average_price_diff": -5.550932861573767,
        "popular_item_count": 6552
      }
    },
    {
      "type": "Feature",
      "geometry": {
        "type": "Point",
        "coordinates": [
          35.1177985,
          31.6543398
        ]
      },
      "properties": {
        "store_code": "mah_078",
        "store_name": "78 כפר עציון",
        "chainname": "מחסני השוק",
        "subchainname": "מחסני השוק",
        "storeid": 78.0,
        "address": " ",
        "city": "כפר עציון",
        "zipcode": null,
        "average_price_diff": -5.7320321085706905,
        "popular_item_count": 5281
      }
    },
    {
      "type": "Feature",
      "geometry": {
        "type": "Point",
        "coordinates": [
          34.778129334671746,
          31.267850394480696
        ]
      },
      "properties": {
        "store_code": "mah_082",
        "store_name": "82 קריה חרדית מהדרין ב\"ש",
        "chainname": "מחסני השוק",
        "subchainname": "מחסני השוק",
        "storeid": 82.0,
        "address": "טולדנו 12",
        "city": "באר שבע",
        "zipcode": 8452311.0,
        "average_price_diff": -4.798284380318691,
        "popular_item_count": 6440
      }
    },
    {
      "type": "Feature",
      "geometry": {
        "type": "Point",
        "coordinates": [
          34.8469088,
          32.077607
        ]
      },
      "properties": {
        "store_code": "mah_083",
        "store_name": "83 גבעת שמואל",
        "chainname": "מחסני השוק",
        "subchainname": "מחסני השוק בסיטי",
        "storeid": 83.0,
        "address": " ",
        "city": "גבעת שמואל",
        "zipcode": null,
        "average_price_diff": -0.20450837631231875,
        "popular_item_count": 3016
      }
    },
    {
      "type": "Feature",
      "geometry": {
        "type": "Point",
        "coordinates": [
          34.8211636,
          32.0903051
        ]
      },
      "properties": {
        "store_code": "mah_091",
        "store_name": "91 זבוטינסקי- ת\"א",
        "chainname": "מחסני השוק",
        "subchainname": "מחסני השוק בסיטי",
        "storeid": 91.0,
        "address": "ז`בוטינסקי 128",
        "city": "רמת גן",
        "zipcode": 52602.0,
        "average_price_diff": -0.048779331424617926,
        "popular_item_count": 3637
      }
    },
    {
      "type": "Feature",
      "geometry": {
        "type": "Point",
        "coordinates": [
          34.9588279,
          29.5712356
        ]
      },
      "properties": {
        "store_code": "mah_098",
        "store_name": "98 אילת",
        "chainname": "מחסני השוק",
        "subchainname": "מחסני השוק",
        "storeid": 98.0,
        "address": "הספן 1",
        "city": "אילת",
        "zipcode": null,
        "average_price_diff": -19.283859343435292,
        "popular_item_count": 6837
      }
    },
    {
      "type": "Feature",
      "geometry": {
        "type": "Point",
        "coordinates": [
          35.1885692,
          31.7804105
        ]
      },
      "properties": {
        "store_code": "mah_202",
        "store_name": "202 בית הכרם ירושלים",
        "chainname": "מחסני השוק",
        "subchainname": "מחסני השוק בשבילך",
        "storeid": 202.0,
        "address": "כיכר דניה 1",
        "city": "ירושלים",
        "zipcode": null,
        "average_price_diff": 2.549186809974353,
        "popular_item_count": 6418
      }
    },
    {
      "type": "Feature",
      "geometry": {
        "type": "Point",
        "coordinates": [
          35.2089708,
          31.766256
        ]
      },
      "properties": {
        "store_code": "mah_203",
        "store_name": "203 הפלמ\"ח ירושלים",
        "chainname": "מחסני השוק",
        "subchainname": "מחסני השוק בשבילך",
        "storeid": 203.0,
        "address": "הפלמח 42",
        "city": "ירושלים",
        "zipcode": null,
        "average_price_diff": 2.8587541699941483,
        "popular_item_count": 5781
      }
    },
    {
      "type": "Feature",
      "geometry": {
        "type": "Point",
        "coordinates": [
          35.16596771028976,
          31.75671343154569
        ]
      },
      "properties": {
        "store_code": "mah_205",
        "store_name": "205 קרית מנחם ירושלים",
        "chainname": "מחסני השוק",
        "subchainname": "מחסני השוק בשבילך",
        "storeid": 205.0,
        "address": "דהומי 6",
        "city": "ירושלים",
        "zipcode": null,
        "average_price_diff": 2.768461654099614,
        "popular_item_count": 3456
      }
    },
    {
      "type": "Feature",
      "geometry": {
        "type": "Point",
        "coordinates": [
          35.14872410987831,
          31.867021509040047
        ]
      },
      "properties": {
        "store_code": "mah_207",
        "store_name": "207 גבעת זאב- ירושלים",
        "chainname": "מחסני השוק",
        "subchainname": "מחסני השוק בשבילך",
        "storeid": 207.0,
        "address": "מרכז מסחרי 1",
        "city": "גבעת זאב",
        "zipcode": null,
        "average_price_diff": 1.9468094681696426,
        "popular_item_count": 4413
      }
    },
    {
      "type": "Feature",
      "geometry": {
        "type": "Point",
        "coordinates": [
          35.23439430814793,
          31.838138170183
        ]
      },
      "properties": {
        "store_code": "mah_211",
        "store_name": "211 פסגת זאב ירושלים",
        "chainname": "מחסני השוק",
        "subchainname": "מחסני השוק בשבילך",
        "storeid": 211.0,
        "address": "שדרקות משה דיין 1",
        "city": "ירושלים",
        "zipcode": null,
        "average_price_diff": 2.5401101810208453,
        "popular_item_count": 4418
      }
    },
    {
      "type": "Feature",
      "geometry": {
        "type": "Point",
        "coordinates": [
          35.236047,
          31.749309
        ]
      },
      "properties": {
        "store_code": "mah_212",
        "store_name": "212 תלפיות מזרח ירושלים",
        "chainname": "מחסני השוק",
        "subchainname": "מחסני השוק בשבילך",
        "storeid": 212.0,
        "address": "דב גרונר מרכז מסח 2",
        "city": "ירושלים",
        "zipcode": null,
        "average_price_diff": 2.245176245301649,
        "popular_item_count": 4821
      }
    },
    {
      "type": "Feature",
      "geometry": {
        "type": "Point",
        "coordinates": [
          35.238607,
          31.805577
        ]
      },
      "properties": {
        "store_code": "mah_217",
        "store_name": "217 גבעת שפירא ירושלים",
        "chainname": "מחסני השוק",
        "subchainname": "מחסני השוק בשבילך",
        "storeid": 217.0,
        "address": "ההגנה 19",
        "city": "ירושלים",
        "zipcode": 97851.0,
        "average_price_diff": 2.4347199995843747,
        "popular_item_count": 5546
      }
    },
    {
      "type": "Feature",
      "geometry": {
        "type": "Point",
        "coordinates": [
          35.240681481028304,
          31.84122226967315
        ]
      },
      "properties": {
        "store_code": "mah_218",
        "store_name": "218 נווה יעקב ירושלים",
        "chainname": "מחסני השוק",
        "subchainname": "מחסני השוק מהדרין",
        "storeid": 218.0,
        "address": "מרכז מסחרי נווה י 1",
        "city": "ירושלים",
        "zipcode": null,
        "average_price_diff": 1.0303472858637477,
        "popular_item_count": 4352
      }
    },
    {
      "type": "Feature",
      "geometry": {
        "type": "Point",
        "coordinates": [
          35.206462,
          31.76146
        ]
      },
      "properties": {
        "store_code": "mah_220",
        "store_name": "220 גבעת אורנים ירושלים",
        "chainname": "מחסני השוק",
        "subchainname": "מחסני השוק בשבילך",
        "storeid": 220.0,
        "address": "שי עגנון 20",
        "city": "ירושלים",
        "zipcode": null,
        "average_price_diff": 1.0259614353039093,
        "popular_item_count": 5163
      }
    },
    {
      "type": "Feature",
      "geometry": {
        "type": "Point",
        "coordinates": [
          35.1660279,
          31.756478
        ]
      },
      "properties": {
        "store_code": "mah_222",
        "store_name": "222 וולפסון ירושלים",
        "chainname": "מחסני השוק",
        "subchainname": "מחסני השוק בשבילך",
        "storeid": 222.0,
        "address": " ",
        "city": "ירושלים",
        "zipcode": null,
        "average_price_diff": 2.820320599495027,
        "popular_item_count": 5394
      }
    },
    {
      "type": "Feature",
      "geometry": {
        "type": "Point",
        "coordinates": [
          35.245497,
          31.819819
        ]
      },
      "properties": {
        "store_code": "mah_223",
        "store_name": "223 פסגת זאב מזרח ירושלים",
        "chainname": "מחסני השוק",
        "subchainname": "מחסני השוק בשבילך",
        "storeid": 223.0,
        "address": "מאיר גרשון פ.יוסף 3/1",
        "city": "ירושלים",
        "zipcode": null,
        "average_price_diff": 2.8972282791559176,
        "popular_item_count": 5924
      }
    },
    {
      "type": "Feature",
      "geometry": {
        "type": "Point",
        "coordinates": [
          34.9980728,
          31.9073565
        ]
      },
      "properties": {
        "store_code": "mah_230",
        "store_name": "230 קייזר מודיעין בשבילך",
        "chainname": "מחסני השוק",
        "subchainname": "מחסני השוק בשבילך",
        "storeid": 230.0,
        "address": "גינת זבולון קייזר 24",
        "city": "מודיעין מכבים רעות",
        "zipcode": null,
        "average_price_diff": 2.8645593950378365,
        "popular_item_count": 5499
      }
    },
    {
      "type": "Feature",
      "geometry": {
        "type": "Point",
        "coordinates": [
          35.070244,
          32.851004
        ]
      },
      "properties": {
        "store_code": "mah_238",
        "store_name": "238 קריית ים שרת",
        "chainname": "מחסני השוק",
        "subchainname": "מחסני השוק בשבילך",
        "storeid": 238.0,
        "address": "משה שרת 2",
        "city": "קרית ים",
        "zipcode": null,
        "average_price_diff": 2.6916282765509623,
        "popular_item_count": 3892
      }
    },
    {
      "type": "Feature",
      "geometry": {
        "type": "Point",
        "coordinates": [
          35.690649,
          32.9938584
        ]
      },
      "properties": {
        "store_code": "mah_239",
        "store_name": "239 קצרין",
        "chainname": "מחסני השוק",
        "subchainname": "מחסני השוק בשבילך",
        "storeid": 239.0,
        "address": "קניון לב קצרין 1",
        "city": "קצרין",
        "zipcode": null,
        "average_price_diff": 2.5163042991302875,
        "popular_item_count": 4491
      }
    },
    {
      "type": "Feature",
      "geometry": {
        "type": "Point",
        "coordinates": [
          35.1605834,
          31.75494
        ]
      },
      "properties": {
        "store_code": "mah_241",
        "store_name": "241 אורה -ירושלים",
        "chainname": "מחסני השוק",
        "subchainname": "מחסני השוק בשבילך",
        "storeid": 241.0,
        "address": "הנריטה סולד 1",
        "city": "ירושלים",
        "zipcode": null,
        "average_price_diff": 2.7957630054063674,
        "popular_item_count": 5746
      }
    },
    {
      "type": "Feature",
      "geometry": {
        "type": "Point",
        "coordinates": [
          35.152073,
          31.6570062
        ]
      },
      "properties": {
        "store_code": "mah_242",
        "store_name": "242 אפרת",
        "chainname": "מחסני השוק",
        "subchainname": "מחסני השוק בשבילך",
        "storeid": 242.0,
        "address": "מרכז מסחרי ג רחוב 1",
        "city": "אפרת",
        "zipcode": null,
        "average_price_diff": -2.2291194555066394,
        "popular_item_count": 2833
      }
    },
    {
      "type": "Feature",
      "geometry": {
        "type": "Point",
        "coordinates": [
          34.7350096,
          31.87535339999999
        ]
      },
      "properties": {
        "store_code": "mah_244",
        "store_name": "244 יבנה",
        "chainname": "מחסני השוק",
        "subchainname": "מחסני השוק בשבילך",
        "storeid": 244.0,
        "address": "האגוז 2",
        "city": "יבנה",
        "zipcode": null,
        "average_price_diff": 0.42569093310178663,
        "popular_item_count": 3656
      }
    },
    {
      "type": "Feature",
      "geometry": {
        "type": "Point",
        "coordinates": [
          34.7848455,
          31.80367499999999
        ]
      },
      "properties": {
        "store_code": "mah_245",
        "store_name": "245 גדרה",
        "chainname": "מחסני השוק",
        "subchainname": "מחסני השוק בשבילך",
        "storeid": 245.0,
        "address": "מנחם בגין 40",
        "city": "גדרה",
        "zipcode": null,
        "average_price_diff": 2.9846002033827177,
        "popular_item_count": 8993
      }
    },
    {
      "type": "Feature",
      "geometry": {
        "type": "Point",
        "coordinates": [
          34.845049,
          32.29564
        ]
      },
      "properties": {
        "store_code": "mah_246",
        "store_name": "246 חפץ חיים נתניה",
        "chainname": "מחסני השוק",
        "subchainname": "מחסני השוק בשבילך",
        "storeid": 246.0,
        "address": "חפץ חיים 4",
        "city": "נתניה",
        "zipcode": null,
        "average_price_diff": 2.5981703926673254,
        "popular_item_count": 4379
      }
    },
    {
      "type": "Feature",
      "geometry": {
        "type": "Point",
        "coordinates": [
          34.85369215470922,
          32.2833633823406
        ]
      },
      "properties": {
        "store_code": "mah_247",
        "store_name": "247 לב יסמין נתניה",
        "chainname": "מחסני השוק",
        "subchainname": "מחסני השוק בשבילך",
        "storeid": 247.0,
        "address": "פנחס ליבון 18",
        "city": "נתניה",
        "zipcode": null,
        "average_price_diff": 2.8495978596381573,
        "popular_item_count": 4634
      }
    },
    {
      "type": "Feature",
      "geometry": {
        "type": "Point",
        "coordinates": [
          35.3255424,
          32.6309394
        ]
      },
      "properties": {
        "store_code": "mah_250",
        "store_name": "250 עפולה מחסני השוק",
        "chainname": "מחסני השוק",
        "subchainname": "מחסני השוק בסיטי",
        "storeid": 250.0,
        "address": "קפלן 10",
        "city": "עפולה",
        "zipcode": null,
        "average_price_diff": -1.270281136144907,
        "popular_item_count": 7791
      }
    },
    {
      "type": "Feature",
      "geometry": {
        "type": "Point",
        "coordinates": [
          34.6552344,
          31.7920608
        ]
      },
      "properties": {
        "store_code": "mah_260",
        "store_name": "260 אשדוד דב גור",
        "chainname": "מחסני השוק",
        "subchainname": "מחסני השוק בשבילך",
        "storeid": 260.0,
        "address": "דב גור 27",
        "city": "אשדוד",
        "zipcode": null,
        "average_price_diff": 3.2019551583068337,
        "popular_item_count": 3406
      }
    },
    {
      "type": "Feature",
      "geometry": {
        "type": "Point",
        "coordinates": [
          34.79458462152449,
          31.963084507575793
        ]
      },
      "properties": {
        "store_code": "mah_261",
        "store_name": "261 ראשל\"צ",
        "chainname": "מחסני השוק",
        "subchainname": "מחסני השוק בשבילך",
        "storeid": 261.0,
        "address": "השדה 12",
        "city": "ראשון לציון",
        "zipcode": null,
        "average_price_diff": 2.3261259901186704,
        "popular_item_count": 3586
      }
    },
    {
      "type": "Feature",
      "geometry": {
        "type": "Point",
        "coordinates": [
          34.85523069548115,
          32.31999235476718
        ]
      },
      "properties": {
        "store_code": "mah_262",
        "store_name": "262 ויצמן נתניה",
        "chainname": "מחסני השוק",
        "subchainname": "מחסני השוק בשבילך",
        "storeid": 262.0,
        "address": "הרצוג 23",
        "city": "נתניה",
        "zipcode": null,
        "average_price_diff": 2.7419092633866042,
        "popular_item_count": 4483
      }
    },
    {
      "type": "Feature",
      "geometry": {
        "type": "Point",
        "coordinates": [
          34.8534622,
          32.283226
        ]
      },
      "properties": {
        "store_code": "mah_263",
        "store_name": "263 בנימין נתניה",
        "chainname": "מחסני השוק",
        "subchainname": "מחסני השוק בשבילך",
        "storeid": 263.0,
        "address": "שדרות בנימין 60",
        "city": "נתניה",
        "zipcode": null,
        "average_price_diff": 3.1375750068499744,
        "popular_item_count": 5280
      }
    },
    {
      "type": "Feature",
      "geometry": {
        "type": "Point",
        "coordinates": [
          34.847958303019254,
          32.274935224934374
        ]
      },
      "properties": {
        "store_code": "mah_264",
        "store_name": "264 פולג נתניה",
        "chainname": "מחסני השוק",
        "subchainname": "מחסני השוק בשבילך",
        "storeid": 264.0,
        "address": "אמנון ותמר 6",
        "city": "נתניה",
        "zipcode": null,
        "average_price_diff": 2.438801272751192,
        "popular_item_count": 4563
      }
    },
    {
      "type": "Feature",
      "geometry": {
        "type": "Point",
        "coordinates": [
          34.821684239149995,
          31.898435209318382
        ]
      },
      "properties": {
        "store_code": "mah_265",
        "store_name": "265 רחובות - גורודצקי",
        "chainname": "מחסני השוק",
        "subchainname": "מחסני השוק בשבילך",
        "storeid": 265.0,
        "address": "גורודסקי 51",
        "city": "רחובות",
        "zipcode": null,
        "average_price_diff": 2.629273894857746,
        "popular_item_count": 4888
      }
    },
    {
      "type": "Feature",
      "geometry": {
        "type": "Point",
        "coordinates": [
          35.09893890000001,
          31.7130181
        ]
      },
      "properties": {
        "store_code": "mah_267",
        "store_name": "267 צור הדסה-ירושלים",
        "chainname": "מחסני השוק",
        "subchainname": "מחסני השוק בשבילך",
        "storeid": 267.0,
        "address": "רכסים 2",
        "city": "צור הדסה",
        "zipcode": null,
        "average_price_diff": 2.4986028316912052,
        "popular_item_count": 4908
      }
    },
    {
      "type": "Feature",
      "geometry": {
        "type": "Point",
        "coordinates": [
          35.1062362,
          33.0030477
        ]
      },
      "properties": {
        "store_code": "mah_268",
        "store_name": "268 נהריה מחסני השוק",
        "chainname": "מחסני השוק",
        "subchainname": "מחסני השוק בשבילך",
        "storeid": 268.0,
        "address": "הזמיר 63",
        "city": "נהריה",
        "zipcode": null,
        "average_price_diff": 0.29354197590011827,
        "popular_item_count": 3918
      }
    },
    {
      "type": "Feature",
      "geometry": {
        "type": "Point",
        "coordinates": [
          34.9474577,
          29.5502464
        ]
      },
      "properties": {
        "store_code": "mah_274",
        "store_name": "274 ברקת אילת מחסני השוק",
        "chainname": "מחסני השוק",
        "subchainname": "מחסני השוק בסיטי",
        "storeid": 274.0,
        "address": " ",
        "city": "אילת",
        "zipcode": null,
        "average_price_diff": -19.521782089795153,
        "popular_item_count": 4432
      }
    },
    {
      "type": "Feature",
      "geometry": {
        "type": "Point",
        "coordinates": [
          34.782646824255245,
          31.9845279685415
        ]
      },
      "properties": {
        "store_code": "mah_277",
        "store_name": "277 הראשונים ראשל\"צ",
        "chainname": "מחסני השוק",
        "subchainname": "מחסני השוק בשבילך",
        "storeid": 277.0,
        "address": "הנחשול 30",
        "city": "ראשון לציון",
        "zipcode": null,
        "average_price_diff": 2.5022826372717826,
        "popular_item_count": 4536
      }
    },
    {
      "type": "Feature",
      "geometry": {
        "type": "Point",
        "coordinates": [
          34.852049,
          32.3365629
        ]
      },
      "properties": {
        "store_code": "mah_289",
        "store_name": "289 ניצה  נתניה",
        "chainname": "מחסני השוק",
        "subchainname": "מחסני השוק בשבילך",
        "storeid": 289.0,
        "address": "שדרות ניצה 8",
        "city": "נתניה",
        "zipcode": null,
        "average_price_diff": 1.6732069379455303,
        "popular_item_count": 2501
      }
    },
    {
      "type": "Feature",
      "geometry": {
        "type": "Point",
        "coordinates": [
          34.762963,
          31.576429
        ]
      },
      "properties": {
        "store_code": "mah_801",
        "store_name": "801 אבן שמואל TOGO - זכיין",
        "chainname": "מחסני השוק",
        "subchainname": "מחסני השוק",
        "storeid": null,
        "address": null,
        "city": "מרכז לוגיסטי",
        "zipcode": 0.0,
        "average_price_diff": -0.8945279456384083,
        "popular_item_count": 1448
      }
    },
    {
      "type": "Feature",
      "geometry": {
        "type": "Point",
        "coordinates": [
          34.8228706,
          31.88334859999999
        ]
      },
      "properties": {
        "store_code": "nat_001",
        "store_name": "רחובות C  NH ברכל",
        "chainname": "נתיב החסד",
        "subchainname": "בר-כל",
        "storeid": null,
        "address": "פרץ 107",
        "city": "רחובות",
        "zipcode": 7620420.0,
        "average_price_diff": -0.3641038044121436,
        "popular_item_count": 1738
      }
    },
    {
      "type": "Feature",
      "geometry": {
        "type": "Point",
        "coordinates": [
          35.136036,
          32.160688
        ]
      },
      "properties": {
        "store_code": "nat_004",
        "store_name": "עימנואל נתיב החסד NH   W",
        "chainname": "נתיב החסד",
        "subchainname": "נתיב",
        "storeid": null,
        "address": "חתם סופר 1",
        "city": "עמנואל",
        "zipcode": 4484500.0,
        "average_price_diff": 0.5776875259097435,
        "popular_item_count": 3823
      }
    },
    {
      "type": "Feature",
      "geometry": {
        "type": "Point",
        "coordinates": [
          34.83476869454648,
          32.0863680638949
        ]
      },
      "properties": {
        "store_code": "nat_006",
        "store_name": "קוטלר נתיב החסד NH   @",
        "chainname": "נתיב החסד",
        "subchainname": "נתיב",
        "storeid": null,
        "address": "קוטלר 18",
        "city": "בני ברק",
        "zipcode": 5135015.0,
        "average_price_diff": -1.083259447635071,
        "popular_item_count": 2681
      }
    },
    {
      "type": "Feature",
      "geometry": {
        "type": "Point",
        "coordinates": [
          34.840976809500035,
          32.097393065258785
        ]
      },
      "properties": {
        "store_code": "nat_009",
        "store_name": "נויפלד נתיב החסד NH   @",
        "chainname": "נתיב החסד",
        "subchainname": "נתיב",
        "storeid": null,
        "address": "נויפלד 15",
        "city": "בני ברק",
        "zipcode": 5124223.0,
        "average_price_diff": -1.4327586095804672,
        "popular_item_count": 3762
      }
    },
    {
      "type": "Feature",
      "geometry": {
        "type": "Point",
        "coordinates": [
          34.82649380000001,
          32.0886348
        ]
      },
      "properties": {
        "store_code": "nat_015",
        "store_name": "ירמיהו נתיב החסדNH   @",
        "chainname": "נתיב החסד",
        "subchainname": "נתיב",
        "storeid": null,
        "address": "ירמיהו 15",
        "city": "בני ברק",
        "zipcode": 5124223.0,
        "average_price_diff": -1.28170463317281,
        "popular_item_count": 2681
      }
    },
    {
      "type": "Feature",
      "geometry": {
        "type": "Point",
        "coordinates": [
          34.96416952338069,
          32.054255626272635
        ]
      },
      "properties": {
        "store_code": "nat_016",
        "store_name": "אלעד - הריף ברכל טוב @",
        "chainname": "נתיב החסד",
        "subchainname": "בר-כל",
        "storeid": null,
        "address": "הרי\"ף 1",
        "city": "אלעד",
        "zipcode": 4082801.0,
        "average_price_diff": -1.589712874904604,
        "popular_item_count": 2899
      }
    },
    {
      "type": "Feature",
      "geometry": {
        "type": "Point",
        "coordinates": [
          34.7366888,
          31.7308742
        ]
      },
      "properties": {
        "store_code": "nat_017",
        "store_name": "קרית מלאכי, נתיב החסד    W",
        "chainname": "נתיב החסד",
        "subchainname": "נתיב",
        "storeid": null,
        "address": "בן גוריון 88",
        "city": "קרית מלאכי",
        "zipcode": 8303671.0,
        "average_price_diff": -0.5436005707130271,
        "popular_item_count": 1829
      }
    },
    {
      "type": "Feature",
      "geometry": {
        "type": "Point",
        "coordinates": [
          34.84008159454727,
          32.09915020481463
        ]
      },
      "properties": {
        "store_code": "nat_019",
        "store_name": "גניחובסקי נתיב החסדNH   @",
        "chainname": "נתיב החסד",
        "subchainname": "נתיב",
        "storeid": null,
        "address": "גניחובסקי 23",
        "city": "בני ברק",
        "zipcode": 5124973.0,
        "average_price_diff": -1.593543846835926,
        "popular_item_count": 2621
      }
    },
    {
      "type": "Feature",
      "geometry": {
        "type": "Point",
        "coordinates": [
          34.7509205,
          32.010398
        ]
      },
      "properties": {
        "store_code": "nat_020",
        "store_name": "בת ים נתיב החסד NH   @",
        "chainname": "נתיב החסד",
        "subchainname": "נתיב",
        "storeid": null,
        "address": "ניסנבאום 25",
        "city": "בת ים",
        "zipcode": 5124973.0,
        "average_price_diff": -1.4715922468866365,
        "popular_item_count": 2516
      }
    },
    {
      "type": "Feature",
      "geometry": {
        "type": "Point",
        "coordinates": [
          35.00150540807827,
          32.80561398650624
        ]
      },
      "properties": {
        "store_code": "nat_024",
        "store_name": "חיפה מיכאל 9 נתיב החסד NH @",
        "chainname": "נתיב החסד",
        "subchainname": "נתיב",
        "storeid": null,
        "address": "מיכאל 9",
        "city": "חיפה",
        "zipcode": 3365411.0,
        "average_price_diff": -1.0491331634517196,
        "popular_item_count": 2750
      }
    },
    {
      "type": "Feature",
      "geometry": {
        "type": "Point",
        "coordinates": [
          34.6670249,
          31.7921316
        ]
      },
      "properties": {
        "store_code": "nat_025",
        "store_name": "אשדוד הלל נתיב החסד NH  C",
        "chainname": "נתיב החסד",
        "subchainname": "נתיב",
        "storeid": null,
        "address": "הלל 8",
        "city": "אשדוד",
        "zipcode": 7721204.0,
        "average_price_diff": -0.5697548543043518,
        "popular_item_count": 2327
      }
    },
    {
      "type": "Feature",
      "geometry": {
        "type": "Point",
        "coordinates": [
          34.66179343685891,
          31.79397960160267
        ]
      },
      "properties": {
        "store_code": "nat_026",
        "store_name": "אשדוד - הורקנוס 22 נתיב החסד NH C",
        "chainname": "נתיב החסד",
        "subchainname": "נתיב",
        "storeid": null,
        "address": "הרקונס 22",
        "city": "אשדוד",
        "zipcode": 7765222.0,
        "average_price_diff": 0.4133133262157344,
        "popular_item_count": 2074
      }
    },
    {
      "type": "Feature",
      "geometry": {
        "type": "Point",
        "coordinates": [
          34.661071296381884,
          31.79152622371471
        ]
      },
      "properties": {
        "store_code": "nat_027",
        "store_name": "אשדוד הורקנוס 8 נתיב החסד NH C",
        "chainname": "נתיב החסד",
        "subchainname": "נתיב",
        "storeid": null,
        "address": "הורקנוס 8",
        "city": "אשדוד",
        "zipcode": 7765208.0,
        "average_price_diff": -0.15968462610940556,
        "popular_item_count": 1778
      }
    },
    {
      "type": "Feature",
      "geometry": {
        "type": "Point",
        "coordinates": [
          34.8362104,
          32.0973013
        ]
      },
      "properties": {
        "store_code": "nat_028",
        "store_name": "יגאל אלון נתיב החסד NH C",
        "chainname": "נתיב החסד",
        "subchainname": "נתיב",
        "storeid": null,
        "address": "יגאל אלון 12",
        "city": "בני ברק",
        "zipcode": 5123112.0,
        "average_price_diff": -0.1555930894798428,
        "popular_item_count": 1967
      }
    },
    {
      "type": "Feature",
      "geometry": {
        "type": "Point",
        "coordinates": [
          34.8354962,
          32.0788317
        ]
      },
      "properties": {
        "store_code": "nat_029",
        "store_name": "רשבם נתיב החסד  NH C",
        "chainname": "נתיב החסד",
        "subchainname": "נתיב",
        "storeid": null,
        "address": "רשב\"ם 15",
        "city": "בני ברק",
        "zipcode": 5160132.0,
        "average_price_diff": -0.9596944456124098,
        "popular_item_count": 1902
      }
    },
    {
      "type": "Feature",
      "geometry": {
        "type": "Point",
        "coordinates": [
          34.838642,
          32.082063
        ]
      },
      "properties": {
        "store_code": "nat_030",
        "store_name": "מלצר נתיב החסד NH  C",
        "chainname": "נתיב החסד",
        "subchainname": "נתיב",
        "storeid": null,
        "address": "מלצר 24",
        "city": "בני ברק",
        "zipcode": 5152921.0,
        "average_price_diff": 0.13206501463740922,
        "popular_item_count": 1727
      }
    },
    {
      "type": "Feature",
      "geometry": {
        "type": "Point",
        "coordinates": [
          34.82697655547927,
          32.08710092118283
        ]
      },
      "properties": {
        "store_code": "nat_031",
        "store_name": "הרב קוק נתיב החסד NH  @",
        "chainname": "נתיב החסד",
        "subchainname": "נתיב",
        "storeid": null,
        "address": "קוק 11",
        "city": "בני ברק",
        "zipcode": 5140505.0,
        "average_price_diff": -1.5155766269187305,
        "popular_item_count": 1921
      }
    },
    {
      "type": "Feature",
      "geometry": {
        "type": "Point",
        "coordinates": [
          34.84478383687469,
          32.08547318389296
        ]
      },
      "properties": {
        "store_code": "nat_032",
        "store_name": "פרדו נתיב החסדNH C",
        "chainname": "נתיב החסד",
        "subchainname": "נתיב",
        "storeid": null,
        "address": "פרדו 2",
        "city": "בני ברק",
        "zipcode": 5154602.0,
        "average_price_diff": -0.34760250475150944,
        "popular_item_count": 2084
      }
    },
    {
      "type": "Feature",
      "geometry": {
        "type": "Point",
        "coordinates": [
          34.66495022336636,
          31.789186065594205
        ]
      },
      "properties": {
        "store_code": "nat_033",
        "store_name": "אשדוד - רשבי נתיב החסד NH C",
        "chainname": "נתיב החסד",
        "subchainname": "נתיב",
        "storeid": null,
        "address": "רשבי 15",
        "city": "אשדוד",
        "zipcode": 7765035.0,
        "average_price_diff": -0.12973546430961688,
        "popular_item_count": 1758
      }
    },
    {
      "type": "Feature",
      "geometry": {
        "type": "Point",
        "coordinates": [
          34.8378776522184,
          32.08755916143343
        ]
      },
      "properties": {
        "store_code": "nat_034",
        "store_name": "חבקוק נתיב החסד NH @",
        "chainname": "נתיב החסד",
        "subchainname": "נתיב",
        "storeid": null,
        "address": "חבקוק 25",
        "city": "בני ברק",
        "zipcode": 5136622.0,
        "average_price_diff": -1.3377046103107673,
        "popular_item_count": 2628
      }
    },
    {
      "type": "Feature",
      "geometry": {
        "type": "Point",
        "coordinates": [
          35.0423449,
          31.9375537
        ]
      },
      "properties": {
        "store_code": "nat_036",
        "store_name": "מודיעין עלית רשבי ברכל  NH  C",
        "chainname": "נתיב החסד",
        "subchainname": "בר-כל",
        "storeid": null,
        "address": "רשב\"י 35",
        "city": "מודיעין מכבים רעות",
        "zipcode": 7183335.0,
        "average_price_diff": 0.1722232077377058,
        "popular_item_count": 1282
      }
    },
    {
      "type": "Feature",
      "geometry": {
        "type": "Point",
        "coordinates": [
          34.8383218,
          32.075372
        ]
      },
      "properties": {
        "store_code": "nat_037",
        "store_name": "תורת חיים נתיב החסדC  NH",
        "chainname": "נתיב החסד",
        "subchainname": "נתיב",
        "storeid": null,
        "address": "תורת חיים 1",
        "city": "בני ברק",
        "zipcode": 5161327.0,
        "average_price_diff": -0.38274327278119874,
        "popular_item_count": 2217
      }
    },
    {
      "type": "Feature",
      "geometry": {
        "type": "Point",
        "coordinates": [
          34.8439689,
          32.0897434
        ]
      },
      "properties": {
        "store_code": "nat_038",
        "store_name": "קלישר נתיב החסד NH    C",
        "chainname": "נתיב החסד",
        "subchainname": "נתיב",
        "storeid": null,
        "address": "קלישר 17",
        "city": "בני ברק",
        "zipcode": 5139001.0,
        "average_price_diff": -0.7744526137631627,
        "popular_item_count": 2683
      }
    },
    {
      "type": "Feature",
      "geometry": {
        "type": "Point",
        "coordinates": [
          34.859859,
          32.3304193
        ]
      },
      "properties": {
        "store_code": "nat_039",
        "store_name": "נתניה - השוק נתיב החסד NH    @",
        "chainname": "נתיב החסד",
        "subchainname": "נתיב",
        "storeid": null,
        "address": "שוהם 29",
        "city": "נתניה",
        "zipcode": 5229531.0,
        "average_price_diff": -1.8988846342633283,
        "popular_item_count": 2242
      }
    },
    {
      "type": "Feature",
      "geometry": {
        "type": "Point",
        "coordinates": [
          35.04458226885083,
          31.929559016967556
        ]
      },
      "properties": {
        "store_code": "nat_040",
        "store_name": "נ. המשפט קריית ספר ברכל NH    C",
        "chainname": "נתיב החסד",
        "subchainname": "בר-כל",
        "storeid": null,
        "address": "נתיבות המשפט 40",
        "city": "מודיעין עילית",
        "zipcode": 7182820.0,
        "average_price_diff": -0.7082878161284275,
        "popular_item_count": 1753
      }
    },
    {
      "type": "Feature",
      "geometry": {
        "type": "Point",
        "coordinates": [
          35.1281827,
          32.1179875
        ]
      },
      "properties": {
        "store_code": "nat_041",
        "store_name": "רבבה שירה מרקט W",
        "chainname": "נתיב החסד",
        "subchainname": "שירה מרקט",
        "storeid": null,
        "address": "רבבה",
        "city": "רבבה",
        "zipcode": 0.0,
        "average_price_diff": 0.09263576490795844,
        "popular_item_count": 2822
      }
    },
    {
      "type": "Feature",
      "geometry": {
        "type": "Point",
        "coordinates": [
          34.85910436800883,
          32.32542501117881
        ]
      },
      "properties": {
        "store_code": "nat_042",
        "store_name": "לילנבוים נתניה נתיב החסד NH  W",
        "chainname": "נתיב החסד",
        "subchainname": "נתיב",
        "storeid": null,
        "address": "לילנבלום 13",
        "city": "נתניה",
        "zipcode": 4241218.0,
        "average_price_diff": -0.46143993131025557,
        "popular_item_count": 1386
      }
    },
    {
      "type": "Feature",
      "geometry": {
        "type": "Point",
        "coordinates": [
          34.8578392,
          32.3119115
        ]
      },
      "properties": {
        "store_code": "nat_043",
        "store_name": "נתניה הארי נתיב החסד NH  @",
        "chainname": "נתיב החסד",
        "subchainname": "נתיב",
        "storeid": null,
        "address": "האר\"י 18",
        "city": "נתניה",
        "zipcode": 4252617.0,
        "average_price_diff": -1.9548990428216548,
        "popular_item_count": 2249
      }
    },
    {
      "type": "Feature",
      "geometry": {
        "type": "Point",
        "coordinates": [
          35.201356,
          31.797331
        ]
      },
      "properties": {
        "store_code": "nat_044",
        "store_name": "ירושלים פנים מאירות ברכל  NH  C",
        "chainname": "נתיב החסד",
        "subchainname": "בר-כל",
        "storeid": null,
        "address": "פנים מאירות 8",
        "city": "ירושלים",
        "zipcode": 9442353.0,
        "average_price_diff": 0.2610565589862793,
        "popular_item_count": 1673
      }
    },
    {
      "type": "Feature",
      "geometry": {
        "type": "Point",
        "coordinates": [
          34.99289070801804,
          31.70142428299407
        ]
      },
      "properties": {
        "store_code": "nat_046",
        "store_name": "בית שמש נתיב החסד NH   @",
        "chainname": "נתיב החסד",
        "subchainname": "נתיב",
        "storeid": null,
        "address": "מרים הנביאה 16",
        "city": "בית שמש",
        "zipcode": 9442353.0,
        "average_price_diff": -0.4022932199829029,
        "popular_item_count": 2534
      }
    },
    {
      "type": "Feature",
      "geometry": {
        "type": "Point",
        "coordinates": [
          34.8977799,
          31.9365986
        ]
      },
      "properties": {
        "store_code": "nat_050",
        "store_name": "אחיסמך  נתיב החסד C",
        "chainname": "נתיב החסד",
        "subchainname": "נתיב",
        "storeid": null,
        "address": "שבטי ישראל 18",
        "city": "לוד",
        "zipcode": 7310500.0,
        "average_price_diff": 0.07061328648756816,
        "popular_item_count": 2220
      }
    },
    {
      "type": "Feature",
      "geometry": {
        "type": "Point",
        "coordinates": [
          35.3282503,
          32.6246775
        ]
      },
      "properties": {
        "store_code": "nat_052",
        "store_name": "עפולה   נתיב החסד @",
        "chainname": "נתיב החסד",
        "subchainname": "נתיב",
        "storeid": null,
        "address": "אבן גבירול 49",
        "city": "עפולה",
        "zipcode": 1862573.0,
        "average_price_diff": -1.4491784256026685,
        "popular_item_count": 2445
      }
    },
    {
      "type": "Feature",
      "geometry": {
        "type": "Point",
        "coordinates": [
          35.3413889,
          32.7257313
        ]
      },
      "properties": {
        "store_code": "nat_053",
        "store_name": "הר יונה נתיב החסד C",
        "chainname": "נתיב החסד",
        "subchainname": "נתיב",
        "storeid": null,
        "address": "האדמור מבעלזא 5 5",
        "city": "נוף הגליל",
        "zipcode": 1709416.0,
        "average_price_diff": 0.6092730971992012,
        "popular_item_count": 2701
      }
    },
    {
      "type": "Feature",
      "geometry": {
        "type": "Point",
        "coordinates": [
          35.3257854,
          32.6327996
        ]
      },
      "properties": {
        "store_code": "nat_054",
        "store_name": "עפולה פנקס 1 נתיב  החסד @",
        "chainname": "נתיב החסד",
        "subchainname": "נתיב",
        "storeid": null,
        "address": "פנקס 1",
        "city": "עפולה",
        "zipcode": 185530.0,
        "average_price_diff": -2.2084417779070793,
        "popular_item_count": 1530
      }
    },
    {
      "type": "Feature",
      "geometry": {
        "type": "Point",
        "coordinates": [
          34.958297,
          32.566168
        ]
      },
      "properties": {
        "store_code": "nat_055",
        "store_name": "זכרון יעקב  @ נתיב החסד",
        "chainname": "נתיב החסד",
        "subchainname": "נתיב",
        "storeid": null,
        "address": "הלל יפה 14",
        "city": "זכרון יעקב",
        "zipcode": 3092143.0,
        "average_price_diff": -1.6626108901900136,
        "popular_item_count": 2467
      }
    },
    {
      "type": "Feature",
      "geometry": {
        "type": "Point",
        "coordinates": [
          34.8566145,
          32.3320378
        ]
      },
      "properties": {
        "store_code": "nat_056",
        "store_name": "נתניה שמואל הנציב  נתיב W",
        "chainname": "נתיב החסד",
        "subchainname": "נתיב",
        "storeid": null,
        "address": null,
        "city": "נתניה",
        "zipcode": 0.0,
        "average_price_diff": -0.6857718923985666,
        "popular_item_count": 2504
      }
    },
    {
      "type": "Feature",
      "geometry": {
        "type": "Point",
        "coordinates": [
          35.49396713764695,
          32.967076000071096
        ]
      },
      "properties": {
        "store_code": "nat_058",
        "store_name": "ארלוזורוב 50 צפת נתיב החסד",
        "chainname": "נתיב החסד",
        "subchainname": "נתיב",
        "storeid": 58.0,
        "address": "ארלוזורוב 12",
        "city": "צפת",
        "zipcode": 1322468.0,
        "average_price_diff": -0.7061741357536238,
        "popular_item_count": 2537
      }
    },
    {
      "type": "Feature",
      "geometry": {
        "type": "Point",
        "coordinates": [
          34.856712,
          32.0925514
        ]
      },
      "properties": {
        "store_code": "nat_152",
        "store_name": "אקספרס מהדרין  ש. המלך און ליין D",
        "chainname": "נתיב החסד",
        "subchainname": "אקספרס מהדרין",
        "storeid": null,
        "address": "שלמה המלך 8",
        "city": "בני ברק",
        "zipcode": 5155201.0,
        "average_price_diff": 0.6954021396437905,
        "popular_item_count": 2526
      }
    },
    {
      "type": "Feature",
      "geometry": {
        "type": "Point",
        "coordinates": [
          34.6213328,
          31.3142639
        ]
      },
      "properties": {
        "store_code": "nat_210",
        "store_name": "אופקים/הרצל 42, ברכלC  BAR",
        "chainname": "נתיב החסד",
        "subchainname": "בר-כל",
        "storeid": null,
        "address": "הרצל",
        "city": "אופקים",
        "zipcode": 8753007.0,
        "average_price_diff": -0.16549052664187935,
        "popular_item_count": 2932
      }
    },
    {
      "type": "Feature",
      "geometry": {
        "type": "Point",
        "coordinates": [
          34.664745194530454,
          31.788001367347672
        ]
      },
      "properties": {
        "store_code": "nat_212",
        "store_name": "אשדוד ינאי 7,נתיב החסד  @",
        "chainname": "נתיב החסד",
        "subchainname": "נתיב",
        "storeid": null,
        "address": "ינאי 7",
        "city": "אשדוד",
        "zipcode": 7765467.0,
        "average_price_diff": -1.396151848819235,
        "popular_item_count": 2996
      }
    },
    {
      "type": "Feature",
      "geometry": {
        "type": "Point",
        "coordinates": [
          34.655314,
          31.804381
        ]
      },
      "properties": {
        "store_code": "nat_213",
        "store_name": "רחובות מדר 27, ברכל@ BAR",
        "chainname": "נתיב החסד",
        "subchainname": "בר-כל",
        "storeid": null,
        "address": "מדר 27",
        "city": "אשדוד",
        "zipcode": 7655270.0,
        "average_price_diff": -1.0154698679699636,
        "popular_item_count": 3625
      }
    },
    {
      "type": "Feature",
      "geometry": {
        "type": "Point",
        "coordinates": [
          34.9599866,
          32.0512288
        ]
      },
      "properties": {
        "store_code": "nat_215",
        "store_name": "בן יאיר 35/אלעד, ברכל@ BAR",
        "chainname": "נתיב החסד",
        "subchainname": "בר-כל",
        "storeid": null,
        "address": "פנחס בו יאיר 35",
        "city": "אלעד",
        "zipcode": 4081932.0,
        "average_price_diff": -1.4164337292414935,
        "popular_item_count": 3196
      }
    },
    {
      "type": "Feature",
      "geometry": {
        "type": "Point",
        "coordinates": [
          35.0151513,
          32.7829305
        ]
      },
      "properties": {
        "store_code": "nat_216",
        "store_name": "טרומפלדור 54/חיפה, נתיב החסדC NH",
        "chainname": "נתיב החסד",
        "subchainname": "נתיב",
        "storeid": null,
        "address": "טרומפלדור 54",
        "city": "חיפה",
        "zipcode": 3258231.0,
        "average_price_diff": 0.049742238916284105,
        "popular_item_count": 2507
      }
    },
    {
      "type": "Feature",
      "geometry": {
        "type": "Point",
        "coordinates": [
          35.1966879,
          31.7352278
        ]
      },
      "properties": {
        "store_code": "nat_218",
        "store_name": "גילה, בן אליעזר 47/ירושלים, ברכלM BAR",
        "chainname": "נתיב החסד",
        "subchainname": "בר-כל",
        "storeid": null,
        "address": "אריה בן אליעזר 47",
        "city": "ירושלים",
        "zipcode": 9382627.0,
        "average_price_diff": -1.5205471616646007,
        "popular_item_count": 3891
      }
    },
    {
      "type": "Feature",
      "geometry": {
        "type": "Point",
        "coordinates": [
          34.961333181052225,
          32.04776226300528
        ]
      },
      "properties": {
        "store_code": "nat_219",
        "store_name": "שמעון הצדיק 7/אלעד, ברכל@ BAR",
        "chainname": "נתיב החסד",
        "subchainname": "בר-כל",
        "storeid": null,
        "address": "שמעון הצדיק 7",
        "city": "אלעד",
        "zipcode": 4083906.0,
        "average_price_diff": -1.2345368751628856,
        "popular_item_count": 3425
      }
    },
    {
      "type": "Feature",
      "geometry": {
        "type": "Point",
        "coordinates": [
          34.840728336874285,
          32.07974119643519
        ]
      },
      "properties": {
        "store_code": "nat_221",
        "store_name": "שלמה המלך 4-6/ב\"ב, ברכל @  BAR",
        "chainname": "נתיב החסד",
        "subchainname": "בר-כל",
        "storeid": null,
        "address": "שלמה המלך 8",
        "city": "בני ברק",
        "zipcode": 5155201.0,
        "average_price_diff": -1.2311594373007109,
        "popular_item_count": 3466
      }
    },
    {
      "type": "Feature",
      "geometry": {
        "type": "Point",
        "coordinates": [
          35.0404097,
          31.9328485
        ]
      },
      "properties": {
        "store_code": "nat_224",
        "store_name": "אבני נזר 18/קרית ספר , ברכל @    BAR",
        "chainname": "נתיב החסד",
        "subchainname": "בר-כל",
        "storeid": null,
        "address": "אבני נזר 18",
        "city": "מודיעין עילית",
        "zipcode": 7181018.0,
        "average_price_diff": -1.1041248617778137,
        "popular_item_count": 2385
      }
    },
    {
      "type": "Feature",
      "geometry": {
        "type": "Point",
        "coordinates": [
          35.0442378,
          31.931655
        ]
      },
      "properties": {
        "store_code": "nat_225",
        "store_name": "חפץ חיים 10/קרית ספר, ברכלC BAR",
        "chainname": "נתיב החסד",
        "subchainname": "בר-כל",
        "storeid": null,
        "address": "חפץ חיים 10",
        "city": "מודיעין עילית",
        "zipcode": 7182010.0,
        "average_price_diff": -0.5297564282230977,
        "popular_item_count": 1799
      }
    },
    {
      "type": "Feature",
      "geometry": {
        "type": "Point",
        "coordinates": [
          34.83146330803931,
          32.09509691957626
        ]
      },
      "properties": {
        "store_code": "nat_226",
        "store_name": "אבוחצירא 20/ב\"ב פרדס כץ, ברכלC   BAR",
        "chainname": "נתיב החסד",
        "subchainname": "בר-כל",
        "storeid": null,
        "address": "אבוחצירא 20",
        "city": "בני ברק",
        "zipcode": 5128511.0,
        "average_price_diff": -0.659691250160894,
        "popular_item_count": 2468
      }
    },
    {
      "type": "Feature",
      "geometry": {
        "type": "Point",
        "coordinates": [
          35.09062553682107,
          32.753339860976475
        ]
      },
      "properties": {
        "store_code": "nat_228",
        "store_name": "נחלת יעקב 10/רכסים, ברכלC   BAR",
        "chainname": "נתיב החסד",
        "subchainname": "בר-כל",
        "storeid": null,
        "address": "נחלת יעקב 10",
        "city": "רכסים",
        "zipcode": 2040000.0,
        "average_price_diff": -0.1729675273821383,
        "popular_item_count": 2474
      }
    },
    {
      "type": "Feature",
      "geometry": {
        "type": "Point",
        "coordinates": [
          35.04781018235579,
          31.933534123765334
        ]
      },
      "properties": {
        "store_code": "nat_229",
        "store_name": "נ. המשפט 5/קרית ספר, ברכלC  BAR",
        "chainname": "נתיב החסד",
        "subchainname": "בר-כל",
        "storeid": null,
        "address": "נתיבות המשפט 5",
        "city": "מודיעין עילית",
        "zipcode": 7182903.0,
        "average_price_diff": -0.2130690014411049,
        "popular_item_count": 2282
      }
    },
    {
      "type": "Feature",
      "geometry": {
        "type": "Point",
        "coordinates": [
          34.8386134,
          32.0692707
        ]
      },
      "properties": {
        "store_code": "nat_230",
        "store_name": "עמידר/רמת גן,לנדרס 1,  ברכלM BAR",
        "chainname": "נתיב החסד",
        "subchainname": "בר-כל",
        "storeid": null,
        "address": "לנדרס 1",
        "city": "רמת גן",
        "zipcode": 5226001.0,
        "average_price_diff": -1.4542255742008334,
        "popular_item_count": 4093
      }
    },
    {
      "type": "Feature",
      "geometry": {
        "type": "Point",
        "coordinates": [
          35.04262133686618,
          31.926922714751846
        ]
      },
      "properties": {
        "store_code": "nat_231",
        "store_name": "מסילת יוסף 21/קרית ספר (הקטן), ברכלC BAR",
        "chainname": "נתיב החסד",
        "subchainname": "בר-כל",
        "storeid": null,
        "address": "מסילת יוסף 21",
        "city": "מודיעין עילית",
        "zipcode": 168.0,
        "average_price_diff": -0.16973311288609183,
        "popular_item_count": 1948
      }
    },
    {
      "type": "Feature",
      "geometry": {
        "type": "Point",
        "coordinates": [
          35.0446268,
          31.9293822
        ]
      },
      "properties": {
        "store_code": "nat_232",
        "store_name": "נתבות המשפט 64/קרית ספר, ברכל BAR C",
        "chainname": "נתיב החסד",
        "subchainname": "בר-כל",
        "storeid": null,
        "address": "נתבות המשפט 40",
        "city": "מודיעין עילית",
        "zipcode": 7182101.0,
        "average_price_diff": -0.5437208420208092,
        "popular_item_count": 2070
      }
    },
    {
      "type": "Feature",
      "geometry": {
        "type": "Point",
        "coordinates": [
          35.04301210862617,
          31.930178964174047
        ]
      },
      "properties": {
        "store_code": "nat_233",
        "store_name": "מ. יוסף הגדול  34/קרית ספר, ברכל@ BAR",
        "chainname": "נתיב החסד",
        "subchainname": "בר-כל",
        "storeid": null,
        "address": "מסילת יוסף 34",
        "city": "מודיעין עילית",
        "zipcode": 7181728.0,
        "average_price_diff": -0.9064800315348156,
        "popular_item_count": 3155
      }
    },
    {
      "type": "Feature",
      "geometry": {
        "type": "Point",
        "coordinates": [
          34.8503173,
          31.926673
        ]
      },
      "properties": {
        "store_code": "nat_234",
        "store_name": "חשמונאים /הרמא 17, שירה מרקט W  BAR",
        "chainname": "נתיב החסד",
        "subchainname": "שירה מרקט",
        "storeid": null,
        "address": "הרמ\"א 17",
        "city": "חשמונאים",
        "zipcode": 7312700.0,
        "average_price_diff": -0.5676926111846374,
        "popular_item_count": 2700
      }
    },
    {
      "type": "Feature",
      "geometry": {
        "type": "Point",
        "coordinates": [
          34.965964436872575,
          32.047707900031284
        ]
      },
      "properties": {
        "store_code": "nat_235",
        "store_name": "ש. הצדיק 41/אלעד,ברכל BAR C",
        "chainname": "נתיב החסד",
        "subchainname": "בר-כל",
        "storeid": null,
        "address": "שמעון הצדיק 41",
        "city": "אלעד",
        "zipcode": 4083942.0,
        "average_price_diff": -1.1451690713522846,
        "popular_item_count": 2484
      }
    },
    {
      "type": "Feature",
      "geometry": {
        "type": "Point",
        "coordinates": [
          34.82396092337146,
          31.883765545616576
        ]
      },
      "properties": {
        "store_code": "nat_237",
        "store_name": "אושיות רחובות/ליטני 37,  ברכל @",
        "chainname": "נתיב החסד",
        "subchainname": "בר-כל",
        "storeid": null,
        "address": "מבצע לטיני 37",
        "city": "רחובות",
        "zipcode": 7657107.0,
        "average_price_diff": -2.2258721761113094,
        "popular_item_count": 2504
      }
    },
    {
      "type": "Feature",
      "geometry": {
        "type": "Point",
        "coordinates": [
          34.841142109889645,
          32.0771592285551
        ]
      },
      "properties": {
        "store_code": "nat_238",
        "store_name": "מתתיהו 10/ב\"ב, ברכלC  BAR",
        "chainname": "נתיב החסד",
        "subchainname": "בר-כל",
        "storeid": null,
        "address": "מתתיהו 10",
        "city": "בני ברק",
        "zipcode": 5160512.0,
        "average_price_diff": -0.8617482649843853,
        "popular_item_count": 2192
      }
    },
    {
      "type": "Feature",
      "geometry": {
        "type": "Point",
        "coordinates": [
          35.206482481038705,
          31.800129757605585
        ]
      },
      "properties": {
        "store_code": "nat_240",
        "store_name": "סורוצקין/מנחם משיב1, ברכל@ BAR",
        "chainname": "נתיב החסד",
        "subchainname": "בר-כל",
        "storeid": null,
        "address": "מנחם משיב 39",
        "city": "ירושלים",
        "zipcode": 9446518.0,
        "average_price_diff": -1.2663071406868098,
        "popular_item_count": 3067
      }
    },
    {
      "type": "Feature",
      "geometry": {
        "type": "Point",
        "coordinates": [
          35.042420479195016,
          31.939627179026782
        ]
      },
      "properties": {
        "store_code": "nat_241",
        "store_name": "י. הנשיא 23/ברכפלד, ברכלC BAR",
        "chainname": "נתיב החסד",
        "subchainname": "בר-כל",
        "storeid": null,
        "address": "יהודה הנשיא 23",
        "city": "מודיעין עילית",
        "zipcode": 7183712.0,
        "average_price_diff": -0.4487110144707781,
        "popular_item_count": 2314
      }
    },
    {
      "type": "Feature",
      "geometry": {
        "type": "Point",
        "coordinates": [
          35.24642469394721,
          31.843499883423945
        ]
      },
      "properties": {
        "store_code": "nat_242",
        "store_name": "נווה יעקב /שאולי הכהן, ברכל BAR M",
        "chainname": "נתיב החסד",
        "subchainname": "בר-כל",
        "storeid": null,
        "address": "משה שאולי הכהן 10",
        "city": "ירושלים",
        "zipcode": 9749101.0,
        "average_price_diff": -1.266880598457502,
        "popular_item_count": 2762
      }
    },
    {
      "type": "Feature",
      "geometry": {
        "type": "Point",
        "coordinates": [
          35.4457811,
          33.0046971
        ]
      },
      "properties": {
        "store_code": "nat_243",
        "store_name": "אור הגנוז, ברכלC   BAR",
        "chainname": "נתיב החסד",
        "subchainname": "בר-כל",
        "storeid": null,
        "address": "מושב אור הגנוז",
        "city": "אור הגנוז",
        "zipcode": 1390900.0,
        "average_price_diff": 0.12854564342383576,
        "popular_item_count": 2570
      }
    },
    {
      "type": "Feature",
      "geometry": {
        "type": "Point",
        "coordinates": [
          35.4923093,
          32.9648655
        ]
      },
      "properties": {
        "store_code": "nat_244",
        "store_name": "צהל 13, מאור החיים/צפת, ברכל BAR @",
        "chainname": "נתיב החסד",
        "subchainname": "בר-כל",
        "storeid": null,
        "address": "צהל 13",
        "city": "צפת",
        "zipcode": 1344038.0,
        "average_price_diff": -1.534729448906871,
        "popular_item_count": 2685
      }
    },
    {
      "type": "Feature",
      "geometry": {
        "type": "Point",
        "coordinates": [
          34.589046,
          31.425696
        ]
      },
      "properties": {
        "store_code": "nat_245",
        "store_name": "נתבות /ז'בוטינסקי 10, ברכל@ BAR",
        "chainname": "נתיב החסד",
        "subchainname": "בר-כל",
        "storeid": null,
        "address": "זבוטינסקי 10",
        "city": "נתיבות",
        "zipcode": 3258231.0,
        "average_price_diff": -1.3500440629820818,
        "popular_item_count": 2771
      }
    },
    {
      "type": "Feature",
      "geometry": {
        "type": "Point",
        "coordinates": [
          34.99423972876387,
          31.7148882027195
        ]
      },
      "properties": {
        "store_code": "nat_246",
        "store_name": "בית שמש נחל שורק 11 נתיב החסד M NH",
        "chainname": "נתיב החסד",
        "subchainname": "נתיב",
        "storeid": null,
        "address": "נחל שורק 11",
        "city": "בית שמש",
        "zipcode": 9909114.0,
        "average_price_diff": -1.1253883931374198,
        "popular_item_count": 3408
      }
    },
    {
      "type": "Feature",
      "geometry": {
        "type": "Point",
        "coordinates": [
          34.840703028876064,
          32.08542961342595
        ]
      },
      "properties": {
        "store_code": "nat_247",
        "store_name": "רמת אהרון /מאיר הכהן 2, ב\"ב, ברכל@ BAR",
        "chainname": "נתיב החסד",
        "subchainname": "בר-כל",
        "storeid": null,
        "address": "מאיר הכהן 2",
        "city": "בני ברק",
        "zipcode": 5154450.0,
        "average_price_diff": -1.273183320029172,
        "popular_item_count": 3322
      }
    },
    {
      "type": "Feature",
      "geometry": {
        "type": "Point",
        "coordinates": [
          34.9495188,
          32.0464891
        ]
      },
      "properties": {
        "store_code": "nat_248",
        "store_name": "אבטליון 23/אלעד, ברכל BAR C",
        "chainname": "נתיב החסד",
        "subchainname": "בר-כל",
        "storeid": null,
        "address": "אבטליון 23",
        "city": "אלעד",
        "zipcode": 4080621.0,
        "average_price_diff": -0.7147279367362334,
        "popular_item_count": 2088
      }
    },
    {
      "type": "Feature",
      "geometry": {
        "type": "Point",
        "coordinates": [
          35.001962661119656,
          32.80461279847946
        ]
      },
      "properties": {
        "store_code": "nat_250",
        "store_name": "מיכאל 16/חיפה, נתיב החסדC NH",
        "chainname": "נתיב החסד",
        "subchainname": "נתיב",
        "storeid": null,
        "address": "מיכאל 16",
        "city": "חיפה",
        "zipcode": 3365502.0,
        "average_price_diff": -0.4030212655278766,
        "popular_item_count": 2589
      }
    },
    {
      "type": "Feature",
      "geometry": {
        "type": "Point",
        "coordinates": [
          35.4994606,
          32.4907636
        ]
      },
      "properties": {
        "store_code": "nat_251",
        "store_name": "בית שאן /הנגב 2, ברכלC BAR",
        "chainname": "נתיב החסד",
        "subchainname": "בר-כל",
        "storeid": null,
        "address": "הנגב 2",
        "city": "בית שאן",
        "zipcode": 1178001.0,
        "average_price_diff": -0.6750063675624999,
        "popular_item_count": 2244
      }
    },
    {
      "type": "Feature",
      "geometry": {
        "type": "Point",
        "coordinates": [
          35.046129862721024,
          31.940654997931134
        ]
      },
      "properties": {
        "store_code": "nat_253",
        "store_name": "יהודה הנשיא 34/ברכפלד, ברכל @BAR",
        "chainname": "נתיב החסד",
        "subchainname": "בר-כל",
        "storeid": null,
        "address": "יהודה הנשיא 34",
        "city": "מודיעין עילית",
        "zipcode": 7183105.0,
        "average_price_diff": -1.2788965772020788,
        "popular_item_count": 2704
      }
    },
    {
      "type": "Feature",
      "geometry": {
        "type": "Point",
        "coordinates": [
          34.82286645298849,
          32.08151372879919
        ]
      },
      "properties": {
        "store_code": "nat_258",
        "store_name": "השומר 56/ב\"ב, ברכל BAR C",
        "chainname": "נתיב החסד",
        "subchainname": "בר-כל",
        "storeid": null,
        "address": "השומר 53",
        "city": "בני ברק",
        "zipcode": 5154421.0,
        "average_price_diff": -0.8869732392524218,
        "popular_item_count": 2085
      }
    },
    {
      "type": "Feature",
      "geometry": {
        "type": "Point",
        "coordinates": [
          34.83489369999999,
          32.0901254
        ]
      },
      "properties": {
        "store_code": "nat_260",
        "store_name": "סוקולוב 6/ב\"ב, ברכלית C  BAR",
        "chainname": "נתיב החסד",
        "subchainname": "בר-כל",
        "storeid": null,
        "address": "סוקולוב 6",
        "city": "בני ברק",
        "zipcode": 5135002.0,
        "average_price_diff": -1.0269480045773287,
        "popular_item_count": 912
      }
    },
    {
      "type": "Feature",
      "geometry": {
        "type": "Point",
        "coordinates": [
          35.10020135225481,
          32.74958670345447
        ]
      },
      "properties": {
        "store_code": "nat_261",
        "store_name": "רימונים 1/רכסים, ברכל C   BAR",
        "chainname": "נתיב החסד",
        "subchainname": "בר-כל",
        "storeid": null,
        "address": "רימונים 1",
        "city": "רכסים",
        "zipcode": 2019600.0,
        "average_price_diff": -0.6841200919373425,
        "popular_item_count": 2574
      }
    },
    {
      "type": "Feature",
      "geometry": {
        "type": "Point",
        "coordinates": [
          34.92227,
          32.4342377
        ]
      },
      "properties": {
        "store_code": "nat_262",
        "store_name": "חדרה הגיבורים 52/, נתיב החסד NH M",
        "chainname": "נתיב החסד",
        "subchainname": "נתיב",
        "storeid": null,
        "address": "הגיבורים 62",
        "city": "חדרה",
        "zipcode": 3822412.0,
        "average_price_diff": -1.886451452596919,
        "popular_item_count": 2374
      }
    },
    {
      "type": "Feature",
      "geometry": {
        "type": "Point",
        "coordinates": [
          35.4989242,
          32.9604911
        ]
      },
      "properties": {
        "store_code": "nat_266",
        "store_name": "צפת /מרכז, מרדכי חדד ברכל@ BAR",
        "chainname": "נתיב החסד",
        "subchainname": "בר-כל",
        "storeid": null,
        "address": "מרדכי חדד 1",
        "city": "צפת",
        "zipcode": 1340601.0,
        "average_price_diff": -1.3301164438208226,
        "popular_item_count": 2455
      }
    },
    {
      "type": "Feature",
      "geometry": {
        "type": "Point",
        "coordinates": [
          34.8279637,
          32.0890137
        ]
      },
      "properties": {
        "store_code": "nat_267",
        "store_name": "חתם סופר 19 ב\"ב, ברכלית BAR  C",
        "chainname": "נתיב החסד",
        "subchainname": "בר-כל",
        "storeid": null,
        "address": "חתם סופר 19",
        "city": "בני ברק",
        "zipcode": 5131125.0,
        "average_price_diff": -0.24655167020704025,
        "popular_item_count": 1341
      }
    },
    {
      "type": "Feature",
      "geometry": {
        "type": "Point",
        "coordinates": [
          34.5705841,
          31.4223188
        ]
      },
      "properties": {
        "store_code": "nat_271",
        "store_name": "נתבות ברכל שדרות ירושלים @",
        "chainname": "נתיב החסד",
        "subchainname": "בר-כל",
        "storeid": null,
        "address": "שדרות ירושלים 170",
        "city": "נתיבות",
        "zipcode": 8774863.0,
        "average_price_diff": -2.0196040224776413,
        "popular_item_count": 1579
      }
    },
    {
      "type": "Feature",
      "geometry": {
        "type": "Point",
        "coordinates": [
          34.581484,
          31.427459
        ]
      },
      "properties": {
        "store_code": "nat_273",
        "store_name": "נתבות - מזוז ברכל C",
        "chainname": "נתיב החסד",
        "subchainname": "בר-כל",
        "storeid": null,
        "address": "מזוז 1",
        "city": "נתיבות",
        "zipcode": 8781201.0,
        "average_price_diff": -1.0117845548880846,
        "popular_item_count": 1862
      }
    },
    {
      "type": "Feature",
      "geometry": {
        "type": "Point",
        "coordinates": [
          34.5696796,
          31.6468769
        ]
      },
      "properties": {
        "store_code": "nat_274",
        "store_name": "עמק האלה 43/אשקלון ברכל @",
        "chainname": "נתיב החסד",
        "subchainname": "בר-כל",
        "storeid": null,
        "address": "עמק האלה 43",
        "city": "אשקלון",
        "zipcode": 7888935.0,
        "average_price_diff": -2.09614323773595,
        "popular_item_count": 2282
      }
    },
    {
      "type": "Feature",
      "geometry": {
        "type": "Point",
        "coordinates": [
          35.046612736866216,
          31.929875090166853
        ]
      },
      "properties": {
        "store_code": "nat_275",
        "store_name": "רמב\"ם 16 מודיעין עילית ברכל  C",
        "chainname": "נתיב החסד",
        "subchainname": "בר-כל",
        "storeid": null,
        "address": "רמבם 16",
        "city": "מודיעין עילית",
        "zipcode": 7180224.0,
        "average_price_diff": -0.8362286712686205,
        "popular_item_count": 1770
      }
    },
    {
      "type": "Feature",
      "geometry": {
        "type": "Point",
        "coordinates": [
          35.2231535,
          31.8079358
        ]
      },
      "properties": {
        "store_code": "nat_276",
        "store_name": "רמת שלמה ירושלים  ברכל  @",
        "chainname": "נתיב החסד",
        "subchainname": "בר-כל",
        "storeid": null,
        "address": "חזון איש 49",
        "city": "ירושלים",
        "zipcode": 0.0,
        "average_price_diff": -1.6964356524136284,
        "popular_item_count": 2224
      }
    },
    {
      "type": "Feature",
      "geometry": {
        "type": "Point",
        "coordinates": [
          34.8561618,
          32.0832123
        ]
      },
      "properties": {
        "store_code": "nat_300",
        "store_name": "שירה מרקט גבעת שמואל W",
        "chainname": "נתיב החסד",
        "subchainname": "שירה מרקט",
        "storeid": null,
        "address": "הסיבים",
        "city": "פתח תקווה",
        "zipcode": 0.0,
        "average_price_diff": -0.9701964138596777,
        "popular_item_count": 2550
      }
    },
    {
      "type": "Feature",
      "geometry": {
        "type": "Point",
        "coordinates": [
          34.9085802,
          32.0682374
        ]
      },
      "properties": {
        "store_code": "nat_301",
        "store_name": "שירה מרקט פתח תקווה W",
        "chainname": "נתיב החסד",
        "subchainname": "שירה מרקט",
        "storeid": null,
        "address": "ישעיהו המשורר 11",
        "city": "פתח תקווה",
        "zipcode": 4931937.0,
        "average_price_diff": -0.6058774726239061,
        "popular_item_count": 4322
      }
    },
    {
      "type": "Feature",
      "geometry": {
        "type": "Point",
        "coordinates": [
          35.2048965,
          31.78613039999999
        ]
      },
      "properties": {
        "store_code": "nat_303",
        "store_name": "משכנות האומה שירה מרקט W",
        "chainname": "נתיב החסד",
        "subchainname": "שירה מרקט",
        "storeid": null,
        "address": "אבא אבן 14",
        "city": "ירושלים",
        "zipcode": 0.0,
        "average_price_diff": -0.4394524250003851,
        "popular_item_count": 2869
      }
    },
    {
      "type": "Feature",
      "geometry": {
        "type": "Point",
        "coordinates": [
          34.73687605816333,
          31.73127056599517
        ]
      },
      "properties": {
        "store_code": "nat_304",
        "store_name": "קרית מלאכי  כרמי הנדיב שירה C",
        "chainname": "נתיב החסד",
        "subchainname": "שירה מרקט",
        "storeid": null,
        "address": "שדרות רוטשילד",
        "city": "קרית מלאכי",
        "zipcode": 0.0,
        "average_price_diff": -0.2756377535562811,
        "popular_item_count": 2363
      }
    },
    {
      "type": "Feature",
      "geometry": {
        "type": "Point",
        "coordinates": [
          34.9525647595023,
          32.095332347330036
        ]
      },
      "properties": {
        "store_code": "nat_305",
        "store_name": "גון קנדי שירה מרקט",
        "chainname": "נתיב החסד",
        "subchainname": "שירה מרקט",
        "storeid": 305.0,
        "address": "קנדי 36",
        "city": "ראש העין",
        "zipcode": 4852054.0,
        "average_price_diff": -0.7874697532967982,
        "popular_item_count": 1867
      }
    },
    {
      "type": "Feature",
      "geometry": {
        "type": "Point",
        "coordinates": [
          34.96996502016285,
          32.084059487775264
        ]
      },
      "properties": {
        "store_code": "nat_306",
        "store_name": "ראש העין שירה מרקט",
        "chainname": "נתיב החסד",
        "subchainname": "שירה מרקט",
        "storeid": 306.0,
        "address": "גרטי וקרל קורי 13",
        "city": "ראש העין",
        "zipcode": 4841095.0,
        "average_price_diff": -0.9858601352941307,
        "popular_item_count": 3886
      }
    },
    {
      "type": "Feature",
      "geometry": {
        "type": "Point",
        "coordinates": [
          35.0372414625822,
          31.920846911176795
        ]
      },
      "properties": {
        "store_code": "nat_307",
        "store_name": "כפר אורנים שירה מרקט",
        "chainname": "נתיב החסד",
        "subchainname": "שירה מרקט",
        "storeid": 1.0,
        "address": "כפר אורנים",
        "city": "כפר אורנים",
        "zipcode": 0.0,
        "average_price_diff": -1.1655532460573255,
        "popular_item_count": 2246
      }
    },
    {
      "type": "Feature",
      "geometry": {
        "type": "Point",
        "coordinates": [
          34.799429166434045,
          32.029255017702255
        ]
      },
      "properties": {
        "store_code": "nat_308",
        "store_name": "המצודה/אזור שירה  מרקט",
        "chainname": "נתיב החסד",
        "subchainname": "שירה מרקט",
        "storeid": 1.0,
        "address": "המצודה 6",
        "city": "אזור",
        "zipcode": 58000.0,
        "average_price_diff": -1.589673453013048,
        "popular_item_count": 1132
      }
    },
    {
      "type": "Feature",
      "geometry": {
        "type": "Point",
        "coordinates": [
          35.2368042,
          32.6696574
        ]
      },
      "properties": {
        "store_code": "osh_001",
        "store_name": "מגדל העמק",
        "chainname": "אושר עד",
        "subchainname": "אושר עד",
        "storeid": 1.0,
        "address": "האיצטדיון 11",
        "city": "מגדל העמק",
        "zipcode": 2303401.0,
        "average_price_diff": -9.728919962219878,
        "popular_item_count": 5007
      }
    },
    {
      "type": "Feature",
      "geometry": {
        "type": "Point",
        "coordinates": [
          35.1828468,
          31.7852087
        ]
      },
      "properties": {
        "store_code": "osh_003",
        "store_name": "גבעת שאול",
        "chainname": "אושר עד",
        "subchainname": "אושר עד",
        "storeid": 3.0,
        "address": "בית הדפוס 29",
        "city": "ירושלים",
        "zipcode": 9548334.0,
        "average_price_diff": -8.998215000035161,
        "popular_item_count": 5239
      }
    },
    {
      "type": "Feature",
      "geometry": {
        "type": "Point",
        "coordinates": [
          35.098291,
          32.8618235
        ]
      },
      "properties": {
        "store_code": "osh_005",
        "store_name": "קרית ביאליק",
        "chainname": "אושר עד",
        "subchainname": "אושר עד",
        "storeid": 5.0,
        "address": "הנס מולר 6, צור שלום",
        "city": "קרית ביאליק",
        "zipcode": 2751206.0,
        "average_price_diff": -9.353308965094714,
        "popular_item_count": 5057
      }
    },
    {
      "type": "Feature",
      "geometry": {
        "type": "Point",
        "coordinates": [
          34.7675852,
          31.8113771
        ]
      },
      "properties": {
        "store_code": "osh_006",
        "store_name": "כנות",
        "chainname": "אושר עד",
        "subchainname": "אושר עד",
        "storeid": 6.0,
        "address": "אדום 24 פארק התעשיות כנות",
        "city": "כנות",
        "zipcode": 7982500.0,
        "average_price_diff": -8.83942763105161,
        "popular_item_count": 4587
      }
    },
    {
      "type": "Feature",
      "geometry": {
        "type": "Point",
        "coordinates": [
          34.6635063,
          31.8123216
        ]
      },
      "properties": {
        "store_code": "osh_009",
        "store_name": "אשדוד",
        "chainname": "אושר עד",
        "subchainname": "אושר עד",
        "storeid": 9.0,
        "address": "בעלי המלאכה 4",
        "city": "אשדוד",
        "zipcode": 7761205.0,
        "average_price_diff": -9.044835478056868,
        "popular_item_count": 5029
      }
    },
    {
      "type": "Feature",
      "geometry": {
        "type": "Point",
        "coordinates": [
          34.8919915,
          32.1056568
        ]
      },
      "properties": {
        "store_code": "osh_010",
        "store_name": "פתח תקווה - סגולה",
        "chainname": "אושר עד",
        "subchainname": "אושר עד",
        "storeid": 10.0,
        "address": "בן ציון גליס 30",
        "city": "פתח תקווה",
        "zipcode": 4927930.0,
        "average_price_diff": -10.120295078134497,
        "popular_item_count": 5277
      }
    },
    {
      "type": "Feature",
      "geometry": {
        "type": "Point",
        "coordinates": [
          34.8300771,
          32.0989129
        ]
      },
      "properties": {
        "store_code": "osh_011",
        "store_name": "בני ברק",
        "chainname": "אושר עד",
        "subchainname": "אושר עד",
        "storeid": 11.0,
        "address": "הקישון 11",
        "city": "בני ברק",
        "zipcode": 5120314.0,
        "average_price_diff": -9.830482017692152,
        "popular_item_count": 5047
      }
    },
    {
      "type": "Feature",
      "geometry": {
        "type": "Point",
        "coordinates": [
          34.810774460109904,
          31.213135783007726
        ]
      },
      "properties": {
        "store_code": "osh_013",
        "store_name": "באר שבע",
        "chainname": "אושר עד",
        "subchainname": "אושר עד",
        "storeid": 13.0,
        "address": "הקוצר 15 אזור תעשיה עמק שרה",
        "city": "באר שבע",
        "zipcode": 8480904.0,
        "average_price_diff": -8.671220234370828,
        "popular_item_count": 4886
      }
    },
    {
      "type": "Feature",
      "geometry": {
        "type": "Point",
        "coordinates": [
          34.914005,
          32.4493907
        ]
      },
      "properties": {
        "store_code": "osh_014",
        "store_name": "חדרה",
        "chainname": "אושר עד",
        "subchainname": "אושר עד",
        "storeid": 14.0,
        "address": "המסגר 22 אזה\"ת הצפוני",
        "city": "חדרה",
        "zipcode": 3850169.0,
        "average_price_diff": -8.875699959567607,
        "popular_item_count": 5080
      }
    },
    {
      "type": "Feature",
      "geometry": {
        "type": "Point",
        "coordinates": [
          34.990749,
          31.747651
        ]
      },
      "properties": {
        "store_code": "osh_016",
        "store_name": "בית שמש - גליל",
        "chainname": "אושר עד",
        "subchainname": "אושר עד",
        "storeid": 16.0,
        "address": "מורדי הגיטאות 6",
        "city": "בית שמש",
        "zipcode": 9958206.0,
        "average_price_diff": -9.495479326757128,
        "popular_item_count": 5221
      }
    },
    {
      "type": "Feature",
      "geometry": {
        "type": "Point",
        "coordinates": [
          34.8917808,
          31.9533935
        ]
      },
      "properties": {
        "store_code": "osh_020",
        "store_name": "לוד",
        "chainname": "אושר עד",
        "subchainname": "אושר עד",
        "storeid": 20.0,
        "address": "בת שבע 1 מתחם טלרד",
        "city": "לוד",
        "zipcode": 7120101.0,
        "average_price_diff": -8.44053174305776,
        "popular_item_count": 4969
      }
    },
    {
      "type": "Feature",
      "geometry": {
        "type": "Point",
        "coordinates": [
          34.597146,
          31.648125
        ]
      },
      "properties": {
        "store_code": "osh_022",
        "store_name": "אשקלון בת הדר",
        "chainname": "אושר עד",
        "subchainname": "אושר עד",
        "storeid": 22.0,
        "address": "בת הדר",
        "city": "אשקלון",
        "zipcode": 7910300.0,
        "average_price_diff": -8.91525797588611,
        "popular_item_count": 4748
      }
    },
    {
      "type": "Feature",
      "geometry": {
        "type": "Point",
        "coordinates": [
          34.8696287,
          32.3036425
        ]
      },
      "properties": {
        "store_code": "osh_023",
        "store_name": "נתניה",
        "chainname": "אושר עד",
        "subchainname": "אושר עד",
        "storeid": 23.0,
        "address": "שדרות תום לנטוס",
        "city": "נתניה",
        "zipcode": 4276019.0,
        "average_price_diff": -8.975442706748858,
        "popular_item_count": 5261
      }
    },
    {
      "type": "Feature",
      "geometry": {
        "type": "Point",
        "coordinates": [
          34.7936383,
          32.067096
        ]
      },
      "properties": {
        "store_code": "osh_024",
        "store_name": "תל אביב",
        "chainname": "אושר עד",
        "subchainname": "אושר עד",
        "storeid": 24.0,
        "address": "קרמינצקי 3",
        "city": "תל אביב יפו",
        "zipcode": 6789903.0,
        "average_price_diff": -8.203828087163492,
        "popular_item_count": 4923
      }
    },
    {
      "type": "Feature",
      "geometry": {
        "type": "Point",
        "coordinates": [
          34.8093139,
          31.9722597
        ]
      },
      "properties": {
        "store_code": "osh_025",
        "store_name": "ראשון לציון",
        "chainname": "אושר עד",
        "subchainname": "אושר עד",
        "storeid": 25.0,
        "address": "אצל 26",
        "city": "ראשון לציון",
        "zipcode": 7570630.0,
        "average_price_diff": -9.180231613296327,
        "popular_item_count": 5022
      }
    },
    {
      "type": "Feature",
      "geometry": {
        "type": "Point",
        "coordinates": [
          35.213897,
          31.7534343
        ]
      },
      "properties": {
        "store_code": "osh_026",
        "store_name": "תלפיות",
        "chainname": "אושר עד",
        "subchainname": "אושר עד",
        "storeid": 26.0,
        "address": "פייר קניג 26 קניון הדר",
        "city": "ירושלים",
        "zipcode": 9346934.0,
        "average_price_diff": -8.934945449326257,
        "popular_item_count": 5169
      }
    },
    {
      "type": "Feature",
      "geometry": {
        "type": "Point",
        "coordinates": [
          35.208407,
          31.7947479
        ]
      },
      "properties": {
        "store_code": "osh_028",
        "store_name": "שמגר",
        "chainname": "אושר עד",
        "subchainname": "אושר עד",
        "storeid": 28.0,
        "address": "שמגר 16",
        "city": "ירושלים",
        "zipcode": 9446116.0,
        "average_price_diff": -10.23653794348309,
        "popular_item_count": 4555
      }
    },
    {
      "type": "Feature",
      "geometry": {
        "type": "Point",
        "coordinates": [
          35.0776785,
          32.8560183
        ]
      },
      "properties": {
        "store_code": "osh_029",
        "store_name": "קרית ים",
        "chainname": "אושר עד",
        "subchainname": "אושר עד",
        "storeid": 29.0,
        "address": "גולדה מאיר 2",
        "city": "קרית ים",
        "zipcode": 2905737.0,
        "average_price_diff": -8.862932832927298,
        "popular_item_count": 4945
      }
    },
    {
      "type": "Feature",
      "geometry": {
        "type": "Point",
        "coordinates": [
          35.013511,
          32.8009038
        ]
      },
      "properties": {
        "store_code": "osh_030",
        "store_name": "חיפה",
        "chainname": "אושר עד",
        "subchainname": "אושר עד",
        "storeid": 30.0,
        "address": "דרך בר יהודה 31",
        "city": "חיפה",
        "zipcode": 3262724.0,
        "average_price_diff": -8.98917938343672,
        "popular_item_count": 5037
      }
    },
    {
      "type": "Feature",
      "geometry": {
        "type": "Point",
        "coordinates": [
          34.953063,
          32.18499
        ]
      },
      "properties": {
        "store_code": "osh_031",
        "store_name": "כפר סבא",
        "chainname": "אושר עד",
        "subchainname": "אושר עד",
        "storeid": 31.0,
        "address": "דרך הים 9",
        "city": "כפר סבא",
        "zipcode": 4418001.0,
        "average_price_diff": -8.919320069352205,
        "popular_item_count": 5116
      }
    },
    {
      "type": "Feature",
      "geometry": {
        "type": "Point",
        "coordinates": [
          34.864173,
          32.035023
        ]
      },
      "properties": {
        "store_code": "osh_032",
        "store_name": "קרית אונו",
        "chainname": "אושר עד",
        "subchainname": "אושר עד",
        "storeid": 32.0,
        "address": "שמירה אימבר גדיש 9",
        "city": "קרית אונו",
        "zipcode": 5510101.0,
        "average_price_diff": -8.619650217755527,
        "popular_item_count": 5218
      }
    },
    {
      "type": "Feature",
      "geometry": {
        "type": "Point",
        "coordinates": [
          35.2096023,
          31.7498264
        ]
      },
      "properties": {
        "store_code": "ram_001",
        "store_name": "תלפיות",
        "chainname": "רמי לוי",
        "subchainname": "רמי לוי",
        "storeid": 1.0,
        "address": "האומן,15",
        "city": "ירושלים",
        "zipcode": 0.0,
        "average_price_diff": -7.714618873033745,
        "popular_item_count": 8303
      }
    },
    {
      "type": "Feature",
      "geometry": {
        "type": "Point",
        "coordinates": [
          35.2153716,
          31.7510508
        ]
      },
      "properties": {
        "store_code": "ram_002",
        "store_name": "בזק מחסני מזון",
        "chainname": "רמי לוי",
        "subchainname": "רמי לוי",
        "storeid": 2.0,
        "address": "יד חרוצים 18",
        "city": "ירושלים",
        "zipcode": 0.0,
        "average_price_diff": -7.996941477758894,
        "popular_item_count": 7211
      }
    },
    {
      "type": "Feature",
      "geometry": {
        "type": "Point",
        "coordinates": [
          35.1941519,
          31.8092121
        ]
      },
      "properties": {
        "store_code": "ram_003",
        "store_name": "רמי לוי בשכונה",
        "chainname": "רמי לוי",
        "subchainname": "רמי לוי",
        "storeid": 3.0,
        "address": "90 דרך החורש",
        "city": "ירושלים",
        "zipcode": 0.0,
        "average_price_diff": -9.588414476431552,
        "popular_item_count": 4205
      }
    },
    {
      "type": "Feature",
      "geometry": {
        "type": "Point",
        "coordinates": [
          35.2091884,
          31.7520269
        ]
      },
      "properties": {
        "store_code": "ram_005",
        "store_name": "רב מכר",
        "chainname": "רמי לוי",
        "subchainname": "רמי לוי",
        "storeid": 5.0,
        "address": "הפרסה 3",
        "city": "ירושלים",
        "zipcode": 0.0,
        "average_price_diff": -7.460493798250764,
        "popular_item_count": 9463
      }
    },
    {
      "type": "Feature",
      "geometry": {
        "type": "Point",
        "coordinates": [
          35.334513115197595,
          31.793032568625936
        ]
      },
      "properties": {
        "store_code": "ram_006",
        "store_name": "מישור אדומים",
        "chainname": "רמי לוי",
        "subchainname": "רמי לוי",
        "storeid": 6.0,
        "address": "איתם 1",
        "city": "מישור אדומים",
        "zipcode": 0.0,
        "average_price_diff": -7.504742549089159,
        "popular_item_count": 9558
      }
    },
    {
      "type": "Feature",
      "geometry": {
        "type": "Point",
        "coordinates": [
          35.2596698516709,
          31.8657346800454
        ]
      },
      "properties": {
        "store_code": "ram_008",
        "store_name": "שער בנימין",
        "chainname": "רמי לוי",
        "subchainname": "רמי לוי",
        "storeid": 8.0,
        "address": "מרכז מסחרי מטה בנמין",
        "city": "ירושלים",
        "zipcode": 0.0,
        "average_price_diff": -7.427452995130254,
        "popular_item_count": 8781
      }
    },
    {
      "type": "Feature",
      "geometry": {
        "type": "Point",
        "coordinates": [
          34.754139,
          31.7278229
        ]
      },
      "properties": {
        "store_code": "ram_009",
        "store_name": "קסיטנה",
        "chainname": "רמי לוי",
        "subchainname": "רמי לוי",
        "storeid": 9.0,
        "address": "א.ת באר טוביה",
        "city": "קרית מלאכי",
        "zipcode": 0.0,
        "average_price_diff": -7.642887546545795,
        "popular_item_count": 9230
      }
    },
    {
      "type": "Feature",
      "geometry": {
        "type": "Point",
        "coordinates": [
          35.014572,
          31.921173
        ]
      },
      "properties": {
        "store_code": "ram_010",
        "store_name": "מודיעין חדש",
        "chainname": "רמי לוי",
        "subchainname": "רמי לוי",
        "storeid": 10.0,
        "address": "א.ת שילת",
        "city": "מודיעין מכבים רעות",
        "zipcode": 0.0,
        "average_price_diff": -7.474740810443107,
        "popular_item_count": 8782
      }
    },
    {
      "type": "Feature",
      "geometry": {
        "type": "Point",
        "coordinates": [
          35.2930192,
          32.6036284
        ]
      },
      "properties": {
        "store_code": "ram_011",
        "store_name": "עפולה",
        "chainname": "רמי לוי",
        "subchainname": "רמי לוי",
        "storeid": 11.0,
        "address": "יהושוע חנקין 14",
        "city": "עפולה",
        "zipcode": 0.0,
        "average_price_diff": -7.723163161578471,
        "popular_item_count": 8833
      }
    },
    {
      "type": "Feature",
      "geometry": {
        "type": "Point",
        "coordinates": [
          35.107769,
          31.69984809999999
        ]
      },
      "properties": {
        "store_code": "ram_012",
        "store_name": "ביתר עלית",
        "chainname": "רמי לוי",
        "subchainname": "רמי לוי",
        "storeid": 12.0,
        "address": "ביתר עלית",
        "city": "ירושלים",
        "zipcode": 0.0,
        "average_price_diff": -7.955542521901332,
        "popular_item_count": 6653
      }
    },
    {
      "type": "Feature",
      "geometry": {
        "type": "Point",
        "coordinates": [
          35.1873851,
          31.7857605
        ]
      },
      "properties": {
        "store_code": "ram_013",
        "store_name": "גבעת שאול",
        "chainname": "רמי לוי",
        "subchainname": "רמי לוי",
        "storeid": 13.0,
        "address": "בית הדפוס 13",
        "city": "ירושלים",
        "zipcode": 0.0,
        "average_price_diff": -8.188249813903822,
        "popular_item_count": 6749
      }
    },
    {
      "type": "Feature",
      "geometry": {
        "type": "Point",
        "coordinates": [
          35.4986223,
          32.7844835
        ]
      },
      "properties": {
        "store_code": "ram_014",
        "store_name": "טבריה",
        "chainname": "רמי לוי",
        "subchainname": "רמי לוי",
        "storeid": 14.0,
        "address": "צומת פוריה ביג",
        "city": "טבריה",
        "zipcode": 0.0,
        "average_price_diff": -7.636559475939791,
        "popular_item_count": 9122
      }
    },
    {
      "type": "Feature",
      "geometry": {
        "type": "Point",
        "coordinates": [
          35.0473851,
          32.7701955
        ]
      },
      "properties": {
        "store_code": "ram_015",
        "store_name": "נשר",
        "chainname": "רמי לוי",
        "subchainname": "רמי לוי",
        "storeid": 15.0,
        "address": "דרך השלום 13",
        "city": "חיפה",
        "zipcode": 0.0,
        "average_price_diff": -7.7200056772353625,
        "popular_item_count": 8958
      }
    },
    {
      "type": "Feature",
      "geometry": {
        "type": "Point",
        "coordinates": [
          34.8311958,
          32.1013984
        ]
      },
      "properties": {
        "store_code": "ram_016",
        "store_name": "רמת גן איילון",
        "chainname": "רמי לוי",
        "subchainname": "רמי לוי",
        "storeid": 16.0,
        "address": "מבצע קדש 68",
        "city": "בני ברק",
        "zipcode": 0.0,
        "average_price_diff": -7.5937763942375955,
        "popular_item_count": 8577
      }
    },
    {
      "type": "Feature",
      "geometry": {
        "type": "Point",
        "coordinates": [
          34.9555511,
          32.1072425
        ]
      },
      "properties": {
        "store_code": "ram_017",
        "store_name": "ראש העין",
        "chainname": "רמי לוי",
        "subchainname": "רמי לוי",
        "storeid": 17.0,
        "address": "א.ת לב הארץ",
        "city": "ראש העין",
        "zipcode": 0.0,
        "average_price_diff": -7.451920891267763,
        "popular_item_count": 8890
      }
    },
    {
      "type": "Feature",
      "geometry": {
        "type": "Point",
        "coordinates": [
          35.0536682,
          32.8187067
        ]
      },
      "properties": {
        "store_code": "ram_019",
        "store_name": "אדמרליטי",
        "chainname": "רמי לוי",
        "subchainname": "רמי לוי",
        "storeid": 19.0,
        "address": "חלוצי התעשיה 73",
        "city": "חיפה",
        "zipcode": 0.0,
        "average_price_diff": -8.792888894722914,
        "popular_item_count": 7509
      }
    },
    {
      "type": "Feature",
      "geometry": {
        "type": "Point",
        "coordinates": [
          34.93345,
          32.569352
        ]
      },
      "properties": {
        "store_code": "ram_020",
        "store_name": "זכרון יעקב",
        "chainname": "רמי לוי",
        "subchainname": "רמי לוי",
        "storeid": 20.0,
        "address": "מול זכרון",
        "city": "זכרון יעקב",
        "zipcode": 0.0,
        "average_price_diff": -8.459508374244097,
        "popular_item_count": 8786
      }
    },
    {
      "type": "Feature",
      "geometry": {
        "type": "Point",
        "coordinates": [
          35.1850293,
          31.7882871
        ]
      },
      "properties": {
        "store_code": "ram_022",
        "store_name": "כנפי נשרים",
        "chainname": "רמי לוי",
        "subchainname": "רמי לוי",
        "storeid": 22.0,
        "address": "כנפי נשרים 26",
        "city": "ירושלים",
        "zipcode": 0.0,
        "average_price_diff": -7.4167969639724,
        "popular_item_count": 7970
      }
    },
    {
      "type": "Feature",
      "geometry": {
        "type": "Point",
        "coordinates": [
          35.15158,
          31.6425423
        ]
      },
      "properties": {
        "store_code": "ram_023",
        "store_name": "גוש עציון",
        "chainname": "רמי לוי",
        "subchainname": "רמי לוי",
        "storeid": 23.0,
        "address": "צומת גוש עציון",
        "city": "גוש עציון",
        "zipcode": 0.0,
        "average_price_diff": -7.452639886138513,
        "popular_item_count": 8904
      }
    },
    {
      "type": "Feature",
      "geometry": {
        "type": "Point",
        "coordinates": [
          34.8623046,
          32.2927627
        ]
      },
      "properties": {
        "store_code": "ram_024",
        "store_name": "נתניה",
        "chainname": "רמי לוי",
        "subchainname": "רמי לוי",
        "storeid": 24.0,
        "address": "המחקר 3",
        "city": "נתניה",
        "zipcode": 0.0,
        "average_price_diff": -7.625125417525263,
        "popular_item_count": 9560
      }
    },
    {
      "type": "Feature",
      "geometry": {
        "type": "Point",
        "coordinates": [
          34.96044549373903,
          31.889053458316987
        ]
      },
      "properties": {
        "store_code": "ram_025",
        "store_name": "מודעין ישפרו",
        "chainname": "רמי לוי",
        "subchainname": "רמי לוי",
        "storeid": 25.0,
        "address": "מתחם ישפרו",
        "city": "מודיעין מכבים רעות",
        "zipcode": 0.0,
        "average_price_diff": -7.7194331244502346,
        "popular_item_count": 8750
      }
    },
    {
      "type": "Feature",
      "geometry": {
        "type": "Point",
        "coordinates": [
          34.6595852,
          31.8142964
        ]
      },
      "properties": {
        "store_code": "ram_026",
        "store_name": "אשדוד",
        "chainname": "רמי לוי",
        "subchainname": "רמי לוי",
        "storeid": 26.0,
        "address": "היהלומים 8",
        "city": "אשדוד",
        "zipcode": 0.0,
        "average_price_diff": -7.461135095297804,
        "popular_item_count": 8993
      }
    },
    {
      "type": "Feature",
      "geometry": {
        "type": "Point",
        "coordinates": [
          34.799941899372875,
          31.23328170126853
        ]
      },
      "properties": {
        "store_code": "ram_027",
        "store_name": "באר שבע",
        "chainname": "רמי לוי",
        "subchainname": "רמי לוי",
        "storeid": 27.0,
        "address": "הע.ל עמק שרה",
        "city": "באר שבע",
        "zipcode": 0.0,
        "average_price_diff": -7.734971530701392,
        "popular_item_count": 8464
      }
    },
    {
      "type": "Feature",
      "geometry": {
        "type": "Point",
        "coordinates": [
          35.0914497,
          32.8990325
        ]
      },
      "properties": {
        "store_code": "ram_028",
        "store_name": "עכו",
        "chainname": "רמי לוי",
        "subchainname": "רמי לוי",
        "storeid": 28.0,
        "address": "בוליטמור 2",
        "city": "עכו",
        "zipcode": 0.0,
        "average_price_diff": -7.737895944444038,
        "popular_item_count": 8525
      }
    },
    {
      "type": "Feature",
      "geometry": {
        "type": "Point",
        "coordinates": [
          34.9705182,
          32.4888176
        ]
      },
      "properties": {
        "store_code": "ram_029",
        "store_name": "פרדס חנה ביג",
        "chainname": "רמי לוי",
        "subchainname": "רמי לוי",
        "storeid": 29.0,
        "address": "תדהר 1",
        "city": "פרדס חנה כרכור",
        "zipcode": 0.0,
        "average_price_diff": -7.804416792352818,
        "popular_item_count": 8958
      }
    },
    {
      "type": "Feature",
      "geometry": {
        "type": "Point",
        "coordinates": [
          34.9204034,
          32.2762888
        ]
      },
      "properties": {
        "store_code": "ram_030",
        "store_name": "קדימה",
        "chainname": "רמי לוי",
        "subchainname": "רמי לוי",
        "storeid": 30.0,
        "address": "הזרם 2",
        "city": "קדימה",
        "zipcode": 0.0,
        "average_price_diff": -7.517696124804254,
        "popular_item_count": 8921
      }
    },
    {
      "type": "Feature",
      "geometry": {
        "type": "Point",
        "coordinates": [
          34.607878,
          31.422839
        ]
      },
      "properties": {
        "store_code": "ram_031",
        "store_name": "נתיבות",
        "chainname": "רמי לוי",
        "subchainname": "רמי לוי",
        "storeid": 31.0,
        "address": "צומת בית הגדי",
        "city": "נתיבות",
        "zipcode": 0.0,
        "average_price_diff": -7.492746358841607,
        "popular_item_count": 8263
      }
    },
    {
      "type": "Feature",
      "geometry": {
        "type": "Point",
        "coordinates": [
          35.1034588,
          33.0327904
        ]
      },
      "properties": {
        "store_code": "ram_032",
        "store_name": "נהריה",
        "chainname": "רמי לוי",
        "subchainname": "רמי לוי",
        "storeid": 32.0,
        "address": "היוצרים א.ת צפוני",
        "city": "נהריה",
        "zipcode": 0.0,
        "average_price_diff": -7.570709127716919,
        "popular_item_count": 9194
      }
    },
    {
      "type": "Feature",
      "geometry": {
        "type": "Point",
        "coordinates": [
          34.9275245,
          32.1728401
        ]
      },
      "properties": {
        "store_code": "ram_033",
        "store_name": "כפר סבא",
        "chainname": "רמי לוי",
        "subchainname": "רמי לוי",
        "storeid": 33.0,
        "address": "גלגלי פלדה 2",
        "city": "כפר סבא",
        "zipcode": 0.0,
        "average_price_diff": -7.524717677219423,
        "popular_item_count": 9005
      }
    },
    {
      "type": "Feature",
      "geometry": {
        "type": "Point",
        "coordinates": [
          34.8573341,
          32.0877037
        ]
      },
      "properties": {
        "store_code": "ram_034",
        "store_name": "פתח תקווה",
        "chainname": "רמי לוי",
        "subchainname": "רמי לוי",
        "storeid": 34.0,
        "address": "הסיבים 37",
        "city": "פתח תקווה",
        "zipcode": 0.0,
        "average_price_diff": -7.5309805093802495,
        "popular_item_count": 9134
      }
    },
    {
      "type": "Feature",
      "geometry": {
        "type": "Point",
        "coordinates": [
          34.5528526,
          31.6355114
        ]
      },
      "properties": {
        "store_code": "ram_035",
        "store_name": "אשקלון",
        "chainname": "רמי לוי",
        "subchainname": "רמי לוי",
        "storeid": 35.0,
        "address": "המתכנן 8",
        "city": "אשקלון",
        "zipcode": 0.0,
        "average_price_diff": -7.672604434727462,
        "popular_item_count": 8423
      }
    },
    {
      "type": "Feature",
      "geometry": {
        "type": "Point",
        "coordinates": [
          35.3080062,
          32.9235
        ]
      },
      "properties": {
        "store_code": "ram_036",
        "store_name": "כרמיאל",
        "chainname": "רמי לוי",
        "subchainname": "רמי לוי",
        "storeid": 36.0,
        "address": "היוצרים 7",
        "city": "כרמיאל",
        "zipcode": 2165233.0,
        "average_price_diff": -7.644445042884928,
        "popular_item_count": 9082
      }
    },
    {
      "type": "Feature",
      "geometry": {
        "type": "Point",
        "coordinates": [
          34.87136195739262,
          32.322118237156204
        ]
      },
      "properties": {
        "store_code": "ram_037",
        "store_name": "נתניה חדש",
        "chainname": "רמי לוי",
        "subchainname": "רמי לוי",
        "storeid": 37.0,
        "address": "האורזים 8",
        "city": "נתניה",
        "zipcode": 0.0,
        "average_price_diff": -8.08424904728345,
        "popular_item_count": 7268
      }
    },
    {
      "type": "Feature",
      "geometry": {
        "type": "Point",
        "coordinates": [
          35.587746,
          33.216187
        ]
      },
      "properties": {
        "store_code": "ram_038",
        "store_name": "קרית שמונה",
        "chainname": "רמי לוי",
        "subchainname": "רמי לוי",
        "storeid": 38.0,
        "address": "איזור תעשיה צפוני קרית שמונה",
        "city": "קרית שמונה",
        "zipcode": 0.0,
        "average_price_diff": -7.992121549202559,
        "popular_item_count": 7894
      }
    },
    {
      "type": "Feature",
      "geometry": {
        "type": "Point",
        "coordinates": [
          34.7338294,
          31.885868
        ]
      },
      "properties": {
        "store_code": "ram_040",
        "store_name": "יבנה",
        "chainname": "רמי לוי",
        "subchainname": "רמי לוי",
        "storeid": 40.0,
        "address": "הקישון 9 קניון G",
        "city": "יבנה",
        "zipcode": 0.0,
        "average_price_diff": -7.835514136512302,
        "popular_item_count": 8307
      }
    },
    {
      "type": "Feature",
      "geometry": {
        "type": "Point",
        "coordinates": [
          34.7865316,
          31.89335419999999
        ]
      },
      "properties": {
        "store_code": "ram_041",
        "store_name": "רחובות",
        "chainname": "רמי לוי",
        "subchainname": "רמי לוי",
        "storeid": 41.0,
        "address": "מוטי קינד 1",
        "city": "רחובות",
        "zipcode": 7638507.0,
        "average_price_diff": -7.928056047257502,
        "popular_item_count": 7862
      }
    },
    {
      "type": "Feature",
      "geometry": {
        "type": "Point",
        "coordinates": [
          34.8917808,
          31.94530289999999
        ]
      },
      "properties": {
        "store_code": "ram_042",
        "store_name": "לוד",
        "chainname": "רמי לוי",
        "subchainname": "רמי לוי",
        "storeid": 42.0,
        "address": "שד הציונות 1",
        "city": "לוד",
        "zipcode": 7127710.0,
        "average_price_diff": -7.90783277852901,
        "popular_item_count": 6857
      }
    },
    {
      "type": "Feature",
      "geometry": {
        "type": "Point",
        "coordinates": [
          34.76957949454104,
          31.98476377570436
        ]
      },
      "properties": {
        "store_code": "ram_043",
        "store_name": "ראשון לציון",
        "chainname": "רמי לוי",
        "subchainname": "רמי לוי",
        "storeid": 43.0,
        "address": "שד משה דיין",
        "city": "ראשון לציון",
        "zipcode": 7565839.0,
        "average_price_diff": -7.64933126239526,
        "popular_item_count": 8139
      }
    },
    {
      "type": "Feature",
      "geometry": {
        "type": "Point",
        "coordinates": [
          34.9052124,
          32.4555358
        ]
      },
      "properties": {
        "store_code": "ram_044",
        "store_name": "חדרה",
        "chainname": "רמי לוי",
        "subchainname": "רמי לוי",
        "storeid": 44.0,
        "address": "השלום 1",
        "city": "חדרה",
        "zipcode": 3846201.0,
        "average_price_diff": -7.518455683895092,
        "popular_item_count": 9520
      }
    },
    {
      "type": "Feature",
      "geometry": {
        "type": "Point",
        "coordinates": [
          34.7475226,
          32.0045095
        ]
      },
      "properties": {
        "store_code": "ram_045",
        "store_name": "בת ים",
        "chainname": "רמי לוי",
        "subchainname": "רמי לוי",
        "storeid": 45.0,
        "address": "העמל 20",
        "city": "בת ים",
        "zipcode": 5960705.0,
        "average_price_diff": -7.680656865776385,
        "popular_item_count": 8335
      }
    },
    {
      "type": "Feature",
      "geometry": {
        "type": "Point",
        "coordinates": [
          34.8812187,
          32.194741
        ]
      },
      "properties": {
        "store_code": "ram_046",
        "store_name": "רעננה",
        "chainname": "רמי לוי",
        "subchainname": "רמי לוי",
        "storeid": 46.0,
        "address": "החרושת 12",
        "city": "רעננה",
        "zipcode": 4365706.0,
        "average_price_diff": -7.426129872772454,
        "popular_item_count": 9025
      }
    },
    {
      "type": "Feature",
      "geometry": {
        "type": "Point",
        "coordinates": [
          35.2175129,
          31.8534787
        ]
      },
      "properties": {
        "store_code": "ram_048",
        "store_name": "עטרות",
        "chainname": "רמי לוי",
        "subchainname": "רמי לוי",
        "storeid": 48.0,
        "address": "קניון עטרות",
        "city": "ירושלים",
        "zipcode": 0.0,
        "average_price_diff": -7.618002985030804,
        "popular_item_count": 9108
      }
    },
    {
      "type": "Feature",
      "geometry": {
        "type": "Point",
        "coordinates": [
          34.986640894528605,
          31.756019391952368
        ]
      },
      "properties": {
        "store_code": "ram_049",
        "store_name": "בית שמש",
        "chainname": "רמי לוי",
        "subchainname": "רמי לוי",
        "storeid": 49.0,
        "address": "יגאל אלון 4",
        "city": "בית שמש",
        "zipcode": 9906204.0,
        "average_price_diff": -7.382892255935482,
        "popular_item_count": 8134
      }
    },
    {
      "type": "Feature",
      "geometry": {
        "type": "Point",
        "coordinates": [
          34.7983618,
          32.0239698
        ]
      },
      "properties": {
        "store_code": "ram_050",
        "store_name": "חולון",
        "chainname": "רמי לוי",
        "subchainname": "רמי לוי",
        "storeid": 50.0,
        "address": "תמנע 6",
        "city": "חולון",
        "zipcode": 5881213.0,
        "average_price_diff": -7.430020968741847,
        "popular_item_count": 9924
      }
    },
    {
      "type": "Feature",
      "geometry": {
        "type": "Point",
        "coordinates": [
          35.1701331,
          32.1007198
        ]
      },
      "properties": {
        "store_code": "ram_053",
        "store_name": "אריאל",
        "chainname": "רמי לוי",
        "subchainname": "רמי לוי",
        "storeid": 53.0,
        "address": "הבנאי 6",
        "city": "אריאל",
        "zipcode": 0.0,
        "average_price_diff": -7.2756066526608985,
        "popular_item_count": 9280
      }
    },
    {
      "type": "Feature",
      "geometry": {
        "type": "Point",
        "coordinates": [
          34.7722626,
          31.6038516
        ]
      },
      "properties": {
        "store_code": "ram_054",
        "store_name": "קרית גת",
        "chainname": "רמי לוי",
        "subchainname": "רמי לוי",
        "storeid": 54.0,
        "address": "דרך הדרום 3 מרכז ביג",
        "city": "קרית גת",
        "zipcode": 0.0,
        "average_price_diff": -7.682735310844323,
        "popular_item_count": 8567
      }
    },
    {
      "type": "Feature",
      "geometry": {
        "type": "Point",
        "coordinates": [
          34.8425025,
          32.1130943
        ]
      },
      "properties": {
        "store_code": "ram_055",
        "store_name": "רמת החייל",
        "chainname": "רמי לוי",
        "subchainname": "רמי לוי",
        "storeid": 55.0,
        "address": "דבורה הנביאה 127",
        "city": "תל אביב יפו",
        "zipcode": 8424408.0,
        "average_price_diff": -7.5124632666189095,
        "popular_item_count": 9701
      }
    },
    {
      "type": "Feature",
      "geometry": {
        "type": "Point",
        "coordinates": [
          34.5945205,
          31.6619129
        ]
      },
      "properties": {
        "store_code": "ram_056",
        "store_name": "אשקלון צפון",
        "chainname": "רמי לוי",
        "subchainname": "רמי לוי",
        "storeid": 56.0,
        "address": "צהל 99",
        "city": "אשקלון",
        "zipcode": 0.0,
        "average_price_diff": -7.853441070600798,
        "popular_item_count": 7602
      }
    },
    {
      "type": "Feature",
      "geometry": {
        "type": "Point",
        "coordinates": [
          34.9656482,
          32.7896594
        ]
      },
      "properties": {
        "store_code": "ram_057",
        "store_name": "עזריאלי חיפה",
        "chainname": "רמי לוי",
        "subchainname": "רמי לוי",
        "storeid": 57.0,
        "address": "משה פלימן 4",
        "city": "חיפה",
        "zipcode": 3508416.0,
        "average_price_diff": -7.867392472072044,
        "popular_item_count": 8360
      }
    },
    {
      "type": "Feature",
      "geometry": {
        "type": "Point",
        "coordinates": [
          34.9254335,
          32.4368339
        ]
      },
      "properties": {
        "store_code": "ram_058",
        "store_name": "חדרה ויוה",
        "chainname": "רמי לוי",
        "subchainname": "רמי לוי",
        "storeid": 58.0,
        "address": "תרנא 20",
        "city": "חדרה",
        "zipcode": 0.0,
        "average_price_diff": -8.306523409114583,
        "popular_item_count": 5061
      }
    },
    {
      "type": "Feature",
      "geometry": {
        "type": "Point",
        "coordinates": [
          34.7722625952482,
          31.604080015409
        ]
      },
      "properties": {
        "store_code": "ram_061",
        "store_name": "כרמי גת",
        "chainname": "רמי לוי",
        "subchainname": "רמי לוי",
        "storeid": 61.0,
        "address": "כרמי גת",
        "city": "קרית גת",
        "zipcode": null,
        "average_price_diff": -7.755043722924357,
        "popular_item_count": 8424
      }
    },
    {
      "type": "Feature",
      "geometry": {
        "type": "Point",
        "coordinates": [
          35.0478477,
          32.7705497
        ]
      },
      "properties": {
        "store_code": "ram_062",
        "store_name": "צק פוסט",
        "chainname": "רמי לוי",
        "subchainname": "רמי לוי",
        "storeid": 62.0,
        "address": "בר יהודה ישראל 111",
        "city": "חיפה",
        "zipcode": 0.0,
        "average_price_diff": -7.691764010840556,
        "popular_item_count": 8849
      }
    },
    {
      "type": "Feature",
      "geometry": {
        "type": "Point",
        "coordinates": [
          34.8144199480922,
          31.243032289663315
        ]
      },
      "properties": {
        "store_code": "ram_063",
        "store_name": "ביג באר שבע החדש",
        "chainname": "רמי לוי",
        "subchainname": "רמי לוי",
        "storeid": 63.0,
        "address": "דרך חברון 21",
        "city": "באר שבע",
        "zipcode": 8424408.0,
        "average_price_diff": -7.5437028184668735,
        "popular_item_count": 8963
      }
    },
    {
      "type": "Feature",
      "geometry": {
        "type": "Point",
        "coordinates": [
          34.9164170712881,
          32.5180022290255
        ]
      },
      "properties": {
        "store_code": "ram_064",
        "store_name": "אור עקיבא",
        "chainname": "רמי לוי",
        "subchainname": "רמי לוי",
        "storeid": 64.0,
        "address": "הכרמל 1",
        "city": "אור עקיבא",
        "zipcode": 0.0,
        "average_price_diff": -8.253251160481787,
        "popular_item_count": 5799
      }
    },
    {
      "type": "Feature",
      "geometry": {
        "type": "Point",
        "coordinates": [
          35.2315663738441,
          32.6958230414412
        ]
      },
      "properties": {
        "store_code": "ram_066",
        "store_name": "מגדל העמק",
        "chainname": "רמי לוי",
        "subchainname": "רמי לוי",
        "storeid": 66.0,
        "address": "כפר החורש",
        "city": "מגדל העמק",
        "zipcode": null,
        "average_price_diff": -7.7898043483623365,
        "popular_item_count": 8159
      }
    },
    {
      "type": "Feature",
      "geometry": {
        "type": "Point",
        "coordinates": [
          34.843866481768934,
          31.849837621937873
        ]
      },
      "properties": {
        "store_code": "ram_069",
        "store_name": "אופקים",
        "chainname": "רמי לוי",
        "subchainname": "רמי לוי",
        "storeid": 69.0,
        "address": "מנחם בגין 2",
        "city": "אופקים",
        "zipcode": 87585.0,
        "average_price_diff": -7.578154679886564,
        "popular_item_count": 8753
      }
    },
    {
      "type": "Feature",
      "geometry": {
        "type": "Point",
        "coordinates": [
          34.60206307307781,
          31.526816295544855
        ]
      },
      "properties": {
        "store_code": "ram_070",
        "store_name": "שדרות",
        "chainname": "רמי לוי",
        "subchainname": "רמי לוי",
        "storeid": 70.0,
        "address": "משעול הלה 4",
        "city": "שדרות",
        "zipcode": 0.0,
        "average_price_diff": -8.24626661055383,
        "popular_item_count": 5072
      }
    },
    {
      "type": "Feature",
      "geometry": {
        "type": "Point",
        "coordinates": [
          34.9994121,
          31.7074303
        ]
      },
      "properties": {
        "store_code": "ram_071",
        "store_name": "רמת בית שמש",
        "chainname": "רמי לוי",
        "subchainname": "רמי לוי",
        "storeid": 71.0,
        "address": "שדרות נהר הירקון 38",
        "city": "בית שמש",
        "zipcode": 0.0,
        "average_price_diff": -7.453476120421756,
        "popular_item_count": 7132
      }
    },
    {
      "type": "Feature",
      "geometry": {
        "type": "Point",
        "coordinates": [
          34.9612922,
          29.5698833
        ]
      },
      "properties": {
        "store_code": "ram_203",
        "store_name": "אילת",
        "chainname": "רמי לוי",
        "subchainname": "רמי לוי",
        "storeid": 203.0,
        "address": "הזגג 11",
        "city": "אילת",
        "zipcode": 8850713.0,
        "average_price_diff": -21.412627595147665,
        "popular_item_count": 7620
      }
    },
    {
      "type": "Feature",
      "geometry": {
        "type": "Point",
        "coordinates": [
          34.794618894501326,
          31.243881912138065
        ]
      },
      "properties": {
        "store_code": "ram_405",
        "store_name": "שווצריה ממתקים בש",
        "chainname": "רמי לוי",
        "subchainname": "שוויצריה הקטנה",
        "storeid": 405.0,
        "address": "עזריאלי באר שבע",
        "city": "באר שבע",
        "zipcode": 0.0,
        "average_price_diff": 13.264194989518364,
        "popular_item_count": 11
      }
    },
    {
      "type": "Feature",
      "geometry": {
        "type": "Point",
        "coordinates": [
          35.200415,
          31.7323116
        ]
      },
      "properties": {
        "store_code": "ram_700",
        "store_name": "בית הפירות פסגת זאב",
        "chainname": "רמי לוי",
        "subchainname": "רמי לוי",
        "storeid": 700.0,
        "address": "הרוזמרין 33",
        "city": "ירושלים",
        "zipcode": 0.0,
        "average_price_diff": 7.275935206510647,
        "popular_item_count": 1718
      }
    },
    {
      "type": "Feature",
      "geometry": {
        "type": "Point",
        "coordinates": [
          35.1978327989126,
          31.7488339422687
        ]
      },
      "properties": {
        "store_code": "ram_703",
        "store_name": "בית הפירות פת",
        "chainname": "רמי לוי",
        "subchainname": "רמי לוי",
        "storeid": 703.0,
        "address": "(כתובת לא מצוינת)",
        "city": "ירושלים",
        "zipcode": 0.0,
        "average_price_diff": 6.657062815204928,
        "popular_item_count": 1845
      }
    },
    {
      "type": "Feature",
      "geometry": {
        "type": "Point",
        "coordinates": [
          34.98618402336423,
          31.748987925058373
        ]
      },
      "properties": {
        "store_code": "ram_704",
        "store_name": "בית הפירות בית שמש",
        "chainname": "רמי לוי",
        "subchainname": "רמי לוי",
        "storeid": 704.0,
        "address": "unknown",
        "city": "בית שמש",
        "zipcode": 0.0,
        "average_price_diff": 6.649379000962375,
        "popular_item_count": 2232
      }
    },
    {
      "type": "Feature",
      "geometry": {
        "type": "Point",
        "coordinates": [
          35.1754852443161,
          31.7610863760781
        ]
      },
      "properties": {
        "store_code": "ram_705",
        "store_name": "בית הפירות קרית יובל",
        "chainname": "רמי לוי",
        "subchainname": "רמי לוי",
        "storeid": 705.0,
        "address": "אורוגוואי 1",
        "city": "ירושלים",
        "zipcode": 0.0,
        "average_price_diff": 7.289000645032691,
        "popular_item_count": 2031
      }
    },
    {
      "type": "Feature",
      "geometry": {
        "type": "Point",
        "coordinates": [
          34.858117,
          32.025119
        ]
      },
      "properties": {
        "store_code": "ram_708",
        "store_name": "עזריאלי אור יהודה",
        "chainname": "רמי לוי",
        "subchainname": "רמי לוי",
        "storeid": 708.0,
        "address": "קניון עזריאלי אור יהודה מינוס 1",
        "city": "אור יהודה",
        "zipcode": 0.0,
        "average_price_diff": 5.28547449461777,
        "popular_item_count": 1516
      }
    },
    {
      "type": "Feature",
      "geometry": {
        "type": "Point",
        "coordinates": [
          34.636615,
          31.7778244
        ]
      },
      "properties": {
        "store_code": "ram_709",
        "store_name": "שבט לוי אשדוד",
        "chainname": "רמי לוי",
        "subchainname": "רמי לוי בשכונה",
        "storeid": 709.0,
        "address": "שבט לוי 14 רובע יב",
        "city": "אשדוד",
        "zipcode": 0.0,
        "average_price_diff": 5.24720230311565,
        "popular_item_count": 1571
      }
    },
    {
      "type": "Feature",
      "geometry": {
        "type": "Point",
        "coordinates": [
          34.582204,
          31.669926
        ]
      },
      "properties": {
        "store_code": "ram_710",
        "store_name": "אלי כהן אשקלון",
        "chainname": "רמי לוי",
        "subchainname": "רמי לוי בשכונה",
        "storeid": 710.0,
        "address": "אלי כהן 43",
        "city": "אשקלון",
        "zipcode": 0.0,
        "average_price_diff": 5.644446260759501,
        "popular_item_count": 1234
      }
    },
    {
      "type": "Feature",
      "geometry": {
        "type": "Point",
        "coordinates": [
          31.254603,
          31.254603
        ]
      },
      "properties": {
        "store_code": "ram_711",
        "store_name": "רגר באר שבע",
        "chainname": "רמי לוי",
        "subchainname": "רמי לוי בשכונה",
        "storeid": 711.0,
        "address": "יעקב כהן 12",
        "city": "באר שבע",
        "zipcode": 0.0,
        "average_price_diff": 5.332779770378326,
        "popular_item_count": 1481
      }
    },
    {
      "type": "Feature",
      "geometry": {
        "type": "Point",
        "coordinates": [
          34.85361,
          32.07756
        ]
      },
      "properties": {
        "store_code": "ram_712",
        "store_name": "מנחם בגין גבעת שמואל",
        "chainname": "רמי לוי",
        "subchainname": "רמי לוי בשכונה",
        "storeid": 712.0,
        "address": "מנחם בגין 23",
        "city": "גבעת שמואל",
        "zipcode": 0.0,
        "average_price_diff": 4.296692522030692,
        "popular_item_count": 1098
      }
    },
    {
      "type": "Feature",
      "geometry": {
        "type": "Point",
        "coordinates": [
          34.8183712,
          32.0750352
        ]
      },
      "properties": {
        "store_code": "ram_713",
        "store_name": "בן גוריון גבעתיים",
        "chainname": "רמי לוי",
        "subchainname": "רמי לוי בשכונה",
        "storeid": 713.0,
        "address": "בן גוריון 182",
        "city": "גבעתיים",
        "zipcode": 0.0,
        "average_price_diff": 6.135141790875854,
        "popular_item_count": 3679
      }
    },
    {
      "type": "Feature",
      "geometry": {
        "type": "Point",
        "coordinates": [
          34.90185185,
          32.1595098
        ]
      },
      "properties": {
        "store_code": "ram_714",
        "store_name": "מגדיאל הוד השרון",
        "chainname": "רמי לוי",
        "subchainname": "רמי לוי בשכונה",
        "storeid": 714.0,
        "address": "מגדיאל 57",
        "city": "הוד השרון",
        "zipcode": 0.0,
        "average_price_diff": 5.3840886849651985,
        "popular_item_count": 2272
      }
    },
    {
      "type": "Feature",
      "geometry": {
        "type": "Point",
        "coordinates": [
          34.846248,
          32.1670426
        ]
      },
      "properties": {
        "store_code": "ram_715",
        "store_name": "סוקולוב הרצליה",
        "chainname": "רמי לוי",
        "subchainname": "רמי לוי בשכונה",
        "storeid": 715.0,
        "address": "סוקולוב 56",
        "city": "הרצליה",
        "zipcode": 0.0,
        "average_price_diff": 5.547445523342913,
        "popular_item_count": 2439
      }
    },
    {
      "type": "Feature",
      "geometry": {
        "type": "Point",
        "coordinates": [
          34.9190038,
          32.437384322
        ]
      },
      "properties": {
        "store_code": "ram_716",
        "store_name": "הרצל חדרה",
        "chainname": "רמי לוי",
        "subchainname": "רמי לוי בשכונה",
        "storeid": 716.0,
        "address": "הרצל 27",
        "city": "חדרה",
        "zipcode": 0.0,
        "average_price_diff": 5.510694966130071,
        "popular_item_count": 2439
      }
    },
    {
      "type": "Feature",
      "geometry": {
        "type": "Point",
        "coordinates": [
          34.91499,
          32.440883
        ]
      },
      "properties": {
        "store_code": "ram_717",
        "store_name": "הנשיא חדרה",
        "chainname": "רמי לוי",
        "subchainname": "רמי לוי בשכונה",
        "storeid": 717.0,
        "address": "הנשיא 2",
        "city": "חדרה",
        "zipcode": 0.0,
        "average_price_diff": 5.001729439637134,
        "popular_item_count": 1610
      }
    },
    {
      "type": "Feature",
      "geometry": {
        "type": "Point",
        "coordinates": [
          34.77825519,
          32.0226326
        ]
      },
      "properties": {
        "store_code": "ram_718",
        "store_name": "שוויצריה סוקולוב",
        "chainname": "רמי לוי",
        "subchainname": "שוויצריה הקטנה",
        "storeid": 718.0,
        "address": "סוקולוב 84",
        "city": "חולון",
        "zipcode": 0.0,
        "average_price_diff": 4.757570781287793,
        "popular_item_count": 934
      }
    },
    {
      "type": "Feature",
      "geometry": {
        "type": "Point",
        "coordinates": [
          34.90785819,
          32.1743881
        ]
      },
      "properties": {
        "store_code": "ram_719",
        "store_name": "רוטשילד כפר סבא",
        "chainname": "רמי לוי",
        "subchainname": "רמי לוי בשכונה",
        "storeid": 719.0,
        "address": "רוטשילד 39",
        "city": "כפר סבא",
        "zipcode": 0.0,
        "average_price_diff": 5.470012230080191,
        "popular_item_count": 1705
      }
    },
    {
      "type": "Feature",
      "geometry": {
        "type": "Point",
        "coordinates": [
          34.87186989,
          32.3105188
        ]
      },
      "properties": {
        "store_code": "ram_720",
        "store_name": "הרטום נתניה",
        "chainname": "רמי לוי",
        "subchainname": "רמי לוי בשכונה",
        "storeid": 720.0,
        "address": "הרטום 40",
        "city": "נתניה",
        "zipcode": 0.0,
        "average_price_diff": 5.361463440065664,
        "popular_item_count": 1984
      }
    },
    {
      "type": "Feature",
      "geometry": {
        "type": "Point",
        "coordinates": [
          34.859164426,
          32.329873159
        ]
      },
      "properties": {
        "store_code": "ram_721",
        "store_name": "שוויצריה ויצמן נתניה",
        "chainname": "רמי לוי",
        "subchainname": "שוויצריה הקטנה",
        "storeid": 721.0,
        "address": "וייצמן 14",
        "city": "נתניה",
        "zipcode": 0.0,
        "average_price_diff": 6.02825952087023,
        "popular_item_count": 2641
      }
    },
    {
      "type": "Feature",
      "geometry": {
        "type": "Point",
        "coordinates": [
          35.288221368,
          32.611977947
        ]
      },
      "properties": {
        "store_code": "ram_722",
        "store_name": "חטיבה תשע עפולה",
        "chainname": "רמי לוי",
        "subchainname": "סופר קופיקס",
        "storeid": 722.0,
        "address": "חטיבה תשע 34",
        "city": 7700,
        "zipcode": 0.0,
        "average_price_diff": 4.9744585455024115,
        "popular_item_count": 1403
      }
    },
    {
      "type": "Feature",
      "geometry": {
        "type": "Point",
        "coordinates": [
          34.8654668,
          32.09309438
        ]
      },
      "properties": {
        "store_code": "ram_724",
        "store_name": "קניון אבנת פתח תקווה",
        "chainname": "רמי לוי",
        "subchainname": "שוויצריה הקטנה",
        "storeid": 724.0,
        "address": "זבוטינסקי 72",
        "city": "פתח תקווה",
        "zipcode": 0.0,
        "average_price_diff": 5.564928444963195,
        "popular_item_count": 2113
      }
    },
    {
      "type": "Feature",
      "geometry": {
        "type": "Point",
        "coordinates": [
          34.88715995,
          32.0914146638
        ]
      },
      "properties": {
        "store_code": "ram_725",
        "store_name": "שטמפפר פתח תקווה",
        "chainname": "רמי לוי",
        "subchainname": "רמי לוי בשכונה",
        "storeid": 725.0,
        "address": "שטמפפר 37",
        "city": "פתח תקווה",
        "zipcode": 0.0,
        "average_price_diff": 5.269678085333207,
        "popular_item_count": 1624
      }
    },
    {
      "type": "Feature",
      "geometry": {
        "type": "Point",
        "coordinates": [
          34.8854813,
          32.0759584767
        ]
      },
      "properties": {
        "store_code": "ram_726",
        "store_name": "רוטשילד פתח תקווה",
        "chainname": "רמי לוי",
        "subchainname": "רמי לוי בשכונה",
        "storeid": 726.0,
        "address": "רוטשילד 182",
        "city": "פתח תקווה",
        "zipcode": 0.0,
        "average_price_diff": 5.345725162936875,
        "popular_item_count": 1758
      }
    },
    {
      "type": "Feature",
      "geometry": {
        "type": "Point",
        "coordinates": [
          35.0923142,
          32.8429886
        ]
      },
      "properties": {
        "store_code": "ram_727",
        "store_name": "קיריון קרית ביאליק",
        "chainname": "רמי לוי",
        "subchainname": "רמי לוי בשכונה",
        "storeid": 727.0,
        "address": "דרך עכו 192",
        "city": "קרית ביאליק",
        "zipcode": 0.0,
        "average_price_diff": 5.235535631562368,
        "popular_item_count": 1525
      }
    },
    {
      "type": "Feature",
      "geometry": {
        "type": "Point",
        "coordinates": [
          34.9409454,
          32.0978894
        ]
      },
      "properties": {
        "store_code": "ram_728",
        "store_name": "שבזי ראש העין",
        "chainname": "רמי לוי",
        "subchainname": "רמי לוי בשכונה",
        "storeid": 728.0,
        "address": "שבזי 12",
        "city": 2640,
        "zipcode": 0.0,
        "average_price_diff": 4.161277330771049,
        "popular_item_count": 1050
      }
    },
    {
      "type": "Feature",
      "geometry": {
        "type": "Point",
        "coordinates": [
          34.77402106570462,
          31.975858685645637
        ]
      },
      "properties": {
        "store_code": "ram_729",
        "store_name": "קניון הבאר",
        "chainname": "רמי לוי",
        "subchainname": "רמי לוי בשכונה",
        "storeid": 729.0,
        "address": "קניון הבאר",
        "city": "ראשון לציון",
        "zipcode": 0.0,
        "average_price_diff": -12.191054786502987,
        "popular_item_count": 1814
      }
    },
    {
      "type": "Feature",
      "geometry": {
        "type": "Point",
        "coordinates": [
          34.7679687,
          32.0762671
        ]
      },
      "properties": {
        "store_code": "ram_733",
        "store_name": "בן יהודה תל אביב",
        "chainname": "רמי לוי",
        "subchainname": "רמי לוי בשכונה",
        "storeid": 733.0,
        "address": "בן יהודה 23",
        "city": "תל אביב",
        "zipcode": 0.0,
        "average_price_diff": 5.821087717603151,
        "popular_item_count": 2393
      }
    },
    {
      "type": "Feature",
      "geometry": {
        "type": "Point",
        "coordinates": [
          34.7744319,
          32.0790473
        ]
      },
      "properties": {
        "store_code": "ram_734",
        "store_name": "אסתר המלכה תל אביב",
        "chainname": "רמי לוי",
        "subchainname": "רמי לוי בשכונה",
        "storeid": 734.0,
        "address": "אסתר המלכה 4",
        "city": "תל אביב",
        "zipcode": 0.0,
        "average_price_diff": 5.889046006732301,
        "popular_item_count": 2314
      }
    },
    {
      "type": "Feature",
      "geometry": {
        "type": "Point",
        "coordinates": [
          34.786733,
          32.0692075
        ]
      },
      "properties": {
        "store_code": "ram_735",
        "store_name": "החשמונאים תל אביב",
        "chainname": "רמי לוי",
        "subchainname": "רמי לוי בשכונה",
        "storeid": 735.0,
        "address": "חשמונאים 100",
        "city": "תל אביב",
        "zipcode": 0.0,
        "average_price_diff": 5.715252839864576,
        "popular_item_count": 2297
      }
    },
    {
      "type": "Feature",
      "geometry": {
        "type": "Point",
        "coordinates": [
          34.7722382,
          32.0547148
        ]
      },
      "properties": {
        "store_code": "ram_736",
        "store_name": "שוקן תל אביב",
        "chainname": "רמי לוי",
        "subchainname": "רמי לוי בשכונה",
        "storeid": 736.0,
        "address": "שוקן 1",
        "city": "תל אביב",
        "zipcode": 0.0,
        "average_price_diff": 6.226924366665176,
        "popular_item_count": 2798
      }
    },
    {
      "type": "Feature",
      "geometry": {
        "type": "Point",
        "coordinates": [
          34.773397,
          32.0875412
        ]
      },
      "properties": {
        "store_code": "ram_737",
        "store_name": "בן יהודה תל אביב",
        "chainname": "רמי לוי",
        "subchainname": "רמי לוי בשכונה",
        "storeid": 737.0,
        "address": "בן יהודה 174",
        "city": "תל אביב",
        "zipcode": 0.0,
        "average_price_diff": 4.942785842379368,
        "popular_item_count": 1537
      }
    },
    {
      "type": "Feature",
      "geometry": {
        "type": "Point",
        "coordinates": [
          35.10655,
          31.6910075
        ]
      },
      "properties": {
        "store_code": "shefa_001",
        "store_name": "כף החיים",
        "chainname": "שפע ברכת השם",
        "subchainname": "שפע ברכת השם",
        "storeid": 1.0,
        "address": "כף החיים 38",
        "city": "ביתר עילית",
        "zipcode": 90537.0,
        "average_price_diff": -1.7094029658886303,
        "popular_item_count": 1694
      }
    },
    {
      "type": "Feature",
      "geometry": {
        "type": "Point",
        "coordinates": [
          35.1008372,
          31.6980109
        ]
      },
      "properties": {
        "store_code": "shefa_002",
        "store_name": "בן ציון ברוק",
        "chainname": "שפע ברכת השם",
        "subchainname": "שפע ברכת השם",
        "storeid": 2.0,
        "address": "בן ציון ברוק 7",
        "city": "ביתר עילית",
        "zipcode": 90554.0,
        "average_price_diff": -1.5276027974141801,
        "popular_item_count": 3382
      }
    },
    {
      "type": "Feature",
      "geometry": {
        "type": "Point",
        "coordinates": [
          35.2145892,
          31.7962414
        ]
      },
      "properties": {
        "store_code": "shefa_003",
        "store_name": "עלי הכהן",
        "chainname": "שפע ברכת השם",
        "subchainname": "שפע ברכת השם",
        "storeid": 3.0,
        "address": "עלי הכהן 21",
        "city": "ירושלים",
        "zipcode": 95311.0,
        "average_price_diff": -1.567869204327453,
        "popular_item_count": 1541
      }
    },
    {
      "type": "Feature",
      "geometry": {
        "type": "Point",
        "coordinates": [
          35.1177878,
          31.6962839
        ]
      },
      "properties": {
        "store_code": "shefa_005",
        "store_name": "החיד\"א",
        "chainname": "שפע ברכת השם",
        "subchainname": "שפע ברכת השם",
        "storeid": 5.0,
        "address": "החיד\"א 11",
        "city": "ביתר עילית",
        "zipcode": 90508.0,
        "average_price_diff": -1.547887904140378,
        "popular_item_count": 2565
      }
    },
    {
      "type": "Feature",
      "geometry": {
        "type": "Point",
        "coordinates": [
          35.2208909,
          31.7898417
        ]
      },
      "properties": {
        "store_code": "shefa_006",
        "store_name": "יואל",
        "chainname": "שפע ברכת השם",
        "subchainname": "שפע ברכת השם",
        "storeid": 6.0,
        "address": "יואל 14",
        "city": "ירושלים",
        "zipcode": 95269.0,
        "average_price_diff": -1.8995671149331672,
        "popular_item_count": 1947
      }
    },
    {
      "type": "Feature",
      "geometry": {
        "type": "Point",
        "coordinates": [
          34.9717522,
          31.7061264
        ]
      },
      "properties": {
        "store_code": "shefa_007",
        "store_name": "שדרות האמוראים",
        "chainname": "שפע ברכת השם",
        "subchainname": "שפע ברכת השם",
        "storeid": 7.0,
        "address": "שדרות האמוראים 16",
        "city": "בית שמש",
        "zipcode": 0.0,
        "average_price_diff": -2.133173748667923,
        "popular_item_count": 1472
      }
    },
    {
      "type": "Feature",
      "geometry": {
        "type": "Point",
        "coordinates": [
          35.151288,
          31.863743
        ]
      },
      "properties": {
        "store_code": "shefa_017",
        "store_name": "אגן האיילות ג. זאב",
        "chainname": "שפע ברכת השם",
        "subchainname": "שפע ברכת השם",
        "storeid": 17.0,
        "address": "אגן האיילות 41",
        "city": "גבעת זאב",
        "zipcode": 90938.0,
        "average_price_diff": -1.1745615917710042,
        "popular_item_count": 3234
      }
    },
    {
      "type": "Feature",
      "geometry": {
        "type": "Point",
        "coordinates": [
          35.1164547,
          31.7031567
        ]
      },
      "properties": {
        "store_code": "shefa_018",
        "store_name": "מעזריטש",
        "chainname": "שפע ברכת השם",
        "subchainname": "שפע ברכת השם",
        "storeid": 18.0,
        "address": "המגיד ממעזריטש 38",
        "city": "ביתר עילית",
        "zipcode": 90560.0,
        "average_price_diff": -5.507673155654769,
        "popular_item_count": 3631
      }
    },
    {
      "type": "Feature",
      "geometry": {
        "type": "Point",
        "coordinates": [
          35.105061519258555,
          31.695791877589446
        ]
      },
      "properties": {
        "store_code": "shefa_019",
        "store_name": "כנסת יחזקאל",
        "chainname": "שפע ברכת השם",
        "subchainname": "שפע ברכת השם",
        "storeid": 19.0,
        "address": "כנסת יחזקאל 6",
        "city": "ביתר עילית",
        "zipcode": 90551.0,
        "average_price_diff": -1.8515435694848583,
        "popular_item_count": 2312
      }
    },
    {
      "type": "Feature",
      "geometry": {
        "type": "Point",
        "coordinates": [
          35.0008014,
          31.7475851
        ]
      },
      "properties": {
        "store_code": "shefa_022",
        "store_name": "בן איש חי בית שמש",
        "chainname": "שפע ברכת השם",
        "subchainname": "שפע ברכת השם",
        "storeid": 22.0,
        "address": "בן איש חי 39",
        "city": "בית שמש",
        "zipcode": 99420.0,
        "average_price_diff": -2.2803425821521413,
        "popular_item_count": 1655
      }
    },
    {
      "type": "Feature",
      "geometry": {
        "type": "Point",
        "coordinates": [
          34.841909,
          32.079714
        ]
      },
      "properties": {
        "store_code": "shefa_023",
        "store_name": "כהנמן בני ברק",
        "chainname": "שפע ברכת השם",
        "subchainname": "שפע ברכת השם",
        "storeid": 23.0,
        "address": "כהנמן 107",
        "city": "בני ברק",
        "zipcode": 51553.0,
        "average_price_diff": -6.7808627098857075,
        "popular_item_count": 5543
      }
    },
    {
      "type": "Feature",
      "geometry": {
        "type": "Point",
        "coordinates": [
          35.1096686,
          31.6928544
        ]
      },
      "properties": {
        "store_code": "shefa_026",
        "store_name": "בבא סאלי",
        "chainname": "שפע ברכת השם",
        "subchainname": "שפע ברכת השם",
        "storeid": 26.0,
        "address": "בבא סאלי 22",
        "city": "ביתר עילית",
        "zipcode": 9052522.0,
        "average_price_diff": -5.484262943794836,
        "popular_item_count": 3709
      }
    },
    {
      "type": "Feature",
      "geometry": {
        "type": "Point",
        "coordinates": [
          35.1224503,
          31.6979171
        ]
      },
      "properties": {
        "store_code": "shefa_028",
        "store_name": "ר' עקיבא",
        "chainname": "שפע ברכת השם",
        "subchainname": "שפע ברכת השם",
        "storeid": 28.0,
        "address": "ר' עקיבא 13",
        "city": "ביתר עילית",
        "zipcode": 9050114.0,
        "average_price_diff": -1.7132012493286726,
        "popular_item_count": 2700
      }
    },
    {
      "type": "Feature",
      "geometry": {
        "type": "Point",
        "coordinates": [
          35.1008372,
          31.6980109
        ]
      },
      "properties": {
        "store_code": "shefa_029",
        "store_name": "הרב שך",
        "chainname": "שפע ברכת השם",
        "subchainname": "שפע ברכת השם",
        "storeid": 29.0,
        "address": "הרב שך 34",
        "city": "ביתר עילית",
        "zipcode": 9055353.0,
        "average_price_diff": -1.7530757835880892,
        "popular_item_count": 2398
      }
    },
    {
      "type": "Feature",
      "geometry": {
        "type": "Point",
        "coordinates": [
          35.1835784,
          31.7717609
        ]
      },
      "properties": {
        "store_code": "shefa_031",
        "store_name": "בית וגן",
        "chainname": "שפע ברכת השם",
        "subchainname": "שפע ברכת השם",
        "storeid": 31.0,
        "address": "בית וגן 10",
        "city": "ירושלים",
        "zipcode": 96463.0,
        "average_price_diff": -1.4062031338285552,
        "popular_item_count": 2907
      }
    },
    {
      "type": "Feature",
      "geometry": {
        "type": "Point",
        "coordinates": [
          35.2054938,
          31.7934491
        ]
      },
      "properties": {
        "store_code": "shefa_032",
        "store_name": "תכלת מרדכי",
        "chainname": "שפע ברכת השם",
        "subchainname": "שפע ברכת השם",
        "storeid": 32.0,
        "address": "תכלת מרדכי 1",
        "city": "ירושלים",
        "zipcode": 94396.0,
        "average_price_diff": -0.34086841329860035,
        "popular_item_count": 2402
      }
    },
    {
      "type": "Feature",
      "geometry": {
        "type": "Point",
        "coordinates": [
          35.2142181,
          31.7988681
        ]
      },
      "properties": {
        "store_code": "shefa_034",
        "store_name": "עזרת תורה",
        "chainname": "שפע ברכת השם",
        "subchainname": "שפע ברכת השם",
        "storeid": 34.0,
        "address": "עזרת תורה 28",
        "city": "ירושלים",
        "zipcode": 95320.0,
        "average_price_diff": -0.4777035119918359,
        "popular_item_count": 1962
      }
    },
    {
      "type": "Feature",
      "geometry": {
        "type": "Point",
        "coordinates": [
          35.2406234,
          31.8797998
        ]
      },
      "properties": {
        "store_code": "shefa_036",
        "store_name": "תל ציון",
        "chainname": "שפע ברכת השם",
        "subchainname": "שפע ברכת השם",
        "storeid": 36.0,
        "address": "אהבת ישראל 1",
        "city": "תל ציון",
        "zipcode": 90622.0,
        "average_price_diff": -1.4023417152327118,
        "popular_item_count": 2024
      }
    },
    {
      "type": "Feature",
      "geometry": {
        "type": "Point",
        "coordinates": [
          34.9972326,
          31.7361289
        ]
      },
      "properties": {
        "store_code": "shefa_037",
        "store_name": "בן קיסמא בית שמש",
        "chainname": "שפע ברכת השם",
        "subchainname": "שפע ברכת השם",
        "storeid": 37.0,
        "address": "ר' יוסי בן קיסמא 17",
        "city": "בית שמש",
        "zipcode": 99579.0,
        "average_price_diff": -1.1410561109456305,
        "popular_item_count": 2987
      }
    },
    {
      "type": "Feature",
      "geometry": {
        "type": "Point",
        "coordinates": [
          34.950513,
          32.050593
        ]
      },
      "properties": {
        "store_code": "shefa_038",
        "store_name": "שמאי אלעד",
        "chainname": "שפע ברכת השם",
        "subchainname": "שפע ברכת השם",
        "storeid": 38.0,
        "address": "שמאי 1",
        "city": "אלעד",
        "zipcode": 40801.0,
        "average_price_diff": -0.8305499848232067,
        "popular_item_count": 1540
      }
    },
    {
      "type": "Feature",
      "geometry": {
        "type": "Point",
        "coordinates": [
          35.0389123,
          31.9398081
        ]
      },
      "properties": {
        "store_code": "shefa_039",
        "store_name": "מודיעין עילית",
        "chainname": "שפע ברכת השם",
        "subchainname": "שפע ברכת השם",
        "storeid": 39.0,
        "address": "ר' עקיבא 5",
        "city": "מודיעין מכבים רעות",
        "zipcode": 71838.0,
        "average_price_diff": -1.1397345903317317,
        "popular_item_count": 2465
      }
    },
    {
      "type": "Feature",
      "geometry": {
        "type": "Point",
        "coordinates": [
          34.629061,
          31.317708
        ]
      },
      "properties": {
        "store_code": "shefa_042",
        "store_name": "אופקים",
        "chainname": "שפע ברכת השם",
        "subchainname": "שפע ברכת השם",
        "storeid": 42.0,
        "address": "ז'בוטינסקי 66",
        "city": "אופקים",
        "zipcode": 0.0,
        "average_price_diff": -6.530349139912724,
        "popular_item_count": 3642
      }
    },
    {
      "type": "Feature",
      "geometry": {
        "type": "Point",
        "coordinates": [
          34.8099711,
          31.8989977
        ]
      },
      "properties": {
        "store_code": "shu_020",
        "store_name": "שלי רחובות- הרצל",
        "chainname": "שופרסל",
        "subchainname": "שופרסל שלי",
        "storeid": 20.0,
        "address": "הרצל 183",
        "city": "רחובות",
        "zipcode": 7626902.0,
        "average_price_diff": 6.076140046388407,
        "popular_item_count": 4071
      }
    },
    {
      "type": "Feature",
      "geometry": {
        "type": "Point",
        "coordinates": [
          35.228641,
          31.8006054
        ]
      },
      "properties": {
        "store_code": "shu_021",
        "store_name": "יש מרים ירושלים-  פארן",
        "chainname": "שופרסל",
        "subchainname": "יש בשכונה",
        "storeid": 21.0,
        "address": "פארן 7 רמת אשכול",
        "city": "ירושלים",
        "zipcode": 9780209.0,
        "average_price_diff": -0.9904372671933075,
        "popular_item_count": 3820
      }
    },
    {
      "type": "Feature",
      "geometry": {
        "type": "Point",
        "coordinates": [
          34.8550823,
          32.3272194
        ]
      },
      "properties": {
        "store_code": "shu_022",
        "store_name": "שלי נתניה- סמילנסקי",
        "chainname": "שופרסל",
        "subchainname": "שופרסל שלי",
        "storeid": 22.0,
        "address": "סמילנסקי 13",
        "city": "נתניה",
        "zipcode": 4243111.0,
        "average_price_diff": 5.997240613098689,
        "popular_item_count": 4418
      }
    },
    {
      "type": "Feature",
      "geometry": {
        "type": "Point",
        "coordinates": [
          34.9391288,
          31.327465
        ]
      },
      "properties": {
        "store_code": "shu_023",
        "store_name": "שלי מיתר",
        "chainname": "שופרסל",
        "subchainname": "שופרסל שלי",
        "storeid": 23.0,
        "address": "מרכז מסחרי מיתר",
        "city": "מיתר",
        "zipcode": 8502500.0,
        "average_price_diff": 6.050461636117834,
        "popular_item_count": 4636
      }
    },
    {
      "type": "Feature",
      "geometry": {
        "type": "Point",
        "coordinates": [
          34.6474636,
          31.7835101
        ]
      },
      "properties": {
        "store_code": "shu_024",
        "store_name": "שלי אשדוד- הנביאים",
        "chainname": "שופרסל",
        "subchainname": "שופרסל שלי",
        "storeid": 24.0,
        "address": "הנביאים 3 רובע י",
        "city": "אשדוד",
        "zipcode": 7747303.0,
        "average_price_diff": 6.0651923111603185,
        "popular_item_count": 4091
      }
    },
    {
      "type": "Feature",
      "geometry": {
        "type": "Point",
        "coordinates": [
          34.8791798,
          32.1797063
        ]
      },
      "properties": {
        "store_code": "shu_027",
        "store_name": "שלי רעננה- אחוזה",
        "chainname": "שופרסל",
        "subchainname": "שופרסל שלי",
        "storeid": 27.0,
        "address": "אחוזה 82",
        "city": "רעננה",
        "zipcode": 4320945.0,
        "average_price_diff": 5.5495772055694825,
        "popular_item_count": 3102
      }
    },
    {
      "type": "Feature",
      "geometry": {
        "type": "Point",
        "coordinates": [
          34.8295488,
          32.1227143
        ]
      },
      "properties": {
        "store_code": "shu_028",
        "store_name": "שלי ת\"א- צה\"ל",
        "chainname": "שופרסל",
        "subchainname": "שופרסל שלי",
        "storeid": 28.0,
        "address": "צה\"ל 71, מרכ",
        "city": "תל אביב יפו",
        "zipcode": 6935139.0,
        "average_price_diff": 5.749747395431117,
        "popular_item_count": 3401
      }
    },
    {
      "type": "Feature",
      "geometry": {
        "type": "Point",
        "coordinates": [
          35.041493028267894,
          32.46726065097
        ]
      },
      "properties": {
        "store_code": "shu_029",
        "store_name": "אקספרס האודם חריש",
        "chainname": "שופרסל",
        "subchainname": "שופרסל אקספרס",
        "storeid": 29.0,
        "address": "האודם",
        "city": "חריש",
        "zipcode": 0.0,
        "average_price_diff": 10.411318531737713,
        "popular_item_count": 2699
      }
    },
    {
      "type": "Feature",
      "geometry": {
        "type": "Point",
        "coordinates": [
          34.84955919400675,
          32.05577321333753
        ]
      },
      "properties": {
        "store_code": "shu_030",
        "store_name": "שלי רמת גן- קריניצי",
        "chainname": "שופרסל",
        "subchainname": "שופרסל שלי",
        "storeid": 30.0,
        "address": "יוסף ספיר 9",
        "city": "רמת גן",
        "zipcode": 5262209.0,
        "average_price_diff": 5.7127690781687,
        "popular_item_count": 2831
      }
    },
    {
      "type": "Feature",
      "geometry": {
        "type": "Point",
        "coordinates": [
          34.8281899387247,
          32.06140799872685
        ]
      },
      "properties": {
        "store_code": "shu_032",
        "store_name": "שלי רמת גן- קסם",
        "chainname": "שופרסל",
        "subchainname": "שופרסל שלי",
        "storeid": 32.0,
        "address": "הירדן 90",
        "city": "רמת גן",
        "zipcode": 5224701.0,
        "average_price_diff": 5.839769976700918,
        "popular_item_count": 3989
      }
    },
    {
      "type": "Feature",
      "geometry": {
        "type": "Point",
        "coordinates": [
          34.989571,
          32.7940463
        ]
      },
      "properties": {
        "store_code": "shu_033",
        "store_name": "שלי חיפה- סטלה",
        "chainname": "שופרסל",
        "subchainname": "שופרסל שלי",
        "storeid": 33.0,
        "address": "טשרניחובסקי/35",
        "city": "חיפה",
        "zipcode": 3570323.0,
        "average_price_diff": 6.086726582607602,
        "popular_item_count": 4314
      }
    },
    {
      "type": "Feature",
      "geometry": {
        "type": "Point",
        "coordinates": [
          34.8378613,
          32.1436352
        ]
      },
      "properties": {
        "store_code": "shu_034",
        "store_name": "שלי רמת השרון- סוקולוב",
        "chainname": "שופרסל",
        "subchainname": "שופרסל שלי",
        "storeid": 34.0,
        "address": "סוקולוב 48",
        "city": "רמת השרון",
        "zipcode": 4723514.0,
        "average_price_diff": 5.985746334585054,
        "popular_item_count": 4141
      }
    },
    {
      "type": "Feature",
      "geometry": {
        "type": "Point",
        "coordinates": [
          34.8034019,
          31.2220096
        ]
      },
      "properties": {
        "store_code": "shu_035",
        "store_name": "דיל אקסטרה באר-שבע ולפסו",
        "chainname": "שופרסל",
        "subchainname": "שופרסל דיל",
        "storeid": 35.0,
        "address": "רח' וולפסון 13",
        "city": "באר שבע",
        "zipcode": 8489721.0,
        "average_price_diff": -2.452659697469264,
        "popular_item_count": 6390
      }
    },
    {
      "type": "Feature",
      "geometry": {
        "type": "Point",
        "coordinates": [
          34.9080277,
          32.1737383
        ]
      },
      "properties": {
        "store_code": "shu_036",
        "store_name": "שלי כ\"ס- רוטשילד",
        "chainname": "שופרסל",
        "subchainname": "שופרסל שלי",
        "storeid": 36.0,
        "address": "רוטשילד 65",
        "city": "כפר סבא",
        "zipcode": 4420131.0,
        "average_price_diff": 6.09107298683413,
        "popular_item_count": 3932
      }
    },
    {
      "type": "Feature",
      "geometry": {
        "type": "Point",
        "coordinates": [
          35.005274,
          32.768007
        ]
      },
      "properties": {
        "store_code": "shu_038",
        "store_name": "שלי חיפה- דניה",
        "chainname": "שופרסל",
        "subchainname": "שופרסל שלי",
        "storeid": 38.0,
        "address": "ליבריה 2 דניה",
        "city": "חיפה",
        "zipcode": 3491370.0,
        "average_price_diff": 5.7855241181117805,
        "popular_item_count": 3397
      }
    },
    {
      "type": "Feature",
      "geometry": {
        "type": "Point",
        "coordinates": [
          34.7963370541252,
          32.11181132483824
        ]
      },
      "properties": {
        "store_code": "shu_039",
        "store_name": "שלי ת\"א- ברזיל",
        "chainname": "שופרסל",
        "subchainname": "שופרסל שלי",
        "storeid": 39.0,
        "address": "ברזיל 15",
        "city": "תל אביב יפו",
        "zipcode": 6946025.0,
        "average_price_diff": 6.242528590014295,
        "popular_item_count": 6166
      }
    },
    {
      "type": "Feature",
      "geometry": {
        "type": "Point",
        "coordinates": [
          34.8505942,
          31.264479
        ]
      },
      "properties": {
        "store_code": "shu_040",
        "store_name": "שלי ב\"ש- עומר",
        "chainname": "שופרסל",
        "subchainname": "שופרסל שלי",
        "storeid": 40.0,
        "address": "רותם מרכ מסחרי ע",
        "city": "עומר",
        "zipcode": 8496500.0,
        "average_price_diff": 5.723667959660859,
        "popular_item_count": 3414
      }
    },
    {
      "type": "Feature",
      "geometry": {
        "type": "Point",
        "coordinates": [
          35.202846,
          31.768303
        ]
      },
      "properties": {
        "store_code": "shu_042",
        "store_name": "שלי ירושלים- ניות",
        "chainname": "שופרסל",
        "subchainname": "שופרסל שלי",
        "storeid": 42.0,
        "address": "בורלא 1 שכ.ניות",
        "city": "ירושלים",
        "zipcode": 9371401.0,
        "average_price_diff": 5.976606216690147,
        "popular_item_count": 4503
      }
    },
    {
      "type": "Feature",
      "geometry": {
        "type": "Point",
        "coordinates": [
          34.8922831,
          32.156077
        ]
      },
      "properties": {
        "store_code": "shu_043",
        "store_name": "שלי הוד השרון- הבנים",
        "chainname": "שופרסל",
        "subchainname": "שופרסל שלי",
        "storeid": 43.0,
        "address": "הבנים 12",
        "city": "הוד השרון",
        "zipcode": 4526814.0,
        "average_price_diff": 6.07882250439996,
        "popular_item_count": 4072
      }
    },
    {
      "type": "Feature",
      "geometry": {
        "type": "Point",
        "coordinates": [
          35.21500114426202,
          31.753757040940155
        ]
      },
      "properties": {
        "store_code": "shu_045",
        "store_name": "דיל ירושלים- תלפיות",
        "chainname": "שופרסל",
        "subchainname": "שופרסל דיל",
        "storeid": 45.0,
        "address": "פייר קניג 35",
        "city": "ירושלים",
        "zipcode": 9346943.0,
        "average_price_diff": -1.8463113118861383,
        "popular_item_count": 5829
      }
    },
    {
      "type": "Feature",
      "geometry": {
        "type": "Point",
        "coordinates": [
          34.8105409,
          31.2726101
        ]
      },
      "properties": {
        "store_code": "shu_049",
        "store_name": "דיל ב\"ש- הר בוקר",
        "chainname": "שופרסל",
        "subchainname": "שופרסל דיל",
        "storeid": 49.0,
        "address": "הר בוקר  17",
        "city": "באר שבע",
        "zipcode": 8489819.0,
        "average_price_diff": -2.4367929072932943,
        "popular_item_count": 3798
      }
    },
    {
      "type": "Feature",
      "geometry": {
        "type": "Point",
        "coordinates": [
          35.1551013,
          31.8041219
        ]
      },
      "properties": {
        "store_code": "shu_050",
        "store_name": "שלי מבשרת ציון",
        "chainname": "שופרסל",
        "subchainname": "שופרסל שלי",
        "storeid": 50.0,
        "address": "שלום 75 שכונה ג",
        "city": "מבשרת ציון",
        "zipcode": 9071425.0,
        "average_price_diff": 6.0077983508807575,
        "popular_item_count": 3977
      }
    },
    {
      "type": "Feature",
      "geometry": {
        "type": "Point",
        "coordinates": [
          34.844675,
          32.162413
        ]
      },
      "properties": {
        "store_code": "shu_051",
        "store_name": "אקספרס הרצליה",
        "chainname": "שופרסל",
        "subchainname": "שופרסל אקספרס",
        "storeid": 51.0,
        "address": "צמרות 2",
        "city": "הרצליה",
        "zipcode": 0.0,
        "average_price_diff": 10.679692289918567,
        "popular_item_count": 1604
      }
    },
    {
      "type": "Feature",
      "geometry": {
        "type": "Point",
        "coordinates": [
          35.04421448071977,
          32.459159742005724
        ]
      },
      "properties": {
        "store_code": "shu_056",
        "store_name": "אקספרס  חריש הרימון",
        "chainname": "שופרסל",
        "subchainname": "שופרסל אקספרס",
        "storeid": 56.0,
        "address": "האורן 47",
        "city": "חריש",
        "zipcode": 0.0,
        "average_price_diff": 10.493830792820852,
        "popular_item_count": 1856
      }
    },
    {
      "type": "Feature",
      "geometry": {
        "type": "Point",
        "coordinates": [
          34.8413326,
          32.1384018
        ]
      },
      "properties": {
        "store_code": "shu_057",
        "store_name": "שלי רמת השרון- אוסישקין",
        "chainname": "שופרסל",
        "subchainname": "שופרסל שלי",
        "storeid": 57.0,
        "address": "אוסישקין 5",
        "city": "רמת השרון",
        "zipcode": 4721005.0,
        "average_price_diff": 6.053673173108374,
        "popular_item_count": 4824
      }
    },
    {
      "type": "Feature",
      "geometry": {
        "type": "Point",
        "coordinates": [
          34.9104653,
          32.2999732
        ]
      },
      "properties": {
        "store_code": "shu_061",
        "store_name": "אקספרס צור משה",
        "chainname": "שופרסל",
        "subchainname": "שופרסל אקספרס",
        "storeid": 61.0,
        "address": "הערבה",
        "city": "צור משה",
        "zipcode": null,
        "average_price_diff": 10.550046575232685,
        "popular_item_count": 2004
      }
    },
    {
      "type": "Feature",
      "geometry": {
        "type": "Point",
        "coordinates": [
          35.1034611,
          32.7547372
        ]
      },
      "properties": {
        "store_code": "shu_062",
        "store_name": "יש חסד רכסים",
        "chainname": "שופרסל",
        "subchainname": "יש חסד",
        "storeid": 62.0,
        "address": "הכלניות 49",
        "city": "רכסים",
        "zipcode": 0.0,
        "average_price_diff": -10.155187573920918,
        "popular_item_count": 3750
      }
    },
    {
      "type": "Feature",
      "geometry": {
        "type": "Point",
        "coordinates": [
          34.8148199,
          31.2539529
        ]
      },
      "properties": {
        "store_code": "shu_065",
        "store_name": "דיל ב\"ש- צ'ורלי",
        "chainname": "שופרסל",
        "subchainname": "שופרסל דיל",
        "storeid": 65.0,
        "address": "אורגים פינת ב.ג",
        "city": "באר שבע",
        "zipcode": 84105.0,
        "average_price_diff": -1.8173975441928807,
        "popular_item_count": 5767
      }
    },
    {
      "type": "Feature",
      "geometry": {
        "type": "Point",
        "coordinates": [
          35.0928376822774,
          32.8590833060804
        ]
      },
      "properties": {
        "store_code": "shu_068",
        "store_name": "דיל כורדני",
        "chainname": "שופרסל",
        "subchainname": "שופרסל דיל",
        "storeid": 68.0,
        "address": "ירושלים 1",
        "city": "קרית מוצקין",
        "zipcode": 0.0,
        "average_price_diff": -2.006207106068613,
        "popular_item_count": 5075
      }
    },
    {
      "type": "Feature",
      "geometry": {
        "type": "Point",
        "coordinates": [
          34.795951,
          32.107476
        ]
      },
      "properties": {
        "store_code": "shu_069",
        "store_name": "שלי ת\"א- רמת אביב ב",
        "chainname": "שופרסל",
        "subchainname": "שופרסל שלי",
        "storeid": 69.0,
        "address": "טאגור 38",
        "city": "תל אביב יפו",
        "zipcode": 6920340.0,
        "average_price_diff": 6.1924895817209045,
        "popular_item_count": 5358
      }
    },
    {
      "type": "Feature",
      "geometry": {
        "type": "Point",
        "coordinates": [
          34.830577,
          32.071648
        ]
      },
      "properties": {
        "store_code": "shu_070",
        "store_name": "שלי רמת גן- מרום נווה",
        "chainname": "שופרסל",
        "subchainname": "שופרסל שלי",
        "storeid": 70.0,
        "address": "תרצה 19 ר\"ג",
        "city": "רמת גן",
        "zipcode": 5236431.0,
        "average_price_diff": 6.277411797215005,
        "popular_item_count": 5819
      }
    },
    {
      "type": "Feature",
      "geometry": {
        "type": "Point",
        "coordinates": [
          35.0380194,
          32.7804467
        ]
      },
      "properties": {
        "store_code": "shu_071",
        "store_name": "יוניברס תל חנן  נשר",
        "chainname": "שופרסל",
        "subchainname": "יוניברס",
        "storeid": 71.0,
        "address": "בר יהודה 147",
        "city": "נשר",
        "zipcode": 3688306.0,
        "average_price_diff": -2.1810746156520953,
        "popular_item_count": 7389
      }
    },
    {
      "type": "Feature",
      "geometry": {
        "type": "Point",
        "coordinates": [
          35.018523115256244,
          31.887127426466417
        ]
      },
      "properties": {
        "store_code": "shu_072",
        "store_name": "שלי רעות",
        "chainname": "שופרסל",
        "subchainname": "שופרסל שלי",
        "storeid": 72.0,
        "address": "חבל מודיעין",
        "city": "מודיעין מכבים רעות",
        "zipcode": 71908.0,
        "average_price_diff": 6.097736482250544,
        "popular_item_count": 4981
      }
    },
    {
      "type": "Feature",
      "geometry": {
        "type": "Point",
        "coordinates": [
          34.6623938,
          31.7998277
        ]
      },
      "properties": {
        "store_code": "shu_073",
        "store_name": "יש חסד אשדוד",
        "chainname": "שופרסל",
        "subchainname": "יש חסד",
        "storeid": 73.0,
        "address": "חנה סנש 9",
        "city": "אשדוד",
        "zipcode": 7747303.0,
        "average_price_diff": -9.850395721480403,
        "popular_item_count": 4418
      }
    },
    {
      "type": "Feature",
      "geometry": {
        "type": "Point",
        "coordinates": [
          35.2061426,
          32.10235580000001
        ]
      },
      "properties": {
        "store_code": "shu_076",
        "store_name": "דיל אריאל",
        "chainname": "שופרסל",
        "subchainname": "שופרסל דיל",
        "storeid": 76.0,
        "address": "רח' מוריה",
        "city": "אריאל",
        "zipcode": 0.0,
        "average_price_diff": -1.8368327208859059,
        "popular_item_count": 5393
      }
    },
    {
      "type": "Feature",
      "geometry": {
        "type": "Point",
        "coordinates": [
          35.03926815409079,
          32.470755701829056
        ]
      },
      "properties": {
        "store_code": "shu_077",
        "store_name": "דיל  חריש",
        "chainname": "שופרסל",
        "subchainname": "שופרסל דיל",
        "storeid": 77.0,
        "address": "דרך ארץ",
        "city": "חריש",
        "zipcode": 0.0,
        "average_price_diff": -1.6231859455080635,
        "popular_item_count": 6611
      }
    },
    {
      "type": "Feature",
      "geometry": {
        "type": "Point",
        "coordinates": [
          35.1737005,
          31.7861401
        ]
      },
      "properties": {
        "store_code": "shu_078",
        "store_name": "יש הר נוף ירושלים-שאולזו",
        "chainname": "שופרסל",
        "subchainname": "יש בשכונה",
        "storeid": 78.0,
        "address": "שאולזון 56",
        "city": "ירושלים",
        "zipcode": 9540057.0,
        "average_price_diff": -1.001724845128273,
        "popular_item_count": 3595
      }
    },
    {
      "type": "Feature",
      "geometry": {
        "type": "Point",
        "coordinates": [
          35.046575814361255,
          32.4625603287282
        ]
      },
      "properties": {
        "store_code": "shu_079",
        "store_name": "אקספרס חריש",
        "chainname": "שופרסל",
        "subchainname": "שופרסל אקספרס",
        "storeid": 79.0,
        "address": "נחשול 30",
        "city": "חריש",
        "zipcode": 3786100.0,
        "average_price_diff": 10.266121572458129,
        "popular_item_count": 1875
      }
    },
    {
      "type": "Feature",
      "geometry": {
        "type": "Point",
        "coordinates": [
          34.817174,
          31.960039
        ]
      },
      "properties": {
        "store_code": "shu_080",
        "store_name": "שלי ראשל\"צ- נווה הדרים",
        "chainname": "שופרסל",
        "subchainname": "שופרסל שלי",
        "storeid": 80.0,
        "address": "ברנשטיין 2",
        "city": "ראשון לציון",
        "zipcode": 7550302.0,
        "average_price_diff": 6.324363427192931,
        "popular_item_count": 4484
      }
    },
    {
      "type": "Feature",
      "geometry": {
        "type": "Point",
        "coordinates": [
          35.03835288104565,
          31.927326714471672
        ]
      },
      "properties": {
        "store_code": "shu_081",
        "store_name": "יש חסד מודיעין עלית דרום",
        "chainname": "שופרסל",
        "subchainname": "יש חסד",
        "storeid": 81.0,
        "address": "שערי תשובה 3",
        "city": "מודיעין עילית",
        "zipcode": 0.0,
        "average_price_diff": -10.373418201267935,
        "popular_item_count": 4033
      }
    },
    {
      "type": "Feature",
      "geometry": {
        "type": "Point",
        "coordinates": [
          34.7706369,
          32.0180655
        ]
      },
      "properties": {
        "store_code": "shu_082",
        "store_name": "אקספרס חולון",
        "chainname": "שופרסל",
        "subchainname": "שופרסל אקספרס",
        "storeid": 82.0,
        "address": "שמריהו לוין 2",
        "city": "חולון",
        "zipcode": 0.0,
        "average_price_diff": 10.952277268754937,
        "popular_item_count": 2746
      }
    },
    {
      "type": "Feature",
      "geometry": {
        "type": "Point",
        "coordinates": [
          34.776395,
          31.2621396
        ]
      },
      "properties": {
        "store_code": "shu_083",
        "store_name": "דיל ב\"ש- שאול המלך",
        "chainname": "שופרסל",
        "subchainname": "שופרסל דיל",
        "storeid": 83.0,
        "address": "קניון שאול המלך",
        "city": "באר שבע",
        "zipcode": 8446811.0,
        "average_price_diff": -2.243584016767629,
        "popular_item_count": 4675
      }
    },
    {
      "type": "Feature",
      "geometry": {
        "type": "Point",
        "coordinates": [
          34.9173131,
          31.889624
        ]
      },
      "properties": {
        "store_code": "shu_084",
        "store_name": "אקספרס בית חשמונאי",
        "chainname": "שופרסל",
        "subchainname": "שופרסל אקספרס",
        "storeid": 84.0,
        "address": "אקספרס בית חשמונאי",
        "city": "ביתחשמונאי",
        "zipcode": 0.0,
        "average_price_diff": 10.556596459895635,
        "popular_item_count": 1718
      }
    },
    {
      "type": "Feature",
      "geometry": {
        "type": "Point",
        "coordinates": [
          34.8816089,
          32.1931117
        ]
      },
      "properties": {
        "store_code": "shu_087",
        "store_name": "דיל רעננה- החרושת",
        "chainname": "שופרסל",
        "subchainname": "שופרסל דיל",
        "storeid": 87.0,
        "address": "החרושת 8",
        "city": "רעננה",
        "zipcode": 4365704.0,
        "average_price_diff": -1.7961352437061733,
        "popular_item_count": 5942
      }
    },
    {
      "type": "Feature",
      "geometry": {
        "type": "Point",
        "coordinates": [
          34.8638844,
          31.9257367
        ]
      },
      "properties": {
        "store_code": "shu_089",
        "store_name": "דיל עזריאלי - רמלה",
        "chainname": "שופרסל",
        "subchainname": "שופרסל דיל",
        "storeid": 89.0,
        "address": "שמשון הגיבור 32",
        "city": "רמלה",
        "zipcode": 72500.0,
        "average_price_diff": -1.9255202494656793,
        "popular_item_count": 4851
      }
    },
    {
      "type": "Feature",
      "geometry": {
        "type": "Point",
        "coordinates": [
          34.8112207,
          31.2636026
        ]
      },
      "properties": {
        "store_code": "shu_090",
        "store_name": "אקספרס גב ים באר שבע",
        "chainname": "שופרסל",
        "subchainname": "שופרסל אקספרס",
        "storeid": 90.0,
        "address": "האנרגיה 77",
        "city": "באר שבע",
        "zipcode": 0.0,
        "average_price_diff": 10.436840337649214,
        "popular_item_count": 1702
      }
    },
    {
      "type": "Feature",
      "geometry": {
        "type": "Point",
        "coordinates": [
          34.9019444,
          32.4013889
        ]
      },
      "properties": {
        "store_code": "shu_091",
        "store_name": "דיל עמק חפר- אזור תעשיה",
        "chainname": "שופרסל",
        "subchainname": "שופרסל דיל",
        "storeid": 91.0,
        "address": "א.ת. עמק חפר",
        "city": "חדרה",
        "zipcode": 3877701.0,
        "average_price_diff": -2.2722114156274547,
        "popular_item_count": 6912
      }
    },
    {
      "type": "Feature",
      "geometry": {
        "type": "Point",
        "coordinates": [
          34.6356393,
          31.778083
        ]
      },
      "properties": {
        "store_code": "shu_092",
        "store_name": "דיל אשדוד- שבט לוי",
        "chainname": "שופרסל",
        "subchainname": "שופרסל דיל",
        "storeid": 92.0,
        "address": "שבט לוי 12",
        "city": "אשדוד",
        "zipcode": 0.0,
        "average_price_diff": -2.1084071736362344,
        "popular_item_count": 4934
      }
    },
    {
      "type": "Feature",
      "geometry": {
        "type": "Point",
        "coordinates": [
          34.8782129,
          32.0303568
        ]
      },
      "properties": {
        "store_code": "shu_093",
        "store_name": "שלי יהוד- סביונים",
        "chainname": "שופרסל",
        "subchainname": "שופרסל שלי",
        "storeid": 93.0,
        "address": "דרך משה דיין 7",
        "city": "יהוד מונוסון",
        "zipcode": 5645001.0,
        "average_price_diff": 6.201346029562122,
        "popular_item_count": 4134
      }
    },
    {
      "type": "Feature",
      "geometry": {
        "type": "Point",
        "coordinates": [
          34.9270172,
          32.501976
        ]
      },
      "properties": {
        "store_code": "shu_095",
        "store_name": "דיל חדרה- קניון אורות",
        "chainname": "שופרסל",
        "subchainname": "שופרסל דיל",
        "storeid": 95.0,
        "address": "1ניון אורות",
        "city": "אור עקיבא",
        "zipcode": 3060000.0,
        "average_price_diff": -1.8373921373354556,
        "popular_item_count": 5579
      }
    },
    {
      "type": "Feature",
      "geometry": {
        "type": "Point",
        "coordinates": [
          34.95187903689265,
          32.41586814403237
        ]
      },
      "properties": {
        "store_code": "shu_096",
        "store_name": "דיל חדרה- הפרדס",
        "chainname": "שופרסל",
        "subchainname": "שופרסל דיל",
        "storeid": 96.0,
        "address": "קניון גני הדרים",
        "city": "חדרה",
        "zipcode": 3849207.0,
        "average_price_diff": -2.2668796987830375,
        "popular_item_count": 4120
      }
    },
    {
      "type": "Feature",
      "geometry": {
        "type": "Point",
        "coordinates": [
          35.5707447,
          33.19169979999999
        ]
      },
      "properties": {
        "store_code": "shu_097",
        "store_name": "דיל קרית שמונה- מתחם ביג",
        "chainname": "שופרסל",
        "subchainname": "שופרסל דיל",
        "storeid": 97.0,
        "address": "מתחם ביג",
        "city": "קרית שמונה",
        "zipcode": 1162401.0,
        "average_price_diff": -1.9507759013872494,
        "popular_item_count": 5375
      }
    },
    {
      "type": "Feature",
      "geometry": {
        "type": "Point",
        "coordinates": [
          35.1252205,
          32.7146161
        ]
      },
      "properties": {
        "store_code": "shu_098",
        "store_name": "דיל קרית טבעון- אלונים",
        "chainname": "שופרסל",
        "subchainname": "שופרסל דיל",
        "storeid": 98.0,
        "address": "חוצות אלונים",
        "city": "טבעון",
        "zipcode": 3604701.0,
        "average_price_diff": -1.99915577481341,
        "popular_item_count": 5294
      }
    },
    {
      "type": "Feature",
      "geometry": {
        "type": "Point",
        "coordinates": [
          34.892095081057384,
          32.14339427602499
        ]
      },
      "properties": {
        "store_code": "shu_101",
        "store_name": "שלי הוד השרון- ק מרגלית",
        "chainname": "שופרסל",
        "subchainname": "שופרסל שלי",
        "storeid": 101.0,
        "address": "נחליאלי 2",
        "city": "הוד השרון",
        "zipcode": 4535502.0,
        "average_price_diff": 6.222445723141058,
        "popular_item_count": 5421
      }
    },
    {
      "type": "Feature",
      "geometry": {
        "type": "Point",
        "coordinates": [
          34.903248,
          32.3044377
        ]
      },
      "properties": {
        "store_code": "shu_102",
        "store_name": "שלי פרדסיה- הנשיא",
        "chainname": "שופרסל",
        "subchainname": "שופרסל שלי",
        "storeid": 102.0,
        "address": "הנשיא 1 צ.פרדסיה",
        "city": "פרדסיה",
        "zipcode": 4281500.0,
        "average_price_diff": 5.91369259102757,
        "popular_item_count": 3820
      }
    },
    {
      "type": "Feature",
      "geometry": {
        "type": "Point",
        "coordinates": [
          34.9472744,
          31.9991264
        ]
      },
      "properties": {
        "store_code": "shu_103",
        "store_name": "שלי שוהם- מרכז מסחרי",
        "chainname": "שופרסל",
        "subchainname": "שופרסל שלי",
        "storeid": 103.0,
        "address": "מרכז מסחרי",
        "city": "שוהם",
        "zipcode": 6083530.0,
        "average_price_diff": 6.213113518090454,
        "popular_item_count": 5127
      }
    },
    {
      "type": "Feature",
      "geometry": {
        "type": "Point",
        "coordinates": [
          34.886727,
          32.077118
        ]
      },
      "properties": {
        "store_code": "shu_104",
        "store_name": "שלי פ\"ת- גד מכנס",
        "chainname": "שופרסל",
        "subchainname": "שופרסל שלי",
        "storeid": 104.0,
        "address": "רוטשילד 180",
        "city": "פתח תקווה",
        "zipcode": 9435700.0,
        "average_price_diff": 6.031577610634784,
        "popular_item_count": 3850
      }
    },
    {
      "type": "Feature",
      "geometry": {
        "type": "Point",
        "coordinates": [
          34.9023987,
          32.0798866
        ]
      },
      "properties": {
        "store_code": "shu_105",
        "store_name": "דיל פ\"ת- אליעזר פרדימן",
        "chainname": "שופרסל",
        "subchainname": "שופרסל דיל",
        "storeid": 105.0,
        "address": "אליעזר פרידמן 9",
        "city": "פתח תקווה",
        "zipcode": 4941916.0,
        "average_price_diff": -1.9617336529797358,
        "popular_item_count": 5494
      }
    },
    {
      "type": "Feature",
      "geometry": {
        "type": "Point",
        "coordinates": [
          34.7928326,
          31.9218546
        ]
      },
      "properties": {
        "store_code": "shu_106",
        "store_name": "יוניברס נס ציונה - הפטיש",
        "chainname": "שופרסל",
        "subchainname": "יוניברס",
        "storeid": 106.0,
        "address": "הפטיש 8,א.ת.",
        "city": "נס ציונה",
        "zipcode": 7404730.0,
        "average_price_diff": -2.163824364089368,
        "popular_item_count": 7631
      }
    },
    {
      "type": "Feature",
      "geometry": {
        "type": "Point",
        "coordinates": [
          34.9662017,
          32.0925903
        ]
      },
      "properties": {
        "store_code": "shu_109",
        "store_name": "שלי ראש העין- ז'בוטינסקי",
        "chainname": "שופרסל",
        "subchainname": "שופרסל שלי",
        "storeid": 109.0,
        "address": "גבעת טל",
        "city": "ראש העין",
        "zipcode": 4857301.0,
        "average_price_diff": 6.370694606376465,
        "popular_item_count": 5990
      }
    },
    {
      "type": "Feature",
      "geometry": {
        "type": "Point",
        "coordinates": [
          34.8230902,
          31.2307493
        ]
      },
      "properties": {
        "store_code": "shu_110",
        "store_name": "דיל הפארק ב\"ש",
        "chainname": "שופרסל",
        "subchainname": "שופרסל דיל",
        "storeid": 110.0,
        "address": "20 נחל פרת",
        "city": "באר שבע",
        "zipcode": null,
        "average_price_diff": -2.1863284898826363,
        "popular_item_count": 4318
      }
    },
    {
      "type": "Feature",
      "geometry": {
        "type": "Point",
        "coordinates": [
          35.51695309999999,
          32.7795991
        ]
      },
      "properties": {
        "store_code": "shu_111",
        "store_name": "יש חסד טבריה עלית-לב האג",
        "chainname": "שופרסל",
        "subchainname": "יש חסד",
        "storeid": 111.0,
        "address": "לב האגם 10",
        "city": "טבריה",
        "zipcode": 14431.0,
        "average_price_diff": -10.520490427432941,
        "popular_item_count": 4167
      }
    },
    {
      "type": "Feature",
      "geometry": {
        "type": "Point",
        "coordinates": [
          34.7852707,
          31.967552
        ]
      },
      "properties": {
        "store_code": "shu_113",
        "store_name": "דיל ראשל\"צ- גולדה מאיר",
        "chainname": "שופרסל",
        "subchainname": "שופרסל דיל",
        "storeid": 113.0,
        "address": "גולדה מאיר 1",
        "city": "ראשון לציון",
        "zipcode": 7549050.0,
        "average_price_diff": -2.0379010185891855,
        "popular_item_count": 5431
      }
    },
    {
      "type": "Feature",
      "geometry": {
        "type": "Point",
        "coordinates": [
          35.186812,
          31.73148
        ]
      },
      "properties": {
        "store_code": "shu_114",
        "store_name": "דיל ירושלים-גילה",
        "chainname": "שופרסל",
        "subchainname": "שופרסל דיל",
        "storeid": 114.0,
        "address": "צביה ויצחק 17",
        "city": "ירושלים",
        "zipcode": 9384014.0,
        "average_price_diff": -1.7352870712986739,
        "popular_item_count": 6077
      }
    },
    {
      "type": "Feature",
      "geometry": {
        "type": "Point",
        "coordinates": [
          34.80999527078125,
          32.07962235584178
        ]
      },
      "properties": {
        "store_code": "shu_116",
        "store_name": "שלי גבעתיים- מכתש",
        "chainname": "שופרסל",
        "subchainname": "שופרסל שלי",
        "storeid": 116.0,
        "address": "בורוכוב 54",
        "city": "גבעתיים",
        "zipcode": 5322205.0,
        "average_price_diff": 6.135320865372918,
        "popular_item_count": 5019
      }
    },
    {
      "type": "Feature",
      "geometry": {
        "type": "Point",
        "coordinates": [
          34.790138601474546,
          32.08066989803344
        ]
      },
      "properties": {
        "store_code": "shu_117",
        "store_name": "שלי תל אביב-איכילוב",
        "chainname": "שופרסל",
        "subchainname": "שופרסל שלי",
        "storeid": 117.0,
        "address": "ויצמן 6",
        "city": "תל אביב יפו",
        "zipcode": 6423914.0,
        "average_price_diff": 6.051812126361217,
        "popular_item_count": 5166
      }
    },
    {
      "type": "Feature",
      "geometry": {
        "type": "Point",
        "coordinates": [
          34.9597588,
          29.5683498
        ]
      },
      "properties": {
        "store_code": "shu_118",
        "store_name": "דיל אילת  הסתת",
        "chainname": "שופרסל",
        "subchainname": "שופרסל דיל",
        "storeid": 118.0,
        "address": "הסתת 15 א תעשיה",
        "city": "אילת",
        "zipcode": 8850415.0,
        "average_price_diff": -15.765350841376515,
        "popular_item_count": 6662
      }
    },
    {
      "type": "Feature",
      "geometry": {
        "type": "Point",
        "coordinates": [
          35.0171739,
          31.9060575
        ]
      },
      "properties": {
        "store_code": "shu_119",
        "store_name": "דיל מודיעין- סנטר",
        "chainname": "שופרסל",
        "subchainname": "שופרסל דיל",
        "storeid": 119.0,
        "address": "צאלון   21",
        "city": "מודיעין מכבים רעות",
        "zipcode": 0.0,
        "average_price_diff": -2.30418356418938,
        "popular_item_count": 4097
      }
    },
    {
      "type": "Feature",
      "geometry": {
        "type": "Point",
        "coordinates": [
          35.09698059999999,
          33.0011199
        ]
      },
      "properties": {
        "store_code": "shu_121",
        "store_name": "דיל נהריה- לוחמי הגטאות",
        "chainname": "שופרסל",
        "subchainname": "שופרסל דיל",
        "storeid": 121.0,
        "address": "לוחמי הגטאות 36",
        "city": "נהריה",
        "zipcode": 2244744.0,
        "average_price_diff": -1.7357841118556894,
        "popular_item_count": 6137
      }
    },
    {
      "type": "Feature",
      "geometry": {
        "type": "Point",
        "coordinates": [
          34.7264833,
          31.8643673
        ]
      },
      "properties": {
        "store_code": "shu_122",
        "store_name": "דיל יבנה- ברוש דרך הים",
        "chainname": "שופרסל",
        "subchainname": "שופרסל דיל",
        "storeid": 122.0,
        "address": "דרך הים 3",
        "city": "יבנה",
        "zipcode": 8157014.0,
        "average_price_diff": -1.7128473129711252,
        "popular_item_count": 6073
      }
    },
    {
      "type": "Feature",
      "geometry": {
        "type": "Point",
        "coordinates": [
          34.7790294,
          32.0128283
        ]
      },
      "properties": {
        "store_code": "shu_123",
        "store_name": "דיל חולון- גולדה",
        "chainname": "שופרסל",
        "subchainname": "שופרסל דיל",
        "storeid": 123.0,
        "address": "גולדה מאיר  7",
        "city": "חולון",
        "zipcode": 5839101.0,
        "average_price_diff": -1.8466392626403145,
        "popular_item_count": 5895
      }
    },
    {
      "type": "Feature",
      "geometry": {
        "type": "Point",
        "coordinates": [
          34.746448,
          32.00892
        ]
      },
      "properties": {
        "store_code": "shu_124",
        "store_name": "דיל בת ים- אורט ישראל",
        "chainname": "שופרסל",
        "subchainname": "שופרסל דיל",
        "storeid": 124.0,
        "address": "אורט ישראל 25",
        "city": "בת ים",
        "zipcode": 5959036.0,
        "average_price_diff": -2.564211811544644,
        "popular_item_count": 6194
      }
    },
    {
      "type": "Feature",
      "geometry": {
        "type": "Point",
        "coordinates": [
          34.97298,
          32.762127
        ]
      },
      "properties": {
        "store_code": "shu_127",
        "store_name": "אקספרס טירת הכרמל",
        "chainname": "שופרסל",
        "subchainname": "שופרסל אקספרס",
        "storeid": 127.0,
        "address": "הדולפין 1",
        "city": "טירת הכרמל",
        "zipcode": 0.0,
        "average_price_diff": 10.945380283729847,
        "popular_item_count": 1247
      }
    },
    {
      "type": "Feature",
      "geometry": {
        "type": "Point",
        "coordinates": [
          34.9601418,
          32.7830105
        ]
      },
      "properties": {
        "store_code": "shu_128",
        "store_name": "דיל טירת הכרמל- נחום חת",
        "chainname": "שופרסל",
        "subchainname": "שופרסל דיל",
        "storeid": 128.0,
        "address": "נחום חת 5",
        "city": "טירת הכרמל",
        "zipcode": 35085.0,
        "average_price_diff": -2.1184979025016877,
        "popular_item_count": 7599
      }
    },
    {
      "type": "Feature",
      "geometry": {
        "type": "Point",
        "coordinates": [
          34.860423865721465,
          32.28540284693322
        ]
      },
      "properties": {
        "store_code": "shu_129",
        "store_name": "דיל אקסטרה נתניה- המלאכה",
        "chainname": "שופרסל",
        "subchainname": "שופרסל דיל אקסטרא",
        "storeid": 129.0,
        "address": "רח' המלאכה 32",
        "city": "נתניה",
        "zipcode": 4250567.0,
        "average_price_diff": -1.8524398717464263,
        "popular_item_count": 5554
      }
    },
    {
      "type": "Feature",
      "geometry": {
        "type": "Point",
        "coordinates": [
          34.875715239875355,
          32.30877746903207
        ]
      },
      "properties": {
        "store_code": "shu_130",
        "store_name": "דיל נתניה- קלאוזנר עמליה",
        "chainname": "שופרסל",
        "subchainname": "שופרסל דיל",
        "storeid": 130.0,
        "address": "קלאוזנר 1",
        "city": "נתניה",
        "zipcode": 0.0,
        "average_price_diff": -2.0280017576497755,
        "popular_item_count": 5208
      }
    },
    {
      "type": "Feature",
      "geometry": {
        "type": "Point",
        "coordinates": [
          34.90176208105864,
          32.16571225904715
        ]
      },
      "properties": {
        "store_code": "shu_131",
        "store_name": "אקספרס הוד השרון",
        "chainname": "שופרסל",
        "subchainname": "שופרסל אקספרס",
        "storeid": 131.0,
        "address": "סוקולוב 37",
        "city": "הוד השרון",
        "zipcode": 0.0,
        "average_price_diff": 10.317254385382256,
        "popular_item_count": 1620
      }
    },
    {
      "type": "Feature",
      "geometry": {
        "type": "Point",
        "coordinates": [
          34.79138306571004,
          32.0742161859877
        ]
      },
      "properties": {
        "store_code": "shu_132",
        "store_name": "דיל ת\"א- השלום",
        "chainname": "שופרסל",
        "subchainname": "שופרסל דיל",
        "storeid": 132.0,
        "address": "דרך מנחם בגין132",
        "city": "תל אביב יפו",
        "zipcode": 6701101.0,
        "average_price_diff": -1.9071428033610904,
        "popular_item_count": 5572
      }
    },
    {
      "type": "Feature",
      "geometry": {
        "type": "Point",
        "coordinates": [
          35.1175965,
          31.7043471
        ]
      },
      "properties": {
        "store_code": "shu_133",
        "store_name": "יש חסד ביתר עילית-  הר\"ן",
        "chainname": "שופרסל",
        "subchainname": "יש חסד",
        "storeid": 133.0,
        "address": "הר\"ן 6 פינת פנים המאירים",
        "city": "ביתר עילית",
        "zipcode": 9056506.0,
        "average_price_diff": -10.745409577268118,
        "popular_item_count": 3947
      }
    },
    {
      "type": "Feature",
      "geometry": {
        "type": "Point",
        "coordinates": [
          34.96250670987946,
          31.889990997218607
        ]
      },
      "properties": {
        "store_code": "shu_134",
        "store_name": "יוניברס מודיעין- ישפרו סנטר",
        "chainname": "שופרסל",
        "subchainname": "יוניברס",
        "storeid": 134.0,
        "address": "ישפרו סנטר",
        "city": "מודיעין מכבים רעות",
        "zipcode": 0.0,
        "average_price_diff": -2.536699026281453,
        "popular_item_count": 6435
      }
    },
    {
      "type": "Feature",
      "geometry": {
        "type": "Point",
        "coordinates": [
          34.6060214,
          31.6748007
        ]
      },
      "properties": {
        "store_code": "shu_135",
        "store_name": "יוניברס אשקלון- פאור סנטר",
        "chainname": "שופרסל",
        "subchainname": "יוניברס",
        "storeid": 135.0,
        "address": "צומת כפר סילבר",
        "city": "אשקלון",
        "zipcode": 7929500.0,
        "average_price_diff": -2.2165423282307395,
        "popular_item_count": 7191
      }
    },
    {
      "type": "Feature",
      "geometry": {
        "type": "Point",
        "coordinates": [
          35.4979823,
          32.9576669
        ]
      },
      "properties": {
        "store_code": "shu_139",
        "store_name": "דיל צפת-  דובק ויצמן",
        "chainname": "שופרסל",
        "subchainname": "שופרסל דיל",
        "storeid": 139.0,
        "address": "ויצמן 20",
        "city": "צפת",
        "zipcode": 1321736.0,
        "average_price_diff": -1.8856565290841658,
        "popular_item_count": 5536
      }
    },
    {
      "type": "Feature",
      "geometry": {
        "type": "Point",
        "coordinates": [
          34.77626703687426,
          32.07699716489422
        ]
      },
      "properties": {
        "store_code": "shu_140",
        "store_name": "אקספרס תל חי",
        "chainname": "שופרסל",
        "subchainname": "שופרסל אקספרס",
        "storeid": 140.0,
        "address": "תל חי 40",
        "city": "תל אביב יפו",
        "zipcode": 0.0,
        "average_price_diff": 10.328504035470452,
        "popular_item_count": 1698
      }
    },
    {
      "type": "Feature",
      "geometry": {
        "type": "Point",
        "coordinates": [
          35.0924242,
          32.6424195
        ]
      },
      "properties": {
        "store_code": "shu_141",
        "store_name": "דיל יוקנעם- שדרות רבין",
        "chainname": "שופרסל",
        "subchainname": "שופרסל דיל",
        "storeid": 141.0,
        "address": "שדרות רבין 9",
        "city": "יקנעם",
        "zipcode": 2060000.0,
        "average_price_diff": -1.739497523596798,
        "popular_item_count": 6338
      }
    },
    {
      "type": "Feature",
      "geometry": {
        "type": "Point",
        "coordinates": [
          34.9540304,
          32.5730214
        ]
      },
      "properties": {
        "store_code": "shu_142",
        "store_name": "דיל זכרון- המייסדים",
        "chainname": "שופרסל",
        "subchainname": "שופרסל דיל",
        "storeid": 142.0,
        "address": "המייסדים",
        "city": "זכרון יעקב",
        "zipcode": 3095067.0,
        "average_price_diff": -1.7129894621741013,
        "popular_item_count": 6112
      }
    },
    {
      "type": "Feature",
      "geometry": {
        "type": "Point",
        "coordinates": [
          34.8916444,
          32.1920475
        ]
      },
      "properties": {
        "store_code": "shu_144",
        "store_name": "דיל שבירו כפר סבא",
        "chainname": "שופרסל",
        "subchainname": "שופרסל דיל",
        "storeid": 144.0,
        "address": "רפפורט 6",
        "city": "כפר סבא",
        "zipcode": null,
        "average_price_diff": -1.6048357174603507,
        "popular_item_count": 6729
      }
    },
    {
      "type": "Feature",
      "geometry": {
        "type": "Point",
        "coordinates": [
          34.9551162,
          32.5686035
        ]
      },
      "properties": {
        "store_code": "shu_147",
        "store_name": "אקספרס זכרון",
        "chainname": "שופרסל",
        "subchainname": "שופרסל אקספרס",
        "storeid": 147.0,
        "address": "ההנפה",
        "city": "זכרון יעקב",
        "zipcode": 0.0,
        "average_price_diff": 10.679391030012571,
        "popular_item_count": 2197
      }
    },
    {
      "type": "Feature",
      "geometry": {
        "type": "Point",
        "coordinates": [
          34.82667939524262,
          31.90295469240869
        ]
      },
      "properties": {
        "store_code": "shu_148",
        "store_name": "אקספרס מלצר רחובות",
        "chainname": "שופרסל",
        "subchainname": "שופרסל אקספרס",
        "storeid": 148.0,
        "address": "מלצר 20",
        "city": "רחובות",
        "zipcode": 0.0,
        "average_price_diff": 10.446112545625418,
        "popular_item_count": 1761
      }
    },
    {
      "type": "Feature",
      "geometry": {
        "type": "Point",
        "coordinates": [
          34.7927823,
          32.1206979
        ]
      },
      "properties": {
        "store_code": "shu_150",
        "store_name": "אקספרס רודנסקי ת\"א",
        "chainname": "שופרסל",
        "subchainname": "שופרסל אקספרס",
        "storeid": 150.0,
        "address": "רודנסקי 5",
        "city": "תל אביב יפו",
        "zipcode": null,
        "average_price_diff": 10.21276690856235,
        "popular_item_count": 2036
      }
    },
    {
      "type": "Feature",
      "geometry": {
        "type": "Point",
        "coordinates": [
          34.8791319,
          32.1974692
        ]
      },
      "properties": {
        "store_code": "shu_151",
        "store_name": "דיל רעננה- קניון רננים",
        "chainname": "שופרסל",
        "subchainname": "שופרסל דיל",
        "storeid": 151.0,
        "address": "רח.המלאכה 2",
        "city": "רעננה",
        "zipcode": 4366101.0,
        "average_price_diff": -1.600770488836964,
        "popular_item_count": 6823
      }
    },
    {
      "type": "Feature",
      "geometry": {
        "type": "Point",
        "coordinates": [
          35.1958045,
          31.2482662
        ]
      },
      "properties": {
        "store_code": "shu_152",
        "store_name": "דיל ערד-ישפרו המנוף",
        "chainname": "שופרסל",
        "subchainname": "שופרסל דיל",
        "storeid": 152.0,
        "address": "המנוף 7",
        "city": "ערד",
        "zipcode": 8909460.0,
        "average_price_diff": -1.9838574646164482,
        "popular_item_count": 5025
      }
    },
    {
      "type": "Feature",
      "geometry": {
        "type": "Point",
        "coordinates": [
          34.6253776,
          31.3182278
        ]
      },
      "properties": {
        "store_code": "shu_153",
        "store_name": "דיל אופקים- ז'בוטינסקי",
        "chainname": "שופרסל",
        "subchainname": "שופרסל דיל",
        "storeid": 153.0,
        "address": "זבוטינסקי 25",
        "city": "אופקים",
        "zipcode": 8759908.0,
        "average_price_diff": -2.049911050396436,
        "popular_item_count": 4975
      }
    },
    {
      "type": "Feature",
      "geometry": {
        "type": "Point",
        "coordinates": [
          34.9815343,
          32.2189326
        ]
      },
      "properties": {
        "store_code": "shu_155",
        "store_name": "דיל צור יגאל- מרכז מסחרי",
        "chainname": "שופרסל",
        "subchainname": "שופרסל דיל",
        "storeid": 155.0,
        "address": "מרכז מסחרי",
        "city": "צור יגאל",
        "zipcode": 4486400.0,
        "average_price_diff": -1.4111276797102232,
        "popular_item_count": 6938
      }
    },
    {
      "type": "Feature",
      "geometry": {
        "type": "Point",
        "coordinates": [
          34.9608358,
          32.8124983
        ]
      },
      "properties": {
        "store_code": "shu_159",
        "store_name": "דיל רמת הנשיא חיפה",
        "chainname": "שופרסל",
        "subchainname": "שופרסל דיל",
        "storeid": 159.0,
        "address": "שלמה המלך 55",
        "city": "חיפה",
        "zipcode": 0.0,
        "average_price_diff": -1.890258850212984,
        "popular_item_count": 5661
      }
    },
    {
      "type": "Feature",
      "geometry": {
        "type": "Point",
        "coordinates": [
          34.594066,
          31.5207301
        ]
      },
      "properties": {
        "store_code": "shu_163",
        "store_name": "דיל שדרות- הפלדה",
        "chainname": "שופרסל",
        "subchainname": "שופרסל דיל",
        "storeid": 163.0,
        "address": "הפלדה קניון אחים",
        "city": "שדרות",
        "zipcode": 80100.0,
        "average_price_diff": -1.8358463514442198,
        "popular_item_count": 5138
      }
    },
    {
      "type": "Feature",
      "geometry": {
        "type": "Point",
        "coordinates": [
          34.8115272,
          32.0857925
        ]
      },
      "properties": {
        "store_code": "shu_164",
        "store_name": "שלי רמתגן- ביאליק",
        "chainname": "שופרסל",
        "subchainname": "שופרסל שלי",
        "storeid": 164.0,
        "address": "רח. ביאליק 76",
        "city": "רמת גן",
        "zipcode": 5244136.0,
        "average_price_diff": 5.886473473267146,
        "popular_item_count": 3601
      }
    },
    {
      "type": "Feature",
      "geometry": {
        "type": "Point",
        "coordinates": [
          34.6622085,
          31.8180465
        ]
      },
      "properties": {
        "store_code": "shu_166",
        "store_name": "דיל אקסטרה  אשדוד- הבושם",
        "chainname": "שופרסל",
        "subchainname": "שופרסל דיל אקסטרא",
        "storeid": 166.0,
        "address": "הבושם 7 א.ת. קלה",
        "city": "אשדוד",
        "zipcode": 7761007.0,
        "average_price_diff": -2.2171870258679816,
        "popular_item_count": 7161
      }
    },
    {
      "type": "Feature",
      "geometry": {
        "type": "Point",
        "coordinates": [
          34.6340866,
          31.7844314
        ]
      },
      "properties": {
        "store_code": "shu_168",
        "store_name": "שלי אשדוד- כינרת",
        "chainname": "שופרסל",
        "subchainname": "שופרסל שלי",
        "storeid": 168.0,
        "address": "שכונת י\"א כנרת",
        "city": "אשדוד",
        "zipcode": 7770071.0,
        "average_price_diff": 6.1692502664014865,
        "popular_item_count": 4323
      }
    },
    {
      "type": "Feature",
      "geometry": {
        "type": "Point",
        "coordinates": [
          34.767196173445065,
          31.231108299883353
        ]
      },
      "properties": {
        "store_code": "shu_169",
        "store_name": "אקספרס באר שבע",
        "chainname": "שופרסל",
        "subchainname": "שופרסל אקספרס",
        "storeid": 169.0,
        "address": "אפרים לרון 20",
        "city": "באר שבע",
        "zipcode": 0.0,
        "average_price_diff": 11.087553043953987,
        "popular_item_count": 2228
      }
    },
    {
      "type": "Feature",
      "geometry": {
        "type": "Point",
        "coordinates": [
          34.9043166,
          32.1722128
        ]
      },
      "properties": {
        "store_code": "shu_171",
        "store_name": "אקספרס אוסטשינסקי",
        "chainname": "שופרסל",
        "subchainname": "שופרסל אקספרס",
        "storeid": 171.0,
        "address": "אוסטשינסקי 15",
        "city": "כפר סבא",
        "zipcode": 0.0,
        "average_price_diff": 10.398565554473349,
        "popular_item_count": 2158
      }
    },
    {
      "type": "Feature",
      "geometry": {
        "type": "Point",
        "coordinates": [
          34.93599,
          32.320644
        ]
      },
      "properties": {
        "store_code": "shu_173",
        "store_name": "דיל כפר יונה",
        "chainname": "שופרסל",
        "subchainname": "שופרסל דיל",
        "storeid": 173.0,
        "address": "נעמישמר",
        "city": "כפר יונה",
        "zipcode": 0.0,
        "average_price_diff": -1.7539277881254427,
        "popular_item_count": 5682
      }
    },
    {
      "type": "Feature",
      "geometry": {
        "type": "Point",
        "coordinates": [
          35.2088394,
          31.2597999
        ]
      },
      "properties": {
        "store_code": "shu_174",
        "store_name": "דיל ערד- קניון",
        "chainname": "שופרסל",
        "subchainname": "שופרסל דיל",
        "storeid": 174.0,
        "address": "הקנאים 29",
        "city": "ערד",
        "zipcode": 8902342.0,
        "average_price_diff": -1.778145397893804,
        "popular_item_count": 5839
      }
    },
    {
      "type": "Feature",
      "geometry": {
        "type": "Point",
        "coordinates": [
          35.2099448,
          31.79217
        ]
      },
      "properties": {
        "store_code": "shu_176",
        "store_name": "שערי רווחה ירושלים",
        "chainname": "שופרסל",
        "subchainname": "שערי רווחה",
        "storeid": 176.0,
        "address": "לואיס ברנדס 3",
        "city": "ירושלים",
        "zipcode": null,
        "average_price_diff": -12.698079455568857,
        "popular_item_count": 5391
      }
    },
    {
      "type": "Feature",
      "geometry": {
        "type": "Point",
        "coordinates": [
          34.802429,
          30.612762
        ]
      },
      "properties": {
        "store_code": "shu_177",
        "store_name": "דיל מצפה רמון- בן גוריון",
        "chainname": "שופרסל",
        "subchainname": "שופרסל דיל",
        "storeid": 177.0,
        "address": "מרכז מסחרי",
        "city": "מצפה רמון",
        "zipcode": 8060000.0,
        "average_price_diff": -2.1001149954722775,
        "popular_item_count": 4384
      }
    },
    {
      "type": "Feature",
      "geometry": {
        "type": "Point",
        "coordinates": [
          34.82492058105363,
          32.074360359422805
        ]
      },
      "properties": {
        "store_code": "shu_179",
        "store_name": "שופרסל אקספרס הרוא\"ה רמת גן",
        "chainname": "שופרסל",
        "subchainname": "שופרסל אקספרס",
        "storeid": 179.0,
        "address": "רח' הרוא\"ה 152",
        "city": "רמת גן",
        "zipcode": null,
        "average_price_diff": 10.790002438890536,
        "popular_item_count": 1902
      }
    },
    {
      "type": "Feature",
      "geometry": {
        "type": "Point",
        "coordinates": [
          35.0804138,
          32.8406715
        ]
      },
      "properties": {
        "store_code": "shu_180",
        "store_name": "דיל ק.מוצקין- בן גוריון",
        "chainname": "שופרסל",
        "subchainname": "שופרסל דיל",
        "storeid": 180.0,
        "address": "שד' בן גוריון 84",
        "city": "קרית מוצקין",
        "zipcode": 2642439.0,
        "average_price_diff": -1.6225652291576997,
        "popular_item_count": 6704
      }
    },
    {
      "type": "Feature",
      "geometry": {
        "type": "Point",
        "coordinates": [
          34.5827367,
          31.668009
        ]
      },
      "properties": {
        "store_code": "shu_181",
        "store_name": "דיל אשקלון- רמז",
        "chainname": "שופרסל",
        "subchainname": "שופרסל דיל",
        "storeid": 181.0,
        "address": "דוד רמז 39",
        "city": "אשקלון",
        "zipcode": 7853339.0,
        "average_price_diff": -1.741620450303705,
        "popular_item_count": 6213
      }
    },
    {
      "type": "Feature",
      "geometry": {
        "type": "Point",
        "coordinates": [
          35.032371,
          31.074295
        ]
      },
      "properties": {
        "store_code": "shu_182",
        "store_name": "דיל דימונה- גולדה מאיר",
        "chainname": "שופרסל",
        "subchainname": "שופרסל דיל",
        "storeid": 182.0,
        "address": "גולדה מאיר 1",
        "city": "דימונה",
        "zipcode": 86000.0,
        "average_price_diff": -2.512629384667164,
        "popular_item_count": 6370
      }
    },
    {
      "type": "Feature",
      "geometry": {
        "type": "Point",
        "coordinates": [
          34.64089420000001,
          31.7936909
        ]
      },
      "properties": {
        "store_code": "shu_183",
        "store_name": "דיל אשדוד- הרצל",
        "chainname": "שופרסל",
        "subchainname": "שופרסל דיל",
        "storeid": 183.0,
        "address": "1 רח' הרצל",
        "city": "אשדוד",
        "zipcode": 7745401.0,
        "average_price_diff": -2.053735575384176,
        "popular_item_count": 5080
      }
    },
    {
      "type": "Feature",
      "geometry": {
        "type": "Point",
        "coordinates": [
          34.800662,
          31.9615072
        ]
      },
      "properties": {
        "store_code": "shu_184",
        "store_name": "דיל ראשל\"צ- זבוטינסקי",
        "chainname": "שופרסל",
        "subchainname": "שופרסל דיל",
        "storeid": 184.0,
        "address": "זבוטינסקי 16",
        "city": "ראשון לציון",
        "zipcode": null,
        "average_price_diff": -2.121539324685538,
        "popular_item_count": 5238
      }
    },
    {
      "type": "Feature",
      "geometry": {
        "type": "Point",
        "coordinates": [
          34.9778335,
          32.81601250000001
        ]
      },
      "properties": {
        "store_code": "shu_186",
        "store_name": "אקספרס התשבי",
        "chainname": "שופרסל",
        "subchainname": "שופרסל אקספרס",
        "storeid": 186.0,
        "address": "התשבי 9",
        "city": "חיפה",
        "zipcode": 0.0,
        "average_price_diff": 10.234561083784753,
        "popular_item_count": 1482
      }
    },
    {
      "type": "Feature",
      "geometry": {
        "type": "Point",
        "coordinates": [
          35.3350838,
          31.7854062
        ]
      },
      "properties": {
        "store_code": "shu_187",
        "store_name": "דיל קניון מעלה אדומים",
        "chainname": "שופרסל",
        "subchainname": "שופרסל דיל",
        "storeid": 187.0,
        "address": "דרך קדם 5",
        "city": "מעלה אדומים",
        "zipcode": 0.0,
        "average_price_diff": -1.7204590131200566,
        "popular_item_count": 6255
      }
    },
    {
      "type": "Feature",
      "geometry": {
        "type": "Point",
        "coordinates": [
          34.9272665,
          30.9883432
        ]
      },
      "properties": {
        "store_code": "shu_188",
        "store_name": "דיל ירוחם- צבי בורנשטיין",
        "chainname": "שופרסל",
        "subchainname": "שופרסל דיל",
        "storeid": 188.0,
        "address": "צבי בורנשטין",
        "city": "ירוחם",
        "zipcode": 8050000.0,
        "average_price_diff": -1.8510186781636742,
        "popular_item_count": 4716
      }
    },
    {
      "type": "Feature",
      "geometry": {
        "type": "Point",
        "coordinates": [
          34.9742001,
          32.4728028
        ]
      },
      "properties": {
        "store_code": "shu_189",
        "store_name": "דיל פרדס חנה",
        "chainname": "שופרסל",
        "subchainname": "שופרסל דיל",
        "storeid": 189.0,
        "address": "14 רחוב הבנים",
        "city": "פרדס חנה כרכור",
        "zipcode": 0.0,
        "average_price_diff": -1.9568739634646275,
        "popular_item_count": 5294
      }
    },
    {
      "type": "Feature",
      "geometry": {
        "type": "Point",
        "coordinates": [
          35.5561111,
          32.9813889
        ]
      },
      "properties": {
        "store_code": "shu_190",
        "store_name": "דיל חצור- הגלילית",
        "chainname": "שופרסל",
        "subchainname": "שופרסל דיל",
        "storeid": 190.0,
        "address": "קניון גליל עליון",
        "city": "חצור",
        "zipcode": 1030000.0,
        "average_price_diff": -2.0963944675490827,
        "popular_item_count": 5235
      }
    },
    {
      "type": "Feature",
      "geometry": {
        "type": "Point",
        "coordinates": [
          34.8020886,
          31.95908129999999
        ]
      },
      "properties": {
        "store_code": "shu_193",
        "store_name": "שלי ראשל\"צ- מזרח",
        "chainname": "שופרסל",
        "subchainname": "שופרסל שלי",
        "storeid": 193.0,
        "address": "שד' יעקב 50",
        "city": "ראשון לציון",
        "zipcode": 7550903.0,
        "average_price_diff": 6.112396236744224,
        "popular_item_count": 4202
      }
    },
    {
      "type": "Feature",
      "geometry": {
        "type": "Point",
        "coordinates": [
          35.09225064900311,
          32.842769822419335
        ]
      },
      "properties": {
        "store_code": "shu_195",
        "store_name": "יוניברס קריון- דרך עכו",
        "chainname": "שופרסל",
        "subchainname": "יוניברס",
        "storeid": 195.0,
        "address": "דרך עכו  192",
        "city": "קרית ביאליק",
        "zipcode": 2723211.0,
        "average_price_diff": -2.267875268230854,
        "popular_item_count": 7274
      }
    },
    {
      "type": "Feature",
      "geometry": {
        "type": "Point",
        "coordinates": [
          34.8890965,
          31.932199
        ]
      },
      "properties": {
        "store_code": "shu_203",
        "store_name": "דיל רמלה לוד- הצופית",
        "chainname": "שופרסל",
        "subchainname": "שופרסל דיל",
        "storeid": 203.0,
        "address": "הצופית 40",
        "city": "רמלה",
        "zipcode": 0.0,
        "average_price_diff": -1.4840677597085141,
        "popular_item_count": 6669
      }
    },
    {
      "type": "Feature",
      "geometry": {
        "type": "Point",
        "coordinates": [
          34.9009857,
          32.0257949
        ]
      },
      "properties": {
        "store_code": "shu_205",
        "store_name": "דיל יהוד- אלטלף",
        "chainname": "שופרסל",
        "subchainname": "שופרסל דיל",
        "storeid": 205.0,
        "address": "אלטלף 4 א.ת יהוד",
        "city": "יהוד מונוסון",
        "zipcode": 5621604.0,
        "average_price_diff": -2.2448119661764236,
        "popular_item_count": 7020
      }
    },
    {
      "type": "Feature",
      "geometry": {
        "type": "Point",
        "coordinates": [
          34.859212,
          32.0257793
        ]
      },
      "properties": {
        "store_code": "shu_207",
        "store_name": "יש אור יהודה - אליהו סעדו",
        "chainname": "שופרסל",
        "subchainname": "יש בשכונה",
        "storeid": 207.0,
        "address": "אליהו סעדון 128",
        "city": "אור יהודה",
        "zipcode": 6039727.0,
        "average_price_diff": -1.9757729090344167,
        "popular_item_count": 2750
      }
    },
    {
      "type": "Feature",
      "geometry": {
        "type": "Point",
        "coordinates": [
          34.94564769017903,
          29.564247303079448
        ]
      },
      "properties": {
        "store_code": "shu_208",
        "store_name": "דיל אילת נחל אורה",
        "chainname": "שופרסל",
        "subchainname": "שופרסל דיל",
        "storeid": 208.0,
        "address": "ירושלים השלמה 52",
        "city": "אילת",
        "zipcode": 0.0,
        "average_price_diff": -16.296765082214712,
        "popular_item_count": 4425
      }
    },
    {
      "type": "Feature",
      "geometry": {
        "type": "Point",
        "coordinates": [
          34.57894650736695,
          31.687853873915714
        ]
      },
      "properties": {
        "store_code": "shu_209",
        "store_name": "דיל אשקלון- רוטשילד",
        "chainname": "שופרסל",
        "subchainname": "שופרסל דיל",
        "storeid": 209.0,
        "address": "אדמונד רוטשילד 8",
        "city": "אשקלון",
        "zipcode": 7822602.0,
        "average_price_diff": -2.187510636449041,
        "popular_item_count": 4386
      }
    },
    {
      "type": "Feature",
      "geometry": {
        "type": "Point",
        "coordinates": [
          34.8121871,
          31.9764175
        ]
      },
      "properties": {
        "store_code": "shu_210",
        "store_name": "יוניברס ראשל\"צ- שמוטקין",
        "chainname": "שופרסל",
        "subchainname": "יוניברס",
        "storeid": 210.0,
        "address": "שמוטקין 30",
        "city": "ראשון לציון",
        "zipcode": 7536333.0,
        "average_price_diff": -2.2740250226964904,
        "popular_item_count": 7205
      }
    },
    {
      "type": "Feature",
      "geometry": {
        "type": "Point",
        "coordinates": [
          35.325641428071066,
          32.92901620038814
        ]
      },
      "properties": {
        "store_code": "shu_211",
        "store_name": "דיל כרמיאל- אזור התעשיה",
        "chainname": "שופרסל",
        "subchainname": "שופרסל דיל",
        "storeid": 211.0,
        "address": "א.ת חוצות כרמיאל",
        "city": "כרמיאל",
        "zipcode": 2165006.0,
        "average_price_diff": -2.3866898323942554,
        "popular_item_count": 6836
      }
    },
    {
      "type": "Feature",
      "geometry": {
        "type": "Point",
        "coordinates": [
          34.9963889,
          32.7949865
        ]
      },
      "properties": {
        "store_code": "shu_212",
        "store_name": "שלי חיפה- ורדיה",
        "chainname": "שופרסל",
        "subchainname": "שופרסל שלי",
        "storeid": 212.0,
        "address": "ורדיה 10",
        "city": "חיפה",
        "zipcode": 3465710.0,
        "average_price_diff": 5.810951479315928,
        "popular_item_count": 3605
      }
    },
    {
      "type": "Feature",
      "geometry": {
        "type": "Point",
        "coordinates": [
          34.75683013181416,
          31.603493329908446
        ]
      },
      "properties": {
        "store_code": "shu_214",
        "store_name": "דיל קרית גת- מלכי ישראל",
        "chainname": "שופרסל",
        "subchainname": "שופרסל דיל",
        "storeid": 214.0,
        "address": "מלכי ישראל 178",
        "city": "קרית גת",
        "zipcode": 8205002.0,
        "average_price_diff": -2.2839629783065747,
        "popular_item_count": 6972
      }
    },
    {
      "type": "Feature",
      "geometry": {
        "type": "Point",
        "coordinates": [
          35.4972484,
          32.4953548
        ]
      },
      "properties": {
        "store_code": "shu_215",
        "store_name": "דיל בית שאן-ירושלים הביר",
        "chainname": "שופרסל",
        "subchainname": "שופרסל דיל",
        "storeid": 215.0,
        "address": "ירושלים הבירה",
        "city": "בית שאן",
        "zipcode": 10900.0,
        "average_price_diff": -2.1374951339104067,
        "popular_item_count": 4246
      }
    },
    {
      "type": "Feature",
      "geometry": {
        "type": "Point",
        "coordinates": [
          34.90719852153541,
          32.16455867150475
        ]
      },
      "properties": {
        "store_code": "shu_216",
        "store_name": "שלי הודהשרון",
        "chainname": "שופרסל",
        "subchainname": "שופרסל שלי",
        "storeid": 216.0,
        "address": "2 הנשיאים",
        "city": "הוד השרון",
        "zipcode": 0.0,
        "average_price_diff": 5.9119266956769865,
        "popular_item_count": 3668
      }
    },
    {
      "type": "Feature",
      "geometry": {
        "type": "Point",
        "coordinates": [
          35.3154373,
          32.6229362
        ]
      },
      "properties": {
        "store_code": "shu_218",
        "store_name": "דיל עפולה- יצחק רבין",
        "chainname": "שופרסל",
        "subchainname": "שופרסל דיל",
        "storeid": 218.0,
        "address": "שד' יצחק רבין 5",
        "city": "עפולה",
        "zipcode": 1834171.0,
        "average_price_diff": -2.3874474121420666,
        "popular_item_count": 6503
      }
    },
    {
      "type": "Feature",
      "geometry": {
        "type": "Point",
        "coordinates": [
          34.83843575221792,
          32.07937035994891
        ]
      },
      "properties": {
        "store_code": "shu_219",
        "store_name": "יש חסד בני ברק- עזרא",
        "chainname": "שופרסל",
        "subchainname": "יש חסד",
        "storeid": 219.0,
        "address": "עזרה בני ברק",
        "city": "בני ברק",
        "zipcode": 5155103.0,
        "average_price_diff": -10.034535924832374,
        "popular_item_count": 4688
      }
    },
    {
      "type": "Feature",
      "geometry": {
        "type": "Point",
        "coordinates": [
          34.80047930000001,
          31.2822648
        ]
      },
      "properties": {
        "store_code": "shu_222",
        "store_name": "דיל רמות ב\"ש ב'",
        "chainname": "שופרסל",
        "subchainname": "שופרסל דיל",
        "storeid": 222.0,
        "address": "הערים התאומות 28",
        "city": "באר שבע",
        "zipcode": null,
        "average_price_diff": -1.7448976322000915,
        "popular_item_count": 5937
      }
    },
    {
      "type": "Feature",
      "geometry": {
        "type": "Point",
        "coordinates": [
          34.7610407,
          31.9793122
        ]
      },
      "properties": {
        "store_code": "shu_224",
        "store_name": "אקספרס ראשל\"צ-נווה דקלים",
        "chainname": "שופרסל",
        "subchainname": "שופרסל אקספרס",
        "storeid": 224.0,
        "address": "נווה דקלים 44",
        "city": "ראשון לציון",
        "zipcode": null,
        "average_price_diff": 10.429346625959072,
        "popular_item_count": 1599
      }
    },
    {
      "type": "Feature",
      "geometry": {
        "type": "Point",
        "coordinates": [
          35.281619728131595,
          32.905123868823516
        ]
      },
      "properties": {
        "store_code": "shu_226",
        "store_name": "דיל כרמיאל",
        "chainname": "שופרסל",
        "subchainname": "שופרסל דיל",
        "storeid": 226.0,
        "address": "ההגנה 2",
        "city": "כרמיאל",
        "zipcode": 0.0,
        "average_price_diff": -2.135935870393347,
        "popular_item_count": 4661
      }
    },
    {
      "type": "Feature",
      "geometry": {
        "type": "Point",
        "coordinates": [
          35.075575,
          32.808657
        ]
      },
      "properties": {
        "store_code": "shu_227",
        "store_name": "דיל-איקאה קרית אתא",
        "chainname": "שופרסל",
        "subchainname": "שופרסל דיל",
        "storeid": 227.0,
        "address": "דרך חיפה 52",
        "city": "קרית אתא",
        "zipcode": 0.0,
        "average_price_diff": -1.659590701284025,
        "popular_item_count": 6456
      }
    },
    {
      "type": "Feature",
      "geometry": {
        "type": "Point",
        "coordinates": [
          34.9403751,
          32.5175279
        ]
      },
      "properties": {
        "store_code": "shu_228",
        "store_name": "שלי בנימינה - הגביע",
        "chainname": "שופרסל",
        "subchainname": "שופרסל שלי",
        "storeid": 228.0,
        "address": "הגביע 1",
        "city": "בנימינה",
        "zipcode": 3056601.0,
        "average_price_diff": 5.949791435587028,
        "popular_item_count": 3603
      }
    },
    {
      "type": "Feature",
      "geometry": {
        "type": "Point",
        "coordinates": [
          34.793731,
          32.0654728
        ]
      },
      "properties": {
        "store_code": "shu_229",
        "store_name": "דיל ת\"א- יגאל אלון",
        "chainname": "שופרסל",
        "subchainname": "שופרסל דיל",
        "storeid": 229.0,
        "address": "יגאל אלון 76",
        "city": "תל אביב יפו",
        "zipcode": 6706701.0,
        "average_price_diff": -1.8476975936682827,
        "popular_item_count": 6027
      }
    },
    {
      "type": "Feature",
      "geometry": {
        "type": "Point",
        "coordinates": [
          34.9117835,
          32.1744564
        ]
      },
      "properties": {
        "store_code": "shu_230",
        "store_name": "שלי כ\"ס- ויצמן",
        "chainname": "שופרסל",
        "subchainname": "שופרסל שלי",
        "storeid": 230.0,
        "address": "ויצמן 29",
        "city": "כפר סבא",
        "zipcode": 4435227.0,
        "average_price_diff": 5.7403515235808955,
        "popular_item_count": 2592
      }
    },
    {
      "type": "Feature",
      "geometry": {
        "type": "Point",
        "coordinates": [
          34.8503227,
          32.1939468
        ]
      },
      "properties": {
        "store_code": "shu_231",
        "store_name": "אקספרס רעננה- רבקה גרובר",
        "chainname": "שופרסל",
        "subchainname": "שופרסל אקספרס",
        "storeid": 231.0,
        "address": "רבקה גובר  7",
        "city": "רעננה",
        "zipcode": 0.0,
        "average_price_diff": 9.753553325122915,
        "popular_item_count": 1862
      }
    },
    {
      "type": "Feature",
      "geometry": {
        "type": "Point",
        "coordinates": [
          35.498291,
          32.9580793
        ]
      },
      "properties": {
        "store_code": "shu_232",
        "store_name": "שלי צפת- מ.מסחר רמת רזים",
        "chainname": "שופרסל",
        "subchainname": "שופרסל שלי",
        "storeid": 232.0,
        "address": "מרכז מסחרי רמת",
        "city": "צפת",
        "zipcode": 1341219.0,
        "average_price_diff": 5.910792955823454,
        "popular_item_count": 2646
      }
    },
    {
      "type": "Feature",
      "geometry": {
        "type": "Point",
        "coordinates": [
          34.9929427,
          31.73639069999999
        ]
      },
      "properties": {
        "store_code": "shu_234",
        "store_name": "יש חסד רסידו",
        "chainname": "שופרסל",
        "subchainname": "יש חסד",
        "storeid": 234.0,
        "address": "נהר הירדן",
        "city": "בית שמש",
        "zipcode": 9902101.0,
        "average_price_diff": -10.180708105414444,
        "popular_item_count": 3267
      }
    },
    {
      "type": "Feature",
      "geometry": {
        "type": "Point",
        "coordinates": [
          34.935701,
          29.547332
        ]
      },
      "properties": {
        "store_code": "shu_236",
        "store_name": "אקספרס אילת שחמון",
        "chainname": "שופרסל",
        "subchainname": "שופרסל אקספרס",
        "storeid": 236.0,
        "address": "ששת הימים 310",
        "city": "אילת",
        "zipcode": 0.0,
        "average_price_diff": -8.217211688070421,
        "popular_item_count": 3317
      }
    },
    {
      "type": "Feature",
      "geometry": {
        "type": "Point",
        "coordinates": [
          34.8339142712638,
          31.9419763693318
        ]
      },
      "properties": {
        "store_code": "shu_238",
        "store_name": "דיל באר יעקב",
        "chainname": "שופרסל",
        "subchainname": "שופרסל דיל",
        "storeid": 238.0,
        "address": "רח' שא - נס 17",
        "city": "באר יעקב",
        "zipcode": 0.0,
        "average_price_diff": -2.0746653319979362,
        "popular_item_count": 4956
      }
    },
    {
      "type": "Feature",
      "geometry": {
        "type": "Point",
        "coordinates": [
          34.753867681052334,
          32.051084683019006
        ]
      },
      "properties": {
        "store_code": "shu_239",
        "store_name": "אקספרס יפו- הדרור",
        "chainname": "שופרסל",
        "subchainname": "שופרסל אקספרס",
        "storeid": 239.0,
        "address": "הדרור 2",
        "city": "תל אביב יפו",
        "zipcode": 0.0,
        "average_price_diff": 9.91833371580865,
        "popular_item_count": 1609
      }
    },
    {
      "type": "Feature",
      "geometry": {
        "type": "Point",
        "coordinates": [
          34.7538711,
          31.39467
        ]
      },
      "properties": {
        "store_code": "shu_240",
        "store_name": "דיל רהט",
        "chainname": "שופרסל",
        "subchainname": "שופרסל דיל",
        "storeid": 240.0,
        "address": "מרכז מסחרי רהט",
        "city": "רהט",
        "zipcode": 8535700.0,
        "average_price_diff": -1.3618518675753284,
        "popular_item_count": 3587
      }
    },
    {
      "type": "Feature",
      "geometry": {
        "type": "Point",
        "coordinates": [
          34.83670992523469,
          32.1029795757971
        ]
      },
      "properties": {
        "store_code": "shu_241",
        "store_name": "דיל בני ברק איילון",
        "chainname": "שופרסל",
        "subchainname": "שופרסל דיל",
        "storeid": 241.0,
        "address": "הלח\"י 28",
        "city": "בני ברק",
        "zipcode": 5120045.0,
        "average_price_diff": -2.3145365421826534,
        "popular_item_count": 6878
      }
    },
    {
      "type": "Feature",
      "geometry": {
        "type": "Point",
        "coordinates": [
          34.8041896,
          32.1464078
        ]
      },
      "properties": {
        "store_code": "shu_244",
        "store_name": "דיל גלילות רמת השרון",
        "chainname": "שופרסל",
        "subchainname": "שופרסל דיל",
        "storeid": 244.0,
        "address": "צומת גלילות",
        "city": "רמת השרון",
        "zipcode": 47100.0,
        "average_price_diff": -1.4816224512690517,
        "popular_item_count": 7005
      }
    },
    {
      "type": "Feature",
      "geometry": {
        "type": "Point",
        "coordinates": [
          35.23726816754773,
          31.824335677432572
        ]
      },
      "properties": {
        "store_code": "shu_245",
        "store_name": "דיל ירושלים- פסגת זאב",
        "chainname": "שופרסל",
        "subchainname": "שופרסל דיל",
        "storeid": 245.0,
        "address": "שד' משה דין 106",
        "city": "ירושלים",
        "zipcode": 9783701.0,
        "average_price_diff": -2.305952419231611,
        "popular_item_count": 4428
      }
    },
    {
      "type": "Feature",
      "geometry": {
        "type": "Point",
        "coordinates": [
          34.773446,
          31.9970439
        ]
      },
      "properties": {
        "store_code": "shu_247",
        "store_name": "שלי חולון- רבינוביץ",
        "chainname": "שופרסל",
        "subchainname": "שופרסל שלי",
        "storeid": 247.0,
        "address": "רבינוביץ 58",
        "city": "חולון",
        "zipcode": 5867256.0,
        "average_price_diff": 6.0454610838936675,
        "popular_item_count": 3667
      }
    },
    {
      "type": "Feature",
      "geometry": {
        "type": "Point",
        "coordinates": [
          34.760164,
          31.26761
        ]
      },
      "properties": {
        "store_code": "shu_248",
        "store_name": "דיל ב\"ש- נווה מנחם",
        "chainname": "שופרסל",
        "subchainname": "שופרסל דיל",
        "storeid": 248.0,
        "address": "החשמונאים 15",
        "city": "באר שבע",
        "zipcode": 8452015.0,
        "average_price_diff": -1.8293674026327729,
        "popular_item_count": 5858
      }
    },
    {
      "type": "Feature",
      "geometry": {
        "type": "Point",
        "coordinates": [
          34.853196,
          32.321458
        ]
      },
      "properties": {
        "store_code": "shu_249",
        "store_name": "דיל נתניה- פולג",
        "chainname": "שופרסל",
        "subchainname": "שופרסל דיל",
        "storeid": 249.0,
        "address": "גיבורי ישראל 5",
        "city": "נתניה",
        "zipcode": 4250409.0,
        "average_price_diff": -1.600837073809863,
        "popular_item_count": 6663
      }
    },
    {
      "type": "Feature",
      "geometry": {
        "type": "Point",
        "coordinates": [
          35.576867,
          33.22297820000001
        ]
      },
      "properties": {
        "store_code": "shu_250",
        "store_name": "קריית שמונה",
        "chainname": "שופרסל",
        "subchainname": "שופרסל דיל",
        "storeid": 250.0,
        "address": "צומת המצודות, קריית שמונה",
        "city": "קרית שמונה",
        "zipcode": 1162401.0,
        "average_price_diff": -1.927281028965846,
        "popular_item_count": 5300
      }
    },
    {
      "type": "Feature",
      "geometry": {
        "type": "Point",
        "coordinates": [
          35.2937306,
          32.6099152
        ]
      },
      "properties": {
        "store_code": "shu_251",
        "store_name": "דיל עפולה- כורש",
        "chainname": "שופרסל",
        "subchainname": "שופרסל דיל",
        "storeid": 251.0,
        "address": "כורש 5",
        "city": "עפולה",
        "zipcode": 1831007.0,
        "average_price_diff": -2.5936732281009474,
        "popular_item_count": 5704
      }
    },
    {
      "type": "Feature",
      "geometry": {
        "type": "Point",
        "coordinates": [
          34.7761371119927,
          31.6250003420226
        ]
      },
      "properties": {
        "store_code": "shu_254",
        "store_name": "דיל כרמי גת",
        "chainname": "שופרסל",
        "subchainname": "שופרסל דיל",
        "storeid": 254.0,
        "address": "1 אבני חושן",
        "city": "קרית גת",
        "zipcode": 0.0,
        "average_price_diff": -2.554080506111556,
        "popular_item_count": 3476
      }
    },
    {
      "type": "Feature",
      "geometry": {
        "type": "Point",
        "coordinates": [
          35.41860580000001,
          32.6949958
        ]
      },
      "properties": {
        "store_code": "shu_255",
        "store_name": "דיל כפר תבור",
        "chainname": "שופרסל",
        "subchainname": "שופרסל דיל",
        "storeid": 255.0,
        "address": "4 רחוב הבזלת",
        "city": "כפר תבור",
        "zipcode": 0.0,
        "average_price_diff": -2.129912438324028,
        "popular_item_count": 4611
      }
    },
    {
      "type": "Feature",
      "geometry": {
        "type": "Point",
        "coordinates": [
          34.9295905,
          32.1725965
        ]
      },
      "properties": {
        "store_code": "shu_259",
        "store_name": "דיל גזית כ\"ס- ויצמן",
        "chainname": "שופרסל",
        "subchainname": "שופרסל דיל",
        "storeid": 259.0,
        "address": "ויצמן 300 מתחם G",
        "city": "כפר סבא",
        "zipcode": 4439656.0,
        "average_price_diff": -2.403063269836177,
        "popular_item_count": 6858
      }
    },
    {
      "type": "Feature",
      "geometry": {
        "type": "Point",
        "coordinates": [
          35.20910448658995,
          31.75080622236997
        ]
      },
      "properties": {
        "store_code": "shu_260",
        "store_name": "דיל ירושלים-קניון תלפיות",
        "chainname": "שופרסל",
        "subchainname": "שופרסל דיל",
        "storeid": 260.0,
        "address": "האומן 17",
        "city": "ירושלים",
        "zipcode": 9342111.0,
        "average_price_diff": -1.6646572853449557,
        "popular_item_count": 5706
      }
    },
    {
      "type": "Feature",
      "geometry": {
        "type": "Point",
        "coordinates": [
          34.8405332,
          31.8501486
        ]
      },
      "properties": {
        "store_code": "shu_262",
        "store_name": "שלי מזכרת בתיה- בגין",
        "chainname": "שופרסל",
        "subchainname": "שופרסל שלי",
        "storeid": 262.0,
        "address": "שד' מנחם בגין 2",
        "city": "מזכרת בתיה",
        "zipcode": 7680400.0,
        "average_price_diff": 6.05509109044246,
        "popular_item_count": 4000
      }
    },
    {
      "type": "Feature",
      "geometry": {
        "type": "Point",
        "coordinates": [
          34.8299441,
          32.1269193
        ]
      },
      "properties": {
        "store_code": "shu_263",
        "store_name": "שופרסלאקספרס מקס ברוד",
        "chainname": "שופרסל",
        "subchainname": "שופרסל אקספרס",
        "storeid": 263.0,
        "address": "רח' מקס ברוד 34",
        "city": "תל אביב יפו",
        "zipcode": 0.0,
        "average_price_diff": 9.91990166469174,
        "popular_item_count": 2549
      }
    },
    {
      "type": "Feature",
      "geometry": {
        "type": "Point",
        "coordinates": [
          34.7679239,
          32.0202794
        ]
      },
      "properties": {
        "store_code": "shu_265",
        "store_name": "אקספרס חולון - זלמן ארן",
        "chainname": "שופרסל",
        "subchainname": "שופרסל אקספרס",
        "storeid": 265.0,
        "address": "זלמן ארן 1",
        "city": "חולון",
        "zipcode": 0.0,
        "average_price_diff": 10.555606665674087,
        "popular_item_count": 1639
      }
    },
    {
      "type": "Feature",
      "geometry": {
        "type": "Point",
        "coordinates": [
          34.951925,
          29.557669
        ]
      },
      "properties": {
        "store_code": "shu_266",
        "store_name": "שלי רזין אילת",
        "chainname": "שופרסל",
        "subchainname": "שופרסל שלי",
        "storeid": 266.0,
        "address": "רח' שדרות התמרים 37",
        "city": "אילת",
        "zipcode": 0.0,
        "average_price_diff": -9.558219204470822,
        "popular_item_count": 4306
      }
    },
    {
      "type": "Feature",
      "geometry": {
        "type": "Point",
        "coordinates": [
          35.7086193,
          32.99083
        ]
      },
      "properties": {
        "store_code": "shu_267",
        "store_name": "דיל קצרין- חרמון",
        "chainname": "שופרסל",
        "subchainname": "שופרסל דיל",
        "storeid": 267.0,
        "address": "חרמון 7 א ת.",
        "city": "קצרין",
        "zipcode": 1290000.0,
        "average_price_diff": -1.5521939709608605,
        "popular_item_count": 5949
      }
    },
    {
      "type": "Feature",
      "geometry": {
        "type": "Point",
        "coordinates": [
          34.89518450000001,
          32.0999994
        ]
      },
      "properties": {
        "store_code": "shu_269",
        "store_name": "יוניברס פ\"ת- סגולה",
        "chainname": "שופרסל",
        "subchainname": "יוניברס",
        "storeid": 269.0,
        "address": "הרב מסעוד אשר20א",
        "city": "פתח תקווה",
        "zipcode": 4900519.0,
        "average_price_diff": -2.1764172792327434,
        "popular_item_count": 7384
      }
    },
    {
      "type": "Feature",
      "geometry": {
        "type": "Point",
        "coordinates": [
          34.8147164,
          31.8820899
        ]
      },
      "properties": {
        "store_code": "shu_271",
        "store_name": "שלי רחובות- יעקובי",
        "chainname": "שופרסל",
        "subchainname": "שופרסל שלי",
        "storeid": 271.0,
        "address": "פנחס יעקובי 1",
        "city": "רחובות",
        "zipcode": 0.0,
        "average_price_diff": 6.085827838131582,
        "popular_item_count": 4331
      }
    },
    {
      "type": "Feature",
      "geometry": {
        "type": "Point",
        "coordinates": [
          34.8083823,
          32.0741055
        ]
      },
      "properties": {
        "store_code": "shu_272",
        "store_name": "שלי גבעתיים- ויצמן",
        "chainname": "שופרסל",
        "subchainname": "שופרסל שלי",
        "storeid": 272.0,
        "address": "ויצמן 20",
        "city": "גבעתיים",
        "zipcode": 5339005.0,
        "average_price_diff": 6.030174366644162,
        "popular_item_count": 4417
      }
    },
    {
      "type": "Feature",
      "geometry": {
        "type": "Point",
        "coordinates": [
          34.7697156,
          32.0562844
        ]
      },
      "properties": {
        "store_code": "shu_274",
        "store_name": "אקספרס ת\"א- פלורנטין",
        "chainname": "שופרסל",
        "subchainname": "שופרסל אקספרס",
        "storeid": 274.0,
        "address": "פלורנטין 27",
        "city": "תל אביב יפו",
        "zipcode": null,
        "average_price_diff": 10.546619203919196,
        "popular_item_count": 2238
      }
    },
    {
      "type": "Feature",
      "geometry": {
        "type": "Point",
        "coordinates": [
          34.78972419823861,
          31.892102268699436
        ]
      },
      "properties": {
        "store_code": "shu_276",
        "store_name": "יוניברס אמט\"ל רחובות",
        "chainname": "שופרסל",
        "subchainname": "יוניברס",
        "storeid": 276.0,
        "address": "רח משה יתום  46",
        "city": "רחובות",
        "zipcode": 76396.0,
        "average_price_diff": -2.4296024700706447,
        "popular_item_count": 6956
      }
    },
    {
      "type": "Feature",
      "geometry": {
        "type": "Point",
        "coordinates": [
          34.8405805,
          32.1722076
        ]
      },
      "properties": {
        "store_code": "shu_277",
        "store_name": "אקספרס.בני בנימין הרצליה",
        "chainname": "שופרסל",
        "subchainname": "שופרסל אקספרס",
        "storeid": 277.0,
        "address": "בני בנימין 23",
        "city": "הרצליה",
        "zipcode": null,
        "average_price_diff": 10.21055307443363,
        "popular_item_count": 2178
      }
    },
    {
      "type": "Feature",
      "geometry": {
        "type": "Point",
        "coordinates": [
          34.8696498,
          32.074364
        ]
      },
      "properties": {
        "store_code": "shu_278",
        "store_name": "שלי פ\"ת -העצמאות",
        "chainname": "שופרסל",
        "subchainname": "שופרסל שלי",
        "storeid": 278.0,
        "address": "העצמאות 65",
        "city": "פתח תקווה",
        "zipcode": 4937999.0,
        "average_price_diff": 6.091643560369041,
        "popular_item_count": 4515
      }
    },
    {
      "type": "Feature",
      "geometry": {
        "type": "Point",
        "coordinates": [
          34.771436,
          32.076927
        ]
      },
      "properties": {
        "store_code": "shu_279",
        "store_name": "אקספרס-ת\"א דרויאנוב",
        "chainname": "שופרסל",
        "subchainname": "שופרסל אקספרס",
        "storeid": 279.0,
        "address": "רח' דרויאנוב 5",
        "city": "תל אביב יפו",
        "zipcode": null,
        "average_price_diff": 10.02165120115499,
        "popular_item_count": 2297
      }
    },
    {
      "type": "Feature",
      "geometry": {
        "type": "Point",
        "coordinates": [
          35.24339289457904,
          32.678340618715644
        ]
      },
      "properties": {
        "store_code": "shu_281",
        "store_name": "דיל מגדל העמק- המדע",
        "chainname": "שופרסל",
        "subchainname": "שופרסל דיל",
        "storeid": 281.0,
        "address": "שד' מדע 77",
        "city": "מגדל העמק",
        "zipcode": 0.0,
        "average_price_diff": -2.0384211652747704,
        "popular_item_count": 4493
      }
    },
    {
      "type": "Feature",
      "geometry": {
        "type": "Point",
        "coordinates": [
          35.1946045677783,
          31.7662887672684
        ]
      },
      "properties": {
        "store_code": "shu_282",
        "store_name": "דיל צומת גבעת מרדכי",
        "chainname": "שופרסל",
        "subchainname": "שופרסל דיל",
        "storeid": 282.0,
        "address": "רח' שחר 79, ירושלים.",
        "city": "ירושלים",
        "zipcode": 7692000.0,
        "average_price_diff": -1.7877669997213252,
        "popular_item_count": 6201
      }
    },
    {
      "type": "Feature",
      "geometry": {
        "type": "Point",
        "coordinates": [
          34.817667,
          31.86123199999999
        ]
      },
      "properties": {
        "store_code": "shu_283",
        "store_name": "דיל קרית עקרון- ביל\"ו",
        "chainname": "שופרסל",
        "subchainname": "שופרסל דיל",
        "storeid": 283.0,
        "address": "מ.תדיראן,ק.עקרון",
        "city": "רחובות",
        "zipcode": 7692000.0,
        "average_price_diff": -2.510114065800261,
        "popular_item_count": 6227
      }
    },
    {
      "type": "Feature",
      "geometry": {
        "type": "Point",
        "coordinates": [
          34.9180425,
          32.2535587
        ]
      },
      "properties": {
        "store_code": "shu_284",
        "store_name": "שלי תל מונד- הדקל",
        "chainname": "שופרסל",
        "subchainname": "שופרסל שלי",
        "storeid": 284.0,
        "address": "הדקל 49",
        "city": "תל מונד",
        "zipcode": 4060049.0,
        "average_price_diff": 5.766999049165897,
        "popular_item_count": 3457
      }
    },
    {
      "type": "Feature",
      "geometry": {
        "type": "Point",
        "coordinates": [
          34.8933094,
          32.0913108
        ]
      },
      "properties": {
        "store_code": "shu_285",
        "store_name": "אקספרס סוקולוב פ\"ת",
        "chainname": "שופרסל",
        "subchainname": "שופרסל אקספרס",
        "storeid": 285.0,
        "address": "סוקולוב 26",
        "city": "פתח תקווה",
        "zipcode": null,
        "average_price_diff": 10.245838581941715,
        "popular_item_count": 2396
      }
    },
    {
      "type": "Feature",
      "geometry": {
        "type": "Point",
        "coordinates": [
          34.80641679454527,
          32.061882315062036
        ]
      },
      "properties": {
        "store_code": "shu_287",
        "store_name": "שלי גבעתיים-שביט",
        "chainname": "שופרסל",
        "subchainname": "שופרסל שלי",
        "storeid": 287.0,
        "address": "עמישב 45",
        "city": "גבעתיים",
        "zipcode": 5348832.0,
        "average_price_diff": 5.798393105672512,
        "popular_item_count": 3490
      }
    },
    {
      "type": "Feature",
      "geometry": {
        "type": "Point",
        "coordinates": [
          34.8215304,
          31.8933255
        ]
      },
      "properties": {
        "store_code": "shu_288",
        "store_name": "יש רחובות- סירני",
        "chainname": "שופרסל",
        "subchainname": "יש בשכונה",
        "storeid": 288.0,
        "address": "חיים סרני 1",
        "city": "רחובות",
        "zipcode": 7626902.0,
        "average_price_diff": -1.0948040110717199,
        "popular_item_count": 2949
      }
    },
    {
      "type": "Feature",
      "geometry": {
        "type": "Point",
        "coordinates": [
          34.8597884,
          32.0878644
        ]
      },
      "properties": {
        "store_code": "shu_290",
        "store_name": "דיל  פ\"ת- יכין סנטר",
        "chainname": "שופרסל",
        "subchainname": "שופרסל דיל",
        "storeid": 290.0,
        "address": "יצחק רבין 17",
        "city": "פתח תקווה",
        "zipcode": 4951711.0,
        "average_price_diff": -1.4347069198759217,
        "popular_item_count": 7228
      }
    },
    {
      "type": "Feature",
      "geometry": {
        "type": "Point",
        "coordinates": [
          34.840556679202564,
          32.0788954720735
        ]
      },
      "properties": {
        "store_code": "shu_295",
        "store_name": "יש חסד בני ברק-שלמה המלך",
        "chainname": "שופרסל",
        "subchainname": "יש חסד",
        "storeid": 295.0,
        "address": "שלמה המלך   12",
        "city": "בני ברק",
        "zipcode": 5155205.0,
        "average_price_diff": -9.836906907232489,
        "popular_item_count": 4109
      }
    },
    {
      "type": "Feature",
      "geometry": {
        "type": "Point",
        "coordinates": [
          34.8954469,
          32.0841111
        ]
      },
      "properties": {
        "store_code": "shu_296",
        "store_name": "אקספרס פ\"ת רחל המשוררת",
        "chainname": "שופרסל",
        "subchainname": "שופרסל אקספרס",
        "storeid": 296.0,
        "address": "רחל המשוררת 29",
        "city": "פתח תקווה",
        "zipcode": null,
        "average_price_diff": 10.520706994259795,
        "popular_item_count": 1804
      }
    },
    {
      "type": "Feature",
      "geometry": {
        "type": "Point",
        "coordinates": [
          34.90872722155019,
          32.435374045372974
        ]
      },
      "properties": {
        "store_code": "shu_297",
        "store_name": "יוניברס חדרה- ארבע האגודות",
        "chainname": "שופרסל",
        "subchainname": "יוניברס",
        "storeid": 297.0,
        "address": "ארבע אגודות 1",
        "city": "חדרה",
        "zipcode": 3843101.0,
        "average_price_diff": -2.430058545353094,
        "popular_item_count": 6715
      }
    },
    {
      "type": "Feature",
      "geometry": {
        "type": "Point",
        "coordinates": [
          34.90509873687872,
          32.159863731409594
        ]
      },
      "properties": {
        "store_code": "shu_299",
        "store_name": "אקספרס הוד השרון",
        "chainname": "שופרסל",
        "subchainname": "שופרסל אקספרס",
        "storeid": 299.0,
        "address": "חנקין 12",
        "city": "הוד השרון",
        "zipcode": 0.0,
        "average_price_diff": 10.141497215380804,
        "popular_item_count": 1626
      }
    },
    {
      "type": "Feature",
      "geometry": {
        "type": "Point",
        "coordinates": [
          34.90857150000001,
          32.0468299
        ]
      },
      "properties": {
        "store_code": "shu_300",
        "store_name": "יש חסד בארות יצחק- פאוור",
        "chainname": "שופרסל",
        "subchainname": "יש חסד",
        "storeid": 300.0,
        "address": "בארות יצחק",
        "city": "בארות יצחק",
        "zipcode": 0.0,
        "average_price_diff": -9.955321627657012,
        "popular_item_count": 5389
      }
    },
    {
      "type": "Feature",
      "geometry": {
        "type": "Point",
        "coordinates": [
          34.7984514,
          32.1253734
        ]
      },
      "properties": {
        "store_code": "shu_301",
        "store_name": "אקספרס אחי מאיר",
        "chainname": "שופרסל",
        "subchainname": "שופרסל אקספרס",
        "storeid": 301.0,
        "address": "1 אחי מאיר",
        "city": "תל אביב יפו",
        "zipcode": 0.0,
        "average_price_diff": 12.52926811697663,
        "popular_item_count": 2879
      }
    },
    {
      "type": "Feature",
      "geometry": {
        "type": "Point",
        "coordinates": [
          34.9831698,
          32.802313
        ]
      },
      "properties": {
        "store_code": "shu_302",
        "store_name": "שלי חיפה- קלר",
        "chainname": "שופרסל",
        "subchainname": "שופרסל שלי",
        "storeid": 302.0,
        "address": "קלר 7",
        "city": "חיפה",
        "zipcode": 3448314.0,
        "average_price_diff": 6.055154147949605,
        "popular_item_count": 4374
      }
    },
    {
      "type": "Feature",
      "geometry": {
        "type": "Point",
        "coordinates": [
          35.1252205,
          32.7146161
        ]
      },
      "properties": {
        "store_code": "shu_303",
        "store_name": "אקספרס טבעון - יהודה הנשיא",
        "chainname": "שופרסל",
        "subchainname": "שופרסל אקספרס",
        "storeid": 303.0,
        "address": "יהודה הנשיא",
        "city": "קרית טבעון",
        "zipcode": 3604701.0,
        "average_price_diff": 10.40255151019933,
        "popular_item_count": 2383
      }
    },
    {
      "type": "Feature",
      "geometry": {
        "type": "Point",
        "coordinates": [
          34.7928439,
          32.094182
        ]
      },
      "properties": {
        "store_code": "shu_305",
        "store_name": "אקספרס ת\"א- יהודה המכבי",
        "chainname": "שופרסל",
        "subchainname": "שופרסל אקספרס",
        "storeid": 305.0,
        "address": "יהודה מכבי 81",
        "city": "תל אביב יפו",
        "zipcode": null,
        "average_price_diff": 10.403478063977918,
        "popular_item_count": 2428
      }
    },
    {
      "type": "Feature",
      "geometry": {
        "type": "Point",
        "coordinates": [
          35.0136973,
          32.7900282
        ]
      },
      "properties": {
        "store_code": "shu_306",
        "store_name": "יש נוה שאנן חיפה- חניתה",
        "chainname": "שופרסל",
        "subchainname": "יש בשכונה",
        "storeid": 306.0,
        "address": "רח' חניתה 64",
        "city": "חיפה",
        "zipcode": 3244411.0,
        "average_price_diff": -1.964216927526469,
        "popular_item_count": 3114
      }
    },
    {
      "type": "Feature",
      "geometry": {
        "type": "Point",
        "coordinates": [
          35.1030579,
          32.805805
        ]
      },
      "properties": {
        "store_code": "shu_307",
        "store_name": "יש קרית אתא- זבולון",
        "chainname": "שופרסל",
        "subchainname": "יש בשכונה",
        "storeid": 307.0,
        "address": "רח.זבולון 4",
        "city": "קרית אתא",
        "zipcode": 2806007.0,
        "average_price_diff": -1.7942510365121223,
        "popular_item_count": 3386
      }
    },
    {
      "type": "Feature",
      "geometry": {
        "type": "Point",
        "coordinates": [
          35.119773,
          32.809144
        ]
      },
      "properties": {
        "store_code": "shu_308",
        "store_name": "שלי קרית אתא- איינשטין",
        "chainname": "שופרסל",
        "subchainname": "שופרסל שלי",
        "storeid": 308.0,
        "address": "איינשטיין 20",
        "city": "קרית אתא",
        "zipcode": 2805152.0,
        "average_price_diff": 5.894841271020865,
        "popular_item_count": 3352
      }
    },
    {
      "type": "Feature",
      "geometry": {
        "type": "Point",
        "coordinates": [
          35.0601773,
          32.8287419
        ]
      },
      "properties": {
        "store_code": "shu_310",
        "store_name": "שלי קרית חיים- דגניה",
        "chainname": "שופרסל",
        "subchainname": "שופרסל שלי",
        "storeid": 310.0,
        "address": "ד.דגניה 14",
        "city": "קרית חיים",
        "zipcode": 2621019.0,
        "average_price_diff": 5.951910062958444,
        "popular_item_count": 2304
      }
    },
    {
      "type": "Feature",
      "geometry": {
        "type": "Point",
        "coordinates": [
          34.8122607,
          31.9035165
        ]
      },
      "properties": {
        "store_code": "shu_311",
        "store_name": "אקספרס רחובות- בוסתנאי",
        "chainname": "שופרסל",
        "subchainname": "שופרסל אקספרס",
        "storeid": 311.0,
        "address": "בוסתנאי 14",
        "city": "רחובות",
        "zipcode": 0.0,
        "average_price_diff": 10.254198132588328,
        "popular_item_count": 1949
      }
    },
    {
      "type": "Feature",
      "geometry": {
        "type": "Point",
        "coordinates": [
          34.982659,
          32.827336
        ]
      },
      "properties": {
        "store_code": "shu_312",
        "store_name": "דיל חיפה- קרית אליעזר",
        "chainname": "שופרסל",
        "subchainname": "שופרסל דיל",
        "storeid": 312.0,
        "address": "ככר מאירהוף",
        "city": "חיפה",
        "zipcode": 35154.0,
        "average_price_diff": -1.7462812055872021,
        "popular_item_count": 5862
      }
    },
    {
      "type": "Feature",
      "geometry": {
        "type": "Point",
        "coordinates": [
          35.069351,
          32.821635
        ]
      },
      "properties": {
        "store_code": "shu_313",
        "store_name": "שלי קרית חיים-אח\"י אילת",
        "chainname": "שופרסל",
        "subchainname": "שופרסל שלי",
        "storeid": 313.0,
        "address": "שד.אח\"י אילת 20",
        "city": "קרית חיים",
        "zipcode": 2626907.0,
        "average_price_diff": 6.029629213790379,
        "popular_item_count": 3521
      }
    },
    {
      "type": "Feature",
      "geometry": {
        "type": "Point",
        "coordinates": [
          34.9593184,
          32.8204746
        ]
      },
      "properties": {
        "store_code": "shu_314",
        "store_name": "יש חיפה- צרפת",
        "chainname": "שופרסל",
        "subchainname": "יש בשכונה",
        "storeid": 314.0,
        "address": "דרך צרפת 11",
        "city": "חיפה",
        "zipcode": 3559602.0,
        "average_price_diff": -2.550380465032784,
        "popular_item_count": 2582
      }
    },
    {
      "type": "Feature",
      "geometry": {
        "type": "Point",
        "coordinates": [
          34.8740584,
          32.2735829
        ]
      },
      "properties": {
        "store_code": "shu_315",
        "store_name": "אקספרס כפר נטר",
        "chainname": "שופרסל",
        "subchainname": "שופרסל אקספרס",
        "storeid": 315.0,
        "address": "ההדרים 17",
        "city": "כפר נטר",
        "zipcode": 0.0,
        "average_price_diff": 10.420986572411138,
        "popular_item_count": 1489
      }
    },
    {
      "type": "Feature",
      "geometry": {
        "type": "Point",
        "coordinates": [
          35.0738389,
          32.8334852
        ]
      },
      "properties": {
        "store_code": "shu_316",
        "store_name": "שלי קרית מוצקין-שד ויצמן",
        "chainname": "שופרסל",
        "subchainname": "שופרסל שלי",
        "storeid": 316.0,
        "address": "ד.ויצמן 1",
        "city": "קרית מוצקין",
        "zipcode": 2635101.0,
        "average_price_diff": 6.118214448194742,
        "popular_item_count": 3554
      }
    },
    {
      "type": "Feature",
      "geometry": {
        "type": "Point",
        "coordinates": [
          35.0065338,
          32.5172326
        ]
      },
      "properties": {
        "store_code": "shu_317",
        "store_name": "אקספרס גבעת עדה",
        "chainname": "שופרסל",
        "subchainname": "שופרסל אקספרס",
        "storeid": 317.0,
        "address": "חי 67",
        "city": "גבעת עדה",
        "zipcode": 0.0,
        "average_price_diff": 10.746445244321002,
        "popular_item_count": 1866
      }
    },
    {
      "type": "Feature",
      "geometry": {
        "type": "Point",
        "coordinates": [
          34.7620058,
          32.0362056
        ]
      },
      "properties": {
        "store_code": "shu_318",
        "store_name": "אקספרס חולון - וולפסון",
        "chainname": "שופרסל",
        "subchainname": "שופרסל אקספרס",
        "storeid": 318.0,
        "address": "הלוחמים 62",
        "city": "חולון",
        "zipcode": 0.0,
        "average_price_diff": 9.83759894539771,
        "popular_item_count": 1533
      }
    },
    {
      "type": "Feature",
      "geometry": {
        "type": "Point",
        "coordinates": [
          35.082678,
          32.933052
        ]
      },
      "properties": {
        "store_code": "shu_319",
        "store_name": "שלי עכו- שפירא",
        "chainname": "שופרסל",
        "subchainname": "שופרסל שלי",
        "storeid": 319.0,
        "address": "רח.משה שפירא 28",
        "city": "עכו",
        "zipcode": 2440929.0,
        "average_price_diff": 6.011577316144562,
        "popular_item_count": 3277
      }
    },
    {
      "type": "Feature",
      "geometry": {
        "type": "Point",
        "coordinates": [
          34.7964159,
          31.936063
        ]
      },
      "properties": {
        "store_code": "shu_325",
        "store_name": "אקספרס ששת הימים נס ציונ",
        "chainname": "שופרסל",
        "subchainname": "שופרסל אקספרס",
        "storeid": 325.0,
        "address": "ששת הימים 1",
        "city": "נס ציונה",
        "zipcode": 0.0,
        "average_price_diff": 10.703094279678293,
        "popular_item_count": 2129
      }
    },
    {
      "type": "Feature",
      "geometry": {
        "type": "Point",
        "coordinates": [
          35.0964972,
          33.0067252
        ]
      },
      "properties": {
        "store_code": "shu_326",
        "store_name": "שלי נהריה- הגעתון",
        "chainname": "שופרסל",
        "subchainname": "שופרסל שלי",
        "storeid": 326.0,
        "address": "רח.הרצל-שד.הגעתו",
        "city": "נהריה",
        "zipcode": 2240029.0,
        "average_price_diff": 6.217251354795284,
        "popular_item_count": 4133
      }
    },
    {
      "type": "Feature",
      "geometry": {
        "type": "Point",
        "coordinates": [
          34.9851863,
          32.7797806
        ]
      },
      "properties": {
        "store_code": "shu_327",
        "store_name": "אקספרס חיפה- ראול ולנברג",
        "chainname": "שופרסל",
        "subchainname": "שופרסל אקספרס",
        "storeid": 327.0,
        "address": "ראול וולנברג 9",
        "city": "חיפה",
        "zipcode": 3499009.0,
        "average_price_diff": 10.351225700045529,
        "popular_item_count": 1560
      }
    },
    {
      "type": "Feature",
      "geometry": {
        "type": "Point",
        "coordinates": [
          35.104606,
          32.660225
        ]
      },
      "properties": {
        "store_code": "shu_329",
        "store_name": "יש  יוקנעם עילית- היובלים",
        "chainname": "שופרסל",
        "subchainname": "יש בשכונה",
        "storeid": 329.0,
        "address": "מ.מסחרי יקנעם על",
        "city": "יוקנעם",
        "zipcode": 20692.0,
        "average_price_diff": -2.2503362167828582,
        "popular_item_count": 2520
      }
    },
    {
      "type": "Feature",
      "geometry": {
        "type": "Point",
        "coordinates": [
          35.0099278,
          32.7959783
        ]
      },
      "properties": {
        "store_code": "shu_330",
        "store_name": "שלי חיפה- נתיב חן",
        "chainname": "שופרסל",
        "subchainname": "שופרסל שלי",
        "storeid": 330.0,
        "address": "נתיב חן 1,נוה שא",
        "city": "חיפה",
        "zipcode": 3224001.0,
        "average_price_diff": 6.196537931180252,
        "popular_item_count": 3985
      }
    },
    {
      "type": "Feature",
      "geometry": {
        "type": "Point",
        "coordinates": [
          34.9965532,
          32.7848302
        ]
      },
      "properties": {
        "store_code": "shu_333",
        "store_name": "שלי חיפה- אורן",
        "chainname": "שופרסל",
        "subchainname": "שופרסל שלי",
        "storeid": 333.0,
        "address": "רח.אורן 25 רוממה",
        "city": "חיפה",
        "zipcode": 3473402.0,
        "average_price_diff": 5.937233794960542,
        "popular_item_count": 3674
      }
    },
    {
      "type": "Feature",
      "geometry": {
        "type": "Point",
        "coordinates": [
          34.88719255221802,
          32.08055875140699
        ]
      },
      "properties": {
        "store_code": "shu_334",
        "store_name": "אקספרס פ\"ת - שפירא",
        "chainname": "שופרסל",
        "subchainname": "שופרסל אקספרס",
        "storeid": 334.0,
        "address": "קק\"ל 35",
        "city": "פתח תקווה",
        "zipcode": null,
        "average_price_diff": 10.742344416490106,
        "popular_item_count": 2119
      }
    },
    {
      "type": "Feature",
      "geometry": {
        "type": "Point",
        "coordinates": [
          34.907165994551235,
          32.17279784361976
        ]
      },
      "properties": {
        "store_code": "shu_335",
        "store_name": "אקספרס כ\"ס- בן גוריון",
        "chainname": "שופרסל",
        "subchainname": "שופרסל אקספרס",
        "storeid": 335.0,
        "address": "בן גוריון 35",
        "city": "כפר סבא",
        "zipcode": null,
        "average_price_diff": 10.434460896430888,
        "popular_item_count": 1344
      }
    },
    {
      "type": "Feature",
      "geometry": {
        "type": "Point",
        "coordinates": [
          35.0046155,
          32.7860722
        ]
      },
      "properties": {
        "store_code": "shu_336",
        "store_name": "שלי חיפה- רמות ספיר",
        "chainname": "שופרסל",
        "subchainname": "שופרסל שלי",
        "storeid": 336.0,
        "address": "רח' גוט לוין 48",
        "city": "חיפה",
        "zipcode": 3292240.0,
        "average_price_diff": 6.039916009198157,
        "popular_item_count": 4189
      }
    },
    {
      "type": "Feature",
      "geometry": {
        "type": "Point",
        "coordinates": [
          34.785787,
          32.101499
        ]
      },
      "properties": {
        "store_code": "shu_338",
        "store_name": "אקספרס כוכב הצפון",
        "chainname": "שופרסל",
        "subchainname": "שופרסל אקספרס",
        "storeid": 338.0,
        "address": "בוני העיר 9",
        "city": "תל אביב יפו",
        "zipcode": 0.0,
        "average_price_diff": 11.278122238825626,
        "popular_item_count": 2489
      }
    },
    {
      "type": "Feature",
      "geometry": {
        "type": "Point",
        "coordinates": [
          35.5351425,
          32.7892614
        ]
      },
      "properties": {
        "store_code": "shu_339",
        "store_name": "דיל טבריה- העמקים",
        "chainname": "שופרסל",
        "subchainname": "שופרסל דיל",
        "storeid": 339.0,
        "address": "העמקים 1",
        "city": "טבריה",
        "zipcode": 1420401.0,
        "average_price_diff": -1.8156430865939859,
        "popular_item_count": 5888
      }
    },
    {
      "type": "Feature",
      "geometry": {
        "type": "Point",
        "coordinates": [
          34.7912523,
          32.1144509
        ]
      },
      "properties": {
        "store_code": "shu_340",
        "store_name": "אקספרס ת\"א- זריצקי",
        "chainname": "שופרסל",
        "subchainname": "שופרסל אקספרס",
        "storeid": 340.0,
        "address": "זריצקי 4",
        "city": "תל אביב יפו",
        "zipcode": null,
        "average_price_diff": 10.330868199280049,
        "popular_item_count": 2581
      }
    },
    {
      "type": "Feature",
      "geometry": {
        "type": "Point",
        "coordinates": [
          34.82516803268583,
          32.079230311202544
        ]
      },
      "properties": {
        "store_code": "shu_341",
        "store_name": "אקספרס רמת גן- הרוא\"ה",
        "chainname": "שופרסל",
        "subchainname": "שופרסל אקספרס",
        "storeid": 341.0,
        "address": "הרוא\"ה 131",
        "city": "רמת גן",
        "zipcode": null,
        "average_price_diff": 10.339790013853284,
        "popular_item_count": 2787
      }
    },
    {
      "type": "Feature",
      "geometry": {
        "type": "Point",
        "coordinates": [
          35.29371733536555,
          32.908214463079375
        ]
      },
      "properties": {
        "store_code": "shu_342",
        "store_name": "דיל כרמיאל- קניון לב",
        "chainname": "שופרסל",
        "subchainname": "שופרסל דיל",
        "storeid": 342.0,
        "address": "מורד הגיא 100",
        "city": "כרמיאל",
        "zipcode": 2192401.0,
        "average_price_diff": -1.9671697166860405,
        "popular_item_count": 4719
      }
    },
    {
      "type": "Feature",
      "geometry": {
        "type": "Point",
        "coordinates": [
          34.9738092,
          32.09353830000001
        ]
      },
      "properties": {
        "store_code": "shu_343",
        "store_name": "שלי ראש העין- ברקן",
        "chainname": "שופרסל",
        "subchainname": "שופרסל שלי",
        "storeid": 343.0,
        "address": "בזק 1 פינת ברקן",
        "city": "ראש העין",
        "zipcode": 4863016.0,
        "average_price_diff": 6.024581658119505,
        "popular_item_count": 4058
      }
    },
    {
      "type": "Feature",
      "geometry": {
        "type": "Point",
        "coordinates": [
          35.2829704,
          33.0191612
        ]
      },
      "properties": {
        "store_code": "shu_344",
        "store_name": "דיל מעלות- דרך האלוף עוז",
        "chainname": "שופרסל",
        "subchainname": "שופרסל דיל",
        "storeid": 344.0,
        "address": "קניון כוכב הצפון",
        "city": "מעלות תרשיחא",
        "zipcode": 21020.0,
        "average_price_diff": -1.8331601336562224,
        "popular_item_count": 5251
      }
    },
    {
      "type": "Feature",
      "geometry": {
        "type": "Point",
        "coordinates": [
          34.78448505220345,
          31.809980934806497
        ]
      },
      "properties": {
        "store_code": "shu_347",
        "store_name": "אקספרס גדרה- דרך הפרחים",
        "chainname": "שופרסל",
        "subchainname": "שופרסל אקספרס",
        "storeid": 347.0,
        "address": "דרך הפרחים 38",
        "city": "גדרה",
        "zipcode": 0.0,
        "average_price_diff": 10.598707691185579,
        "popular_item_count": 1985
      }
    },
    {
      "type": "Feature",
      "geometry": {
        "type": "Point",
        "coordinates": [
          34.882942424751185,
          32.079448353771184
        ]
      },
      "properties": {
        "store_code": "shu_348",
        "store_name": "אקספרס פ\"ת- קק\"ל",
        "chainname": "שופרסל",
        "subchainname": "שופרסל אקספרס",
        "storeid": 348.0,
        "address": "קק\"ל 2",
        "city": "פתח תקווה",
        "zipcode": null,
        "average_price_diff": 10.63605980755099,
        "popular_item_count": 1709
      }
    },
    {
      "type": "Feature",
      "geometry": {
        "type": "Point",
        "coordinates": [
          35.5050237,
          32.9715869
        ]
      },
      "properties": {
        "store_code": "shu_349",
        "store_name": "יש חסד צפת- כנען",
        "chainname": "שופרסל",
        "subchainname": "יש חסד",
        "storeid": 349.0,
        "address": "הר כנען",
        "city": "צפת",
        "zipcode": 13200.0,
        "average_price_diff": -10.350945636630486,
        "popular_item_count": 4317
      }
    },
    {
      "type": "Feature",
      "geometry": {
        "type": "Point",
        "coordinates": [
          34.8832403579008,
          32.440414912915884
        ]
      },
      "properties": {
        "store_code": "shu_350",
        "store_name": "דיל גבעת אולגה-הרב ניסים",
        "chainname": "שופרסל",
        "subchainname": "שופרסל דיל",
        "storeid": 350.0,
        "address": "שד' ברוך בוארון1",
        "city": "גבעת אולגה",
        "zipcode": 0.0,
        "average_price_diff": -2.0139674142905983,
        "popular_item_count": 4553
      }
    },
    {
      "type": "Feature",
      "geometry": {
        "type": "Point",
        "coordinates": [
          34.9879275,
          32.7924878
        ]
      },
      "properties": {
        "store_code": "shu_353",
        "store_name": "אקספרס יותם",
        "chainname": "שופרסל",
        "subchainname": "שופרסל אקספרס",
        "storeid": 353.0,
        "address": "יותם 20",
        "city": "חיפה",
        "zipcode": 0.0,
        "average_price_diff": 10.846430726550658,
        "popular_item_count": 1266
      }
    },
    {
      "type": "Feature",
      "geometry": {
        "type": "Point",
        "coordinates": [
          34.7763521,
          32.0752118
        ]
      },
      "properties": {
        "store_code": "shu_354",
        "store_name": "'אקספרס ת\"א- קינג ג'ורג",
        "chainname": "שופרסל",
        "subchainname": "שופרסל אקספרס",
        "storeid": 354.0,
        "address": "קינג ג'ורג' 58",
        "city": "תל אביב יפו",
        "zipcode": null,
        "average_price_diff": 11.319338376765574,
        "popular_item_count": 986
      }
    },
    {
      "type": "Feature",
      "geometry": {
        "type": "Point",
        "coordinates": [
          35.0088946,
          32.789635
        ]
      },
      "properties": {
        "store_code": "shu_359",
        "store_name": "דיל חיפה- גרנד קניון",
        "chainname": "שופרסל",
        "subchainname": "שופרסל דיל",
        "storeid": 359.0,
        "address": "שמחה גולן 54",
        "city": "חיפה",
        "zipcode": 3299001.0,
        "average_price_diff": -1.766537885300563,
        "popular_item_count": 6401
      }
    },
    {
      "type": "Feature",
      "geometry": {
        "type": "Point",
        "coordinates": [
          34.8083768,
          31.9586614
        ]
      },
      "properties": {
        "store_code": "shu_360",
        "store_name": "אקספרס מאירוביץ ראשל\"צ",
        "chainname": "שופרסל",
        "subchainname": "שופרסל אקספרס",
        "storeid": 360.0,
        "address": "מאירוביץ 17",
        "city": "ראשון לציון",
        "zipcode": null,
        "average_price_diff": 10.798463345942016,
        "popular_item_count": 2350
      }
    },
    {
      "type": "Feature",
      "geometry": {
        "type": "Point",
        "coordinates": [
          35.2433929,
          32.6782684
        ]
      },
      "properties": {
        "store_code": "shu_361",
        "store_name": "דיל מגדל העמק- א ת דרומי",
        "chainname": "שופרסל",
        "subchainname": "שופרסל דיל",
        "storeid": 361.0,
        "address": "אזור התעשייה ב",
        "city": "מגדל העמק",
        "zipcode": 2353021.0,
        "average_price_diff": -2.0059423400374126,
        "popular_item_count": 5428
      }
    },
    {
      "type": "Feature",
      "geometry": {
        "type": "Point",
        "coordinates": [
          35.2201442,
          31.77341109999999
        ]
      },
      "properties": {
        "store_code": "shu_362",
        "store_name": "אקספרס קרן היסוד ירושלים",
        "chainname": "שופרסל",
        "subchainname": "שופרסל אקספרס",
        "storeid": 362.0,
        "address": "קרן היסוד 27",
        "city": "ירושלים",
        "zipcode": 0.0,
        "average_price_diff": 10.38668712398575,
        "popular_item_count": 2035
      }
    },
    {
      "type": "Feature",
      "geometry": {
        "type": "Point",
        "coordinates": [
          35.1789844,
          31.76797599999999
        ]
      },
      "properties": {
        "store_code": "shu_364",
        "store_name": "יש חסד בית וגן",
        "chainname": "שופרסל",
        "subchainname": "יש חסד",
        "storeid": 364.0,
        "address": "1 זנגוויל",
        "city": "ירושלים",
        "zipcode": null,
        "average_price_diff": -10.49650276878181,
        "popular_item_count": 4442
      }
    },
    {
      "type": "Feature",
      "geometry": {
        "type": "Point",
        "coordinates": [
          34.9976808,
          32.4748111
        ]
      },
      "properties": {
        "store_code": "shu_365",
        "store_name": "שלי פרדס חנה כרכור- קדמה",
        "chainname": "שופרסל",
        "subchainname": "שופרסל שלי",
        "storeid": 365.0,
        "address": "דרך הקידמה צמרת",
        "city": "פרדס חנה כרכור",
        "zipcode": 3707307.0,
        "average_price_diff": 5.608183743201419,
        "popular_item_count": 2687
      }
    },
    {
      "type": "Feature",
      "geometry": {
        "type": "Point",
        "coordinates": [
          35.2755959,
          32.9955566
        ]
      },
      "properties": {
        "store_code": "shu_366",
        "store_name": "שלי כפר ורדים- מרכז מסחר",
        "chainname": "שופרסל",
        "subchainname": "שופרסל שלי",
        "storeid": 366.0,
        "address": "מרכז מסחרי כפר ו",
        "city": "כפר ורדים",
        "zipcode": 2451700.0,
        "average_price_diff": 5.542294086707746,
        "popular_item_count": 2541
      }
    },
    {
      "type": "Feature",
      "geometry": {
        "type": "Point",
        "coordinates": [
          35.045039,
          32.7721793
        ]
      },
      "properties": {
        "store_code": "shu_368",
        "store_name": "אקספרס-נשר מרגנית",
        "chainname": "שופרסל",
        "subchainname": "שופרסל אקספרס",
        "storeid": 368.0,
        "address": "נשר המרגנית 1",
        "city": "חיפה",
        "zipcode": 0.0,
        "average_price_diff": 11.000057913519184,
        "popular_item_count": 1943
      }
    },
    {
      "type": "Feature",
      "geometry": {
        "type": "Point",
        "coordinates": [
          34.9458434,
          31.9938747
        ]
      },
      "properties": {
        "store_code": "shu_369",
        "store_name": "שלי שוהם- תרשיש",
        "chainname": "שופרסל",
        "subchainname": "שופרסל שלי",
        "storeid": 369.0,
        "address": "עמק איילון פינת",
        "city": "שוהם",
        "zipcode": 6080001.0,
        "average_price_diff": 5.8556016659634995,
        "popular_item_count": 3504
      }
    },
    {
      "type": "Feature",
      "geometry": {
        "type": "Point",
        "coordinates": [
          34.7994432,
          31.9589758
        ]
      },
      "properties": {
        "store_code": "shu_371",
        "store_name": "שלי ברניצקי",
        "chainname": "שופרסל",
        "subchainname": "שופרסל שלי",
        "storeid": 371.0,
        "address": "נתן ברניצקי 13",
        "city": "ראשון לציון",
        "zipcode": 0.0,
        "average_price_diff": 6.087160729821358,
        "popular_item_count": 4327
      }
    },
    {
      "type": "Feature",
      "geometry": {
        "type": "Point",
        "coordinates": [
          34.7511524,
          32.0184307
        ]
      },
      "properties": {
        "store_code": "shu_372",
        "store_name": "אקספרס בת ים- חשמונאים",
        "chainname": "שופרסל",
        "subchainname": "שופרסל אקספרס",
        "storeid": 372.0,
        "address": "החשמונאים 41",
        "city": "בת ים",
        "zipcode": 0.0,
        "average_price_diff": 10.554071378326732,
        "popular_item_count": 2973
      }
    },
    {
      "type": "Feature",
      "geometry": {
        "type": "Point",
        "coordinates": [
          34.8505207,
          32.1629121
        ]
      },
      "properties": {
        "store_code": "shu_374",
        "store_name": "שלי הרצליה- הבנים",
        "chainname": "שופרסל",
        "subchainname": "שופרסל שלי",
        "storeid": 374.0,
        "address": "הבנים 46",
        "city": "הרצליה",
        "zipcode": 4637948.0,
        "average_price_diff": 5.4837575913195185,
        "popular_item_count": 2555
      }
    },
    {
      "type": "Feature",
      "geometry": {
        "type": "Point",
        "coordinates": [
          34.9188273528995,
          32.1791943235464
        ]
      },
      "properties": {
        "store_code": "shu_375",
        "store_name": "אקספרס כ\"ס- הגליל",
        "chainname": "שופרסל",
        "subchainname": "שופרסל אקספרס",
        "storeid": 375.0,
        "address": "הגליל 58",
        "city": "כפר סבא",
        "zipcode": null,
        "average_price_diff": 10.699274207407946,
        "popular_item_count": 2564
      }
    },
    {
      "type": "Feature",
      "geometry": {
        "type": "Point",
        "coordinates": [
          34.8630715,
          32.1816708
        ]
      },
      "properties": {
        "store_code": "shu_376",
        "store_name": "אקספרס רעננה- משה דיין",
        "chainname": "שופרסל",
        "subchainname": "שופרסל אקספרס",
        "storeid": 376.0,
        "address": "משה דיין 8",
        "city": "רעננה",
        "zipcode": 0.0,
        "average_price_diff": 10.480432041445292,
        "popular_item_count": 2499
      }
    },
    {
      "type": "Feature",
      "geometry": {
        "type": "Point",
        "coordinates": [
          35.1477105,
          31.766161
        ]
      },
      "properties": {
        "store_code": "shu_377",
        "store_name": "אקספרס ירושלים- הדסה",
        "chainname": "שופרסל",
        "subchainname": "שופרסל אקספרס",
        "storeid": 377.0,
        "address": "בית חולים הדסה",
        "city": "ירושלים",
        "zipcode": 0.0,
        "average_price_diff": 10.488756711185786,
        "popular_item_count": 2211
      }
    },
    {
      "type": "Feature",
      "geometry": {
        "type": "Point",
        "coordinates": [
          34.8037801,
          32.0754177
        ]
      },
      "properties": {
        "store_code": "shu_379",
        "store_name": "אקספרס גבעתיים- כצנלסון",
        "chainname": "שופרסל",
        "subchainname": "שופרסל אקספרס",
        "storeid": 379.0,
        "address": "כצנלסון 19",
        "city": "גבעתיים",
        "zipcode": 0.0,
        "average_price_diff": 10.88049473530753,
        "popular_item_count": 1774
      }
    },
    {
      "type": "Feature",
      "geometry": {
        "type": "Point",
        "coordinates": [
          34.7798863,
          32.0715654
        ]
      },
      "properties": {
        "store_code": "shu_380",
        "store_name": "אקספרס ת\"א- מרמורק",
        "chainname": "שופרסל",
        "subchainname": "שופרסל אקספרס",
        "storeid": 380.0,
        "address": "מרמורק 10",
        "city": "תל אביב יפו",
        "zipcode": null,
        "average_price_diff": 10.25343230920837,
        "popular_item_count": 1798
      }
    },
    {
      "type": "Feature",
      "geometry": {
        "type": "Point",
        "coordinates": [
          34.8753501,
          32.0801654
        ]
      },
      "properties": {
        "store_code": "shu_382",
        "store_name": "אקספרס פ\"ת- היבנר",
        "chainname": "שופרסל",
        "subchainname": "שופרסל אקספרס",
        "storeid": 382.0,
        "address": "היבנר 29",
        "city": "פתח תקווה",
        "zipcode": null,
        "average_price_diff": 10.743564498916053,
        "popular_item_count": 2718
      }
    },
    {
      "type": "Feature",
      "geometry": {
        "type": "Point",
        "coordinates": [
          35.081455223423,
          32.82382747365335
        ]
      },
      "properties": {
        "store_code": "shu_384",
        "store_name": "אקספרס קרית ביאליק",
        "chainname": "שופרסל",
        "subchainname": "שופרסל אקספרס",
        "storeid": 384.0,
        "address": "שדרות ירושלים 15",
        "city": "קרית ביאליק",
        "zipcode": 0.0,
        "average_price_diff": 10.738351171356413,
        "popular_item_count": 1996
      }
    },
    {
      "type": "Feature",
      "geometry": {
        "type": "Point",
        "coordinates": [
          34.7888717,
          32.1000821
        ]
      },
      "properties": {
        "store_code": "shu_385",
        "store_name": "אקספרס מאיר יערי תל אביב",
        "chainname": "שופרסל",
        "subchainname": "שופרסל אקספרס",
        "storeid": 385.0,
        "address": "מאיר יערי 19",
        "city": "תל אביב יפו",
        "zipcode": 0.0,
        "average_price_diff": 11.673769866010659,
        "popular_item_count": 2585
      }
    },
    {
      "type": "Feature",
      "geometry": {
        "type": "Point",
        "coordinates": [
          35.0133399,
          32.7669868
        ]
      },
      "properties": {
        "store_code": "shu_388",
        "store_name": "אקספרס דניה",
        "chainname": "שופרסל",
        "subchainname": "שופרסל אקספרס",
        "storeid": 388.0,
        "address": "חיים הזז 5",
        "city": "חיפה",
        "zipcode": 0.0,
        "average_price_diff": 10.332494515290406,
        "popular_item_count": 2078
      }
    },
    {
      "type": "Feature",
      "geometry": {
        "type": "Point",
        "coordinates": [
          34.88080126756258,
          32.09828313966387
        ]
      },
      "properties": {
        "store_code": "shu_390",
        "store_name": "שופרסל אקספרס אם המושבות",
        "chainname": "שופרסל",
        "subchainname": "שופרסל אקספרס",
        "storeid": 390.0,
        "address": "יעל רום 8",
        "city": "פתח תקווה",
        "zipcode": 0.0,
        "average_price_diff": 10.398441607102532,
        "popular_item_count": 3293
      }
    },
    {
      "type": "Feature",
      "geometry": {
        "type": "Point",
        "coordinates": [
          35.0359992054912,
          32.1114006079443
        ]
      },
      "properties": {
        "store_code": "shu_391",
        "store_name": "אקספרס אלקנה",
        "chainname": "שופרסל",
        "subchainname": "שופרסל אקספרס",
        "storeid": 391.0,
        "address": "אלנקווה",
        "city": "אלנקווה",
        "zipcode": 0.0,
        "average_price_diff": 10.2929766061796,
        "popular_item_count": 1747
      }
    },
    {
      "type": "Feature",
      "geometry": {
        "type": "Point",
        "coordinates": [
          34.80024987934792,
          31.286821474663146
        ]
      },
      "properties": {
        "store_code": "shu_393",
        "store_name": "אקספרס להבים באר שבע",
        "chainname": "שופרסל",
        "subchainname": "שופרסל אקספרס",
        "storeid": 393.0,
        "address": "שדרות הרימון",
        "city": "באר שבע",
        "zipcode": 0.0,
        "average_price_diff": 9.894485459686942,
        "popular_item_count": 1441
      }
    },
    {
      "type": "Feature",
      "geometry": {
        "type": "Point",
        "coordinates": [
          34.9070416,
          32.178432
        ]
      },
      "properties": {
        "store_code": "shu_394",
        "store_name": "אקספרס הכרמל כפר סבא",
        "chainname": "שופרסל",
        "subchainname": "שופרסל אקספרס",
        "storeid": 394.0,
        "address": "הגליל 31",
        "city": "כפר סבא",
        "zipcode": 0.0,
        "average_price_diff": 10.395872431264653,
        "popular_item_count": 2363
      }
    },
    {
      "type": "Feature",
      "geometry": {
        "type": "Point",
        "coordinates": [
          34.8734588,
          32.3226356
        ]
      },
      "properties": {
        "store_code": "shu_396",
        "store_name": "דיל הקדר נתניה",
        "chainname": "שופרסל",
        "subchainname": "שופרסל דיל",
        "storeid": 396.0,
        "address": "האורזים 2",
        "city": "נתניה",
        "zipcode": 0.0,
        "average_price_diff": -1.8405811294013164,
        "popular_item_count": 5803
      }
    },
    {
      "type": "Feature",
      "geometry": {
        "type": "Point",
        "coordinates": [
          35.3088978,
          32.6169255
        ]
      },
      "properties": {
        "store_code": "shu_397",
        "store_name": "אקספרס פארק עפולה",
        "chainname": "שופרסל",
        "subchainname": "שופרסל אקספרס",
        "storeid": 397.0,
        "address": "רובע יזרעאל",
        "city": "עפולה",
        "zipcode": 0.0,
        "average_price_diff": 10.408430103041594,
        "popular_item_count": 3004
      }
    },
    {
      "type": "Feature",
      "geometry": {
        "type": "Point",
        "coordinates": [
          34.5694450700742,
          31.6512292362506
        ]
      },
      "properties": {
        "store_code": "shu_398",
        "store_name": "אקספרס אגמים",
        "chainname": "שופרסל",
        "subchainname": "שופרסל אקספרס",
        "storeid": 398.0,
        "address": "73 עמק יזרעאל",
        "city": "אשקלון",
        "zipcode": null,
        "average_price_diff": 10.605893668147003,
        "popular_item_count": 1808
      }
    },
    {
      "type": "Feature",
      "geometry": {
        "type": "Point",
        "coordinates": [
          34.947393,
          32.090304
        ]
      },
      "properties": {
        "store_code": "shu_400",
        "store_name": "אקספרס שבזי ראש העין",
        "chainname": "שופרסל",
        "subchainname": "שופרסל אקספרס",
        "storeid": 400.0,
        "address": "שלמה שבזי 172",
        "city": "ראש העין",
        "zipcode": 0.0,
        "average_price_diff": 10.681496411191754,
        "popular_item_count": 2080
      }
    },
    {
      "type": "Feature",
      "geometry": {
        "type": "Point",
        "coordinates": [
          34.797660267517294,
          31.253941682893537
        ]
      },
      "properties": {
        "store_code": "shu_444",
        "store_name": "אקספרס.ב\"ש אביסרור",
        "chainname": "שופרסל",
        "subchainname": "שופרסל אקספרס",
        "storeid": 444.0,
        "address": "רח' יעקב כהן 8",
        "city": "באר שבע",
        "zipcode": null,
        "average_price_diff": 10.542500473303182,
        "popular_item_count": 2697
      }
    },
    {
      "type": "Feature",
      "geometry": {
        "type": "Point",
        "coordinates": [
          34.8115292,
          31.8943652
        ]
      },
      "properties": {
        "store_code": "shu_445",
        "store_name": "אקספרס רחובות",
        "chainname": "שופרסל",
        "subchainname": "שופרסל אקספרס",
        "storeid": 445.0,
        "address": "רח' יעקב 41",
        "city": "רחובות",
        "zipcode": 0.0,
        "average_price_diff": 10.401173128623405,
        "popular_item_count": 1947
      }
    },
    {
      "type": "Feature",
      "geometry": {
        "type": "Point",
        "coordinates": [
          35.2045525,
          31.7919167
        ]
      },
      "properties": {
        "store_code": "shu_448",
        "store_name": "שערי רווחה",
        "chainname": "שופרסל",
        "subchainname": "שערי רווחה",
        "storeid": 448.0,
        "address": "25 ירמיהו",
        "city": "ירושלים",
        "zipcode": 9446710.0,
        "average_price_diff": -13.202592453182849,
        "popular_item_count": 4998
      }
    },
    {
      "type": "Feature",
      "geometry": {
        "type": "Point",
        "coordinates": [
          34.9964661,
          31.8960237
        ]
      },
      "properties": {
        "store_code": "shu_477",
        "store_name": "אקספרס הציפורים מודיעין",
        "chainname": "שופרסל",
        "subchainname": "שופרסל אקספרס",
        "storeid": 477.0,
        "address": "2 החסידה",
        "city": "מודיעין מכבים רעות",
        "zipcode": 0.0,
        "average_price_diff": 11.020895416967337,
        "popular_item_count": 1992
      }
    },
    {
      "type": "Feature",
      "geometry": {
        "type": "Point",
        "coordinates": [
          34.790687765695445,
          31.80472766049253
        ]
      },
      "properties": {
        "store_code": "shu_478",
        "store_name": "אקספרס גדרה",
        "chainname": "שופרסל",
        "subchainname": "שופרסל אקספרס",
        "storeid": 478.0,
        "address": "דרך האילנות 41",
        "city": "גדרה",
        "zipcode": 0.0,
        "average_price_diff": 10.72480921582139,
        "popular_item_count": 1549
      }
    },
    {
      "type": "Feature",
      "geometry": {
        "type": "Point",
        "coordinates": [
          34.8430876,
          32.0691989
        ]
      },
      "properties": {
        "store_code": "shu_479",
        "store_name": "אקספרס בר אילן",
        "chainname": "שופרסל",
        "subchainname": "שופרסל אקספרס",
        "storeid": 479.0,
        "address": "בר אילן 24",
        "city": "רעננה",
        "zipcode": 0.0,
        "average_price_diff": 10.403852141957707,
        "popular_item_count": 1458
      }
    },
    {
      "type": "Feature",
      "geometry": {
        "type": "Point",
        "coordinates": [
          34.98647625220851,
          31.904468370543306
        ]
      },
      "properties": {
        "store_code": "shu_489",
        "store_name": "אקספרס מודיעין",
        "chainname": "שופרסל",
        "subchainname": "שופרסל אקספרס",
        "storeid": 489.0,
        "address": "26 חיים ויצמן",
        "city": "מודיעין מכבים רעות",
        "zipcode": 0.0,
        "average_price_diff": 10.79390023364077,
        "popular_item_count": 1378
      }
    },
    {
      "type": "Feature",
      "geometry": {
        "type": "Point",
        "coordinates": [
          35.1864330945304,
          31.788167067102385
        ]
      },
      "properties": {
        "store_code": "shu_496",
        "store_name": "יש חסד כנפי נשרים",
        "chainname": "שופרסל",
        "subchainname": "יש חסד",
        "storeid": 496.0,
        "address": "כנפי נשרים 24",
        "city": "ירושלים",
        "zipcode": 0.0,
        "average_price_diff": -10.58417543664543,
        "popular_item_count": 4519
      }
    },
    {
      "type": "Feature",
      "geometry": {
        "type": "Point",
        "coordinates": [
          34.875514,
          32.0494274
        ]
      },
      "properties": {
        "store_code": "shu_579",
        "store_name": "אקספרס סביון",
        "chainname": "שופרסל",
        "subchainname": "שופרסל אקספרס",
        "storeid": 579.0,
        "address": "1 השיקמה",
        "city": "סביון",
        "zipcode": 0.0,
        "average_price_diff": 11.760239994507309,
        "popular_item_count": 3387
      }
    },
    {
      "type": "Feature",
      "geometry": {
        "type": "Point",
        "coordinates": [
          34.7480523,
          31.7250778
        ]
      },
      "properties": {
        "store_code": "shu_593",
        "store_name": "יש חסד באר טוביה",
        "chainname": "שופרסל",
        "subchainname": "יש חסד",
        "storeid": 593.0,
        "address": "אזור התעשייה",
        "city": "באר טוביה",
        "zipcode": null,
        "average_price_diff": -10.594264719427137,
        "popular_item_count": 4345
      }
    },
    {
      "type": "Feature",
      "geometry": {
        "type": "Point",
        "coordinates": [
          35.0127258,
          32.335781
        ]
      },
      "properties": {
        "store_code": "shu_595",
        "store_name": "אקספרס בת חפר",
        "chainname": "שופרסל",
        "subchainname": "שופרסל אקספרס",
        "storeid": 595.0,
        "address": "שדרות עמק חפר",
        "city": "בת חפר",
        "zipcode": null,
        "average_price_diff": 10.192282477809494,
        "popular_item_count": 2707
      }
    },
    {
      "type": "Feature",
      "geometry": {
        "type": "Point",
        "coordinates": [
          34.7825374,
          32.0867596
        ]
      },
      "properties": {
        "store_code": "shu_596",
        "store_name": "אקספרס אבן גבירול",
        "chainname": "שופרסל",
        "subchainname": "שופרסל אקספרס",
        "storeid": 596.0,
        "address": "124 אבן גבירול",
        "city": "תל אביב יפו",
        "zipcode": null,
        "average_price_diff": 10.515914360448281,
        "popular_item_count": 2157
      }
    },
    {
      "type": "Feature",
      "geometry": {
        "type": "Point",
        "coordinates": [
          34.8281367,
          32.0611758
        ]
      },
      "properties": {
        "store_code": "shu_598",
        "store_name": "אקספרס הירדן",
        "chainname": "שופרסל",
        "subchainname": "שופרסל אקספרס",
        "storeid": 598.0,
        "address": "רמת גן הירדן 29",
        "city": "רמת גן",
        "zipcode": 0.0,
        "average_price_diff": 10.300917337227288,
        "popular_item_count": 3390
      }
    },
    {
      "type": "Feature",
      "geometry": {
        "type": "Point",
        "coordinates": [
          34.811789,
          32.06134670000001
        ]
      },
      "properties": {
        "store_code": "shu_599",
        "store_name": "אקספרס ההסתדרות",
        "chainname": "שופרסל",
        "subchainname": "שופרסל אקספרס",
        "storeid": 599.0,
        "address": "27 ההסתדרות",
        "city": "גבעתיים",
        "zipcode": null,
        "average_price_diff": 10.166968944064301,
        "popular_item_count": 2012
      }
    },
    {
      "type": "Feature",
      "geometry": {
        "type": "Point",
        "coordinates": [
          34.98834739999999,
          31.7133116
        ]
      },
      "properties": {
        "store_code": "shu_606",
        "store_name": "יש חסד ביתשמש- מ. מסחרי",
        "chainname": "שופרסל",
        "subchainname": "יש חסד",
        "storeid": 606.0,
        "address": "מרכז מסחרי רמה א",
        "city": "בית שמש",
        "zipcode": 99090.0,
        "average_price_diff": -9.926939905421206,
        "popular_item_count": 4412
      }
    },
    {
      "type": "Feature",
      "geometry": {
        "type": "Point",
        "coordinates": [
          35.038802594538126,
          31.93049477403838
        ]
      },
      "properties": {
        "store_code": "shu_607",
        "store_name": "יש חסד מודיעין עלי-ק.ספר",
        "chainname": "שופרסל",
        "subchainname": "יש חסד",
        "storeid": 607.0,
        "address": "אבני נזר 46",
        "city": "מודיעין עילית",
        "zipcode": 0.0,
        "average_price_diff": -10.071767477946436,
        "popular_item_count": 4946
      }
    },
    {
      "type": "Feature",
      "geometry": {
        "type": "Point",
        "coordinates": [
          35.17420437135221,
          31.78635334371882
        ]
      },
      "properties": {
        "store_code": "shu_608",
        "store_name": "יש חסד ירושלים-קרית שאול",
        "chainname": "שופרסל",
        "subchainname": "יש חסד",
        "storeid": 608.0,
        "address": "נאג'רה 2",
        "city": "ירושלים",
        "zipcode": 0.0,
        "average_price_diff": -10.13138558919367,
        "popular_item_count": 4355
      }
    },
    {
      "type": "Feature",
      "geometry": {
        "type": "Point",
        "coordinates": [
          34.9512194,
          32.052559
        ]
      },
      "properties": {
        "store_code": "shu_609",
        "store_name": "יש חסד אלעד-ניסים גאון",
        "chainname": "שופרסל",
        "subchainname": "יש חסד",
        "storeid": 609.0,
        "address": "ניסים גאון 79",
        "city": "אלעד",
        "zipcode": 0.0,
        "average_price_diff": -10.116304840723993,
        "popular_item_count": 3992
      }
    },
    {
      "type": "Feature",
      "geometry": {
        "type": "Point",
        "coordinates": [
          35.21672,
          31.811922
        ]
      },
      "properties": {
        "store_code": "shu_610",
        "store_name": "יש חסד ירושלים- רמת שלמה",
        "chainname": "שופרסל",
        "subchainname": "יש חסד",
        "storeid": 610.0,
        "address": "ברכת אברהם 22",
        "city": "ירושלים",
        "zipcode": 0.0,
        "average_price_diff": -10.246326434504688,
        "popular_item_count": 4476
      }
    },
    {
      "type": "Feature",
      "geometry": {
        "type": "Point",
        "coordinates": [
          34.8221120657104,
          32.081311688428755
        ]
      },
      "properties": {
        "store_code": "shu_611",
        "store_name": "יש חסד בני ברק- השומר",
        "chainname": "שופרסל",
        "subchainname": "יש חסד",
        "storeid": 611.0,
        "address": "השומר 10",
        "city": "בני ברק",
        "zipcode": 5137705.0,
        "average_price_diff": -9.973816200767343,
        "popular_item_count": 4790
      }
    },
    {
      "type": "Feature",
      "geometry": {
        "type": "Point",
        "coordinates": [
          34.997742,
          32.803091
        ]
      },
      "properties": {
        "store_code": "shu_734",
        "store_name": "גוד מרקט גאולה חיפה",
        "chainname": "שופרסל",
        "subchainname": "גוד מרקט",
        "storeid": 734.0,
        "address": "28 גאולה",
        "city": "חיפה",
        "zipcode": 0.0,
        "average_price_diff": -1.254569195604378,
        "popular_item_count": 1852
      }
    },
    {
      "type": "Feature",
      "geometry": {
        "type": "Point",
        "coordinates": [
          34.803866724064996,
          31.223794819150186
        ]
      },
      "properties": {
        "store_code": "shu_737",
        "store_name": "המפיץ סיטונאות באר שבע",
        "chainname": "שופרסל",
        "subchainname": "סיטונאות",
        "storeid": 737.0,
        "address": "סולל בונה 11",
        "city": "באר שבע",
        "zipcode": 8413301.0,
        "average_price_diff": -29.74151491814329,
        "popular_item_count": 1698
      }
    },
    {
      "type": "Feature",
      "geometry": {
        "type": "Point",
        "coordinates": [
          34.8592106,
          32.0541195
        ]
      },
      "properties": {
        "store_code": "shu_740",
        "store_name": "אקספרס שלמה המלך",
        "chainname": "שופרסל",
        "subchainname": "שופרסל אקספרס",
        "storeid": 740.0,
        "address": "2 שלמה המלך",
        "city": "קרית אונו",
        "zipcode": null,
        "average_price_diff": 10.37853588770872,
        "popular_item_count": 2039
      }
    },
    {
      "type": "Feature",
      "geometry": {
        "type": "Point",
        "coordinates": [
          34.86149928877057,
          32.06453790711851
        ]
      },
      "properties": {
        "store_code": "shu_741",
        "store_name": "אקספרס יצחק רבין",
        "chainname": "שופרסל",
        "subchainname": "שופרסל אקספרס",
        "storeid": 741.0,
        "address": "34 יצחק רבין",
        "city": "קרית אונו",
        "zipcode": null,
        "average_price_diff": 10.722066250239637,
        "popular_item_count": 1710
      }
    },
    {
      "type": "Feature",
      "geometry": {
        "type": "Point",
        "coordinates": [
          34.798318,
          32.116576
        ]
      },
      "properties": {
        "store_code": "shu_742",
        "store_name": "אקספרס נווה אביבים",
        "chainname": "שופרסל",
        "subchainname": "שופרסל אקספרס",
        "storeid": 742.0,
        "address": "34 יהודה הנשיא",
        "city": "תל אביב יפו",
        "zipcode": null,
        "average_price_diff": 10.126661413975778,
        "popular_item_count": 2543
      }
    },
    {
      "type": "Feature",
      "geometry": {
        "type": "Point",
        "coordinates": [
          34.75734010986436,
          31.607389496658673
        ]
      },
      "properties": {
        "store_code": "shu_743",
        "store_name": "אקספרס קריית גת",
        "chainname": "שופרסל",
        "subchainname": "שופרסל אקספרס",
        "storeid": 743.0,
        "address": "28 הגבורה",
        "city": "קרית גת",
        "zipcode": null,
        "average_price_diff": 10.202401062870118,
        "popular_item_count": 1049
      }
    },
    {
      "type": "Feature",
      "geometry": {
        "type": "Point",
        "coordinates": [
          34.56171775477493,
          31.648012474139758
        ]
      },
      "properties": {
        "store_code": "shu_744",
        "store_name": "אקספרס אשקלון",
        "chainname": "שופרסל",
        "subchainname": "שופרסל אקספרס",
        "storeid": 744.0,
        "address": "עמק האלה 2",
        "city": "אשקלון",
        "zipcode": 7888945.0,
        "average_price_diff": 10.739989381186849,
        "popular_item_count": 827
      }
    },
    {
      "type": "Feature",
      "geometry": {
        "type": "Point",
        "coordinates": [
          35.2126548,
          31.7877827
        ]
      },
      "properties": {
        "store_code": "shu_753",
        "store_name": "גוד מרקט רש\"י ירושלים",
        "chainname": "שופרסל",
        "subchainname": "גוד מרקט",
        "storeid": 753.0,
        "address": "53 רש\"י",
        "city": "ירושלים",
        "zipcode": null,
        "average_price_diff": -0.6414733569523733,
        "popular_item_count": 1597
      }
    },
    {
      "type": "Feature",
      "geometry": {
        "type": "Point",
        "coordinates": [
          34.841867198932086,
          31.953968128794696
        ]
      },
      "properties": {
        "store_code": "shu_756",
        "store_name": "שלי באר יעקב",
        "chainname": "שופרסל",
        "subchainname": "שופרסל שלי",
        "storeid": 1.0,
        "address": "יצחק שמיר 17",
        "city": "באר יעקב",
        "zipcode": 0.0,
        "average_price_diff": 5.762041630820509,
        "popular_item_count": 2683
      }
    },
    {
      "type": "Feature",
      "geometry": {
        "type": "Point",
        "coordinates": [
          34.8475653,
          32.0657036
        ]
      },
      "properties": {
        "store_code": "shu_757",
        "store_name": "אקספרס קריית אונו",
        "chainname": "שופרסל",
        "subchainname": "שופרסל אקספרס",
        "storeid": 757.0,
        "address": "2 יצחק נבון",
        "city": "קרית אונו",
        "zipcode": 0.0,
        "average_price_diff": 10.525797868988013,
        "popular_item_count": 1655
      }
    },
    {
      "type": "Feature",
      "geometry": {
        "type": "Point",
        "coordinates": [
          35.000494,
          31.747513
        ]
      },
      "properties": {
        "store_code": "shu_765",
        "store_name": "יש חסד בן איש חי",
        "chainname": "שופרסל",
        "subchainname": "יש חסד",
        "storeid": 765.0,
        "address": "43 בן איש חי",
        "city": "בית שמש",
        "zipcode": null,
        "average_price_diff": -10.343952178365853,
        "popular_item_count": 3369
      }
    },
    {
      "type": "Feature",
      "geometry": {
        "type": "Point",
        "coordinates": [
          34.81934136571052,
          32.08427572701742
        ]
      },
      "properties": {
        "store_code": "shu_768",
        "store_name": "אקספרס קרניצי רמת גן",
        "chainname": "שופרסל",
        "subchainname": "שופרסל אקספרס",
        "storeid": 768.0,
        "address": "קריניצי 61",
        "city": "רמת גן",
        "zipcode": 0.0,
        "average_price_diff": 10.323457746436869,
        "popular_item_count": 1949
      }
    },
    {
      "type": "Feature",
      "geometry": {
        "type": "Point",
        "coordinates": [
          34.8407225,
          32.0830437
        ]
      },
      "properties": {
        "store_code": "shu_771",
        "store_name": "גוד מרקט בני ברק",
        "chainname": "שופרסל",
        "subchainname": "גוד מרקט",
        "storeid": 771.0,
        "address": "הרב כהנמן 64",
        "city": "בני ברק",
        "zipcode": 0.0,
        "average_price_diff": -0.12436433268616812,
        "popular_item_count": 2539
      }
    },
    {
      "type": "Feature",
      "geometry": {
        "type": "Point",
        "coordinates": [
          35.2184496,
          31.7883061
        ]
      },
      "properties": {
        "store_code": "shu_772",
        "store_name": "גוד מרקט מאה שערים",
        "chainname": "שופרסל",
        "subchainname": "גוד מרקט",
        "storeid": 772.0,
        "address": "מאה שערים 42",
        "city": "ירושלים",
        "zipcode": 0.0,
        "average_price_diff": -0.8122463857903739,
        "popular_item_count": 1231
      }
    },
    {
      "type": "Feature",
      "geometry": {
        "type": "Point",
        "coordinates": [
          34.58601843685368,
          31.696132388723946
        ]
      },
      "properties": {
        "store_code": "shu_773",
        "store_name": "GOOD MARKET אהבת שלום בית שמש",
        "chainname": "שופרסל",
        "subchainname": "גוד מרקט",
        "storeid": 773.0,
        "address": "אהבת שלום 9",
        "city": "בית שמש",
        "zipcode": 0.0,
        "average_price_diff": -0.4778009894234836,
        "popular_item_count": 2538
      }
    },
    {
      "type": "Feature",
      "geometry": {
        "type": "Point",
        "coordinates": [
          34.8286849124125,
          31.9601333067769
        ]
      },
      "properties": {
        "store_code": "shu_777",
        "store_name": "אקספרס נרקיסים",
        "chainname": "שופרסל",
        "subchainname": "שופרסל אקספרס",
        "storeid": 777.0,
        "address": "121 שדרות ירושליים",
        "city": "ראשון לציון",
        "zipcode": 0.0,
        "average_price_diff": 10.886805778827627,
        "popular_item_count": 2656
      }
    },
    {
      "type": "Feature",
      "geometry": {
        "type": "Point",
        "coordinates": [
          35.2006912,
          31.791268
        ]
      },
      "properties": {
        "store_code": "shu_778",
        "store_name": "GOOD MARKET אהליאב ירושלים",
        "chainname": "שופרסל",
        "subchainname": "גוד מרקט",
        "storeid": 778.0,
        "address": "אהליאב 21",
        "city": "ירושלים",
        "zipcode": 2420531.0,
        "average_price_diff": -0.30993508608718207,
        "popular_item_count": 2291
      }
    },
    {
      "type": "Feature",
      "geometry": {
        "type": "Point",
        "coordinates": [
          34.7387102,
          31.8850261
        ]
      },
      "properties": {
        "store_code": "shu_779",
        "store_name": "אקספרס יבנה",
        "chainname": "שופרסל",
        "subchainname": "שופרסל אקספרס",
        "storeid": 779.0,
        "address": "דרך ז'בוטינסקי",
        "city": "יבנה",
        "zipcode": 0.0,
        "average_price_diff": 10.772924678176325,
        "popular_item_count": 2202
      }
    },
    {
      "type": "Feature",
      "geometry": {
        "type": "Point",
        "coordinates": [
          34.816317,
          32.0899328
        ]
      },
      "properties": {
        "store_code": "shu_780",
        "store_name": "אקספרס המעפיל רמת גן",
        "chainname": "שופרסל",
        "subchainname": "שופרסל אקספרס",
        "storeid": 780.0,
        "address": "המעפיל",
        "city": "רמת גן",
        "zipcode": 0.0,
        "average_price_diff": 10.771407608844616,
        "popular_item_count": 2173
      }
    },
    {
      "type": "Feature",
      "geometry": {
        "type": "Point",
        "coordinates": [
          34.6191484,
          31.301025
        ]
      },
      "properties": {
        "store_code": "shu_789",
        "store_name": "גוד מרקט אופקים",
        "chainname": "שופרסל",
        "subchainname": "גוד מרקט",
        "storeid": 789.0,
        "address": "עובדיה יוסף 10",
        "city": "אופקים",
        "zipcode": 0.0,
        "average_price_diff": -0.8517321148358127,
        "popular_item_count": 2312
      }
    },
    {
      "type": "Feature",
      "geometry": {
        "type": "Point",
        "coordinates": [
          34.85036447616337,
          31.932001462317743
        ]
      },
      "properties": {
        "store_code": "shu_790",
        "store_name": "דיל רמלה",
        "chainname": "שופרסל",
        "subchainname": "שופרסל דיל",
        "storeid": 790.0,
        "address": "10 משה לוי",
        "city": "רמלה",
        "zipcode": 0.0,
        "average_price_diff": -2.3138614297566975,
        "popular_item_count": 3974
      }
    },
    {
      "type": "Feature",
      "geometry": {
        "type": "Point",
        "coordinates": [
          35.03822626645664,
          32.466111546030156
        ]
      },
      "properties": {
        "store_code": "shu_840",
        "store_name": "גוד מרקט חריש",
        "chainname": "שופרסל",
        "subchainname": "גוד מרקט",
        "storeid": 840.0,
        "address": "אלה 1",
        "city": "חריש",
        "zipcode": 3760218.0,
        "average_price_diff": -1.5426154935861511,
        "popular_item_count": 1579
      }
    },
    {
      "type": "Feature",
      "geometry": {
        "type": "Point",
        "coordinates": [
          34.8267762,
          32.1106072
        ]
      },
      "properties": {
        "store_code": "shu_842",
        "store_name": "אקספרס מטודלה תל אביב",
        "chainname": "שופרסל",
        "subchainname": "שופרסל אקספרס",
        "storeid": 842.0,
        "address": "30 מטודלה",
        "city": "תל אביב יפו",
        "zipcode": 0.0,
        "average_price_diff": 10.34937870842875,
        "popular_item_count": 1709
      }
    },
    {
      "type": "Feature",
      "geometry": {
        "type": "Point",
        "coordinates": [
          34.96980181242474,
          31.70280763489975
        ]
      },
      "properties": {
        "store_code": "shu_843",
        "store_name": "גוד מרקט בית שמש",
        "chainname": "שופרסל",
        "subchainname": "גוד מרקט",
        "storeid": 843.0,
        "address": "55 המוראים",
        "city": "בית שמש",
        "zipcode": 0.0,
        "average_price_diff": -0.5106347685139684,
        "popular_item_count": 1792
      }
    },
    {
      "type": "Feature",
      "geometry": {
        "type": "Point",
        "coordinates": [
          34.8235178,
          32.0704448
        ]
      },
      "properties": {
        "store_code": "shu_844",
        "store_name": "אקספרס נגבה רמת גן",
        "chainname": "שופרסל",
        "subchainname": "שופרסל אקספרס",
        "storeid": 844.0,
        "address": "נגבה 8",
        "city": "רמת גן",
        "zipcode": 0.0,
        "average_price_diff": 10.872925056997252,
        "popular_item_count": 2352
      }
    },
    {
      "type": "Feature",
      "geometry": {
        "type": "Point",
        "coordinates": [
          34.9057509,
          32.1747937
        ]
      },
      "properties": {
        "store_code": "shu_845",
        "store_name": "אקספרס נחשון כפר סבא",
        "chainname": "שופרסל",
        "subchainname": "שופרסל אקספרס",
        "storeid": 845.0,
        "address": "נחשון 10",
        "city": "כפר סבא",
        "zipcode": 0.0,
        "average_price_diff": 10.55672378151385,
        "popular_item_count": 1322
      }
    },
    {
      "type": "Feature",
      "geometry": {
        "type": "Point",
        "coordinates": [
          34.9202669004772,
          32.4931195640387
        ]
      },
      "properties": {
        "store_code": "shu_846",
        "store_name": "אקספרס אור ים",
        "chainname": "שופרסל",
        "subchainname": "שופרסל אקספרס",
        "storeid": 846.0,
        "address": "34 דוד המלך",
        "city": "אור עקיבא",
        "zipcode": null,
        "average_price_diff": 10.359691546960073,
        "popular_item_count": 1141
      }
    },
    {
      "type": "Feature",
      "geometry": {
        "type": "Point",
        "coordinates": [
          35.140975,
          32.813905
        ]
      },
      "properties": {
        "store_code": "shu_854",
        "store_name": "דיל גבעת אלונים",
        "chainname": "שופרסל",
        "subchainname": "שופרסל דיל",
        "storeid": 854.0,
        "address": "1 דוכיפת",
        "city": "קרית אתא",
        "zipcode": null,
        "average_price_diff": -2.4686899791698425,
        "popular_item_count": 3795
      }
    },
    {
      "type": "Feature",
      "geometry": {
        "type": "Point",
        "coordinates": [
          34.59973636568817,
          31.669931391305703
        ]
      },
      "properties": {
        "store_code": "shuk_005",
        "store_name": "אשקלון צפוני",
        "chainname": "שוק העיר",
        "subchainname": "שוק העיר",
        "storeid": 5.0,
        "address": "א.ת. צפוני , הנחושתן 10",
        "city": "אשקלון",
        "zipcode": 78322.0,
        "average_price_diff": 1.008125209877735,
        "popular_item_count": 5019
      }
    },
    {
      "type": "Feature",
      "geometry": {
        "type": "Point",
        "coordinates": [
          34.5689582,
          31.6677169
        ]
      },
      "properties": {
        "store_code": "shuk_006",
        "store_name": "אשקלון מכללה",
        "chainname": "שוק העיר",
        "subchainname": "שוק העיר",
        "storeid": 6.0,
        "address": "אלי כהן 19",
        "city": "אשקלון",
        "zipcode": 78323.0,
        "average_price_diff": 2.9277359292300957,
        "popular_item_count": 4367
      }
    },
    {
      "type": "Feature",
      "geometry": {
        "type": "Point",
        "coordinates": [
          35.1758726,
          31.8624745
        ]
      },
      "properties": {
        "store_code": "shuk_008",
        "store_name": "גבעת זאב",
        "chainname": "שוק העיר",
        "subchainname": "שוק העיר",
        "storeid": 8.0,
        "address": "שכונת נווה מנחם , רח' קרדון 10",
        "city": "גבעת זאב",
        "zipcode": 90940.0,
        "average_price_diff": 2.495352162351621,
        "popular_item_count": 3561
      }
    },
    {
      "type": "Feature",
      "geometry": {
        "type": "Point",
        "coordinates": [
          34.77492849637175,
          31.603857814533825
        ]
      },
      "properties": {
        "store_code": "shuk_009",
        "store_name": "קרית גת",
        "chainname": "שוק העיר",
        "subchainname": "שוק העיר",
        "storeid": 9.0,
        "address": "דרך הדרום 13",
        "city": "קרית גת",
        "zipcode": 82021.0,
        "average_price_diff": 0.9675191788491005,
        "popular_item_count": 5467
      }
    },
    {
      "type": "Feature",
      "geometry": {
        "type": "Point",
        "coordinates": [
          34.9338708200083,
          32.1762728945437
        ]
      },
      "properties": {
        "store_code": "shuk_011",
        "store_name": "כפר סבא מזרח",
        "chainname": "שוק העיר",
        "subchainname": "שוק העיר",
        "storeid": 11.0,
        "address": "אלי הורוביץ 26",
        "city": "כפר סבא",
        "zipcode": 44500.0,
        "average_price_diff": 1.0928234136268213,
        "popular_item_count": 5766
      }
    },
    {
      "type": "Feature",
      "geometry": {
        "type": "Point",
        "coordinates": [
          34.842284638725495,
          32.07736361018211
        ]
      },
      "properties": {
        "store_code": "shuk_012",
        "store_name": "בני ברק כהנמן",
        "chainname": "שוק העיר",
        "subchainname": "שוק העיר",
        "storeid": 12.0,
        "address": "כהנמן 106",
        "city": "בני ברק",
        "zipcode": 51553.0,
        "average_price_diff": 0.02477066348202978,
        "popular_item_count": 4917
      }
    },
    {
      "type": "Feature",
      "geometry": {
        "type": "Point",
        "coordinates": [
          34.86672796570199,
          31.927974102594316
        ]
      },
      "properties": {
        "store_code": "shuk_013",
        "store_name": "רמלה רמבלס",
        "chainname": "שוק העיר",
        "subchainname": "שוק העיר",
        "storeid": 13.0,
        "address": "דני מס 21",
        "city": "רמלה",
        "zipcode": 72402.0,
        "average_price_diff": 3.240553647674197,
        "popular_item_count": 4997
      }
    },
    {
      "type": "Feature",
      "geometry": {
        "type": "Point",
        "coordinates": [
          34.8052482,
          32.0027351
        ]
      },
      "properties": {
        "store_code": "shuk_014",
        "store_name": "חולון סיירים",
        "chainname": "שוק העיר",
        "subchainname": "שוק העיר",
        "storeid": 14.0,
        "address": "המרכבה 73",
        "city": "חולון",
        "zipcode": 58851.0,
        "average_price_diff": 0.4289563605129728,
        "popular_item_count": 4270
      }
    },
    {
      "type": "Feature",
      "geometry": {
        "type": "Point",
        "coordinates": [
          34.75541219999999,
          31.7189188
        ]
      },
      "properties": {
        "store_code": "shuk_015",
        "store_name": "תימורים",
        "chainname": "שוק העיר",
        "subchainname": "שוק העיר",
        "storeid": 15.0,
        "address": "צומת תימורים, כביש 40 תחנת סדש 0",
        "city": "תימורים",
        "zipcode": 79860.0,
        "average_price_diff": 1.3670402837960345,
        "popular_item_count": 2311
      }
    },
    {
      "type": "Feature",
      "geometry": {
        "type": "Point",
        "coordinates": [
          35.152073,
          31.6570062
        ]
      },
      "properties": {
        "store_code": "shuk_016",
        "store_name": "אפרת",
        "chainname": "שוק העיר",
        "subchainname": "שוק העיר",
        "storeid": 16.0,
        "address": "זית שמן ,מתחם אפרת סנטר 1",
        "city": "אפרת",
        "zipcode": 9045501.0,
        "average_price_diff": 0.9609280354531935,
        "popular_item_count": 4212
      }
    },
    {
      "type": "Feature",
      "geometry": {
        "type": "Point",
        "coordinates": [
          34.63944693685878,
          31.790965640023586
        ]
      },
      "properties": {
        "store_code": "shuk_017",
        "store_name": "אשדוד סיטי",
        "chainname": "שוק העיר",
        "subchainname": "שוק העיר",
        "storeid": 17.0,
        "address": "קניון הסיטי שדרות מנחם בגין 0",
        "city": "אשדוד",
        "zipcode": 77454.0,
        "average_price_diff": 1.0087327745731856,
        "popular_item_count": 5030
      }
    },
    {
      "type": "Feature",
      "geometry": {
        "type": "Point",
        "coordinates": [
          34.5990992,
          31.4182904
        ]
      },
      "properties": {
        "store_code": "shuk_018",
        "store_name": "נתיבות",
        "chainname": "שוק העיר",
        "subchainname": "שוק העיר",
        "storeid": 18.0,
        "address": "בעלי המלאכה 202",
        "city": "נתיבות",
        "zipcode": 80200.0,
        "average_price_diff": -0.47659344221902405,
        "popular_item_count": 4376
      }
    },
    {
      "type": "Feature",
      "geometry": {
        "type": "Point",
        "coordinates": [
          34.873326,
          32.1809757
        ]
      },
      "properties": {
        "store_code": "shuk_021",
        "store_name": "רעננה",
        "chainname": "שוק העיר",
        "subchainname": "שוק העיר",
        "storeid": 21.0,
        "address": "אחוזה 128 0",
        "city": "רעננה",
        "zipcode": 72402.0,
        "average_price_diff": 1.1186586114471797,
        "popular_item_count": 2581
      }
    },
    {
      "type": "Feature",
      "geometry": {
        "type": "Point",
        "coordinates": [
          34.91278850082607,
          32.45121688682871
        ]
      },
      "properties": {
        "store_code": "shuk_025",
        "store_name": "חדרה",
        "chainname": "שוק העיר",
        "subchainname": "שוק העיר",
        "storeid": 25.0,
        "address": "רחוב היוצרים , ONE מתחם 1",
        "city": "חדרה",
        "zipcode": 0.0,
        "average_price_diff": -0.8479844904380702,
        "popular_item_count": 3197
      }
    },
    {
      "type": "Feature",
      "geometry": {
        "type": "Point",
        "coordinates": [
          34.8674566,
          32.3830321
        ]
      },
      "properties": {
        "store_code": "stop_001",
        "store_name": "בית חירות",
        "chainname": "סטופ מרקט",
        "subchainname": "סטופ מרקט",
        "storeid": 1.0,
        "address": "קניון אם הדרך",
        "city": "בית חירות",
        "zipcode": 4029100.0,
        "average_price_diff": -1.0077092361717703,
        "popular_item_count": 10487
      }
    },
    {
      "type": "Feature",
      "geometry": {
        "type": "Point",
        "coordinates": [
          34.7967872,
          32.1624641
        ]
      },
      "properties": {
        "store_code": "stop_002",
        "store_name": "ארנה",
        "chainname": "סטופ מרקט",
        "subchainname": "סטופ מרקט",
        "storeid": 2.0,
        "address": "קניון ארנה",
        "city": "הרצליה",
        "zipcode": 4655502.0,
        "average_price_diff": -0.937110982699876,
        "popular_item_count": 10695
      }
    },
    {
      "type": "Feature",
      "geometry": {
        "type": "Point",
        "coordinates": [
          35.07064810000001,
          32.8123664
        ]
      },
      "properties": {
        "store_code": "stop_003",
        "store_name": "קריות",
        "chainname": "סטופ מרקט",
        "subchainname": "סטופ מרקט",
        "storeid": 3.0,
        "address": "שד ההסתדרות 271",
        "city": "קרית אתא",
        "zipcode": 2620248.0,
        "average_price_diff": -1.067697090176977,
        "popular_item_count": 10491
      }
    },
    {
      "type": "Feature",
      "geometry": {
        "type": "Point",
        "coordinates": [
          34.9681521,
          32.7880209
        ]
      },
      "properties": {
        "store_code": "stop_005",
        "store_name": "קסטרא",
        "chainname": "סטופ מרקט",
        "subchainname": "סטופ מרקט",
        "storeid": 5.0,
        "address": "דרך משה פלימן 8",
        "city": "חיפה",
        "zipcode": 3508418.0,
        "average_price_diff": -1.1519899590203628,
        "popular_item_count": 12147
      }
    },
    {
      "type": "Feature",
      "geometry": {
        "type": "Point",
        "coordinates": [
          34.8951759,
          32.1301231
        ]
      },
      "properties": {
        "store_code": "stop_006",
        "store_name": "הוד השרון",
        "chainname": "סטופ מרקט",
        "subchainname": "סטופ מרקט",
        "storeid": 6.0,
        "address": "רחוב הנגר 24",
        "city": "הוד השרון",
        "zipcode": 4527713.0,
        "average_price_diff": -0.9239935853718642,
        "popular_item_count": 12101
      }
    },
    {
      "type": "Feature",
      "geometry": {
        "type": "Point",
        "coordinates": [
          35.0005532,
          32.7772465
        ]
      },
      "properties": {
        "store_code": "stop_007",
        "store_name": "איינשטיין",
        "chainname": "סטופ מרקט",
        "subchainname": "סטופ מרקט",
        "storeid": 7.0,
        "address": "רחוב איינשטיין 139",
        "city": "חיפה",
        "zipcode": 3460177.0,
        "average_price_diff": -1.1686992865126455,
        "popular_item_count": 7646
      }
    },
    {
      "type": "Feature",
      "geometry": {
        "type": "Point",
        "coordinates": [
          34.86139290000001,
          32.2750205
        ]
      },
      "properties": {
        "store_code": "stop_008",
        "store_name": "סוהו נתניה",
        "chainname": "סטופ מרקט",
        "subchainname": "סטופ מרקט",
        "storeid": 8.0,
        "address": "מפי 5",
        "city": "נתניה",
        "zipcode": 4250489.0,
        "average_price_diff": -1.047084469568074,
        "popular_item_count": 11153
      }
    },
    {
      "type": "Feature",
      "geometry": {
        "type": "Point",
        "coordinates": [
          34.7676707,
          31.9856421
        ]
      },
      "properties": {
        "store_code": "stop_010",
        "store_name": "ראשון לציון",
        "chainname": "סטופ מרקט",
        "subchainname": "סטופ מרקט",
        "storeid": 10.0,
        "address": "ילדי טהרן 7",
        "city": "ראשון לציון",
        "zipcode": 7565843.0,
        "average_price_diff": -2.2671767261303364,
        "popular_item_count": 13330
      }
    },
    {
      "type": "Feature",
      "geometry": {
        "type": "Point",
        "coordinates": [
          35.0819692,
          32.6381668
        ]
      },
      "properties": {
        "store_code": "stop_011",
        "store_name": "יוקנעם",
        "chainname": "סטופ מרקט",
        "subchainname": "סטופ מרקט",
        "storeid": 11.0,
        "address": "רחוב הפטל 1",
        "city": "יקנעם",
        "zipcode": 2064327.0,
        "average_price_diff": -2.4891726315446534,
        "popular_item_count": 11312
      }
    },
    {
      "type": "Feature",
      "geometry": {
        "type": "Point",
        "coordinates": [
          34.8701109793378,
          32.3105083969868
        ]
      },
      "properties": {
        "store_code": "stop_012",
        "store_name": "יהלום",
        "chainname": "סטופ מרקט",
        "subchainname": "סטופ מרקט",
        "storeid": 12.0,
        "address": "שדרות לנטוס 10",
        "city": "נתניה",
        "zipcode": 4276023.0,
        "average_price_diff": -3.0456174223149377,
        "popular_item_count": 12135
      }
    },
    {
      "type": "Feature",
      "geometry": {
        "type": "Point",
        "coordinates": [
          34.6561539,
          31.8103602
        ]
      },
      "properties": {
        "store_code": "tiv_003",
        "store_name": "אשדוד",
        "chainname": "טיב טעם",
        "subchainname": "טיב טעם",
        "storeid": 3.0,
        "address": "ז'בוטינסקי 45 מתחם סטאר סנטר",
        "city": "אשדוד",
        "zipcode": 7710901.0,
        "average_price_diff": 5.654605171608488,
        "popular_item_count": 9362
      }
    },
    {
      "type": "Feature",
      "geometry": {
        "type": "Point",
        "coordinates": [
          34.74954,
          32.010677
        ]
      },
      "properties": {
        "store_code": "tiv_006",
        "store_name": "בת ים",
        "chainname": "טיב טעם",
        "subchainname": "טיב טעם",
        "storeid": 6.0,
        "address": "אהוד קינמון 14 בת-ים",
        "city": "בת ים",
        "zipcode": 5959401.0,
        "average_price_diff": 5.48192997825418,
        "popular_item_count": 7951
      }
    },
    {
      "type": "Feature",
      "geometry": {
        "type": "Point",
        "coordinates": [
          34.5888061,
          31.6575908
        ]
      },
      "properties": {
        "store_code": "tiv_007",
        "store_name": "אשקלון",
        "chainname": "טיב טעם",
        "subchainname": "טיב טעם",
        "storeid": 7.0,
        "address": "התחיה 1 אשקלון",
        "city": "אשקלון",
        "zipcode": 7858201.0,
        "average_price_diff": 5.867621282103923,
        "popular_item_count": 9050
      }
    },
    {
      "type": "Feature",
      "geometry": {
        "type": "Point",
        "coordinates": [
          35.3225302,
          32.9269497
        ]
      },
      "properties": {
        "store_code": "tiv_010",
        "store_name": "כרמיאל",
        "chainname": "טיב טעם",
        "subchainname": "טיב טעם",
        "storeid": 10.0,
        "address": "מעלה כמון 3 מתחם ביג;\n",
        "city": "כרמיאל",
        "zipcode": 0.0,
        "average_price_diff": 3.8262707747488873,
        "popular_item_count": 5106
      }
    },
    {
      "type": "Feature",
      "geometry": {
        "type": "Point",
        "coordinates": [
          35.0548125,
          32.8073578
        ]
      },
      "properties": {
        "store_code": "tiv_012",
        "store_name": "חוצות המפרץ (קריות)",
        "chainname": "טיב טעם",
        "subchainname": "טיב טעם",
        "storeid": 12.0,
        "address": "חרושת 10, מתחם חוצות המפרץ;\n",
        "city": "קריות",
        "zipcode": 2620114.0,
        "average_price_diff": 5.14070397069006,
        "popular_item_count": 7153
      }
    },
    {
      "type": "Feature",
      "geometry": {
        "type": "Point",
        "coordinates": [
          34.821606,
          32.000366
        ]
      },
      "properties": {
        "store_code": "tiv_014",
        "store_name": "ראשון מזרח",
        "chainname": "טיב טעם",
        "subchainname": "טיב טעם",
        "storeid": 14.0,
        "address": "המכבים 62 צומת בית דגן",
        "city": "ראשון לציון",
        "zipcode": 7534503.0,
        "average_price_diff": 6.540985984136062,
        "popular_item_count": 12479
      }
    },
    {
      "type": "Feature",
      "geometry": {
        "type": "Point",
        "coordinates": [
          34.8119871,
          31.247881
        ]
      },
      "properties": {
        "store_code": "tiv_015",
        "store_name": "באר שבע חדש",
        "chainname": "טיב טעם",
        "subchainname": "טיב טעם",
        "storeid": 15.0,
        "address": "יצחק נפחא 25 מתחם מבנה",
        "city": "באר שבע",
        "zipcode": 8424403.0,
        "average_price_diff": 6.331326901571683,
        "popular_item_count": 11058
      }
    },
    {
      "type": "Feature",
      "geometry": {
        "type": "Point",
        "coordinates": [
          34.96430879453595,
          31.890607696425178
        ]
      },
      "properties": {
        "store_code": "tiv_017",
        "store_name": "מודיעין ישפרו",
        "chainname": "טיב טעם",
        "subchainname": "טיב טעם",
        "storeid": 17.0,
        "address": "שדרות המלאכות 12 מודיעין",
        "city": "מודיעין מכבים רעות",
        "zipcode": 7177870.0,
        "average_price_diff": 3.610496306286654,
        "popular_item_count": 3887
      }
    },
    {
      "type": "Feature",
      "geometry": {
        "type": "Point",
        "coordinates": [
          34.8052219,
          31.9093234
        ]
      },
      "properties": {
        "store_code": "tiv_018",
        "store_name": "רחובות",
        "chainname": "טיב טעם",
        "subchainname": "טיב טעם",
        "storeid": 18.0,
        "address": "אופנהימר 2 רחובות",
        "city": "רחובות",
        "zipcode": 7670102.0,
        "average_price_diff": 6.235290141572722,
        "popular_item_count": 9891
      }
    },
    {
      "type": "Feature",
      "geometry": {
        "type": "Point",
        "coordinates": [
          34.8413772,
          32.1137123
        ]
      },
      "properties": {
        "store_code": "tiv_019",
        "store_name": "רמת החייל",
        "chainname": "טיב טעם",
        "subchainname": "טיב טעם",
        "storeid": 19.0,
        "address": "דבורה הנביאה 122",
        "city": "תל אביב יפו",
        "zipcode": 6944019.0,
        "average_price_diff": 6.706548227060937,
        "popular_item_count": 11266
      }
    },
    {
      "type": "Feature",
      "geometry": {
        "type": "Point",
        "coordinates": [
          34.7987551,
          32.0077686
        ]
      },
      "properties": {
        "store_code": "tiv_020",
        "store_name": "חולון עזריאלי",
        "chainname": "טיב טעם",
        "subchainname": "טיב טעם",
        "storeid": 20.0,
        "address": "רחוב הרוקמים 26 , חולון",
        "city": "חולון",
        "zipcode": 5885849.0,
        "average_price_diff": 4.2281285319451,
        "popular_item_count": 5210
      }
    },
    {
      "type": "Feature",
      "geometry": {
        "type": "Point",
        "coordinates": [
          34.89845620000001,
          32.0261789
        ]
      },
      "properties": {
        "store_code": "tiv_021",
        "store_name": "יהוד",
        "chainname": "טיב טעם",
        "subchainname": "טיב טעם",
        "storeid": 21.0,
        "address": "אלטלף 1",
        "city": "יהוד מונוסון",
        "zipcode": 5621601.0,
        "average_price_diff": 3.9524814578268566,
        "popular_item_count": 4237
      }
    },
    {
      "type": "Feature",
      "geometry": {
        "type": "Point",
        "coordinates": [
          34.8940356,
          32.2604802
        ]
      },
      "properties": {
        "store_code": "tiv_022",
        "store_name": "קניון דרורים",
        "chainname": "טיב טעם",
        "subchainname": "טיב טעם",
        "storeid": 22.0,
        "address": "קניון דרורים",
        "city": "בני דרור",
        "zipcode": 4581500.0,
        "average_price_diff": 5.334784882933064,
        "popular_item_count": 7358
      }
    },
    {
      "type": "Feature",
      "geometry": {
        "type": "Point",
        "coordinates": [
          34.905156,
          32.5127785
        ]
      },
      "properties": {
        "store_code": "tiv_023",
        "store_name": "קיסריה",
        "chainname": "טיב טעם",
        "subchainname": "טיב טעם",
        "storeid": 23.0,
        "address": "דולב 14",
        "city": "קיסריה",
        "zipcode": 3099514.0,
        "average_price_diff": 5.318749540250424,
        "popular_item_count": 6914
      }
    },
    {
      "type": "Feature",
      "geometry": {
        "type": "Point",
        "coordinates": [
          34.9019432,
          32.1687202
        ]
      },
      "properties": {
        "store_code": "tiv_024",
        "store_name": "הוד השרון",
        "chainname": "טיב טעם",
        "subchainname": "טיב טעם",
        "storeid": 24.0,
        "address": "סוקולוב 46, כיכר המושבה",
        "city": "הוד השרון",
        "zipcode": 4528476.0,
        "average_price_diff": 5.602206614953331,
        "popular_item_count": 6957
      }
    },
    {
      "type": "Feature",
      "geometry": {
        "type": "Point",
        "coordinates": [
          34.86504,
          32.035899
        ]
      },
      "properties": {
        "store_code": "tiv_025",
        "store_name": "צומת סביון",
        "chainname": "טיב טעם",
        "subchainname": "טיב טעם",
        "storeid": 25.0,
        "address": "השדרה האקדמית 4, בקעת אונו",
        "city": "סביון",
        "zipcode": 0.0,
        "average_price_diff": 5.242588121828912,
        "popular_item_count": 7196
      }
    },
    {
      "type": "Feature",
      "geometry": {
        "type": "Point",
        "coordinates": [
          35.286404,
          32.649879
        ]
      },
      "properties": {
        "store_code": "tiv_030",
        "store_name": "מפגש מזרע",
        "chainname": "טיב טעם",
        "subchainname": "טיב טעם",
        "storeid": 30.0,
        "address": "קיבוץ מזרע 19312",
        "city": "עפולה",
        "zipcode": 1931200.0,
        "average_price_diff": 4.327434008974073,
        "popular_item_count": 4897
      }
    },
    {
      "type": "Feature",
      "geometry": {
        "type": "Point",
        "coordinates": [
          34.8530601,
          32.1836543
        ]
      },
      "properties": {
        "store_code": "tiv_051",
        "store_name": "דלי רעננה",
        "chainname": "טיב טעם",
        "subchainname": "טיב טעם",
        "storeid": 51.0,
        "address": "אחוזה 269 פארק מול רעננה",
        "city": "רעננה",
        "zipcode": 4355741.0,
        "average_price_diff": 13.215937985416966,
        "popular_item_count": 7537
      }
    },
    {
      "type": "Feature",
      "geometry": {
        "type": "Point",
        "coordinates": [
          34.8419268,
          32.1579238
        ]
      },
      "properties": {
        "store_code": "tiv_052",
        "store_name": "הרצליה",
        "chainname": "טיב טעם",
        "subchainname": "טיב טעם",
        "storeid": 52.0,
        "address": "בן גוריון 56 פינת בר כוכבא",
        "city": "הרצליה",
        "zipcode": 4644612.0,
        "average_price_diff": 5.8800105937892,
        "popular_item_count": 7517
      }
    },
    {
      "type": "Feature",
      "geometry": {
        "type": "Point",
        "coordinates": [
          34.8263703,
          32.1147225
        ]
      },
      "properties": {
        "store_code": "tiv_056",
        "store_name": "טופ דן",
        "chainname": "טיב טעם",
        "subchainname": "טיב טעם",
        "storeid": 56.0,
        "address": "פנחס רוזן 72",
        "city": "תל אביב יפו",
        "zipcode": 6951294.0,
        "average_price_diff": 12.378027264551502,
        "popular_item_count": 3327
      }
    },
    {
      "type": "Feature",
      "geometry": {
        "type": "Point",
        "coordinates": [
          34.7766338817315,
          32.0661436859079
        ]
      },
      "properties": {
        "store_code": "tiv_057",
        "store_name": "מאז\"ה",
        "chainname": "טיב טעם",
        "subchainname": "טיב טעם",
        "storeid": 57.0,
        "address": "מאז\"ה 40, ת\"א",
        "city": "תל אביב יפו",
        "zipcode": 6521423.0,
        "average_price_diff": 11.703159283621062,
        "popular_item_count": 2825
      }
    },
    {
      "type": "Feature",
      "geometry": {
        "type": "Point",
        "coordinates": [
          34.7726424,
          32.0849868
        ]
      },
      "properties": {
        "store_code": "tiv_058",
        "store_name": "בן-יהודה 130",
        "chainname": "טיב טעם",
        "subchainname": "טיב טעם",
        "storeid": 58.0,
        "address": "בן יהודה 130 פינת בן גוריון",
        "city": "תל אביב יפו",
        "zipcode": 6340144.0,
        "average_price_diff": 11.95818443960694,
        "popular_item_count": 2486
      }
    },
    {
      "type": "Feature",
      "geometry": {
        "type": "Point",
        "coordinates": [
          34.7739418,
          32.0904228
        ]
      },
      "properties": {
        "store_code": "tiv_059",
        "store_name": "בן יהודה 181",
        "chainname": "טיב טעם",
        "subchainname": "טיב טעם",
        "storeid": 59.0,
        "address": "בן יהודה 181",
        "city": "תל אביב יפו",
        "zipcode": 6347210.0,
        "average_price_diff": 12.375103864102176,
        "popular_item_count": 2481
      }
    },
    {
      "type": "Feature",
      "geometry": {
        "type": "Point",
        "coordinates": [
          34.7833787,
          32.0697233
        ]
      },
      "properties": {
        "store_code": "tiv_061",
        "store_name": "חשמונאים 91",
        "chainname": "טיב טעם",
        "subchainname": "טיב טעם",
        "storeid": 61.0,
        "address": "חשמונאים 91",
        "city": "תל אביב יפו",
        "zipcode": 6713308.0,
        "average_price_diff": 12.617560447348241,
        "popular_item_count": 3592
      }
    },
    {
      "type": "Feature",
      "geometry": {
        "type": "Point",
        "coordinates": [
          34.7815765,
          32.0797764
        ]
      },
      "properties": {
        "store_code": "tiv_063",
        "store_name": "אבן גבירול 64",
        "chainname": "טיב טעם",
        "subchainname": "טיב טעם",
        "storeid": 63.0,
        "address": "אבן גבירול 64",
        "city": "תל אביב יפו",
        "zipcode": 6495201.0,
        "average_price_diff": 11.539254532748126,
        "popular_item_count": 2738
      }
    },
    {
      "type": "Feature",
      "geometry": {
        "type": "Point",
        "coordinates": [
          34.8146964,
          32.0780044
        ]
      },
      "properties": {
        "store_code": "tiv_068",
        "store_name": "סירקין 13",
        "chainname": "טיב טעם",
        "subchainname": "טיב טעם",
        "storeid": 68.0,
        "address": "סירקין 13",
        "city": "גבעתיים",
        "zipcode": 5325007.0,
        "average_price_diff": 12.479356146206449,
        "popular_item_count": 3730
      }
    },
    {
      "type": "Feature",
      "geometry": {
        "type": "Point",
        "coordinates": [
          34.7596358,
          32.0564932
        ]
      },
      "properties": {
        "store_code": "tiv_070",
        "store_name": "יפו",
        "chainname": "טיב טעם",
        "subchainname": "טיב טעם",
        "storeid": 70.0,
        "address": "שדרות ירושלים 4",
        "city": "תל אביב יפו",
        "zipcode": 6802102.0,
        "average_price_diff": 11.342656029744159,
        "popular_item_count": 3401
      }
    },
    {
      "type": "Feature",
      "geometry": {
        "type": "Point",
        "coordinates": [
          34.7693294,
          32.07999780000001
        ]
      },
      "properties": {
        "store_code": "tiv_071",
        "store_name": "פרישמן 13 תל אביב",
        "chainname": "טיב טעם",
        "subchainname": "טיב טעם",
        "storeid": 71.0,
        "address": "פרישמן 13",
        "city": "תל אביב יפו",
        "zipcode": 6357813.0,
        "average_price_diff": 11.388076809374258,
        "popular_item_count": 2654
      }
    },
    {
      "type": "Feature",
      "geometry": {
        "type": "Point",
        "coordinates": [
          34.7815765,
          32.0797764
        ]
      },
      "properties": {
        "store_code": "tiv_073",
        "store_name": "פנקס 2",
        "chainname": "טיב טעם",
        "subchainname": "טיב טעם",
        "storeid": 73.0,
        "address": "אבן גבירול 164, ת\"א;\n",
        "city": "תל אביב יפו",
        "zipcode": 6296615.0,
        "average_price_diff": 11.548948947046046,
        "popular_item_count": 2431
      }
    },
    {
      "type": "Feature",
      "geometry": {
        "type": "Point",
        "coordinates": [
          34.7929363,
          32.0831578
        ]
      },
      "properties": {
        "store_code": "tiv_074",
        "store_name": "ארלוזורוב",
        "chainname": "טיב טעם",
        "subchainname": "טיב טעם",
        "storeid": 74.0,
        "address": "ארלוזורוב 149",
        "city": "תל אביב יפו",
        "zipcode": 6299502.0,
        "average_price_diff": 11.032299490123762,
        "popular_item_count": 2152
      }
    },
    {
      "type": "Feature",
      "geometry": {
        "type": "Point",
        "coordinates": [
          34.7918134,
          32.0940317
        ]
      },
      "properties": {
        "store_code": "tiv_075",
        "store_name": "יהודה מכבי",
        "chainname": "טיב טעם",
        "subchainname": "טיב טעם",
        "storeid": 75.0,
        "address": "יהודה מכבי 69",
        "city": "תל אביב יפו",
        "zipcode": 6230024.0,
        "average_price_diff": 11.739250570140658,
        "popular_item_count": 2667
      }
    },
    {
      "type": "Feature",
      "geometry": {
        "type": "Point",
        "coordinates": [
          34.775143,
          32.0331352
        ]
      },
      "properties": {
        "store_code": "tiv_079",
        "store_name": "חולון סיטי קוגל",
        "chainname": "טיב טעם",
        "subchainname": "טיב טעם",
        "storeid": 79.0,
        "address": "שדרות לוי אשכול 30",
        "city": "חולון",
        "zipcode": 5825901.0,
        "average_price_diff": 11.699745987084142,
        "popular_item_count": 2983
      }
    },
    {
      "type": "Feature",
      "geometry": {
        "type": "Point",
        "coordinates": [
          34.7948052,
          32.0683632
        ]
      },
      "properties": {
        "store_code": "tiv_080",
        "store_name": "יגאל אלון דלי",
        "chainname": "טיב טעם",
        "subchainname": "טיב טעם",
        "storeid": 80.0,
        "address": "יגאל אלון 94",
        "city": "תל אביב יפו",
        "zipcode": 6789139.0,
        "average_price_diff": 12.348379501225548,
        "popular_item_count": 4930
      }
    },
    {
      "type": "Feature",
      "geometry": {
        "type": "Point",
        "coordinates": [
          34.8147344,
          32.0598632
        ]
      },
      "properties": {
        "store_code": "tiv_082",
        "store_name": "דלי כורזין גבעתיים",
        "chainname": "טיב טעם",
        "subchainname": "טיב טעם",
        "storeid": 82.0,
        "address": "תפוצות ישראל 6 גבעתיים",
        "city": "גבעתיים",
        "zipcode": 5358323.0,
        "average_price_diff": 12.200911040132638,
        "popular_item_count": 3941
      }
    },
    {
      "type": "Feature",
      "geometry": {
        "type": "Point",
        "coordinates": [
          34.8250777,
          32.1143404
        ]
      },
      "properties": {
        "store_code": "tiv_083",
        "store_name": "מרכז כיתן",
        "chainname": "טיב טעם",
        "subchainname": "טיב טעם",
        "storeid": 83.0,
        "address": "רחוב פנחס רוזן 65-67",
        "city": "תל אביב יפו",
        "zipcode": 0.0,
        "average_price_diff": 11.71547215533364,
        "popular_item_count": 2662
      }
    },
    {
      "type": "Feature",
      "geometry": {
        "type": "Point",
        "coordinates": [
          34.7872142,
          32.1120215
        ]
      },
      "properties": {
        "store_code": "tiv_084",
        "store_name": "דלי איינשטיין",
        "chainname": "טיב טעם",
        "subchainname": "טיב טעם",
        "storeid": 84.0,
        "address": "איינשטיין 10 תל אביב",
        "city": "תל אביב יפו",
        "zipcode": 6910110.0,
        "average_price_diff": 11.944542782770155,
        "popular_item_count": 3404
      }
    },
    {
      "type": "Feature",
      "geometry": {
        "type": "Point",
        "coordinates": [
          34.8645057,
          32.068757
        ]
      },
      "properties": {
        "store_code": "tiv_085",
        "store_name": "בית הדובדבן - אונו",
        "chainname": "טיב טעם",
        "subchainname": "טיב טעם",
        "storeid": 85.0,
        "address": "רחוב הדובדבן 7-9 קרית אונו",
        "city": "קרית אונו",
        "zipcode": 0.0,
        "average_price_diff": 4.125823905686666,
        "popular_item_count": 3477
      }
    },
    {
      "type": "Feature",
      "geometry": {
        "type": "Point",
        "coordinates": [
          34.8812585,
          32.0893762
        ]
      },
      "properties": {
        "store_code": "tiv_087",
        "store_name": "מונטיפיורטי פתח תקוה",
        "chainname": "טיב טעם",
        "subchainname": "טיב טעם",
        "storeid": 87.0,
        "address": "רחוב רוטישילד 57",
        "city": "פתח תקווה",
        "zipcode": 6416202.0,
        "average_price_diff": 3.2511909521611138,
        "popular_item_count": 2515
      }
    },
    {
      "type": "Feature",
      "geometry": {
        "type": "Point",
        "coordinates": [
          34.8401689,
          32.0510148
        ]
      },
      "properties": {
        "store_code": "tiv_088",
        "store_name": "רמת אפעל",
        "chainname": "טיב טעם",
        "subchainname": "טיב טעם",
        "storeid": 88.0,
        "address": "דרך שיבא 16",
        "city": "רמת אפעל",
        "zipcode": 0.0,
        "average_price_diff": 12.349384992815182,
        "popular_item_count": 3237
      }
    },
    {
      "type": "Feature",
      "geometry": {
        "type": "Point",
        "coordinates": [
          34.7717569,
          32.0705158
        ]
      },
      "properties": {
        "store_code": "tiv_089",
        "store_name": "קינג גורג",
        "chainname": "טיב טעם",
        "subchainname": "טיב טעם",
        "storeid": 89.0,
        "address": "קינג גורג 8",
        "city": "תל אביב יפו",
        "zipcode": 6357808.0,
        "average_price_diff": 11.84794589845208,
        "popular_item_count": 2307
      }
    },
    {
      "type": "Feature",
      "geometry": {
        "type": "Point",
        "coordinates": [
          34.785848,
          32.0652137
        ]
      },
      "properties": {
        "store_code": "tiv_091",
        "store_name": "המסגר",
        "chainname": "טיב טעם",
        "subchainname": "טיב טעם",
        "storeid": 91.0,
        "address": "המסגר 37",
        "city": "תל אביב יפו",
        "zipcode": 6721426.0,
        "average_price_diff": 12.1117962622848,
        "popular_item_count": 3351
      }
    },
    {
      "type": "Feature",
      "geometry": {
        "type": "Point",
        "coordinates": [
          34.9862052,
          32.8035359
        ]
      },
      "properties": {
        "store_code": "tiv_092",
        "store_name": "מחניים",
        "chainname": "טיב טעם",
        "subchainname": "טיב טעם",
        "storeid": 92.0,
        "address": "מחניים 4",
        "city": "חיפה",
        "zipcode": 0.0,
        "average_price_diff": 2.9636160252136454,
        "popular_item_count": 2984
      }
    },
    {
      "type": "Feature",
      "geometry": {
        "type": "Point",
        "coordinates": [
          34.7815765,
          32.0797764
        ]
      },
      "properties": {
        "store_code": "tiv_156",
        "store_name": "עדן גן העיר",
        "chainname": "טיב טעם",
        "subchainname": "טיב טעם",
        "storeid": 156.0,
        "address": "אבן גבירול 71",
        "city": "תל אביב יפו",
        "zipcode": 6416202.0,
        "average_price_diff": 5.177214026874539,
        "popular_item_count": 5177
      }
    },
    {
      "type": "Feature",
      "geometry": {
        "type": "Point",
        "coordinates": [
          34.853196,
          32.321458
        ]
      },
      "properties": {
        "store_code": "tiv_502",
        "store_name": "ליקוט נתניה",
        "chainname": "טיב טעם",
        "subchainname": "טיב טעם",
        "storeid": 502.0,
        "address": "https://www.tivtaam.co.il/",
        "city": "נתניה",
        "zipcode": 0.0,
        "average_price_diff": 6.525555182304422,
        "popular_item_count": 7066
      }
    },
    {
      "type": "Feature",
      "geometry": {
        "type": "Point",
        "coordinates": [
          34.6561539,
          31.8103602
        ]
      },
      "properties": {
        "store_code": "tiv_503",
        "store_name": "ליקוט טיב טעם אשדוד",
        "chainname": "טיב טעם",
        "subchainname": "טיב טעם",
        "storeid": 503.0,
        "address": "https://www.tivtaam.co.il/",
        "city": "אשדוד",
        "zipcode": 0.0,
        "average_price_diff": 5.850808100233578,
        "popular_item_count": 5558
      }
    },
    {
      "type": "Feature",
      "geometry": {
        "type": "Point",
        "coordinates": [
          35.0548125,
          32.8073578
        ]
      },
      "properties": {
        "store_code": "tiv_512",
        "store_name": "ליקוט טיב טעם קריות",
        "chainname": "טיב טעם",
        "subchainname": "טיב טעם",
        "storeid": 512.0,
        "address": "https://www.tivtaam.co.il/",
        "city": "חיפה",
        "zipcode": 0.0,
        "average_price_diff": 5.457948766463488,
        "popular_item_count": 5328
      }
    },
    {
      "type": "Feature",
      "geometry": {
        "type": "Point",
        "coordinates": [
          34.8020886,
          31.95908129999999
        ]
      },
      "properties": {
        "store_code": "tiv_514",
        "store_name": "ליקוט ראשון מזרח",
        "chainname": "טיב טעם",
        "subchainname": "טיב טעם",
        "storeid": 514.0,
        "address": "https://www.tivtaam.co.il/",
        "city": "ראשון לציון",
        "zipcode": 0.0,
        "average_price_diff": 6.915023726212027,
        "popular_item_count": 9235
      }
    },
    {
      "type": "Feature",
      "geometry": {
        "type": "Point",
        "coordinates": [
          34.7867691,
          31.2521018
        ]
      },
      "properties": {
        "store_code": "tiv_515",
        "store_name": "ליקוט טיב באר שבע",
        "chainname": "טיב טעם",
        "subchainname": "טיב טעם",
        "storeid": 515.0,
        "address": "https://www.tivtaam.co.il/",
        "city": "באר שבע",
        "zipcode": 0.0,
        "average_price_diff": 5.128131464587013,
        "popular_item_count": 4058
      }
    },
    {
      "type": "Feature",
      "geometry": {
        "type": "Point",
        "coordinates": [
          34.8366371,
          32.1133727
        ]
      },
      "properties": {
        "store_code": "tiv_519",
        "store_name": "ליקוט רמת החייל",
        "chainname": "טיב טעם",
        "subchainname": "טיב טעם",
        "storeid": 519.0,
        "address": "https://www.tivtaam.co.il/",
        "city": "רמת החייל",
        "zipcode": 0.0,
        "average_price_diff": 6.738761301821417,
        "popular_item_count": 8093
      }
    },
    {
      "type": "Feature",
      "geometry": {
        "type": "Point",
        "coordinates": [
          34.9062798,
          32.5154686
        ]
      },
      "properties": {
        "store_code": "tiv_523",
        "store_name": "ליקוט קיסריה",
        "chainname": "טיב טעם",
        "subchainname": "טיב טעם",
        "storeid": 523.0,
        "address": "https://www.tivtaam.co.il/",
        "city": "קיסריה",
        "zipcode": 0.0,
        "average_price_diff": 13.493065404644852,
        "popular_item_count": 1
      }
    },
    {
      "type": "Feature",
      "geometry": {
        "type": "Point",
        "coordinates": [
          34.7042045,
          31.7754364
        ]
      },
      "properties": {
        "store_code": "vic_001",
        "store_name": "גן-יבנה",
        "chainname": "ויקטורי",
        "subchainname": "ויקטורי",
        "storeid": 1.0,
        "address": "הכישור 8",
        "city": "גן יבנה",
        "zipcode": 7080000.0,
        "average_price_diff": 0.36851257111867347,
        "popular_item_count": 5830
      }
    },
    {
      "type": "Feature",
      "geometry": {
        "type": "Point",
        "coordinates": [
          34.7777441,
          31.8165241
        ]
      },
      "properties": {
        "store_code": "vic_002",
        "store_name": "גדרה",
        "chainname": "ויקטורי",
        "subchainname": "ויקטורי",
        "storeid": 2.0,
        "address": "פינס 3",
        "city": "גדרה",
        "zipcode": 7056502.0,
        "average_price_diff": 0.3682697450852262,
        "popular_item_count": 5631
      }
    },
    {
      "type": "Feature",
      "geometry": {
        "type": "Point",
        "coordinates": [
          34.5947348,
          31.5213336
        ]
      },
      "properties": {
        "store_code": "vic_003",
        "store_name": "שדרות",
        "chainname": "קרפור",
        "subchainname": "קרפור היפר",
        "storeid": 3.0,
        "address": "סמטת הפלדה 3",
        "city": "שדרות",
        "zipcode": 8710446.0,
        "average_price_diff": -0.11940957039403775,
        "popular_item_count": 3885
      }
    },
    {
      "type": "Feature",
      "geometry": {
        "type": "Point",
        "coordinates": [
          34.995119,
          32.1298842
        ]
      },
      "properties": {
        "store_code": "vic_005",
        "store_name": "אורנית",
        "chainname": "ויקטורי",
        "subchainname": "ויקטורי",
        "storeid": 5.0,
        "address": "הערבה 10",
        "city": "אורנית",
        "zipcode": 4481300.0,
        "average_price_diff": 1.2779550861022033,
        "popular_item_count": 4809
      }
    },
    {
      "type": "Feature",
      "geometry": {
        "type": "Point",
        "coordinates": [
          34.6417835,
          31.7760173
        ]
      },
      "properties": {
        "store_code": "vic_008",
        "store_name": "אשדוד",
        "chainname": "ויקטורי",
        "subchainname": "ויקטורי",
        "storeid": 8.0,
        "address": "דוד המלך 18",
        "city": "אשדוד",
        "zipcode": 7748109.0,
        "average_price_diff": 0.4211963925590977,
        "popular_item_count": 2576
      }
    },
    {
      "type": "Feature",
      "geometry": {
        "type": "Point",
        "coordinates": [
          34.7831746,
          32.0703364
        ]
      },
      "properties": {
        "store_code": "vic_009",
        "store_name": "הארבעה תא",
        "chainname": "ויקטורי",
        "subchainname": "ויקטורי",
        "storeid": 9.0,
        "address": "הארבעה 6",
        "city": "תל אביב יפו",
        "zipcode": 6473906.0,
        "average_price_diff": 0.689757621315633,
        "popular_item_count": 4320
      }
    },
    {
      "type": "Feature",
      "geometry": {
        "type": "Point",
        "coordinates": [
          34.8794005,
          31.9463438
        ]
      },
      "properties": {
        "store_code": "vic_010",
        "store_name": "לוד",
        "chainname": "ויקטורי",
        "subchainname": "ויקטורי",
        "storeid": 10.0,
        "address": "יוספטל 23",
        "city": "לוד",
        "zipcode": 7136823.0,
        "average_price_diff": 0.09008799554224317,
        "popular_item_count": 4734
      }
    },
    {
      "type": "Feature",
      "geometry": {
        "type": "Point",
        "coordinates": [
          34.987559,
          31.7494502
        ]
      },
      "properties": {
        "store_code": "vic_014",
        "store_name": "בית שמש",
        "chainname": "ויקטורי",
        "subchainname": "ויקטורי",
        "storeid": 14.0,
        "address": "הרצל 7",
        "city": "בית שמש",
        "zipcode": 9903113.0,
        "average_price_diff": 0.20637125895010291,
        "popular_item_count": 4542
      }
    },
    {
      "type": "Feature",
      "geometry": {
        "type": "Point",
        "coordinates": [
          34.7672519,
          32.0551334
        ]
      },
      "properties": {
        "store_code": "vic_016",
        "store_name": "פלורנטין",
        "chainname": "ויקטורי",
        "subchainname": "ויקטורי",
        "storeid": 16.0,
        "address": "סלמה 53",
        "city": "תל אביב יפו",
        "zipcode": 6606034.0,
        "average_price_diff": 8.948899287905803,
        "popular_item_count": 2938
      }
    },
    {
      "type": "Feature",
      "geometry": {
        "type": "Point",
        "coordinates": [
          34.8540757,
          31.9334559
        ]
      },
      "properties": {
        "store_code": "vic_021",
        "store_name": "רמלה הולצברג",
        "chainname": "ויקטורי",
        "subchainname": "ויקטורי",
        "storeid": 21.0,
        "address": "שמחה הולצברג 16",
        "city": "רמלה",
        "zipcode": 72276.0,
        "average_price_diff": 0.21216028943792276,
        "popular_item_count": 4037
      }
    },
    {
      "type": "Feature",
      "geometry": {
        "type": "Point",
        "coordinates": [
          34.93264,
          32.4279153
        ]
      },
      "properties": {
        "store_code": "vic_022",
        "store_name": "חדרה בפארק",
        "chainname": "ויקטורי",
        "subchainname": "ויקטורי",
        "storeid": 22.0,
        "address": "משמר הגבול",
        "city": "חדרה",
        "zipcode": 3825104.0,
        "average_price_diff": 0.11520760222558131,
        "popular_item_count": 4997
      }
    },
    {
      "type": "Feature",
      "geometry": {
        "type": "Point",
        "coordinates": [
          34.763876,
          31.9682049
        ]
      },
      "properties": {
        "store_code": "vic_023",
        "store_name": "ראשון פרס נובל",
        "chainname": "ויקטורי",
        "subchainname": "ויקטורי",
        "storeid": 23.0,
        "address": "שמעון פרס 33",
        "city": "ראשון לציון",
        "zipcode": 7579932.0,
        "average_price_diff": 0.5989784807556282,
        "popular_item_count": 3493
      }
    },
    {
      "type": "Feature",
      "geometry": {
        "type": "Point",
        "coordinates": [
          34.9216738,
          32.4376562
        ]
      },
      "properties": {
        "store_code": "vic_024",
        "store_name": "חדרה בקניון",
        "chainname": "ויקטורי",
        "subchainname": "ויקטורי",
        "storeid": 24.0,
        "address": "שד רוטשילד 40",
        "city": "חדרה",
        "zipcode": 3826850.0,
        "average_price_diff": 0.19979978549832794,
        "popular_item_count": 4031
      }
    },
    {
      "type": "Feature",
      "geometry": {
        "type": "Point",
        "coordinates": [
          35.0929603,
          32.9201965
        ]
      },
      "properties": {
        "store_code": "vic_025",
        "store_name": "עכו",
        "chainname": "ויקטורי",
        "subchainname": "ויקטורי",
        "storeid": 25.0,
        "address": "שלום הגליל 1",
        "city": "עכו",
        "zipcode": 2455301.0,
        "average_price_diff": 0.06897520740624685,
        "popular_item_count": 5439
      }
    },
    {
      "type": "Feature",
      "geometry": {
        "type": "Point",
        "coordinates": [
          34.9428615,
          32.0965466
        ]
      },
      "properties": {
        "store_code": "vic_026",
        "store_name": "ראש העין",
        "chainname": "ויקטורי",
        "subchainname": "ויקטורי",
        "storeid": 26.0,
        "address": "שבזי 26",
        "city": "ראש העין",
        "zipcode": 4802126.0,
        "average_price_diff": 0.5126689456381635,
        "popular_item_count": 5412
      }
    },
    {
      "type": "Feature",
      "geometry": {
        "type": "Point",
        "coordinates": [
          34.9586672,
          32.8173664
        ]
      },
      "properties": {
        "store_code": "vic_027",
        "store_name": "שער העליה",
        "chainname": "ויקטורי",
        "subchainname": "ויקטורי",
        "storeid": 27.0,
        "address": "שלוסברג 1",
        "city": "חיפה",
        "zipcode": 3584001.0,
        "average_price_diff": 0.12257288792289402,
        "popular_item_count": 4999
      }
    },
    {
      "type": "Feature",
      "geometry": {
        "type": "Point",
        "coordinates": [
          34.8797378,
          32.0592765
        ]
      },
      "properties": {
        "store_code": "vic_028",
        "store_name": "גני תקווה",
        "chainname": "ויקטורי",
        "subchainname": "ויקטורי",
        "storeid": 28.0,
        "address": "הכרמל 20",
        "city": "גני תקווה",
        "zipcode": 5591620.0,
        "average_price_diff": 0.6117601375629281,
        "popular_item_count": 5556
      }
    },
    {
      "type": "Feature",
      "geometry": {
        "type": "Point",
        "coordinates": [
          34.815928,
          32.0834004
        ]
      },
      "properties": {
        "store_code": "vic_029",
        "store_name": "רמת גן",
        "chainname": "ויקטורי",
        "subchainname": "ויקטורי",
        "storeid": 29.0,
        "address": "הרצל 42",
        "city": "רמת גן",
        "zipcode": 5243130.0,
        "average_price_diff": 0.7922115575391232,
        "popular_item_count": 5314
      }
    },
    {
      "type": "Feature",
      "geometry": {
        "type": "Point",
        "coordinates": [
          35.0274226,
          32.1132236
        ]
      },
      "properties": {
        "store_code": "vic_030",
        "store_name": "אלקנה",
        "chainname": "ויקטורי",
        "subchainname": "ויקטורי",
        "storeid": 30.0,
        "address": "שיר השירים 75/1",
        "city": "אלקנה",
        "zipcode": 4481400.0,
        "average_price_diff": 1.2055526674907757,
        "popular_item_count": 4262
      }
    },
    {
      "type": "Feature",
      "geometry": {
        "type": "Point",
        "coordinates": [
          34.7709504,
          32.062815
        ]
      },
      "properties": {
        "store_code": "vic_031",
        "store_name": "סיטי רוטשילד",
        "chainname": "ויקטורי",
        "subchainname": "ויקטורי סיטי",
        "storeid": 31.0,
        "address": "שד` רוטשילד 14",
        "city": "תל אביב יפו",
        "zipcode": 66881.0,
        "average_price_diff": 8.425383513747148,
        "popular_item_count": 1918
      }
    },
    {
      "type": "Feature",
      "geometry": {
        "type": "Point",
        "coordinates": [
          35.1058408,
          32.8040805
        ]
      },
      "properties": {
        "store_code": "vic_034",
        "store_name": "מוצקין",
        "chainname": "ויקטורי",
        "subchainname": "ויקטורי",
        "storeid": 34.0,
        "address": "שד ירושלים 1",
        "city": "קרית מוצקין",
        "zipcode": 2623804.0,
        "average_price_diff": 0.0034020588887849895,
        "popular_item_count": 6201
      }
    },
    {
      "type": "Feature",
      "geometry": {
        "type": "Point",
        "coordinates": [
          34.7741588,
          32.0645392
        ]
      },
      "properties": {
        "store_code": "vic_035",
        "store_name": "סיטי אחד העם",
        "chainname": "ויקטורי",
        "subchainname": "ויקטורי סיטי",
        "storeid": 35.0,
        "address": "אחד העם 54",
        "city": "תל אביב יפו",
        "zipcode": 65202.0,
        "average_price_diff": 9.002523745524444,
        "popular_item_count": 2234
      }
    },
    {
      "type": "Feature",
      "geometry": {
        "type": "Point",
        "coordinates": [
          34.6409568,
          31.8105983
        ]
      },
      "properties": {
        "store_code": "vic_037",
        "store_name": "קניון אשדוד",
        "chainname": "ויקטורי",
        "subchainname": "ויקטורי",
        "storeid": 37.0,
        "address": "הטיילת 20",
        "city": "אשדוד",
        "zipcode": 7722218.0,
        "average_price_diff": 0.13045506827086228,
        "popular_item_count": 5976
      }
    },
    {
      "type": "Feature",
      "geometry": {
        "type": "Point",
        "coordinates": [
          35.149033,
          31.8002473
        ]
      },
      "properties": {
        "store_code": "vic_038",
        "store_name": "מבשרת ציון",
        "chainname": "ויקטורי",
        "subchainname": "ויקטורי",
        "storeid": 38.0,
        "address": "הראל 1",
        "city": "מבשרת ציון",
        "zipcode": 9079129.0,
        "average_price_diff": 0.3122103547734753,
        "popular_item_count": 6050
      }
    },
    {
      "type": "Feature",
      "geometry": {
        "type": "Point",
        "coordinates": [
          34.774054,
          32.0233772
        ]
      },
      "properties": {
        "store_code": "vic_039",
        "store_name": "חולון קוגל",
        "chainname": "ויקטורי",
        "subchainname": "ויקטורי",
        "storeid": 39.0,
        "address": "קוגל 40",
        "city": "חולון",
        "zipcode": 5825816.0,
        "average_price_diff": 0.41311250192121385,
        "popular_item_count": 4668
      }
    },
    {
      "type": "Feature",
      "geometry": {
        "type": "Point",
        "coordinates": [
          34.5758953,
          31.6971812
        ]
      },
      "properties": {
        "store_code": "vic_041",
        "store_name": "ברנע",
        "chainname": "ויקטורי",
        "subchainname": "ויקטורי",
        "storeid": 41.0,
        "address": "רחבעם זאבי",
        "city": "אשקלון",
        "zipcode": 7829304.0,
        "average_price_diff": 1.1022369200729827,
        "popular_item_count": 4555
      }
    },
    {
      "type": "Feature",
      "geometry": {
        "type": "Point",
        "coordinates": [
          34.782048,
          32.0665637
        ]
      },
      "properties": {
        "store_code": "vic_044",
        "store_name": "לינקולן תל אביב",
        "chainname": "ויקטורי",
        "subchainname": "ויקטורי",
        "storeid": 44.0,
        "address": "לינקולן 16",
        "city": "תל אביב יפו",
        "zipcode": 6713408.0,
        "average_price_diff": 0.7749844334654636,
        "popular_item_count": 4992
      }
    },
    {
      "type": "Feature",
      "geometry": {
        "type": "Point",
        "coordinates": [
          34.869891,
          32.1818416
        ]
      },
      "properties": {
        "store_code": "vic_045",
        "store_name": "רעננה אחוזה 158",
        "chainname": "ויקטורי",
        "subchainname": "ויקטורי",
        "storeid": 45.0,
        "address": "אחוזה 158",
        "city": "רעננה",
        "zipcode": 4330018.0,
        "average_price_diff": 0.6803549938997665,
        "popular_item_count": 3945
      }
    },
    {
      "type": "Feature",
      "geometry": {
        "type": "Point",
        "coordinates": [
          35.0241686,
          31.0615094
        ]
      },
      "properties": {
        "store_code": "vic_046",
        "store_name": "דימונה",
        "chainname": "ויקטורי",
        "subchainname": "ויקטורי",
        "storeid": 46.0,
        "address": "המלאכה 3",
        "city": "דימונה",
        "zipcode": 8621106.0,
        "average_price_diff": 0.2973553896506479,
        "popular_item_count": 5283
      }
    },
    {
      "type": "Feature",
      "geometry": {
        "type": "Point",
        "coordinates": [
          34.6229422,
          31.3089715
        ]
      },
      "properties": {
        "store_code": "vic_047",
        "store_name": "אופקים",
        "chainname": "ויקטורי",
        "subchainname": "ויקטורי",
        "storeid": 47.0,
        "address": "החידא 1",
        "city": "אופקים",
        "zipcode": 8759102.0,
        "average_price_diff": 0.07492623351513199,
        "popular_item_count": 5831
      }
    },
    {
      "type": "Feature",
      "geometry": {
        "type": "Point",
        "coordinates": [
          34.968224,
          32.76855020000001
        ]
      },
      "properties": {
        "store_code": "vic_048",
        "store_name": "טירת הכרמל",
        "chainname": "ויקטורי",
        "subchainname": "ויקטורי",
        "storeid": 48.0,
        "address": "קרן היסוד 2",
        "city": "טירת הכרמל",
        "zipcode": 3902621.0,
        "average_price_diff": 0.20391676380754598,
        "popular_item_count": 5718
      }
    },
    {
      "type": "Feature",
      "geometry": {
        "type": "Point",
        "coordinates": [
          34.9186163,
          32.2577503
        ]
      },
      "properties": {
        "store_code": "vic_050",
        "store_name": "תל מונד",
        "chainname": "ויקטורי",
        "subchainname": "ויקטורי",
        "storeid": 50.0,
        "address": "השקד 4",
        "city": "תל מונד",
        "zipcode": 4060105.0,
        "average_price_diff": 0.9834011061720406,
        "popular_item_count": 4298
      }
    },
    {
      "type": "Feature",
      "geometry": {
        "type": "Point",
        "coordinates": [
          35.0186781,
          31.8798648
        ]
      },
      "properties": {
        "store_code": "vic_051",
        "store_name": "מודיעין",
        "chainname": "ויקטורי",
        "subchainname": "ויקטורי",
        "storeid": 51.0,
        "address": "מנחם בגין 21",
        "city": "מודיעין מכבים רעות",
        "zipcode": 7178081.0,
        "average_price_diff": 0.42053615221810653,
        "popular_item_count": 5647
      }
    },
    {
      "type": "Feature",
      "geometry": {
        "type": "Point",
        "coordinates": [
          34.576329,
          31.6764381
        ]
      },
      "properties": {
        "store_code": "vic_052",
        "store_name": "אשקלון",
        "chainname": "ויקטורי",
        "subchainname": "ויקטורי",
        "storeid": 52.0,
        "address": "בן צבי 8",
        "city": "אשקלון",
        "zipcode": 7846117.0,
        "average_price_diff": 0.42405305137801913,
        "popular_item_count": 5773
      }
    },
    {
      "type": "Feature",
      "geometry": {
        "type": "Point",
        "coordinates": [
          35.166003,
          32.704029
        ]
      },
      "properties": {
        "store_code": "vic_053",
        "store_name": "רמת ישי",
        "chainname": "ויקטורי",
        "subchainname": "ויקטורי",
        "storeid": 53.0,
        "address": "מרכז מסחרי",
        "city": "רמת ישי",
        "zipcode": 3009503.0,
        "average_price_diff": 0.6686559857351287,
        "popular_item_count": 3989
      }
    },
    {
      "type": "Feature",
      "geometry": {
        "type": "Point",
        "coordinates": [
          34.745,
          31.7266667
        ]
      },
      "properties": {
        "store_code": "vic_054",
        "store_name": "קרית מלאכי",
        "chainname": "ויקטורי",
        "subchainname": "ויקטורי",
        "storeid": 54.0,
        "address": "זבוטינסקי 8",
        "city": "קרית מלאכי",
        "zipcode": 8305115.0,
        "average_price_diff": 0.7609161232055393,
        "popular_item_count": 3864
      }
    },
    {
      "type": "Feature",
      "geometry": {
        "type": "Point",
        "coordinates": [
          34.7697747,
          31.6070835
        ]
      },
      "properties": {
        "store_code": "vic_055",
        "store_name": "קרית גת",
        "chainname": "ויקטורי",
        "subchainname": "ויקטורי",
        "storeid": 55.0,
        "address": "הגפן 3",
        "city": "קרית גת",
        "zipcode": 8201807.0,
        "average_price_diff": 0.13909585744032021,
        "popular_item_count": 5854
      }
    },
    {
      "type": "Feature",
      "geometry": {
        "type": "Point",
        "coordinates": [
          34.7414604,
          31.864079
        ]
      },
      "properties": {
        "store_code": "vic_056",
        "store_name": "יבנה",
        "chainname": "ויקטורי",
        "subchainname": "ויקטורי",
        "storeid": 56.0,
        "address": "המיסב 7",
        "city": "יבנה",
        "zipcode": 8121307.0,
        "average_price_diff": 0.4875427254835522,
        "popular_item_count": 5658
      }
    },
    {
      "type": "Feature",
      "geometry": {
        "type": "Point",
        "coordinates": [
          34.7554971,
          32.0519789
        ]
      },
      "properties": {
        "store_code": "vic_057",
        "store_name": "סיטי מרגוזה",
        "chainname": "ויקטורי",
        "subchainname": "ויקטורי סיטי",
        "storeid": 57.0,
        "address": "מרגוזה יהודה 16",
        "city": "תל אביב יפו",
        "zipcode": 6813612.0,
        "average_price_diff": 8.783351986545112,
        "popular_item_count": 2343
      }
    },
    {
      "type": "Feature",
      "geometry": {
        "type": "Point",
        "coordinates": [
          34.9346133,
          32.3185475
        ]
      },
      "properties": {
        "store_code": "vic_058",
        "store_name": "כפר יונה",
        "chainname": "ויקטורי",
        "subchainname": "ויקטורי",
        "storeid": 58.0,
        "address": "הרצל 5",
        "city": "כפר יונה",
        "zipcode": 4031452.0,
        "average_price_diff": 0.9206692305301964,
        "popular_item_count": 3759
      }
    },
    {
      "type": "Feature",
      "geometry": {
        "type": "Point",
        "coordinates": [
          35.2979883,
          32.6039772
        ]
      },
      "properties": {
        "store_code": "vic_059",
        "store_name": "עפולה",
        "chainname": "ויקטורי",
        "subchainname": "ויקטורי",
        "storeid": 59.0,
        "address": "מנחם בגין 79",
        "city": "עפולה",
        "zipcode": 1830101.0,
        "average_price_diff": 0.07894009121466922,
        "popular_item_count": 6336
      }
    },
    {
      "type": "Feature",
      "geometry": {
        "type": "Point",
        "coordinates": [
          34.7640126,
          32.0058229
        ]
      },
      "properties": {
        "store_code": "vic_060",
        "store_name": "חולון התנאים",
        "chainname": "ויקטורי",
        "subchainname": "ויקטורי",
        "storeid": 60.0,
        "address": "התנאים 5",
        "city": "חולון",
        "zipcode": 5858112.0,
        "average_price_diff": 0.647303793784721,
        "popular_item_count": 3095
      }
    },
    {
      "type": "Feature",
      "geometry": {
        "type": "Point",
        "coordinates": [
          34.7755775,
          32.0886661
        ]
      },
      "properties": {
        "store_code": "vic_065",
        "store_name": "דיזנגוף",
        "chainname": "ויקטורי",
        "subchainname": "ויקטורי",
        "storeid": 65.0,
        "address": "דיזנגוף 224",
        "city": "תל אביב יפו",
        "zipcode": 6311519.0,
        "average_price_diff": 0.790964204330112,
        "popular_item_count": 4070
      }
    },
    {
      "type": "Feature",
      "geometry": {
        "type": "Point",
        "coordinates": [
          34.7720178,
          32.0616314
        ]
      },
      "properties": {
        "store_code": "vic_067",
        "store_name": "סיטי יהודה הלוי",
        "chainname": "ויקטורי",
        "subchainname": "ויקטורי סיטי",
        "storeid": 67.0,
        "address": "יהודה הלוי 40",
        "city": "תל אביב יפו",
        "zipcode": 65136.0,
        "average_price_diff": 8.918868814368519,
        "popular_item_count": 2161
      }
    },
    {
      "type": "Feature",
      "geometry": {
        "type": "Point",
        "coordinates": [
          34.7487449,
          31.2683491
        ]
      },
      "properties": {
        "store_code": "vic_068",
        "store_name": "באר שבע",
        "chainname": "ויקטורי",
        "subchainname": "ויקטורי",
        "storeid": 68.0,
        "address": "בן גוריון 15",
        "city": "באר שבע",
        "zipcode": 8443944.0,
        "average_price_diff": 0.08921677243021107,
        "popular_item_count": 6092
      }
    },
    {
      "type": "Feature",
      "geometry": {
        "type": "Point",
        "coordinates": [
          34.87538659455173,
          32.18066943812175
        ]
      },
      "properties": {
        "store_code": "vic_069",
        "store_name": "רעננה פארק",
        "chainname": "ויקטורי",
        "subchainname": "ויקטורי",
        "storeid": 69.0,
        "address": "אחוזה 114",
        "city": "רעננה",
        "zipcode": 4350108.0,
        "average_price_diff": 0.045943383147155195,
        "popular_item_count": 6175
      }
    },
    {
      "type": "Feature",
      "geometry": {
        "type": "Point",
        "coordinates": [
          34.997998,
          32.241478
        ]
      },
      "properties": {
        "store_code": "vic_070",
        "store_name": "צור יצחק",
        "chainname": "ויקטורי",
        "subchainname": "ויקטורי",
        "storeid": 70.0,
        "address": "דרך איילון 20",
        "city": "צור יצחק",
        "zipcode": 4580800.0,
        "average_price_diff": 0.33205166402492037,
        "popular_item_count": 4998
      }
    },
    {
      "type": "Feature",
      "geometry": {
        "type": "Point",
        "coordinates": [
          34.8124462,
          31.9705226
        ]
      },
      "properties": {
        "store_code": "vic_071",
        "store_name": "ראשון מזרח",
        "chainname": "ויקטורי",
        "subchainname": "ויקטורי",
        "storeid": 71.0,
        "address": "צבי פרנק 39",
        "city": "ראשון לציון",
        "zipcode": 7566088.0,
        "average_price_diff": 0.35439547774139224,
        "popular_item_count": 6124
      }
    },
    {
      "type": "Feature",
      "geometry": {
        "type": "Point",
        "coordinates": [
          35.4942557,
          32.4970754
        ]
      },
      "properties": {
        "store_code": "vic_073",
        "store_name": "בית שאן",
        "chainname": "ויקטורי",
        "subchainname": "ויקטורי",
        "storeid": 73.0,
        "address": "הגלבוע 1",
        "city": "בית שאן",
        "zipcode": 1174001.0,
        "average_price_diff": -0.06899822094415438,
        "popular_item_count": 4942
      }
    },
    {
      "type": "Feature",
      "geometry": {
        "type": "Point",
        "coordinates": [
          34.8242079,
          32.1647849
        ]
      },
      "properties": {
        "store_code": "vic_074",
        "store_name": "שבעת הכוכבים",
        "chainname": "ויקטורי",
        "subchainname": "ויקטורי",
        "storeid": 74.0,
        "address": "קניון שבעת הכוכבי",
        "city": "הרצליה",
        "zipcode": 4650504.0,
        "average_price_diff": 0.5808986183972087,
        "popular_item_count": 6318
      }
    },
    {
      "type": "Feature",
      "geometry": {
        "type": "Point",
        "coordinates": [
          34.789189,
          32.0848954
        ]
      },
      "properties": {
        "store_code": "vic_075",
        "store_name": "סיטי ויצמן",
        "chainname": "ויקטורי",
        "subchainname": "ויקטורי סיטי",
        "storeid": 75.0,
        "address": "ויצמן 53",
        "city": "תל אביב יפו",
        "zipcode": 62091.0,
        "average_price_diff": 8.676579702596884,
        "popular_item_count": 2882
      }
    },
    {
      "type": "Feature",
      "geometry": {
        "type": "Point",
        "coordinates": [
          34.746092008760826,
          32.0068523571343
        ]
      },
      "properties": {
        "store_code": "vic_076",
        "store_name": "ויקטורי בת ים",
        "chainname": "ויקטורי",
        "subchainname": "ויקטורי",
        "storeid": 76.0,
        "address": "העמל 11",
        "city": "בת ים",
        "zipcode": 5959821.0,
        "average_price_diff": 0.027545655682852912,
        "popular_item_count": 6051
      }
    },
    {
      "type": "Feature",
      "geometry": {
        "type": "Point",
        "coordinates": [
          34.8985361,
          31.9685149
        ]
      },
      "properties": {
        "store_code": "vic_077",
        "store_name": "לוד נתבג",
        "chainname": "ויקטורי",
        "subchainname": "ויקטורי",
        "storeid": 77.0,
        "address": "פסח לב 2",
        "city": "לוד",
        "zipcode": 7129320.0,
        "average_price_diff": 0.07159832459051108,
        "popular_item_count": 5689
      }
    },
    {
      "type": "Feature",
      "geometry": {
        "type": "Point",
        "coordinates": [
          34.8903535,
          32.1982013
        ]
      },
      "properties": {
        "store_code": "vic_079",
        "store_name": "כפר סבא הירוקה",
        "chainname": "ויקטורי",
        "subchainname": "ויקטורי",
        "storeid": 79.0,
        "address": "אנגל 78",
        "city": "כפר סבא",
        "zipcode": 4465140.0,
        "average_price_diff": 0.1679626057302793,
        "popular_item_count": 5260
      }
    },
    {
      "type": "Feature",
      "geometry": {
        "type": "Point",
        "coordinates": [
          34.7711272,
          32.0681025
        ]
      },
      "properties": {
        "store_code": "vic_080",
        "store_name": "סיטי אלנבי",
        "chainname": "ויקטורי",
        "subchainname": "ויקטורי סיטי",
        "storeid": 80.0,
        "address": "אלנבי 65",
        "city": "תל אביב יפו",
        "zipcode": 65134.0,
        "average_price_diff": 9.268822520880976,
        "popular_item_count": 2670
      }
    },
    {
      "type": "Feature",
      "geometry": {
        "type": "Point",
        "coordinates": [
          34.964138,
          32.1081848
        ]
      },
      "properties": {
        "store_code": "vic_081",
        "store_name": "פארק אפק רע",
        "chainname": "ויקטורי",
        "subchainname": "ויקטורי",
        "storeid": 81.0,
        "address": "העמל 2",
        "city": "ראש העין",
        "zipcode": 4809202.0,
        "average_price_diff": 0.5687125618393949,
        "popular_item_count": 6898
      }
    },
    {
      "type": "Feature",
      "geometry": {
        "type": "Point",
        "coordinates": [
          34.7889942,
          31.914131
        ]
      },
      "properties": {
        "store_code": "vic_082",
        "store_name": "נס ציונה",
        "chainname": "ויקטורי",
        "subchainname": "ויקטורי",
        "storeid": 82.0,
        "address": "הפרדסים 1",
        "city": "נס ציונה",
        "zipcode": 7400448.0,
        "average_price_diff": 0.4200875274346615,
        "popular_item_count": 3268
      }
    },
    {
      "type": "Feature",
      "geometry": {
        "type": "Point",
        "coordinates": [
          34.8074069,
          31.9100444
        ]
      },
      "properties": {
        "store_code": "vic_083",
        "store_name": "רחובות",
        "chainname": "ויקטורי",
        "subchainname": "ויקטורי",
        "storeid": 83.0,
        "address": "אופנהיימר 10",
        "city": "רחובות",
        "zipcode": 7670110.0,
        "average_price_diff": 0.032752191027769634,
        "popular_item_count": 6202
      }
    },
    {
      "type": "Feature",
      "geometry": {
        "type": "Point",
        "coordinates": [
          34.899833725250886,
          32.40071493550128
        ]
      },
      "properties": {
        "store_code": "vic_084",
        "store_name": "עמק חפר",
        "chainname": "ויקטורי",
        "subchainname": "ויקטורי",
        "storeid": 84.0,
        "address": "נחל אלכסנדר 3",
        "city": "מ.א. עמק חפר",
        "zipcode": 4279900.0,
        "average_price_diff": -0.2686068101631546,
        "popular_item_count": 4788
      }
    },
    {
      "type": "Feature",
      "geometry": {
        "type": "Point",
        "coordinates": [
          35.1447145,
          32.7306786
        ]
      },
      "properties": {
        "store_code": "vic_086",
        "store_name": "טבעון",
        "chainname": "ויקטורי",
        "subchainname": "ויקטורי",
        "storeid": 86.0,
        "address": "המרווה 1",
        "city": "טבעון",
        "zipcode": 3653201.0,
        "average_price_diff": 0.5564202440143645,
        "popular_item_count": 4026
      }
    },
    {
      "type": "Feature",
      "geometry": {
        "type": "Point",
        "coordinates": [
          35.5850662,
          32.7029522
        ]
      },
      "properties": {
        "store_code": "vic_087",
        "store_name": "צמח",
        "chainname": "ויקטורי",
        "subchainname": "ויקטורי",
        "storeid": 87.0,
        "address": "צומת צמח מול כנרת",
        "city": "צמח",
        "zipcode": 1510501.0,
        "average_price_diff": 0.33274138142061366,
        "popular_item_count": 5778
      }
    },
    {
      "type": "Feature",
      "geometry": {
        "type": "Point",
        "coordinates": [
          34.8268328,
          32.1013734
        ]
      },
      "properties": {
        "store_code": "vic_088",
        "store_name": "איילון",
        "chainname": "ויקטורי",
        "subchainname": "ויקטורי",
        "storeid": 88.0,
        "address": "אבא הילל 301",
        "city": "רמת גן",
        "zipcode": 5259408.0,
        "average_price_diff": 0.44358803626246485,
        "popular_item_count": 7214
      }
    },
    {
      "type": "Feature",
      "geometry": {
        "type": "Point",
        "coordinates": [
          35.1879780995492,
          31.751896775801
        ]
      },
      "properties": {
        "store_code": "vic_089",
        "store_name": "מלחה",
        "chainname": "ויקטורי",
        "subchainname": "ויקטורי",
        "storeid": 89.0,
        "address": "אגודת הספורט 1",
        "city": "ירושלים",
        "zipcode": 9695989.0,
        "average_price_diff": 0.5370496124634457,
        "popular_item_count": 7092
      }
    },
    {
      "type": "Feature",
      "geometry": {
        "type": "Point",
        "coordinates": [
          34.87106748106706,
          32.32099900575121
        ]
      },
      "properties": {
        "store_code": "vic_090",
        "store_name": "נתניה",
        "chainname": "ויקטורי",
        "subchainname": "ויקטורי",
        "storeid": 90.0,
        "address": "האורזים 4",
        "city": "נתניה",
        "zipcode": 4201234.0,
        "average_price_diff": -0.31522217638991645,
        "popular_item_count": 4000
      }
    },
    {
      "type": "Feature",
      "geometry": {
        "type": "Point",
        "coordinates": [
          34.9467393,
          32.0054259
        ]
      },
      "properties": {
        "store_code": "vic_091",
        "store_name": "שוהם",
        "chainname": "ויקטורי",
        "subchainname": "ויקטורי",
        "storeid": 91.0,
        "address": "עמק איילון 161",
        "city": "שוהם",
        "zipcode": 6083646.0,
        "average_price_diff": 0.659841749125561,
        "popular_item_count": 5180
      }
    },
    {
      "type": "Feature",
      "geometry": {
        "type": "Point",
        "coordinates": [
          34.5945039,
          31.416317
        ]
      },
      "properties": {
        "store_code": "vic_092",
        "store_name": "נתיבות",
        "chainname": "ויקטורי",
        "subchainname": "ויקטורי",
        "storeid": 92.0,
        "address": "בעלי המלאכה 5",
        "city": "נתיבות",
        "zipcode": 8776202.0,
        "average_price_diff": 0.3824627821423649,
        "popular_item_count": 6234
      }
    },
    {
      "type": "Feature",
      "geometry": {
        "type": "Point",
        "coordinates": [
          35.04290957922363,
          32.46408714382093
        ]
      },
      "properties": {
        "store_code": "vic_093",
        "store_name": "חריש",
        "chainname": "ויקטורי",
        "subchainname": "ויקטורי",
        "storeid": 84.0,
        "address": "ספיר 1",
        "city": "חריש",
        "zipcode": 3760623.0,
        "average_price_diff": 0.21428567660076772,
        "popular_item_count": 4683
      }
    },
    {
      "type": "Feature",
      "geometry": {
        "type": "Point",
        "coordinates": [
          34.8105114,
          31.978379
        ]
      },
      "properties": {
        "store_code": "vic_094",
        "store_name": "שמוטקין",
        "chainname": "ויקטורי",
        "subchainname": "ויקטורי",
        "storeid": 94.0,
        "address": "משה בקר 32",
        "city": "ראשון לציון",
        "zipcode": 0.0,
        "average_price_diff": 0.044489111007658,
        "popular_item_count": 6143
      }
    },
    {
      "type": "Feature",
      "geometry": {
        "type": "Point",
        "coordinates": [
          34.56188805626226,
          31.66286783622757
        ]
      },
      "properties": {
        "store_code": "vic_095",
        "store_name": "אשקלון מרכז",
        "chainname": "ויקטורי",
        "subchainname": "ויקטורי",
        "storeid": 95.0,
        "address": "בן גוריון 1",
        "city": "אשקלון",
        "zipcode": 7828124.0,
        "average_price_diff": 0.5281571226175481,
        "popular_item_count": 6097
      }
    },
    {
      "type": "Feature",
      "geometry": {
        "type": "Point",
        "coordinates": [
          35.1024643,
          32.8052995
        ]
      },
      "properties": {
        "store_code": "vic_096",
        "store_name": "קרית אתא",
        "chainname": "ויקטורי",
        "subchainname": "ויקטורי",
        "storeid": 96.0,
        "address": "זבולון 14",
        "city": "קרית אתא",
        "zipcode": 2806007.0,
        "average_price_diff": 0.10076285567738741,
        "popular_item_count": 4547
      }
    },
    {
      "type": "Feature",
      "geometry": {
        "type": "Point",
        "coordinates": [
          34.781055,
          31.886744
        ]
      },
      "properties": {
        "store_code": "yoh_001",
        "store_name": "יוחננוף מפוח",
        "chainname": "יוחננוף",
        "subchainname": "יוחננוף",
        "storeid": 1.0,
        "address": "רחוב המפוח 11, אזור התעשיה",
        "city": "רחובות",
        "zipcode": 0.0,
        "average_price_diff": -7.350639616739922,
        "popular_item_count": 10349
      }
    },
    {
      "type": "Feature",
      "geometry": {
        "type": "Point",
        "coordinates": [
          34.8216302,
          31.8701392
        ]
      },
      "properties": {
        "store_code": "yoh_004",
        "store_name": "בילו",
        "chainname": "יוחננוף",
        "subchainname": "יוחננוף",
        "storeid": 4.0,
        "address": "צומת בילו",
        "city": "כפר ביל\"ו",
        "zipcode": 0.0,
        "average_price_diff": -7.7074318538351045,
        "popular_item_count": 6857
      }
    },
    {
      "type": "Feature",
      "geometry": {
        "type": "Point",
        "coordinates": [
          34.6540808,
          31.8112446
        ]
      },
      "properties": {
        "store_code": "yoh_005",
        "store_name": "אשדוד",
        "chainname": "יוחננוף",
        "subchainname": "יוחננוף",
        "storeid": 5.0,
        "address": "זבוטינסקי 27, סטאר סנטר",
        "city": "אשדוד",
        "zipcode": 0.0,
        "average_price_diff": -7.651679252929219,
        "popular_item_count": 7770
      }
    },
    {
      "type": "Feature",
      "geometry": {
        "type": "Point",
        "coordinates": [
          34.8145379,
          31.8601944
        ]
      },
      "properties": {
        "store_code": "yoh_007",
        "store_name": "עקרון",
        "chainname": "יוחננוף",
        "subchainname": "יוחננוף",
        "storeid": 7.0,
        "address": "המלך חסן 1",
        "city": "קרית עקרון",
        "zipcode": 0.0,
        "average_price_diff": -7.691688589517471,
        "popular_item_count": 9477
      }
    },
    {
      "type": "Feature",
      "geometry": {
        "type": "Point",
        "coordinates": [
          34.8111,
          31.8979797
        ]
      },
      "properties": {
        "store_code": "yoh_008",
        "store_name": "אחד העם",
        "chainname": "יוחננוף",
        "subchainname": "יוחננוף",
        "storeid": 8.0,
        "address": "רחוב אחד העם 19",
        "city": "רחובות",
        "zipcode": 0.0,
        "average_price_diff": -4.470895210046628,
        "popular_item_count": 4283
      }
    },
    {
      "type": "Feature",
      "geometry": {
        "type": "Point",
        "coordinates": [
          34.5973492,
          31.4182895
        ]
      },
      "properties": {
        "store_code": "yoh_009",
        "store_name": "נתיבות",
        "chainname": "יוחננוף",
        "subchainname": "יוחננוף",
        "storeid": 9.0,
        "address": "רחוב בעלי המלאכה 2, א.התעשיה",
        "city": "נתיבות",
        "zipcode": 0.0,
        "average_price_diff": -7.840767786595547,
        "popular_item_count": 5691
      }
    },
    {
      "type": "Feature",
      "geometry": {
        "type": "Point",
        "coordinates": [
          34.8862915,
          31.9372787
        ]
      },
      "properties": {
        "store_code": "yoh_012",
        "store_name": "רמלה",
        "chainname": "יוחננוף",
        "subchainname": "יוחננוף",
        "storeid": 12.0,
        "address": "שדרות ירושלים פינת נופי חמד",
        "city": "רמלה",
        "zipcode": 0.0,
        "average_price_diff": -7.284612412324736,
        "popular_item_count": 6522
      }
    },
    {
      "type": "Feature",
      "geometry": {
        "type": "Point",
        "coordinates": [
          35.0568101,
          32.8107072
        ]
      },
      "properties": {
        "store_code": "yoh_013",
        "store_name": "חוצות המפרץ",
        "chainname": "יוחננוף",
        "subchainname": "יוחננוף",
        "storeid": 13.0,
        "address": "החרושת 10 חוצות המפרץ",
        "city": "חיפה",
        "zipcode": 0.0,
        "average_price_diff": -7.637231592877785,
        "popular_item_count": 7544
      }
    },
    {
      "type": "Feature",
      "geometry": {
        "type": "Point",
        "coordinates": [
          34.85099350000001,
          32.0327584
        ]
      },
      "properties": {
        "store_code": "yoh_015",
        "store_name": "אור יהודה",
        "chainname": "יוחננוף",
        "subchainname": "יוחננוף",
        "storeid": 15.0,
        "address": "רחוב הפלדה 1",
        "city": "אור יהודה",
        "zipcode": 0.0,
        "average_price_diff": -4.913020627732119,
        "popular_item_count": 3991
      }
    },
    {
      "type": "Feature",
      "geometry": {
        "type": "Point",
        "coordinates": [
          34.7046109,
          31.7952094
        ]
      },
      "properties": {
        "store_code": "yoh_016",
        "store_name": "גן יבנה",
        "chainname": "יוחננוף",
        "subchainname": "יוחננוף",
        "storeid": 16.0,
        "address": "דרך מנחם בגין פינת המגנים 57",
        "city": "גן יבנה",
        "zipcode": 0.0,
        "average_price_diff": -4.289536537564493,
        "popular_item_count": 6625
      }
    },
    {
      "type": "Feature",
      "geometry": {
        "type": "Point",
        "coordinates": [
          34.9613304,
          31.8905467
        ]
      },
      "properties": {
        "store_code": "yoh_017",
        "store_name": "מודיעין ישפרו",
        "chainname": "יוחננוף",
        "subchainname": "יוחננוף",
        "storeid": 17.0,
        "address": "המלאכות 101",
        "city": "מודיעין מכבים רעות",
        "zipcode": 0.0,
        "average_price_diff": -7.545925435414555,
        "popular_item_count": 7852
      }
    },
    {
      "type": "Feature",
      "geometry": {
        "type": "Point",
        "coordinates": [
          35.009964,
          31.916163
        ]
      },
      "properties": {
        "store_code": "yoh_018",
        "store_name": "מודיעין כרמים",
        "chainname": "יוחננוף",
        "subchainname": "יוחננוף",
        "storeid": 18.0,
        "address": "תשר\"י 34",
        "city": "מודיעין מכבים רעות",
        "zipcode": 0.0,
        "average_price_diff": -4.360889391545689,
        "popular_item_count": 5114
      }
    },
    {
      "type": "Feature",
      "geometry": {
        "type": "Point",
        "coordinates": [
          34.85099350000001,
          32.0327584
        ]
      },
      "properties": {
        "store_code": "yoh_019",
        "store_name": "אור יהודה גדול",
        "chainname": "יוחננוף",
        "subchainname": "יוחננוף",
        "storeid": 19.0,
        "address": "אור יהודה",
        "city": "אור יהודה",
        "zipcode": 0.0,
        "average_price_diff": -7.758735591029238,
        "popular_item_count": 7699
      }
    },
    {
      "type": "Feature",
      "geometry": {
        "type": "Point",
        "coordinates": [
          35.2115478,
          31.7492504
        ]
      },
      "properties": {
        "store_code": "yoh_020",
        "store_name": "ירושלים תלפיות",
        "chainname": "יוחננוף",
        "subchainname": "יוחננוף",
        "storeid": 20.0,
        "address": "האומן",
        "city": "ירושלים",
        "zipcode": 0.0,
        "average_price_diff": -7.621421775845001,
        "popular_item_count": 7188
      }
    },
    {
      "type": "Feature",
      "geometry": {
        "type": "Point",
        "coordinates": [
          34.8943176,
          32.10503
        ]
      },
      "properties": {
        "store_code": "yoh_021",
        "store_name": "סגולה פתח תקווה",
        "chainname": "יוחננוף",
        "subchainname": "יוחננוף",
        "storeid": 21.0,
        "address": "סגולה",
        "city": "פתח תקווה",
        "zipcode": 0.0,
        "average_price_diff": -7.731606683960111,
        "popular_item_count": 6771
      }
    },
    {
      "type": "Feature",
      "geometry": {
        "type": "Point",
        "coordinates": [
          34.930406,
          32.4414918
        ]
      },
      "properties": {
        "store_code": "yoh_022",
        "store_name": "חדרה",
        "chainname": "יוחננוף",
        "subchainname": "יוחננוף",
        "storeid": 22.0,
        "address": "צה\"ל 35",
        "city": "חדרה",
        "zipcode": 0.0,
        "average_price_diff": -7.571856038288578,
        "popular_item_count": 7311
      }
    },
    {
      "type": "Feature",
      "geometry": {
        "type": "Point",
        "coordinates": [
          35.50293440000964,
          32.779228281584146
        ]
      },
      "properties": {
        "store_code": "yoh_023",
        "store_name": "טבריה",
        "chainname": "יוחננוף",
        "subchainname": "יוחננוף",
        "storeid": 23.0,
        "address": "unknown",
        "city": "טבריה",
        "zipcode": 0.0,
        "average_price_diff": -7.8615774325200425,
        "popular_item_count": 6245
      }
    },
    {
      "type": "Feature",
      "geometry": {
        "type": "Point",
        "coordinates": [
          34.9284553,
          32.1669158
        ]
      },
      "properties": {
        "store_code": "yoh_024",
        "store_name": "כפר סבא",
        "chainname": "יוחננוף",
        "subchainname": "יוחננוף",
        "storeid": 24.0,
        "address": "unknown",
        "city": "כפר סבא",
        "zipcode": 0.0,
        "average_price_diff": -7.546310175023211,
        "popular_item_count": 7925
      }
    },
    {
      "type": "Feature",
      "geometry": {
        "type": "Point",
        "coordinates": [
          34.7973195,
          31.930427
        ]
      },
      "properties": {
        "store_code": "yoh_025",
        "store_name": "נס ציונה",
        "chainname": "יוחננוף",
        "subchainname": "יוחננוף",
        "storeid": 25.0,
        "address": "נס ציונה",
        "city": "נס ציונה",
        "zipcode": 0.0,
        "average_price_diff": -4.290402460249874,
        "popular_item_count": 5330
      }
    },
    {
      "type": "Feature",
      "geometry": {
        "type": "Point",
        "coordinates": [
          34.8590274,
          32.1283385
        ]
      },
      "properties": {
        "store_code": "yoh_026",
        "store_name": "רמת השרון",
        "chainname": "יוחננוף",
        "subchainname": "יוחננוף",
        "storeid": 26.0,
        "address": "חרושת 10",
        "city": "רמת השרון",
        "zipcode": 0.0,
        "average_price_diff": -7.116060604769184,
        "popular_item_count": 7562
      }
    },
    {
      "type": "Feature",
      "geometry": {
        "type": "Point",
        "coordinates": [
          34.79160299999999,
          32.0626068
        ]
      },
      "properties": {
        "store_code": "yoh_027",
        "store_name": "יד אליהו",
        "chainname": "יוחננוף",
        "subchainname": "יוחננוף",
        "storeid": 27.0,
        "address": "יגאל אלון 57",
        "city": "תל אביב יפו",
        "zipcode": 0.0,
        "average_price_diff": -7.305288063001067,
        "popular_item_count": 7066
      }
    },
    {
      "type": "Feature",
      "geometry": {
        "type": "Point",
        "coordinates": [
          34.7923622,
          31.9828662
        ]
      },
      "properties": {
        "store_code": "yoh_028",
        "store_name": "ראשלצ רמת אליהו",
        "chainname": "יוחננוף",
        "subchainname": "יוחננוף",
        "storeid": 28.0,
        "address": "משורר השואה 15",
        "city": "ראשון לציון",
        "zipcode": 0.0,
        "average_price_diff": -8.211336419160778,
        "popular_item_count": 6307
      }
    },
    {
      "type": "Feature",
      "geometry": {
        "type": "Point",
        "coordinates": [
          34.7516713,
          32.0135807
        ]
      },
      "properties": {
        "store_code": "yoh_029",
        "store_name": "בת ים",
        "chainname": "יוחננוף",
        "subchainname": "יוחננוף",
        "storeid": 29.0,
        "address": "בת ים",
        "city": "בת ים",
        "zipcode": 0.0,
        "average_price_diff": -4.437447255900937,
        "popular_item_count": 6484
      }
    },
    {
      "type": "Feature",
      "geometry": {
        "type": "Point",
        "coordinates": [
          34.8664061,
          32.2868611
        ]
      },
      "properties": {
        "store_code": "yoh_030",
        "store_name": "נתניה",
        "chainname": "יוחננוף",
        "subchainname": "יוחננוף",
        "storeid": 30.0,
        "address": "נתניה",
        "city": "נתניה",
        "zipcode": 0.0,
        "average_price_diff": -7.637234020760811,
        "popular_item_count": 7290
      }
    },
    {
      "type": "Feature",
      "geometry": {
        "type": "Point",
        "coordinates": [
          34.7900746,
          31.8942716
        ]
      },
      "properties": {
        "store_code": "yoh_031",
        "store_name": "מרכז סנטרו רחובות",
        "chainname": "יוחננוף",
        "subchainname": "יוחננוף",
        "storeid": 31.0,
        "address": "רחובות",
        "city": "רחובות",
        "zipcode": 0.0,
        "average_price_diff": -7.812227553224017,
        "popular_item_count": 7654
      }
    },
    {
      "type": "Feature",
      "geometry": {
        "type": "Point",
        "coordinates": [
          34.7690582,
          32.0443009
        ]
      },
      "properties": {
        "store_code": "yoh_032",
        "store_name": "בן צבי תל אביב",
        "chainname": "יוחננוף",
        "subchainname": "יוחננוף",
        "storeid": 32.0,
        "address": "דרך בן צבי 112",
        "city": "תל אביב יפו",
        "zipcode": 0.0,
        "average_price_diff": -7.280265822725359,
        "popular_item_count": 6824
      }
    },
    {
      "type": "Feature",
      "geometry": {
        "type": "Point",
        "coordinates": [
          34.914539,
          31.9861295
        ]
      },
      "properties": {
        "store_code": "yoh_033",
        "store_name": "איירפורט סיטי",
        "chainname": "יוחננוף",
        "subchainname": "יוחננוף",
        "storeid": 33.0,
        "address": "איירפורט סיטי",
        "city": "איירפורט סיטי",
        "zipcode": 0.0,
        "average_price_diff": -4.139766815236737,
        "popular_item_count": 6615
      }
    },
    {
      "type": "Feature",
      "geometry": {
        "type": "Point",
        "coordinates": [
          34.5823216,
          31.6262096
        ]
      },
      "properties": {
        "store_code": "yoh_034",
        "store_name": "מבקיעים אשקלון",
        "chainname": "יוחננוף",
        "subchainname": "יוחננוף",
        "storeid": 34.0,
        "address": "מתחם גלובוס סנטר, מבקיעים",
        "city": "אשקלון",
        "zipcode": 0.0,
        "average_price_diff": -7.843068154451091,
        "popular_item_count": 6824
      }
    },
    {
      "type": "Feature",
      "geometry": {
        "type": "Point",
        "coordinates": [
          34.7981136,
          32.0739817
        ]
      },
      "properties": {
        "store_code": "yoh_035",
        "store_name": "תל אביב נחלת יצחק",
        "chainname": "יוחננוף",
        "subchainname": "יוחננוף",
        "storeid": 35.0,
        "address": "נחלת יצחק 20",
        "city": "תל אביב יפו",
        "zipcode": 0.0,
        "average_price_diff": -4.287843680269473,
        "popular_item_count": 4728
      }
    },
    {
      "type": "Feature",
      "geometry": {
        "type": "Point",
        "coordinates": [
          34.8949244,
          32.4407789
        ]
      },
      "properties": {
        "store_code": "yoh_036",
        "store_name": "חדרה צפוני",
        "chainname": "יוחננוף",
        "subchainname": "יוחננוף",
        "storeid": 36.0,
        "address": "דן שכטמן 10",
        "city": "חדרה",
        "zipcode": 0.0,
        "average_price_diff": -7.949849336619259,
        "popular_item_count": 7015
      }
    },
    {
      "type": "Feature",
      "geometry": {
        "type": "Point",
        "coordinates": [
          35.2974223,
          32.6065955
        ]
      },
      "properties": {
        "store_code": "yoh_037",
        "store_name": "עפולה",
        "chainname": "יוחננוף",
        "subchainname": "יוחננוף",
        "storeid": 37.0,
        "address": "קהילת ציון 30",
        "city": "עפולה",
        "zipcode": 0.0,
        "average_price_diff": -8.205666446737936,
        "popular_item_count": 5633
      }
    },
    {
      "type": "Feature",
      "geometry": {
        "type": "Point",
        "coordinates": [
          35.53184441507727,
          32.79081408461976
        ]
      },
      "properties": {
        "store_code": "yoh_038",
        "store_name": "טבריה תחתית",
        "chainname": "יוחננוף",
        "subchainname": "יוחננוף",
        "storeid": 38.0,
        "address": "יהודה הלוי 113",
        "city": "טבריה",
        "zipcode": 0.0,
        "average_price_diff": -7.973947068848235,
        "popular_item_count": 4537
      }
    },
    {
      "type": "Feature",
      "geometry": {
        "type": "Point",
        "coordinates": [
          35.5694944,
          33.1971022
        ]
      },
      "properties": {
        "store_code": "yoh_039",
        "store_name": "קרית שמונה",
        "chainname": "יוחננוף",
        "subchainname": "יוחננוף",
        "storeid": 39.0,
        "address": "שדרות תל חי 93",
        "city": "קרית שמונה",
        "zipcode": 0.0,
        "average_price_diff": -8.109075218783623,
        "popular_item_count": 5826
      }
    },
    {
      "type": "Feature",
      "geometry": {
        "type": "Point",
        "coordinates": [
          34.8092079,
          31.2416655
        ]
      },
      "properties": {
        "store_code": "yoh_040",
        "store_name": "באר שבע",
        "chainname": "יוחננוף",
        "subchainname": "יוחננוף",
        "storeid": 40.0,
        "address": "דרך חברון 48",
        "city": "באר שבע",
        "zipcode": 0.0,
        "average_price_diff": -7.774028937221073,
        "popular_item_count": 7293
      }
    },
    {
      "type": "Feature",
      "geometry": {
        "type": "Point",
        "coordinates": [
          34.5798745,
          31.70115169999999
        ]
      },
      "properties": {
        "store_code": "yoh_041",
        "store_name": "אשקלון ברנע",
        "chainname": "יוחננוף",
        "subchainname": "יוחננוף",
        "storeid": 41.0,
        "address": "אריה טגר 45",
        "city": "אשקלון",
        "zipcode": 0.0,
        "average_price_diff": -4.3909879981100035,
        "popular_item_count": 5479
      }
    },
    {
      "type": "Feature",
      "geometry": {
        "type": "Point",
        "coordinates": [
          34.7742545,
          31.9756564
        ]
      },
      "properties": {
        "store_code": "yoh_042",
        "store_name": "קניון הבאר",
        "chainname": "יוחננוף",
        "subchainname": "יוחננוף",
        "storeid": 42.0,
        "address": "מורשת ישראל 15",
        "city": "ראשון לציון",
        "zipcode": 0.0,
        "average_price_diff": -4.620309795471743,
        "popular_item_count": 4207
      }
    },
    {
      "type": "Feature",
      "geometry": {
        "type": "Point",
        "coordinates": [
          35.33159855220235,
          31.790271002655313
        ]
      },
      "properties": {
        "store_code": "yoh_046",
        "store_name": "מישור אדומים",
        "chainname": "יוחננוף",
        "subchainname": "יוחננוף",
        "storeid": null,
        "address": "חרובית 9",
        "city": "מעלה אדומים",
        "zipcode": null,
        "average_price_diff": -7.734987184548124,
        "popular_item_count": 6666
      }
    },
    {
      "type": "Feature",
      "geometry": {
        "type": "Point",
        "coordinates": [
          35.5715331,
          32.6620459
        ]
      },
      "properties": {
        "store_code": "yoh_048",
        "store_name": "אשדות יעקב",
        "chainname": "יוחננוף",
        "subchainname": "יוחננוף",
        "storeid": 48.0,
        "address": "אשדות יעקב",
        "city": "אשדות יעקב",
        "zipcode": 0.0,
        "average_price_diff": -4.5896770185504465,
        "popular_item_count": 3492
      }
    },
    {
      "type": "Feature",
      "geometry": {
        "type": "Point",
        "coordinates": [
          34.8715049,
          32.3232133
        ]
      },
      "properties": {
        "store_code": "yoh_050",
        "store_name": "נתניה הדרים",
        "chainname": "יוחננוף",
        "subchainname": "יוחננוף",
        "storeid": 50.0,
        "address": "האורזים 2",
        "city": "נתניה",
        "zipcode": 0.0,
        "average_price_diff": -7.947784959469044,
        "popular_item_count": 7046
      }
    },
    {
      "type": "Feature",
      "geometry": {
        "type": "Point",
        "coordinates": [
          34.7774347,
          31.8120082
        ]
      },
      "properties": {
        "store_code": "yoh_052",
        "store_name": "גדרה",
        "chainname": "יוחננוף",
        "subchainname": "יוחננוף",
        "storeid": null,
        "address": "אברהם דורון 1",
        "city": "גדרה",
        "zipcode": null,
        "average_price_diff": -7.8537221100674115,
        "popular_item_count": 6855
      }
    },
    {
      "type": "Feature",
      "geometry": {
        "type": "Point",
        "coordinates": [
          34.8654493,
          32.1931177
        ]
      },
      "properties": {
        "store_code": "yoh_053",
        "store_name": "רעננה",
        "chainname": "יוחננוף",
        "subchainname": "יוחננוף",
        "storeid": 53.0,
        "address": "נווה זמר",
        "city": "רעננה",
        "zipcode": 0.0,
        "average_price_diff": -4.322989387443654,
        "popular_item_count": 3732
      }
    },
    {
      "type": "Feature",
      "geometry": {
        "type": "Point",
        "coordinates": [
          34.77591,
          32.06564
        ]
      },
      "properties": {
        "store_code": "yoh_054",
        "store_name": "תא - אחד העם",
        "chainname": "יוחננוף",
        "subchainname": "יוחננוף",
        "storeid": 54.0,
        "address": "unknown",
        "city": "תל אביב יפו",
        "zipcode": 0.0,
        "average_price_diff": -1.0716001866904707,
        "popular_item_count": 1268
      }
    },
    {
      "type": "Feature",
      "geometry": {
        "type": "Point",
        "coordinates": [
          34.5728863,
          31.4124752
        ]
      },
      "properties": {
        "store_code": "yoh_055",
        "store_name": "נתיבות מנהטן",
        "chainname": "יוחננוף",
        "subchainname": "יוחננוף",
        "storeid": 55.0,
        "address": "אליהו אילוז 2",
        "city": "נתיבות",
        "zipcode": 0.0,
        "average_price_diff": -8.177704106018457,
        "popular_item_count": 3937
      }
    },
    {
      "type": "Feature",
      "geometry": {
        "type": "Point",
        "coordinates": [
          34.917818,
          32.5046361
        ]
      },
      "properties": {
        "store_code": "yoh_059",
        "store_name": "אור עקיבא -שקמים",
        "chainname": "יוחננוף",
        "subchainname": "יוחננוף",
        "storeid": 59.0,
        "address": "השקמים 8",
        "city": "אור עקיבא",
        "zipcode": 0.0,
        "average_price_diff": -4.934884560103661,
        "popular_item_count": 2711
      }
    },
    {
      "type": "Feature",
      "geometry": {
        "type": "Point",
        "coordinates": [
          35.503976,
          32.498671
        ]
      },
      "properties": {
        "store_code": "yoh_060",
        "store_name": "בית שאן",
        "chainname": "יוחננוף",
        "subchainname": "יוחננוף",
        "storeid": null,
        "address": "מנחם בגין 1 ",
        "city": "בית שאן",
        "zipcode": null,
        "average_price_diff": -4.7810311077893335,
        "popular_item_count": 4183
      }
    },
    {
      "type": "Feature",
      "geometry": {
        "type": "Point",
        "coordinates": [
          35.19970286209431,
          31.810066831198057
        ]
      },
      "properties": {
        "store_code": "zol_003",
        "store_name": "רמות עליית נוער",
        "chainname": "זול ובגדול",
        "subchainname": "זול ובגדול",
        "storeid": null,
        "address": "עליית הנוער 5",
        "city": "ירושלים",
        "zipcode": null,
        "average_price_diff": -1.8767720341045457,
        "popular_item_count": 2394
      }
    },
    {
      "type": "Feature",
      "geometry": {
        "type": "Point",
        "coordinates": [
          35.2207595,
          31.7883017
        ]
      },
      "properties": {
        "store_code": "zol_004",
        "store_name": "מאה שערים",
        "chainname": "זול ובגדול",
        "subchainname": "זול ובגדול",
        "storeid": null,
        "address": "מאה שערים פינת חבקוק 21",
        "city": "ירושלים",
        "zipcode": null,
        "average_price_diff": -1.7389188537914053,
        "popular_item_count": 3910
      }
    },
    {
      "type": "Feature",
      "geometry": {
        "type": "Point",
        "coordinates": [
          35.1838443,
          31.7668152
        ]
      },
      "properties": {
        "store_code": "zol_006",
        "store_name": "הפסגה 39 החדש",
        "chainname": "זול ובגדול",
        "subchainname": "זול ובגדול",
        "storeid": null,
        "address": "הפסגה 39 39",
        "city": "ירושלים",
        "zipcode": null,
        "average_price_diff": -1.3500912253401682,
        "popular_item_count": 3289
      }
    },
    {
      "type": "Feature",
      "geometry": {
        "type": "Point",
        "coordinates": [
          35.22016991728373,
          31.782656716543883
        ]
      },
      "properties": {
        "store_code": "zol_007",
        "store_name": "הרב קוק",
        "chainname": "זול ובגדול",
        "subchainname": "זול ובגדול",
        "storeid": null,
        "address": "הרב קוק 8 8",
        "city": "ירושלים",
        "zipcode": null,
        "average_price_diff": -2.4907340114429974,
        "popular_item_count": 3774
      }
    },
    {
      "type": "Feature",
      "geometry": {
        "type": "Point",
        "coordinates": [
          35.1908788227467,
          31.762397628642
        ]
      },
      "properties": {
        "store_code": "zol_008",
        "store_name": "בית וגן חכמי",
        "chainname": "זול ובגדול",
        "subchainname": "זול ובגדול",
        "storeid": null,
        "address": "יוסף חכמי 30 30",
        "city": "ירושלים",
        "zipcode": null,
        "average_price_diff": -2.1022390809346474,
        "popular_item_count": 4961
      }
    },
    {
      "type": "Feature",
      "geometry": {
        "type": "Point",
        "coordinates": [
          35.313739981037656,
          31.779595939017558
        ]
      },
      "properties": {
        "store_code": "zol_009",
        "store_name": "מעלה אדומים האבן",
        "chainname": "זול ובגדול",
        "subchainname": "זול ובגדול",
        "storeid": null,
        "address": "האבן 15 אזור 07 15",
        "city": "מעלה אדומים",
        "zipcode": null,
        "average_price_diff": -2.8992678636802167,
        "popular_item_count": 3055
      }
    },
    {
      "type": "Feature",
      "geometry": {
        "type": "Point",
        "coordinates": [
          35.239033308052285,
          31.81985965462172
        ]
      },
      "properties": {
        "store_code": "zol_011",
        "store_name": "פסגת זאב הגדול",
        "chainname": "זול ובגדול",
        "subchainname": "זול ובגדול",
        "storeid": null,
        "address": "יקותיאל אדם 2",
        "city": "ירושלים",
        "zipcode": null,
        "average_price_diff": -2.5859087467257784,
        "popular_item_count": 6954
      }
    },
    {
      "type": "Feature",
      "geometry": {
        "type": "Point",
        "coordinates": [
          35.1823198,
          31.7691712
        ]
      },
      "properties": {
        "store_code": "zol_012",
        "store_name": "הפסגה 16",
        "chainname": "זול ובגדול",
        "subchainname": "זול ובגדול",
        "storeid": null,
        "address": "הפסגה 16",
        "city": "ירושלים",
        "zipcode": null,
        "average_price_diff": -1.3080951499261606,
        "popular_item_count": 2555
      }
    },
    {
      "type": "Feature",
      "geometry": {
        "type": "Point",
        "coordinates": [
          35.1736046,
          31.7834215
        ]
      },
      "properties": {
        "store_code": "zol_013",
        "store_name": "הר נוף",
        "chainname": "זול ובגדול",
        "subchainname": "זול ובגדול",
        "storeid": null,
        "address": "שאולזון 57",
        "city": "ירושלים",
        "zipcode": null,
        "average_price_diff": -1.5852569301728492,
        "popular_item_count": 3381
      }
    },
    {
      "type": "Feature",
      "geometry": {
        "type": "Point",
        "coordinates": [
          35.252714409875495,
          31.81651385861792
        ]
      },
      "properties": {
        "store_code": "zol_014",
        "store_name": "פ.זאב מרידור",
        "chainname": "זול ובגדול",
        "subchainname": "זול ובגדול",
        "storeid": null,
        "address": "אליהו מרידור 2",
        "city": "ירושלים",
        "zipcode": null,
        "average_price_diff": -2.6585865205124923,
        "popular_item_count": 3741
      }
    },
    {
      "type": "Feature",
      "geometry": {
        "type": "Point",
        "coordinates": [
          35.1776498,
          31.7548539
        ]
      },
      "properties": {
        "store_code": "zol_015",
        "store_name": "קרית יובל",
        "chainname": "זול ובגדול",
        "subchainname": "זול ובגדול",
        "storeid": null,
        "address": "אורגוואי 31",
        "city": "ירושלים",
        "zipcode": null,
        "average_price_diff": -2.1460943320473946,
        "popular_item_count": 3754
      }
    },
    {
      "type": "Feature",
      "geometry": {
        "type": "Point",
        "coordinates": [
          35.21297819999999,
          31.7865467
        ]
      },
      "properties": {
        "store_code": "zol_016",
        "store_name": "מחנה יהודה",
        "chainname": "זול ובגדול",
        "subchainname": "זול ובגדול",
        "storeid": null,
        "address": "יפו 113",
        "city": "ירושלים",
        "zipcode": null,
        "average_price_diff": -2.28405517015098,
        "popular_item_count": 4785
      }
    },
    {
      "type": "Feature",
      "geometry": {
        "type": "Point",
        "coordinates": [
          34.562768265687566,
          31.6577971863612
        ]
      },
      "properties": {
        "store_code": "zol_018",
        "store_name": "אשקלון עתיקות",
        "chainname": "זול ובגדול",
        "subchainname": "זול ובגדול",
        "storeid": null,
        "address": "יהודה הלוי 38",
        "city": "אשקלון",
        "zipcode": null,
        "average_price_diff": -2.292113059688846,
        "popular_item_count": 4371
      }
    },
    {
      "type": "Feature",
      "geometry": {
        "type": "Point",
        "coordinates": [
          34.6316162,
          31.7809928
        ]
      },
      "properties": {
        "store_code": "zol_019",
        "store_name": "אשדוד",
        "chainname": "זול ובגדול",
        "subchainname": "זול ובגדול",
        "storeid": null,
        "address": "הרי הגולן  רובע י\"א 12",
        "city": "אשדוד",
        "zipcode": null,
        "average_price_diff": -2.319041050418859,
        "popular_item_count": 4551
      }
    },
    {
      "type": "Feature",
      "geometry": {
        "type": "Point",
        "coordinates": [
          34.671447,
          31.736151
        ]
      },
      "properties": {
        "store_code": "zol_020",
        "store_name": "כפר עזר",
        "chainname": "זול ובגדול",
        "subchainname": "זול ובגדול",
        "storeid": null,
        "address": "מרכז מסחרי השחף 20",
        "city": "כפר עזר",
        "zipcode": null,
        "average_price_diff": -2.734978796786164,
        "popular_item_count": 3478
      }
    },
    {
      "type": "Feature",
      "geometry": {
        "type": "Point",
        "coordinates": [
          34.56443119452367,
          31.66386110503333
        ]
      },
      "properties": {
        "store_code": "zol_021",
        "store_name": "אשקלון סיטי",
        "chainname": "זול ובגדול",
        "subchainname": "זול ובגדול",
        "storeid": null,
        "address": "בן גוריון 21",
        "city": "אשקלון",
        "zipcode": null,
        "average_price_diff": -2.617669714144799,
        "popular_item_count": 3898
      }
    },
    {
      "type": "Feature",
      "geometry": {
        "type": "Point",
        "coordinates": [
          35.202911674605886,
          31.816404463204467
        ]
      },
      "properties": {
        "store_code": "zol_023",
        "store_name": "רמות לואי ליפסקי",
        "chainname": "זול ובגדול",
        "subchainname": "זול ובגדול",
        "storeid": null,
        "address": "לואי ליפסקי 39",
        "city": "ירושלים",
        "zipcode": null,
        "average_price_diff": -1.4831287078476287,
        "popular_item_count": 2755
      }
    },
    {
      "type": "Feature",
      "geometry": {
        "type": "Point",
        "coordinates": [
          35.19508772336755,
          31.81232996564091
        ]
      },
      "properties": {
        "store_code": "zol_024",
        "store_name": "רמות ב'",
        "chainname": "זול ובגדול",
        "subchainname": "זול ובגדול",
        "storeid": null,
        "address": "צונדק 109",
        "city": "ירושלים",
        "zipcode": null,
        "average_price_diff": -1.5340926562834412,
        "popular_item_count": 3879
      }
    },
    {
      "type": "Feature",
      "geometry": {
        "type": "Point",
        "coordinates": [
          35.1561336,
          31.8083301
        ]
      },
      "properties": {
        "store_code": "zol_025",
        "store_name": "מבשרת ציון",
        "chainname": "זול ובגדול",
        "subchainname": "זול ובגדול",
        "storeid": null,
        "address": "החושן 3",
        "city": "מבשרת ציון",
        "zipcode": null,
        "average_price_diff": -2.6580304797291476,
        "popular_item_count": 4156
      }
    },
    {
      "type": "Feature",
      "geometry": {
        "type": "Point",
        "coordinates": [
          35.2046833,
          31.7661241
        ]
      },
      "properties": {
        "store_code": "zol_027",
        "store_name": "ניות- הרצוג",
        "chainname": "זול ובגדול",
        "subchainname": "זול ובגדול",
        "storeid": null,
        "address": "הרצוג 61",
        "city": "ירושלים",
        "zipcode": null,
        "average_price_diff": -2.300546196366177,
        "popular_item_count": 5983
      }
    },
    {
      "type": "Feature",
      "geometry": {
        "type": "Point",
        "coordinates": [
          34.3269674,
          31.2057442
        ]
      },
      "properties": {
        "store_code": "zol_028",
        "store_name": "מושב יתד",
        "chainname": "זול ובגדול",
        "subchainname": "זול ובגדול",
        "storeid": null,
        "address": "אבשלום אזור תעשיה 0",
        "city": "יתד",
        "zipcode": null,
        "average_price_diff": -2.2405465135857323,
        "popular_item_count": 4242
      }
    },
    {
      "type": "Feature",
      "geometry": {
        "type": "Point",
        "coordinates": [
          35.2157297393941,
          31.785392211654
        ]
      },
      "properties": {
        "store_code": "zol_030",
        "store_name": "נביאים",
        "chainname": "זול ובגדול",
        "subchainname": "זול ובגדול",
        "storeid": null,
        "address": "הנביאים 84",
        "city": "ירושלים",
        "zipcode": null,
        "average_price_diff": -1.8274254626264579,
        "popular_item_count": 3554
      }
    },
    {
      "type": "Feature",
      "geometry": {
        "type": "Point",
        "coordinates": [
          35.3066171077935,
          31.769649797445435
        ]
      },
      "properties": {
        "store_code": "zol_031",
        "store_name": "מעלה אדומים העירית II",
        "chainname": "זול ובגדול",
        "subchainname": "זול ובגדול",
        "storeid": null,
        "address": "העירית 1",
        "city": "מעלה אדומים",
        "zipcode": null,
        "average_price_diff": -2.6659698743299227,
        "popular_item_count": 2686
      }
    },
    {
      "type": "Feature",
      "geometry": {
        "type": "Point",
        "coordinates": [
          35.4694328,
          32.0558853
        ]
      },
      "properties": {
        "store_code": "zol_032",
        "store_name": "הבקעה",
        "chainname": "זול ובגדול",
        "subchainname": "זול ובגדול",
        "storeid": null,
        "address": "מפגש הבשקעה(מפגש יפית) 0",
        "city": "בקעת הירדן",
        "zipcode": null,
        "average_price_diff": -2.157499794176708,
        "popular_item_count": 5974
      }
    },
    {
      "type": "Feature",
      "geometry": {
        "type": "Point",
        "coordinates": [
          35.2153565,
          31.7939106
        ]
      },
      "properties": {
        "store_code": "zol_035",
        "store_name": "כל זול בר אילן",
        "chainname": "זול ובגדול",
        "subchainname": "זול ובגדול",
        "storeid": null,
        "address": "בר אילן 5",
        "city": "ירושלים",
        "zipcode": null,
        "average_price_diff": -1.2052416106572013,
        "popular_item_count": 3931
      }
    },
    {
      "type": "Feature",
      "geometry": {
        "type": "Point",
        "coordinates": [
          35.2177594,
          31.7949501
        ]
      },
      "properties": {
        "store_code": "zol_036",
        "store_name": "אוהלי יוסף",
        "chainname": "זול ובגדול",
        "subchainname": "זול ובגדול",
        "storeid": null,
        "address": "אוהלי יוסף 3",
        "city": "ירושלים",
        "zipcode": null,
        "average_price_diff": -1.4734054544272939,
        "popular_item_count": 4406
      }
    },
    {
      "type": "Feature",
      "geometry": {
        "type": "Point",
        "coordinates": [
          35.2094344,
          31.76680619999999
        ]
      },
      "properties": {
        "store_code": "zol_037",
        "store_name": "הפלמח 38",
        "chainname": "זול ובגדול",
        "subchainname": "זול ובגדול",
        "storeid": null,
        "address": "פלמח 38",
        "city": "ירושלים",
        "zipcode": null,
        "average_price_diff": -2.4556640664714466,
        "popular_item_count": 3552
      }
    },
    {
      "type": "Feature",
      "geometry": {
        "type": "Point",
        "coordinates": [
          35.18883110802147,
          31.76470301441117
        ]
      },
      "properties": {
        "store_code": "zol_038",
        "store_name": "עוזיאל  111",
        "chainname": "זול ובגדול",
        "subchainname": "זול ובגדול",
        "storeid": null,
        "address": "עוזיאל 111",
        "city": "ירושלים",
        "zipcode": null,
        "average_price_diff": -1.7889924170701217,
        "popular_item_count": 4228
      }
    },
    {
      "type": "Feature",
      "geometry": {
        "type": "Point",
        "coordinates": [
          34.995716,
          31.7075214
        ]
      },
      "properties": {
        "store_code": "zol_039",
        "store_name": "הרב אויירבך בית שמש",
        "chainname": "זול ובגדול",
        "subchainname": "זול ובגדול",
        "storeid": null,
        "address": "הרב אויירבך 62",
        "city": "בית שמש",
        "zipcode": null,
        "average_price_diff": -1.4862017485925836,
        "popular_item_count": 4942
      }
    },
    {
      "type": "Feature",
      "geometry": {
        "type": "Point",
        "coordinates": [
          35.206359,
          31.7883581
        ]
      },
      "properties": {
        "store_code": "zol_040",
        "store_name": "יפו 212",
        "chainname": "זול ובגדול",
        "subchainname": "זול ובגדול",
        "storeid": null,
        "address": "יפו 212",
        "city": "ירושלים",
        "zipcode": null,
        "average_price_diff": -2.101895461859715,
        "popular_item_count": 5709
      }
    },
    {
      "type": "Feature",
      "geometry": {
        "type": "Point",
        "coordinates": [
          35.223376,
          31.7957476
        ]
      },
      "properties": {
        "store_code": "zol_041",
        "store_name": "ארץ חפץ",
        "chainname": "זול ובגדול",
        "subchainname": "זול ובגדול",
        "storeid": null,
        "address": "ארץ חפץ 106",
        "city": "ירושלים",
        "zipcode": null,
        "average_price_diff": -1.9174088974436239,
        "popular_item_count": 2026
      }
    },
    {
      "type": "Feature",
      "geometry": {
        "type": "Point",
        "coordinates": [
          35.1744974,
          31.7634976
        ]
      },
      "properties": {
        "store_code": "zol_042",
        "store_name": "קליינמן",
        "chainname": "זול ובגדול",
        "subchainname": "זול ובגדול",
        "storeid": null,
        "address": "קליימן 6",
        "city": "ירושלים",
        "zipcode": null,
        "average_price_diff": -2.1791504377088917,
        "popular_item_count": 3907
      }
    },
    {
      "type": "Feature",
      "geometry": {
        "type": "Point",
        "coordinates": [
          35.246148378834036,
          31.83114302859639
        ]
      },
      "properties": {
        "store_code": "zol_089",
        "store_name": "פסגת זאב",
        "chainname": "זול ובגדול",
        "subchainname": "זול ובגדול",
        "storeid": null,
        "address": "חיל האוויר 15",
        "city": "ירושלים",
        "zipcode": null,
        "average_price_diff": 0.017680566592931674,
        "popular_item_count": 2804
      }
    }
  ]
}