store_code,store_name,chainname,subchainname,storeid,address,city,zipcode,latitude,longitude,average_price_diff,popular_item_count
ampm_401,AM-PMדרך השלום,ampm,AM:PM,401.0,דרך השלום 53,גבעתיים,5345433.0,32.066902,34.803277,8.516296197196732,4685
ampm_402,AM-PMקרית ביאליק,ampm,AM:PM,402.0,נעמי שמר 10,קרית ביאליק,2751419.0,32.8493857,35.1054986,8.839903183147472,4512
ampm_403,AM-PM המושבה הגרמנית,ampm,AM:PM,403.0,בן גוריון 6,חיפה,3541416.0,32.82334041273907,34.99175345298348,8.921086377875879,4144
ampm_404,"AM-PMאח""י אילת חיפה",ampm,AM:PM,404.0,"אח""י אילת 22",חיפה,3541416.0,32.82334041273907,34.99175345298348,9.121614182982016,3150
ampm_501,Am-pm בן יהודה 30,ampm,AM:PM,501.0,בן יהודה 30,תל אביב יפו,6380407.0,32.0760792,34.7682159,8.860440116218578,3992
ampm_504,Am-pm נורדאו,ampm,AM:PM,504.0,בן יהודה 195,תל אביב יפו,6347312.0,32.0921006,34.7744633,8.690658928918955,4646
ampm_505,Am-pmאלנבי,ampm,AM:PM,505.0,אלנבי 115,תל אביב יפו,6581708.0,32.0624808,34.7736408,8.486800154944,4948
ampm_506,Am-pm קינג גורג,ampm,AM:PM,506.0,קינג גורג 24,תל אביב יפו,6326709.0,32.0718846,34.7736551,8.950352160502137,3917
ampm_507,Am-pm 24 שנקין,ampm,AM:PM,507.0,שנקין 24,תל אביב יפו,6523132.0,32.0692713,34.7728342,8.597189573942211,4596
ampm_508,Am-pm  אבן גבירול,ampm,AM:PM,508.0,אבן גבירול 14,תל אביב יפו,6407716.0,32.0729348,34.7819905,8.816614010033872,3953
ampm_509,Am-pm זמנהוף,ampm,AM:PM,509.0,קינג גורג 99,תל אביב יפו,6433831.0,32.077532,34.7775964,8.712168303041564,4294
ampm_510,Am-pm לינקולן,ampm,AM:PM,510.0,לינקולן 9,תל אביב יפו,0.0,32.0670307,34.7818233,8.64704365189314,3535
ampm_511,Am-pm  הרצל,ampm,AM:PM,511.0,"הרצל 91,עובר להרצל 114)",תל אביב יפו,6655414.0,32.0549445,34.7709586,8.60230612550169,4185
ampm_512,Am-pm  כל-בו שלום,ampm,AM:PM,512.0,אחד העם 9,תל אביב יפו,6525101.0,32.0640664,34.7696096,8.529929015284315,5307
ampm_513,Am-pm פרנקל,ampm,AM:PM,513.0,פרנקל 15,תל אביב יפו,6608419.0,32.0572752,34.76826740000001,8.632430524286404,4488
ampm_514,Am-pm גורדון,ampm,AM:PM,514.0,דיזנגוף 136,תל אביב יפו,6346109.0,32.0821944,34.7739473,8.595742836188734,4607
ampm_517,"Am-pm זבוטינסקי ר""ג",ampm,AM:PM,517.0,זבוטינסקי 86,רמת גן,5244215.0,32.0879734,34.8144138,8.794274872760615,4448
ampm_518,"Am-pm זבוטינסקי ת""א",ampm,AM:PM,518.0,אבן גבירול 136,תל אביב יפו,6296601.0,32.0883128,34.782656,8.57443100702588,4023
ampm_519,Am-pm נחלת יצחק,ampm,AM:PM,519.0,נחלת יצחק,תל אביב יפו,6744809.0,32.075597,34.799186,8.48370431512219,4895
ampm_524,Am-pm בן יהודה 61,ampm,AM:PM,524.0,בן יהודה 61,תל אביב יפו,3275.0,32.0795508,34.7693743,9.296072918283881,3563
ampm_529,Am-pm בן גוריון,ampm,AM:PM,529.0,בן גוריון 119,בת ים,5956005.0,32.0813031,34.8205539,8.740716130725499,3890
ampm_531,Am-pmכצנלסון גבעתיים,ampm,AM:PM,531.0,כצנלסון 129,גבעתיים,5327314.0,32.0766339,34.8159154,8.748617533243976,4511
ampm_534,Am-pm בוגרשוב,ampm,AM:PM,534.0,בוגרשוב 49,תל אביב יפו,6314513.0,32.0760008,34.7717635,8.98636487529366,3345
ampm_535,Am-pm שנקין59,ampm,AM:PM,535.0,שנקין 59,תל אביב יפו,6523313.0,32.0684191,34.7773662,8.93362919181431,3783
ampm_536,Am-pmזבוטינסקי 44,ampm,AM:PM,536.0,זבוטינסקי 44,רמת גן,5248504.0,32.0845621,34.8098643,8.735696932905803,4369
ampm_537,Am-pm סוקולוב הרצליה,ampm,AM:PM,537.0,סוקולוב 10,הרצליה,4649713.0,32.1668362,34.83977369999999,8.71370178440553,4444
ampm_540,Am-pm טברסקי,ampm,AM:PM,540.0,יצחק שדה 35,תל אביב יפו,6721309.0,32.0650742,34.7887382,8.925804311515623,3760
ampm_542,Am-pm שד יהודית,ampm,AM:PM,542.0,שד יהודית 16,תל אביב יפו,6701618.0,32.0699793,34.790122,8.684806093757574,3800
ampm_544,Am-pm ברודצקי,ampm,AM:PM,544.0,ברודצקי 15,תל אביב יפו,6905126.0,32.1065947,34.7973754,9.09556525429476,4101
ampm_545,Am-pm הנשיא הרצליה,ampm,AM:PM,545.0,הנשיא יצחק בן צבי 75,הרצליה,4639975.0,32.180388,34.8114628,8.624672717330885,4934
ampm_548,Am-pm נווה מונסון,ampm,AM:PM,548.0,רחוב השקד 30,יהוד מונוסון,6019000.0,32.0291382,34.873857,8.720999018603239,4240
ampm_549,Am-pm הוד השרון,ampm,AM:PM,549.0,סוקולוב 11,הוד השרון,0.0,32.1623925,34.9024585,8.894131157160093,4241
ampm_551,Am-pm הדר נס ציונה,ampm,AM:PM,551.0,השייטת 4,נס ציונה,7420812.0,31.9306019,34.7918755,8.824790859726049,4217
ampm_554,Am-pm ווינשל,ampm,AM:PM,554.0,וינשל 6,תל אביב יפו,6941331.0,32.1179986,34.8244931,8.912931936673367,4189
ampm_556,Am- pm עליית הנוער,ampm,AM:PM,556.0,עליית הנוער 27,גבעתיים,5340101.0,32.074846,34.801658,8.53762564322507,5057
ampm_557,Am-pm אבן גבירול 91,ampm,AM:PM,557.0,אבן גבירול 91,תל אביב יפו,6404619.0,32.0849352,34.7815376,9.530229753866298,2841
ampm_558,Am-pm המלכות,ampm,AM:PM,558.0,הרוגי המלכות 9 שיכון דן,תל אביב יפו,6971409.0,32.1096985,34.8335267,8.80663989602539,3968
ampm_560,AMPMיהודה הלוי,ampm,AM:PM,560.0,יהודה הלוי 114,תל אביב יפו,6527614.0,32.0708973,34.7820237,8.896599022375543,4275
ampm_563,Am-pm החשמונאים,ampm,AM:PM,563.0,החשמונאים 105,תל אביב יפו,6713320.0,32.0695981,34.7848105,8.978026875669524,4348
ampm_564,Am-pm אבא הלל,ampm,AM:PM,564.0,אבא הלל 25,רמת גן,5252215.0,32.08706220000001,34.8053883,8.557117251085653,4977
ampm_566,Am-pm קהילת סלוניקי,ampm,AM:PM,566.0,קהילת סלוניקי 11,תל אביב יפו,6951311.0,32.1132571,34.8245566,8.647775957612115,4543
ampm_568,Am-pmאלנבי 69,ampm,AM:PM,568.0,אלנבי 69,תל אביב יפו,6513408.0,32.0677788,34.771245,9.109200923702673,3605
ampm_571,Am-pmבן גוריון בת ים,ampm,AM:PM,571.0,בן גוריון 47,בת ים,5932204.0,32.0891743,34.82280009999999,9.050420348066437,3939
ampm_576,AMPM ארלוזורוב 52,ampm,AM:PM,576.0,ארלוזורוב 52,רמת גן,5248183.0,32.081034,34.8090555,8.54828214461141,4994
ampm_577,AMPM אלנבי 56,ampm,AM:PM,577.0,אלנבי 56 תל אביב,תל אביב יפו,6382206.0,32.0706039,34.7699812,9.110179410340788,3942
ampm_578,AMPM הקסטל,ampm,AM:PM,578.0,אבן גבירול 161,תל אביב יפו,6203303.0,32.0919612,34.7828125,8.624007595811449,4439
ampm_579,AM-PM הקוממיות 16,ampm,AM:PM,579.0,הקוממיות 16,בת ים,967558.0,32.0070868,34.7412609,8.941272801782116,4354
ampm_580,AM-PM דניה,ampm,AM:PM,580.0,אנטוורפן 56,חיפה,3490101.0,32.7670184,34.9924911,9.196104549078632,3193
ampm_581,Am-pm-העצמאות,ampm,AM:PM,581.0,עצמאות 61,יבנה,3303331.0,31.8651287,34.7441294,9.241309397550237,3364
ampm_582,"טשרניחובסקי כ""ס",ampm,AM:PM,582.0,טשרניחובסקי 24,כפר סבא,4427112.0,32.1772118,34.8936729,8.614627605112624,4360
ampm_583,AM-PM קריית אונו,ampm,AM:PM,583.0,שלמה המלך 40,קרית אונו,5542136.0,32.0548391,34.8638919,9.065479958431018,3502
ampm_591,מוריה חיפה AM-PM,ampm,AM:PM,591.0,שדרות מוריה 128 - חיפה,חיפה,3461818.0,32.7880474,34.9859807,8.931393061358724,3722
ampm_594,AMPM חדרה,ampm,AM:PM,594.0,הרברט סמואל 1 חדרה,חדרה,3836261.0,32.438695,34.9109822,8.997710282483153,3646
ampm_595,AM-PMזבוטינסקי בת ים,ampm,AM:PM,595.0,זבוטינסקי 2 בת ים,בת ים,0.0,32.0206943,34.7399987,8.640147082037581,4740
ampm_596,AM-PM אילנות חיפה,ampm,AM:PM,596.0,אילנות 2 חיפה,חיפה,3432404.0,32.8079731,34.9758596,8.870002383922746,3870
ampm_597,AM-PM נרקיסים,ampm,AM:PM,597.0,שדרות ירושלים 155,תל אביב יפו,7500234.0,32.0402655,34.75648320000001,7.609443827335323,3986
ampm_599,AM-PM טירת הכרמל,ampm,AM:PM,599.0,מנחם בגין 53,טירת הכרמל,0.0,32.7498722,34.9666721,8.945346794568762,3581
car_0002,מרקט אשקלון החאן,קרפור,קרפור מרקט,2.0,הרצל 33,אשקלון,7860132.0,31.6690874,34.586559,12.277199285971575,2211
car_0004,אשקלון צפוני,קרפור,קרפור היפר,,הפנינים 28,אשקלון,7863636.0,31.6682664,34.6023671,-4.642572307221921,7357
car_0006,אשדוד אורגים,קרפור,קרפור היפר,,האורגים 13,אשדוד,7760924.0,31.8122249,34.6563563,-5.051639097131983,5468
car_0009,היפר רעננה רמה,קרפור,קרפור היפר,9.0,זרחין 12,רעננה,4320906.0,32.1958481,34.88363940000001,-4.554523718699272,7538
car_0010,כפר סבא,קרפור,קרפור,10.0,השקמה 21,כפר סבא,4450012.0,32.176305,34.933172,-4.546759037498195,7262
car_0015,היפר נתניה הפלדה,קרפור,קרפור היפר,15.0,הפלדה 13,נתניה,4237823.0,32.3184089,34.8785591,-5.028697210742702,5406
car_0019,תל מונד,קרפור,קרפור,,בני דרור 8,תל נונד,4063134.0,32.261756,34.901082,0.46898715451964285,3885
car_0026,מרקט ראש העין יהושע,קרפור,קרפור מרקט,26.0,יהושע בן נון 77,ראש העין,4804824.0,32.1047554,34.9425888,-0.14175097844957235,5596
car_0033,היפר בית שמש,קרפור,קרפור היפר,33.0,"שדרות יגאל אלון ,מרכז ביג",בית שמש,9906201.0,31.7564164,34.9902576,-4.6450211859098935,6989
car_0041,מרקט אור עקיבא,קרפור,קרפור היפר,41.0,האילן 2 א.ת צפוני אור עקיבא,אור עקיבא,3063907.0,32.5146179,34.9232696,-5.098781888752831,5931
car_0044,מרקט מעלות תרשיחא,קרפור,קרפור מרקט,44.0,שלמה שרירא 3 מעלות תרשיחא,מעלות תרשיחא,2120107.0,33.0216836,35.2802834,-0.19387559374100055,6142
car_0046,רמלה,קרפור,קרפור,46.0,קלאוזנר 10,רמלה,7243224.0,31.9229092,34.8779067,-0.3981053589484376,5110
car_0055,דליית אל כרמל,קרפור,קרפור היפר,55.0,דרך ראשית 672 כיכר חמוד אל-קארה,דלית אלכרמל,3005600.0,32.6955201,35.0514526,-0.5479385615594745,3155
car_0056,מרקט ערד,קרפור,קרפור מרקט,56.0,התעשיה 60,ערד,8909424.0,31.2481659,35.2011827,-5.0291134455677895,5816
car_0057,היפר בית שאן,קרפור,קרפור היפר,57.0,א.ת צפוני בית שאן,בית שאן,1177940.0,32.497103,35.497336,-4.7617079307471935,6567
car_0060,מרקט אשדוד,קרפור,קרפור מרקט,60.0,השייטים 9,אשדוד,7744140.0,31.800285,34.6415622,0.5183574255114857,3775
car_0061,נתניה בסיטי,קרפור,קרפור,61.0,"האר""י 12",נתניה,4628555.0,32.3119039,34.8565982,0.73762047323293,2499
car_0062,בסיטי מודיעין,קרפור,קרפור סיטי,62.0,עמק החולה 76,מודיעין מכבים רעות,7170399.0,31.8962796,35.0112568,12.567061543322952,2479
car_0064,סיטי הרצליה ליד הבית,קרפור,קרפור סיטי,64.0,רבי עקיבא 50,הרצליה,46422360.0,32.153352,34.8496839,12.979587228977943,2179
car_0065,קרפור מרקט אשקלון,קרפור,קרפור מרקט,,קיבוץ גלויות 5,אשקלון,7834104.0,31.666314018445128,34.56677971519415,0.2674138110128997,2971
car_0067,סיטי חולון,קרפור,קרפור סיטי,67.0,המרגנית 2,חולון,5845909.0,32.00964386207322,34.778821579198784,12.234125960228402,3433
car_0068,מרקט אשקלון ברנע,קרפור,קרפור מרקט,68.0,הודית לייפר מילר 6,אשקלון,7880811.0,31.69902796455685,34.583199940113595,12.28569079151533,2088
car_0073,קרפור מרקט עתלית,קרפור,קרפור מרקט,73.0,רחוב הרדוף מרכז מסחרי,עתלית,3032706.0,32.6960656,34.9458283,12.131039556671858,3708
car_0074,קרפור רמלה לוין,קרפור,קרפור מרקט,,אבא אחימאיר 1 קרית מנחם,רמלה,7228401.0,31.9189548,34.8694953,0.5318743264956479,2989
car_0080,טבעון,קרפור,קרפור,80.0,"קק""ל 16 קרית טבעון",טבעון,3608208.0,32.7116459,35.1201256,12.09944823423987,2601
car_0081,ראשון מערב,קרפור,קרפור מרקט,81.0,השירה העברית 10,ראשון לציון,7573105.0,31.97772708027238,34.76956833686881,12.575803283430746,2671
car_0083,סיטי צור יצחק,קרפור,קרפור סיטי,83.0,א.ת מסחרי צור יצחק,צור יצחק,4580800.0,32.2415041,34.9972202,0.34672056669126705,3025
car_0084,סיטי מתן,קרפור,קרפור סיטי,84.0,הדר 84,מתן,4585800.0,32.1590279,34.9733804,12.439224330987631,3519
car_0091,קרפור מרקט ריינס,קרפור,קרפור מרקט,,ריינס 6 שכונת קרית משה,ירושלים,9542731.0,31.8408456,35.2481814,0.4301665897622133,3072
car_0092,קרית אתא קרפור מהדרי,קרפור,קרפור מהדרין,,העצמאות 42,קרית אתא,2807145.0,32.8036546,35.1041759,-1.2478149641706675,3394
car_0205,מרקט לה גרדיה תא,קרפור,קרפור מרקט,205.0,לה גרדיה 78,תל אביב יפו,6732506.0,32.0589248,34.8012154,-0.21676659017111008,5849
car_0830,קרפור גולן רעננה,קרפור,קרפור,,אחוזה 198,רעננה,4355801.0,32.1827356,34.8657024,0.7184607196082418,3845
car_1201,מגה יהלומים גבעתיים,קרפור,מגה,1201.0,1 כורזין,גבעתיים,5358301.0,32.05918965714699,34.81596990988867,0.6867144744784973,5386
car_1228,תל כביר,קרפור,קרפור,1228.0,גרינבאום 45 תל כביר,תל אביב יפו,6810982.0,32.0404773,34.7658227,-0.2654350659365435,4025
car_1252,קרפור אילת מעלה,קרפור,קרפור מרקט,,דרך יותם פינת רח ארגמן,אילת,8820206.0,29.55571120085781,34.94119398083048,-14.570918682064338,6178
car_1430,סיטי קניון קיראון,קרפור,קרפור סיטי,1430.0,שלמה המלך,קרית אונו,542335.0,32.0556897,34.86268950000001,13.071268913506684,4915
car_2040,מגה כרמליה חיפה,קרפור,מגה,,אלכסנדר ינאי 3 חיפה,חיפה,3481603.0,32.797406,34.975196,11.799096663130596,2805
car_2070,סיטי כפר יונה דרום,קרפור,קרפור סיטי,2070.0,40 מנחם בגין,כפר יונה,4035736.0,32.3117945,34.9367876,12.607045396580467,4177
car_2180,מגה אבן יהודה,קרפור,מגה,2180.0,הדרים פינת המיסדים,אבן יהודה,4051113.0,32.2692212,34.89067910000001,12.501219825668665,4217
car_2190,מגה גני העיר רחובות,קרפור,מגה,,15 דרך ירושלים,רחובות,7663008.0,31.8802184,34.8206734,12.803230838999484,3891
car_2230,מרקט גני אביב לוד,קרפור,קרפור מרקט,2230.0,ארבע עונות 14,לוד,7145806.0,31.9590876,34.8803708,-0.01835446846407555,5801
car_2240,מרקט בית וגן ק.אתא,קרפור,קרפור מרקט,2240.0,10 העצמאות,קרית אתא,2807110.0,32.7983003,35.1027423,0.5913040716502233,4593
car_2310,מרקט גן יבנה,קרפור,קרפור מרקט,2310.0,הרצל פ.קיבוץ גלויות,גן יבנה,7080901.0,31.7895298,34.7118682,0.5414541098239243,4025
car_2320,סיטי קניון גבעתיים,קרפור,קרפור סיטי,2320.0,ויצמן פינת יצחק רבין,גבעתיים,5346903.0,32.0663446,34.8109297,13.404795689534541,6608
car_2330,סיטי אשדוד יב,קרפור,קרפור סיטי,2330.0,תמוז 14 מרכז מסחרי,אשדוד,7775114.0,31.7814535,34.6380512,12.561193471734523,4255
car_2410,מרקט עיר ימים נתניה,קרפור,קרפור מרקט,2410.0,שדרות בן גוריון,נתניה,4227231.0,32.2791567,34.8470676,0.5297218652121389,5594
car_2470,ש. נאות חן חדרה,קרפור,קרפור,2470.0,הלל יפה 5 פינת סמילנסקי,חדרה,3820308.0,32.4339439,34.9158956,-0.9706124480098711,4385
car_2490,מגה כפר שלם,קרפור,מגה,2490.0,10 סנפיר,תל אביב יפו,6729801.0,32.0515996,34.8056166,12.931442533720961,3713
car_2518,מגה פארק הירקון,קרפור,מגה,,1 שלום אש,תל אביב יפו,6948307.0,32.100744,34.807026,12.68348617991721,3461
car_2530,מגה בת גלים,קרפור,מגה,2530.0,37 העליה השניה,חיפה,3501601.0,32.8318585,34.9792929,12.544557466239807,3813
car_2540,מרקט מודעין שמשוני,קרפור,קרפור מרקט,2540.0,עמק בית שאן פינת יחזקאל הנביא,מודיעין מכבים רעות,7171702.0,31.9120349,35.0018653,-0.26726510527656505,5848
car_2730,מגדל העמק,קרפור,קרפור,2730.0,ניצנים 39,מגדל העמק,2351330.0,32.6823717,35.2373076,-0.49182451252324483,3960
car_2740,מרקט שרונה רחובות,קרפור,קרפור מרקט,2740.0,מדר פינת דרך ירושלים,רחובות,7663101.0,31.8874564,34.8200824,-0.1587547210758837,5879
car_2750,"קרפור עמישב פ""ת",קרפור,קרפור מהדרין,,דרך מנחם בגין 96,פתח תקווה,4973295.0,32.069694,34.9142034,-0.7699664504587179,4744
car_2840,מרקט אשדוד ח,קרפור,קרפור מרקט,2840.0,הרב לוין מ.מסחרי,אשדוד,7763804.0,31.7836627,34.6534113,-1.212366625483013,4545
car_2960,סיטי זכרון יעקב,קרפור,קרפור סיטי,2960.0,.10 חברה חשבונאית,זכרון יעקב,3094089.0,32.5661431,34.9424895,12.822708655992804,4780
car_2976,סיטי צפון באר שבע,קרפור,קרפור סיטי,2976.0,101 אברהם אבינו,באר שבע,8454001.0,31.2700224,34.7972186,12.711377457116612,2676
car_3050,מגה קניון כפר יונה,קרפור,מגה,3050.0,6 שרת,כפר יונה,4035806.0,32.3207607,34.9360101,12.298620392289164,3047
car_3174,סיטי גבעת שמואל,קרפור,קרפור סיטי,3174.0,האורנים,גבעת שמואל,54045301.0,32.0679616,34.8457903,12.190708923727254,2805
car_3180,מגה רמות צהלה,קרפור,מגה,3180.0,4-6 גרפית,תל אביב יפו,6930041.0,32.121315,34.830805,12.749660341586388,2971
car_3210,מגה לב אשקלון,קרפור,מגה,,שכונת שמשון,אשקלון,7864118.0,31.65515009416126,34.55664150563116,12.74751581878641,3652
car_3280,סיטי אלוני השרון,קרפור,קרפור סיטי,3280.0,תום לנטוס 26 ק.השרון,נתניה,4276001.0,32.30698939271339,34.86910161128421,12.125579770139394,3740
car_3300,מגה שכונה ו באר שבע,קרפור,מגה,,קנ.אביה שד.שאול המלך,באר שבע,8479612.0,31.261528,34.784254,-0.2819691645979678,3730
car_3420,מגה אלנבי ירושלים,קרפור,מגה,,"בית""ר פינת ינובסקי",ירושלים,9338603.0,31.7554312561794,35.2243191828876,0.42420804895399694,4076
car_3440,סיטי מזכרת בתיה,קרפור,קרפור סיטי,3440.0,8 שדרות אליהו,מזכרת בתיה,7685448.0,31.8544885,34.8422381,12.357640365716176,3296
car_3506,סיטי גבעת סביון,קרפור,קרפור סיטי,3506.0,78 הגליל,גני תקווה,5591478.0,32.0570106,34.8686103,12.677284786651082,4753
car_3580,סיטי רמות אלון חיפה,קרפור,קרפור סיטי,3580.0,29 יגאל אלון,חיפה,3298331.0,32.7732794,35.0130904,12.536385883133764,4142
car_3600,מגה בעיר- שטמפפר,קרפור,מגה,,"שטמפפר 73, פינת אבניאל פ""ת",פתח תקווה,4929078.0,32.093471,34.8902527,12.408326432939711,3294
car_3610,הרצל חיפה,קרפור,קרפור,,הרצל 97,חיפה,3321609.0,32.804778,35.0033715,-1.0732085919826504,4105
car_3680,קרפור מרקט בית שמש,קרפור,קרפור מרקט,,נחל השורק 23,בית שמש,9909135.0,31.7145524,34.9886899,-1.076168852799779,4424
car_3700,מרקט נווה זאב בש,קרפור,קרפור מרקט,3700.0,64 יוהנה זבוטינסקי,באר שבע,8425842.0,31.2395415,34.7740533,-0.11781239108231348,6100
car_3740,מרקט אפרידר אשקלון,קרפור,קרפור מרקט,3740.0,5 שדרות ירושלים,אשקלון,761719.0,31.6778055,34.5753127,-0.6002685633690003,3747
car_3850,סיטי בית הכרם ים,קרפור,קרפור סיטי,3850.0,אבי זהר,ירושלים,9626701.0,31.7753984,35.1875994,12.863466570159463,5656
car_3990,סיטי תל ברוך תא,קרפור,קרפור סיטי,3990.0,8 בקר,תל אביב יפו,6464316.0,32.1227035,34.816677,13.341061741962543,4965
car_4110,קרפור מרקט לב הרצליה,קרפור,קרפור מרקט,,בן גוריון 2,הרצליה,4678501.0,32.1666234,34.8422973,0.7903972611849059,4874
car_4120,מגה הדר הרצליה,קרפור,מגה,,2 הדר,הרצליה,4629025.0,32.16757451108522,34.849346267566425,12.808874945718387,4190
car_4130,סיטי נווה אמירים,קרפור,קרפור סיטי,4130.0,82 בן גוריון,הרצליה,4644630.0,32.1545039,34.8421088,13.176006875498086,5020
car_4150,סיטי הרצליה פיתוח,קרפור,קרפור סיטי,4150.0,34 זהר טל,הרצליה,4674134.0,32.1708537,34.8028265,12.65996907968472,2710
car_4160,סיטי נוף ים הרצליה,קרפור,קרפור סיטי,4160.0,10 שער הים,הרצליה,4660610.0,32.1879828,34.8128297,12.785608196131042,2283
car_4170,מגה נוה עמל,קרפור,מגה,4170.0,19 כצנלסון,הרצליה,4629010.0,32.16909877756077,34.85627551781642,12.86760375886367,2980
car_4200,סיטי זרובבל ר.השרון,קרפור,קרפור סיטי,4200.0,33 סוקולוב,רמת השרון,4723602.0,32.141958,34.8365545,13.252426085943991,3200
car_4420,מגה אואזיס רמת גן,קרפור,מגה,,87 הרצל,רמת גן,5244346.0,32.087926882504064,34.81447435036713,12.566821878896484,4340
car_5304,כפא סבא @ קרפור,קרפור,קרפור,, כפר סבא,כפר סבא,4450012.0,32.1862357,34.9044103,0.8622875848041418,4663
cit_001,סיטי מרקט חולון,סיטי מרקט,סיטי מרקט,, שנקר 25 חולון,חולון,,32.0250605,34.7767805,4.582007170315503,20617
cit_002,סיטי מרקט חולון,סיטי מרקט,סיטי מרקט,, ויצמן 45 חולון,חולון,,32.0185119,34.7709041,5.168265188622934,18957
cit_003,"סיטי מרקט פינה מתוקה חולון בע""מ",סיטי מרקט,סיטי מרקט,, הלוחמים 37 חולון,חולון,,32.0352345,34.7681902,-0.9805621654617451,13704
cit_005,"סיטי מרקט ברכאל חולון בע""מ",סיטי מרקט,סיטי מרקט,,  יוסף אהרונוביץ' 92 חולון,חולון,,32.0027073,34.7675277,3.0778938699005356,25486
cit_007,"סיטי מרקט י.ח.ר הסתדרות חולון בע""מ",סיטי מרקט,סיטי מרקט,, ההסתדרות 106 חולון,חולון,,32.0169028,34.7814959,3.207265913336974,20125
cit_008,"סיטי מרקט טאוור בע""מ",סיטי מרקט,סיטי מרקט,, משה דיין 2 תל אביב,תל אביב יפו,,32.047187,34.799156,1.142886871654231,24213
cit_009,"סיטי מרקט טווינס לח""י בע""מ",סיטי מרקט,סיטי מרקט,," לח""י 36 תל אביב",תל אביב יפו,,32.0471988,34.7916198,1.3356274783551572,26072
cit_013,סיטי מרקט חנקין,סיטי מרקט,סיטי מרקט,, חנקין 95 חולון,חולון,,32.017657529515624,34.779005694542796,4.471440685362058,18979
cit_015,"סיטי מרקט ""השדרה"" חולון",סיטי מרקט,סיטי מרקט,," סיטי מרקט ""השדרה"" חולון בע""מ",חולון,,32.01340655723415,34.79232830226624,2.1551692106535443,26000
cit_016,"סיטי מרקט האצ""ל פינת ההגנה",סיטי מרקט,סיטי מרקט,," סיטי מרקט אצ""ל בע""מ",תל אביב יפו,,32.0536973,34.7911501,3.6159842890392997,28169
cit_017,"סיטי מרקט רוטשילד בע""מ",סיטי מרקט,סיטי מרקט,, הרצל 199 רחובות,רחובות,,31.9009739,34.8091372,2.076849723505074,24397
cit_019,סיטי מרקט סוקולוב חולון ,סיטי מרקט,סיטי מרקט,, רח' סוקולוב 75 חולון,חולון,,32.0227368,34.7781832,-0.015610590046349232,25225
cit_020,"סיטי מרקט תל כביר בע""מ",סיטי מרקט,סיטי מרקט,," רח'  גרינבויים 41 ת""א",תל אביב יפו,,32.0409417,34.7656687,8.924432757704917,24431
cit_023,"סיטי מרקט מח""ל",סיטי מרקט,סיטי מרקט,," מח""ל 16 תל אביב",תל אביב יפו,,32.0493245,34.8024156,0.8470597362708935,24053
cit_024,"סיטי מרקט פרדס חנה כרכור בע""מ",סיטי מרקט,סיטי מרקט,, הדקלים 102 פרדס חנה,פרדס חנה כרכור,,32.4762448,34.9719941,2.3906591311013448,26388
cit_028,סיטי מרקט סוקולוב חולון - סניף 2,סיטי מרקט,סיטי מרקט,, סוקולוב 63,חולון,,32.022787,34.77719080000001,-0.599593568464187,24920
cit_029,סיטי מרקט עין גנים,סיטי מרקט,סיטי מרקט,, עין גנים 65 פתח תקווה,פתח תקווה,,32.0842895,34.8969894,2.3583524799108484,25340
cit_030,סיטי מרקט אשדוד,סיטי מרקט,סיטי מרקט,," י""ג 2 אשדוד",אשדוד,,31.7751344,34.6467917,1.2898941065225042,21921
cit_031,"מתוק בשוק הכרמל בע""מ",סיטי מרקט,סיטי מרקט,, דניאל 25 תל אביב,תל אביב יפו,,32.0675334,34.7666892,7.4214619024601856,17288
cit_032,סיטי מרקט פרימיום,סיטי מרקט,סיטי מרקט,," רח רוטשילד 57 ראשל""צ",ראשון לציון,,31.9636024,34.7996966,6.485559157381187,26483
cit_033,סיטי מרקט עדן טאוור,סיטי מרקט,סיטי מרקט,, הקוממיות 2 בת ים,בת ים,,32.0060162,34.7428833,4.4921325705989315,27234
cit_035,סיטי מרקט בכיכר חולון,סיטי מרקט,סיטי מרקט,, חנקין 95 חולון,חולון,,32.017657529515624,34.779005694542796,2.034021284862105,27636
cit_037,סיטי מרקט דב הוז,סיטי מרקט,סיטי מרקט,, דב הוז 45 חולון,חולון,,32.01977804348684,34.75380742337885,1.152116888431568,25632
cit_038,סיטי מרקט ארגמן חולון,סיטי מרקט,סיטי מרקט,, אילת 36 חולון,חולון,,32.01778700000001,34.7647189,0.6372216616983359,26974
cit_040,"מתוק בשוק הכרמל בע""מ",סיטי מרקט,סיטי מרקט,, קלישר 3 תל אביב,תל אביב יפו,,32.067185,34.767289,-0.5066911958622708,6369
cit_057,סיטי מרקט סטרומה חולון,סיטי מרקט,סיטי מרקט,, סוקולוב 3 חולון,חולון,,32.0235888,34.7704492,1.7099969437852724,26217
fre_008,טיפ טוב אשר ברש,פרש מרקט,פרש מרקט,8.0,רח'אשר ברש הרצליה,הרצליה,,32.172691,34.8391784,17.752699663649196,3809
fre_009,טיפ טוב גולומב,פרש מרקט,פרש מרקט,9.0,רח' גולומב 56 הרצליה,הרצליה,,32.1736163,34.8462806,16.76323458933888,1678
fre_010,היפר דודו באר יעקב,פרש מרקט,פרש מרקט,10.0,דרך צהל 22 אזור תעשיה,באר יעקב,,31.9471553,34.839398,5.751660116581168,4002
fre_012,פרשמרקט רעננה,פרש מרקט,פרש מרקט,12.0,רח' הנשיאים 47 רעננה,רעננה,,32.1911989,34.8632777,12.260397011032936,3620
fre_040,פרשמרקט מרום נווה,פרש מרקט,פרש מרקט,40.0,לנדאו 7,רמת גן,,32.0714834,34.8280633,18.7105530140447,5487
fre_046,סופר כרמים,פרש מרקט,פרש מרקט,46.0,היקב 12,ראשון לציון,,31.9740224,34.7794211,18.74536771381918,3730
haz_201,כל בו חצי חינם הכשרת הישוב,חצי חינם,חצי חינם,,"הכשרת הישוב 3 , ראשון לציון , ישראל",ראשון לציון,7565216.0,31.989686269182354,34.768075921525934,-4.924850487928901,6233
haz_202,כל בו חצי חינם כישור,חצי חינם,חצי חינם,,"כישור 22, חולון, ישראל",חולון,0.0,32.0037346,34.803677,-4.442069035144452,7747
haz_203,כל בו חצי חינם - רחובות,חצי חינם,חצי חינם,,"דרך הים 1 , רחובות",רחובות,7638701.0,31.8925606,34.789112,-4.12325978649611,9142
haz_204,כל בו חצי חינם מרכבה,חצי חינם,חצי חינם,,"המרכבה 31, חולון, ישראל",חולון,5885119.0,32.01096493881973,34.80832689454245,-3.7124543526495555,9786
haz_205,כל בו חצי חינם לחי,חצי חינם,חצי חינם,,"הלחי 16 ראשל""צ , ישראל",ראשון לציון,7570693.0,31.98856466742855,34.762682478664466,-3.941082832656261,9343
haz_206,כל בו חצי חינם שרונים,חצי חינם,חצי חינם,,הרקון 2 הוד השרון,הוד השרון,4524102.0,32.133412756423475,34.90142347920555,-3.9096343855034403,9718
haz_207,תוצרת חקלאית ירקות לחי,חצי חינם,חצי חינם,,"לחי 16 , ראשון לציון , ישראל",ראשון לציון,7570693.0,31.98856466742855,34.762682478664466,-5.517766144150678,361
haz_208,תוצרת חקלאית שוק ראשון,חצי חינם,חצי חינם,,"משה לוי 8 , ראשון לציון , ישראל",ראשון לציון,7565822.0,31.9864425,34.7731246,-4.6880030363503575,7504
haz_209,כל בו חצי חינם אם המושבות,חצי חינם,חצי חינם,,"ראשון לציון 1 , פ""ת , ישראל",ראשון לציון,4972339.0,32.0995721,34.8756808,-4.287276605453852,8424
haz_210,תוצרת חקלאית ירקות שרונים,חצי חינם,חצי חינם,,"הרקון 2 , הוד השרון , ישראל",הוד השרון,4524102.0,32.133412756423475,34.90142347920555,-8.671355713356602,292
haz_217,תוצרת חקלאית מרכבה ירקות,חצי חינם,חצי חינם,,"המרכבה 31, חולון, ישראל",חולון,5885119.0,32.01096493881973,34.80832689454245,-7.136946342650743,310
haz_219,תוצרת חקלאית ירקות הכשרת הישוב,חצי חינם,חצי חינם,,"הכשרת הישוב 3 , ראשון לציון , ישראל",ראשון לציון,7565216.0,31.989686269182354,34.768075921525934,-12.362268447480611,136
kesh_002,נהריה,קשת טעמים,קשת טעמים,2.0,לוחמי הגטאות 9,נהריה,2244628.0,33.004259553684044,35.09811399710307,-0.46898996480656824,9748
kesh_003,נשר,קשת טעמים,קשת טעמים,3.0,הזית 2,נשר,3675018.0,32.77340901555219,35.038830183602286,-0.27766317118462003,8062
kesh_004,הדר,קשת טעמים,קשת טעמים,4.0,שבתאי לוי 23-25,חיפה,3330421.0,32.814851194,34.99316333942602,-0.8797209613912025,8604
kesh_005,קרית אליעזר,קשת טעמים,קשת טעמים,5.0,תל אביב 11,חיפה,3330421.0,32.825348752189676,34.987175852919705,-1.6632315433907794,10045
kesh_008,נוף הגליל,קשת טעמים,קשת טעמים,8.0,עמל 1,נוף הגליל,1783011.0,32.70400980992161,35.32277494708437,-1.589543928637968,9594
kesh_010,כרמיאל גבעת רם,קשת טעמים,קשת טעמים,10.0,בציר 46,כרמיאל,2196081.0,32.91345585395408,35.27568772342614,-2.8097538745846795,5605
kesh_011,יקנעם,קשת טעמים,קשת טעמים,11.0,הירדן 64ב,יקנעם,2068116.0,32.642659870801964,35.08612049359486,-2.089783914311155,6550
kesh_013,ראשון לציון,קשת טעמים,קשת טעמים,13.0,ברשבסקי 33,ראשון לציון,7536376.0,31.974203906981604,34.81247404124857,-0.3841242181357386,12857
kesh_014,פולג,קשת טעמים,קשת טעמים,14.0,המלאכה 24,נתניה,4250563.0,32.28285046982538,34.85925007374893,-0.6976711489980254,14541
kesh_015,כרמיאל היוצרים,קשת טעמים,קשת טעמים,15.0,היוצרים 7,כרמיאל,2165233.0,32.92353227713128,35.308131725935944,-0.5740807824757036,11223
kesh_016,קרית חיים,קשת טעמים,קשת טעמים,16.0,אצטדיון 5,קרית חיים,2624805.0,32.82054429042673,35.05540992962999,-0.9696045956673265,13225
kesh_017,בילו,קשת טעמים,קשת טעמים,17.0,מרכז קניות נטו גבעת ברנר,גבעת ברנר,6094800.0,31.86116896860909,34.806258226037706,-1.0945715074971762,13073
kesh_018,באר שבע,קשת טעמים,קשת טעמים,18.0,סולל בונה,באר שבע,8488435.0,31.223511247312256,34.802494668212546,-1.5742063887744553,13902
kesh_019,כפר סבא,קשת טעמים,קשת טעמים,19.0,מרכז מסחרי שרונה דרך השרון 12,כפר סבא,4427125.0,32.173721474549104,34.89246717563624,-1.290783590163498,12956
kesh_020,פתח תקווה,קשת טעמים,קשת טעמים,20.0,הרב פינטו מסעוד אשר 19,פתח תקווה,4900518.0,32.10107488639124,34.8939467287564,-1.0388951823638666,13977
kesh_021,עכו,קשת טעמים,קשת טעמים,21.0,החרושת 2,עכו,2451705.0,32.923074348919016,35.08132152593573,-1.2327698343053064,10282
kesh_022,אשדוד,קשת טעמים,קשת טעמים,22.0,היהלומים 4,אשדוד,7761104.0,31.812104977285962,34.66133296712504,-1.3121602776644403,13980
kesh_023,עפולה,קשת טעמים,קשת טעמים,23.0,האומן 3,עפולה,1871303.0,32.59871148254221,35.29678067617779,-1.1747694204158168,13696
kesh_024,ראשון לציון מערב,קשת טעמים,קשת טעמים,24.0,לחי 4, ראשון לציון,7570687.0,31.987319818947846,34.76554118362454,-1.7010207407337286,14194
kesh_025,חדרה חדש,קשת טעמים,קשת טעמים,25.0,צהל 34,חדרה,3822043.0,32.44010633174728,34.931185182486445,-1.5898871639471661,13379
kesh_102,קולינריק קרית אונו,קשת טעמים,קולינריק,102.0,המייסדים 3,קרית אונו,5552103.0,32.05605073149467,34.857637624352805,-1.9040804282512196,4180
kesh_103,קולינריק חורב,קשת טעמים,קולינריק,103.0,חורב 15,חיפה,3434119.0,32.784383281327976,34.98699947452934,5.2854853928308,2272
kesh_104,קולינריק רמת גן,קשת טעמים,קולינריק,104.0,ביאליק 39 רמת גן,רמת גן,5246105.0,32.08331601304289,34.81421642399949,-0.9056889858951661,6058
kesh_105,קולינריק מודיעין,קשת טעמים,קולינריק,105.0,דם המכבים 38,מודיעין,7178604.0,31.903905019724526,35.00663981056227,-0.6744945840123235,8265
maa_001,רכס,מעיין אלפיים,מעיין אלפיים,1.0,דרוק 54,ירושלים,97428.0,31.7740173,35.2259714,-1.6282651414372655,1510
maa_002,ים סוף מאה ואחד,מעיין אלפיים,מעיין אלפיים,2.0,ים סוף 101,ירושלים,97701.0,31.8006939,35.2182108,-1.5212508332659929,3257
maa_003,סנהדריה,מעיין אלפיים,מעיין אלפיים,3.0,ים סוף 17,ירושלים,97701.0,31.8004489,35.2204259,-1.127243382072684,3943
maa_004,פסגת זאב,מעיין אלפיים,מעיין אלפיים,4.0,מאיר גרשון 46,ירושלים,97860.0,31.8196612,35.2504526,-2.929077510463174,1296
maa_005,התאנה,מעיין אלפיים,מעיין אלפיים,5.0,התאנה 19,חריש,,32.460825,35.039119,-3.68136477951878,4165
maa_006,ירמיהו אחד,מעיין אלפיים,מעיין אלפיים,6.0,ירמיהו 1,ירושלים,95306.0,31.7934669,35.215038,-1.8927610565751865,2705
maa_007,משה דיין,מעיין אלפיים,מעיין אלפיים,7.0,שד' משה דיין 160,ירושלים,97816.0,31.8214674,35.2394853,-3.129521257360246,2150
maa_008,פרי מגדים,מעיין אלפיים,מעיין אלפיים,8.0,פרי מגדים 19,מעלה אדומים,98480.0,31.77079149999999,35.2940167,-2.9689025285377695,2478
maa_009,גבעת מרדכי,מעיין אלפיים,מעיין אלפיים,9.0,"שח""ל 58",ירושלים,93720.0,31.762951,35.197501,-1.903527791475978,2883
maa_011,הר חומה,מעיין אלפיים,מעיין אלפיים,11.0,ברש רועי 1,ירושלים,93134.0,31.7259589,35.221951,-1.7871328041087706,2244
maa_013,מרכז כלל,מעיין אלפיים,מעיין אלפיים,13.0,אגריפס 40,ירושלים,94301.0,31.7837444,35.2143552,-2.4917575820892734,4165
maa_016,קרסו,מעיין אלפיים,מעיין אלפיים,16.0,הרכס 31,מעלה אדומים,98554.0,31.7824447,35.3113066,-6.444911055415456,3790
maa_017,הר חוצבים,מעיין אלפיים,מעיין אלפיים,17.0,המרפא 1,ירושלים,97774.0,31.800401,35.212041,-3.244266174330459,1839
maa_018,גילה,מעיין אלפיים,מעיין אלפיים,18.0,יהושוע ברוכי 2,ירושלים,93858.0,31.7376859,35.1774603,-1.802259691235081,2006
maa_020,הילל,מעיין אלפיים,מעיין אלפיים,20.0,הילל 16,ירושלים,94581.0,31.78017109999999,35.2175977,-2.673681881885733,2613
maa_021,שמואל הנביא,מעיין אלפיים,מעיין אלפיים,21.0,שמואל הנביא 35,ירושלים,97253.0,31.789996,35.224843,-1.1687923286345707,2465
maa_022,בית ישראל,מעיין אלפיים,מעיין אלפיים,22.0,בית ישראל 17,ירושלים,95190.0,31.7895097,35.2243603,-0.7130593391052201,2284
maa_023,"קק""ל",מעיין אלפיים,מעיין אלפיים,23.0,"קק""ל (רחביה) 12",ירושלים,92428.0,31.776883,35.2161714,-2.5653230339972475,2089
maa_026,שער בנימין אזור תעשיה,מעיין אלפיים,מעיין אלפיים,26.0,אזור תעשיה שער בינימין 1,גבע בנימין,90632.0,31.865575,35.261645,-5.833234076196264,4870
maa_027,נופי הסלע,מעיין אלפיים,מעיין אלפיים,27.0,הצור 36,מעלה אדומים,98556.0,31.7866667,35.3127811,-2.276808992564841,2721
maa_028,טבריה,מעיין אלפיים,מעיין אלפיים,28.0,מיכאל 7,טבריה,14369.0,32.781093,35.536758,-4.244717940589183,3027
maa_029,טופז,מעיין אלפיים,מעיין אלפיים,29.0,טופז 1,חריש,37604.0,32.4667806,35.0484118,-3.8135357455396623,4120
maa_035,מגדל העמק,מעיין אלפיים,מעיין אלפיים,35.0,הזית 4,מגדל העמק,23011.0,32.6757994,35.2384784,-2.7171429985475335,2957
maa_038,גן ורשא,מעיין אלפיים,מעיין אלפיים,38.0,רח רבי עקיבא 94,בני ברק,51460.0,32.0859521,34.8315349,-1.6391508241846955,2516
maa_039,סימטת אזר,מעיין אלפיים,מעיין אלפיים,39.0,העליה השניה 13,בני ברק,51331.0,32.0907813,34.8352474,-1.5912630126673295,3249
maa_040,הרב קוק,מעיין אלפיים,מעיין אלפיים,40.0,הרב קוק 5,בני ברק,51405.0,32.08732594365195,34.82717660989021,-1.066774872246253,2716
maa_041,רכסים,מעיין אלפיים,מעיין אלפיים,41.0,אזור תעשיה כפר חסידים 0,רכסים,20496.0,32.752262,35.094212,-4.355231201100915,2796
maa_043,השישה עשר,מעיין אלפיים,מעיין אלפיים,43.0,השישה עשר 39,ירושלים,97534.0,31.8287763,35.2445371,-2.3275706836754857,1632
maa_044,שמעון חכם,מעיין אלפיים,מעיין אלפיים,44.0,חכם שמעון 14,ירושלים,95348.0,31.7956357,35.218633,-2.2193690476970436,2048
maa_045,כיכר יהלום,מעיין אלפיים,מעיין אלפיים,45.0,כיכר יהלום 1,מעלה אדומים,98454.0,31.773363,35.29812,-3.7554539973358247,4146
maa_046,טבנקין,מעיין אלפיים,מעיין אלפיים,46.0,טבנקין (שכונה ה') 76,באר שבע,84745.0,31.254518,34.7734267,-2.8699447124551356,3352
maa_047,יוחנן הורקנוס,מעיין אלפיים,מעיין אלפיים,47.0,יוחנן הורקנוס מרכז גלית 1,באר שבע,84557.0,31.26455099999999,34.7930447,-3.4494209517514727,3011
maa_060,ברנפלד,מעיין אלפיים,מעיין אלפיים,60.0,ברנפלד 17,באר שבע,84585.0,31.2704307,34.7991725,-3.1721095532238524,1213
maa_061,ויצמן,מעיין אלפיים,מעיין אלפיים,61.0,unknown,טבריה,,32.7937179387725,35.5321260240832,-2.3721032198373706,1596
maa_062,נווה יעקב (אביר יעקב),מעיין אלפיים,מעיין אלפיים,62.0,אביר יעקב (קמניץ) 2,ירושלים,,31.840017561462346,35.24992278289223,-1.3535144855864059,2052
maa_063,מורדות גילה,מעיין אלפיים,מעיין אלפיים,63.0,אבנר חי שאקי 27 גילה ירושלים 27,ירושלים,,31.7387367,35.1784273,-3.643051670466551,1184
maa_064,מעיין קרית ספר,מעיין אלפיים,מעיין אלפיים,64.0,שערי תשובה 14,מודיעין עילית,0.0,31.925853658879042,35.03971864417635,-4.316958096511175,1576
mah_001,"1 ב""ש-בית אשל",מחסני השוק,מחסני השוק,1.0,בית אשל 1,באר שבע,,31.239921,34.7939865,-5.343819785750341,7235
mah_016,"16 יעלים ב""ש",מחסני השוק,מחסני השוק בסיטי,16.0, ,באר שבע,,31.2509597,34.7796984,-2.1108177415054694,4745
mah_018,18 נוף הגליל,מחסני השוק,מחסני השוק,18.0, ,נוף הגליל,,32.7035785,35.3186256,-5.051885375164318,7455
mah_020,20 להבים,מחסני השוק,מחסני השוק,20.0,מרכז מסחרי להבים ,להבים,,31.3733931,34.8092845,-5.239799966416599,7276
mah_035,35 שלומי,מחסני השוק,מחסני השוק בסיטי,35.0,ההשראה 2,שלומי,,33.0754389,35.1450494,-2.389169006100249,5398
mah_036,36 עפולה ביהח העמק,מחסני השוק,מחסני השוק בסיטי,36.0,יצחק רבין 21,פרדס חנה כרכור,1834111.0,32.621521714497554,35.317284101725456,-6.287098410467388,2505
mah_041,41 אופקים אזור תעשיה,מחסני השוק,מחסני השוק,41.0,שדרות יהדות דרום אפריקה 14,אופקים,0.0,31.315346322776204,34.62468190467515,-5.794023298386217,4472
mah_044,44 ערד,מחסני השוק,מחסני השוק,,שמיר 5,ערד,,31.26125469999999,35.2152179,-5.314340909523142,6731
mah_045,45 מיתרים,מחסני השוק,מחסני השוק בסיטי,45.0,אזור תעשיה הר חרמ 1,מיתרים,,31.375119581811,35.0067509528218,-1.64254632646881,4564
mah_050,"50 רד""ק- ב""ש",מחסני השוק,מחסני השוק בסיטי,50.0,"רחבת רד""ק 28",באר שבע,,31.2521018,34.7867691,0.2547302420789233,4362
mah_051,51 חיפה - נשר,מחסני השוק,מחסני השוק,51.0,דרך בר יהודה http 147,נשר,,32.7785192,35.0406357,-5.538983709338765,6585
mah_052,52 מודיעין,מחסני השוק,מחסני השוק בסיטי,52.0,עמק דותן 24,מודיעין מכבים רעות,,31.8991267,35.0209953,-1.627379338378493,5713
mah_054,54 רחובות - הנשיא,מחסני השוק,מחסני השוק בסיטי,54.0, ,רחובות,,31.8981815,34.8215989,0.10929432340737393,4628
mah_058,"58 סניף אורגים- ב""ש",מחסני השוק,מחסני השוק,58.0,האורגים http://ww 1,באר שבע,,31.2543238,34.8183187,-4.6921823914907534,9494
mah_059,59 יקנעם,מחסני השוק,מחסני השוק,59.0,התמר 1,יקנעם,,32.6592962,35.1045404,-5.570258284605225,5575
mah_061,61 דימונה ממשית,מחסני השוק,מחסני השוק,,תל לכיש 6,דימונה,,31.060269211788118,35.03529194277279,-5.612891263382409,5277
mah_065,65 קרית אתא,מחסני השוק,מחסני השוק בסיטי,65.0,חנקין 1,קרית אתא,28212.0,32.8125999,35.1053976,-1.8894507843024353,4649
mah_066,66 צופים,מחסני השוק,מחסני השוק בסיטי,66.0, ,צופים,,32.197318,35.008912,0.5578133165688831,3517
mah_076,76 צפת,מחסני השוק,מחסני השוק,76.0,לוחמי הגטאות 1,צפת,13401.0,32.964648,35.495997,-5.206811936628939,6139
mah_077,77 קרית גת,מחסני השוק,מחסני השוק,77.0,דרך הדרום http:// 1,קרית גת,82021.0,31.6022033,34.7729873,-5.516295203911871,6548
mah_078,78 כפר עציון,מחסני השוק,מחסני השוק,78.0, ,כפר עציון,,31.6543398,35.1177985,-5.681341527884755,5279
mah_082,"82 קריה חרדית מהדרין ב""ש",מחסני השוק,מחסני השוק,82.0,טולדנו 12,באר שבע,8452311.0,31.267850394480696,34.778129334671746,-4.758999794211355,6437
mah_083,83 גבעת שמואל,מחסני השוק,מחסני השוק בסיטי,83.0, ,גבעת שמואל,,32.077607,34.8469088,-0.17569603326056124,3015
mah_091,"91 זבוטינסקי- ת""א",מחסני השוק,מחסני השוק בסיטי,91.0,ז`בוטינסקי 128,רמת גן,52602.0,32.0903051,34.8211636,0.023587325542535984,3637
mah_098,98 אילת,מחסני השוק,מחסני השוק,98.0,הספן 1,אילת,,29.5712356,34.9588279,-19.247146481436804,6833
mah_202,202 בית הכרם ירושלים,מחסני השוק,מחסני השוק בשבילך,202.0,כיכר דניה 1,ירושלים,,31.7804105,35.1885692,2.636230041955883,6416
mah_203,"203 הפלמ""ח ירושלים",מחסני השוק,מחסני השוק בשבילך,203.0,הפלמח 42,ירושלים,,31.766256,35.2089708,2.9494605610788116,5779
mah_205,205 קרית מנחם ירושלים,מחסני השוק,מחסני השוק בשבילך,205.0,דהומי 6,ירושלים,,31.75671343154569,35.16596771028976,2.8026085519111716,3456
mah_207,207 גבעת זאב- ירושלים,מחסני השוק,מחסני השוק בשבילך,207.0,מרכז מסחרי 1,גבעת זאב,,31.867021509040047,35.14872410987831,2.0098156794003437,4411
mah_211,211 פסגת זאב ירושלים,מחסני השוק,מחסני השוק בשבילך,211.0,שדרקות משה דיין 1,ירושלים,,31.838138170183,35.23439430814793,2.6098778916718746,4418
mah_212,212 תלפיות מזרח ירושלים,מחסני השוק,מחסני השוק בשבילך,212.0,דב גרונר מרכז מסח 2,ירושלים,,31.749309,35.236047,2.3148239960524406,4821
mah_217,217 גבעת שפירא ירושלים,מחסני השוק,מחסני השוק בשבילך,217.0,ההגנה 19,ירושלים,97851.0,31.805577,35.238607,2.512837518842086,5544
mah_218,218 נווה יעקב ירושלים,מחסני השוק,מחסני השוק מהדרין,218.0,מרכז מסחרי נווה י 1,ירושלים,,31.84122226967315,35.240681481028304,1.0594575300002649,4352
mah_220,220 גבעת אורנים ירושלים,מחסני השוק,מחסני השוק בשבילך,220.0,שי עגנון 20,ירושלים,,31.76146,35.206462,1.1114654572477538,5162
mah_222,222 וולפסון ירושלים,מחסני השוק,מחסני השוק בשבילך,222.0, ,ירושלים,,31.756478,35.1660279,2.897664528075818,5393
mah_223,223 פסגת זאב מזרח ירושלים,מחסני השוק,מחסני השוק בשבילך,223.0,מאיר גרשון פ.יוסף 3/1,ירושלים,,31.819819,35.245497,2.9504266771131893,5917
mah_230,230 קייזר מודיעין בשבילך,מחסני השוק,מחסני השוק בשבילך,230.0,גינת זבולון קייזר 24,מודיעין מכבים רעות,,31.9073565,34.9980728,2.9445198155222396,5493
mah_238,238 קריית ים שרת,מחסני השוק,מחסני השוק בשבילך,238.0,משה שרת 2,קרית ים,,32.851004,35.070244,2.733770239297176,3892
mah_239,239 קצרין,מחסני השוק,מחסני השוק בשבילך,239.0,קניון לב קצרין 1,קצרין,,32.9938584,35.690649,2.578359277038357,4490
mah_241,241 אורה -ירושלים,מחסני השוק,מחסני השוק בשבילך,241.0,הנריטה סולד 1,ירושלים,,31.75494,35.1605834,2.867156947118651,5743
mah_242,242 אפרת,מחסני השוק,מחסני השוק בשבילך,242.0,מרכז מסחרי ג רחוב 1,אפרת,,31.6570062,35.152073,-2.1808838372826687,2831
mah_244,244 יבנה,מחסני השוק,מחסני השוק בשבילך,244.0,האגוז 2,יבנה,,31.87535339999999,34.7350096,0.45738501521381697,3656
mah_245,245 גדרה,מחסני השוק,מחסני השוק בשבילך,245.0,מנחם בגין 40,גדרה,,31.80367499999999,34.7848455,3.0017261315994133,8973
mah_246,246 חפץ חיים נתניה,מחסני השוק,מחסני השוק בשבילך,246.0,חפץ חיים 4,נתניה,,32.29564,34.845049,2.6526014000850315,4379
mah_247,247 לב יסמין נתניה,מחסני השוק,מחסני השוק בשבילך,247.0,פנחס ליבון 18,נתניה,,32.2833633823406,34.85369215470922,2.895413706472102,4633
mah_250,250 עפולה מחסני השוק,מחסני השוק,מחסני השוק בסיטי,250.0,קפלן 10,עפולה,,32.6309394,35.3255424,-1.255803074161192,7773
mah_260,260 אשדוד דב גור,מחסני השוק,מחסני השוק בשבילך,260.0,דב גור 27,אשדוד,,31.7920608,34.6552344,3.2405623286828513,3404
mah_261,"261 ראשל""צ",מחסני השוק,מחסני השוק בשבילך,261.0,השדה 12,ראשון לציון,,31.963084507575793,34.79458462152449,2.3788662174337647,3586
mah_262,262 ויצמן נתניה,מחסני השוק,מחסני השוק בשבילך,262.0,הרצוג 23,נתניה,,32.31999235476718,34.85523069548115,2.794296835786488,4483
mah_263,263 בנימין נתניה,מחסני השוק,מחסני השוק בשבילך,263.0,שדרות בנימין 60,נתניה,,32.283226,34.8534622,3.179753380782685,5275
mah_264,264 פולג נתניה,מחסני השוק,מחסני השוק בשבילך,264.0,אמנון ותמר 6,נתניה,,32.274935224934374,34.847958303019254,2.486867964557553,4559
mah_265,265 רחובות - גורודצקי,מחסני השוק,מחסני השוק בשבילך,265.0,גורודסקי 51,רחובות,,31.898435209318382,34.821684239149995,2.69692608729599,4888
mah_267,267 צור הדסה-ירושלים,מחסני השוק,מחסני השוק בשבילך,267.0,רכסים 2,צור הדסה,,31.7130181,35.09893890000001,2.5736285807486063,4906
mah_268,268 נהריה מחסני השוק,מחסני השוק,מחסני השוק בשבילך,268.0,הזמיר 63,נהריה,,33.0030477,35.1062362,0.3541384410188367,3918
mah_274,274 ברקת אילת מחסני השוק,מחסני השוק,מחסני השוק בסיטי,274.0, ,אילת,,29.5502464,34.9474577,-19.477876726865254,4429
mah_277,"277 הראשונים ראשל""צ",מחסני השוק,מחסני השוק בשבילך,277.0,הנחשול 30,ראשון לציון,,31.9845279685415,34.782646824255245,2.550284096645737,4534
mah_289,289 ניצה  נתניה,מחסני השוק,מחסני השוק בשבילך,289.0,שדרות ניצה 8,נתניה,,32.3365629,34.852049,1.7230062629333676,2500
mah_801,801 אבן שמואל TOGO - זכיין,מחסני השוק,מחסני השוק,,NaN,מרכז לוגיסטי,0.0,31.576429,34.762963,-0.8888070819246728,1448
nat_001,רחובות C  NH ברכל,נתיב החסד,בר-כל,,פרץ 107,רחובות,7620420.0,31.88334859999999,34.8228706,-0.35997776286968214,1738
nat_004,עימנואל נתיב החסד NH   W,נתיב החסד,נתיב,,חתם סופר 1,עמנואל,4484500.0,32.160688,35.136036,0.5919710313844682,3823
nat_006,קוטלר נתיב החסד NH   @,נתיב החסד,נתיב,,קוטלר 18,בני ברק,5135015.0,32.0863680638949,34.83476869454648,-1.0964913142510855,2681
nat_009,נויפלד נתיב החסד NH   @,נתיב החסד,נתיב,,נויפלד 15,בני ברק,5124223.0,32.097393065258785,34.840976809500035,-1.4305182872714326,3762
nat_015,ירמיהו נתיב החסדNH   @,נתיב החסד,נתיב,,ירמיהו 15,בני ברק,5124223.0,32.0886348,34.82649380000001,-1.279033906092053,2681
nat_016,אלעד - הריף ברכל טוב @,נתיב החסד,בר-כל,,"הרי""ף 1",אלעד,4082801.0,32.054255626272635,34.96416952338069,-1.5851605206091628,2899
nat_017,"קרית מלאכי, נתיב החסד    W",נתיב החסד,נתיב,,בן גוריון 88,קרית מלאכי,8303671.0,31.7308742,34.7366888,-0.5417071075414518,1829
nat_019,גניחובסקי נתיב החסדNH   @,נתיב החסד,נתיב,,גניחובסקי 23,בני ברק,5124973.0,32.09915020481463,34.84008159454727,-1.591465535050166,2621
nat_020,בת ים נתיב החסד NH   @,נתיב החסד,נתיב,,ניסנבאום 25,בת ים,5124973.0,32.010398,34.7509205,-1.4618264839087036,2516
nat_024,חיפה מיכאל 9 נתיב החסד NH @,נתיב החסד,נתיב,,מיכאל 9,חיפה,3365411.0,32.80561398650624,35.00150540807827,-1.036209227585977,2750
nat_025,אשדוד הלל נתיב החסד NH  C,נתיב החסד,נתיב,,הלל 8,אשדוד,7721204.0,31.7921316,34.6670249,-0.5668737740088327,2327
nat_026,אשדוד - הורקנוס 22 נתיב החסד NH C,נתיב החסד,נתיב,,הרקונס 22,אשדוד,7765222.0,31.79397960160267,34.66179343685891,0.41543985969102676,2073
nat_027,אשדוד הורקנוס 8 נתיב החסד NH C,נתיב החסד,נתיב,,הורקנוס 8,אשדוד,7765208.0,31.79152622371471,34.661071296381884,-0.15696476511923968,1777
nat_028,יגאל אלון נתיב החסד NH C,נתיב החסד,נתיב,,יגאל אלון 12,בני ברק,5123112.0,32.0973013,34.8362104,-0.157568981367984,1967
nat_029,רשבם נתיב החסד  NH C,נתיב החסד,נתיב,,"רשב""ם 15",בני ברק,5160132.0,32.0788317,34.8354962,-0.9559655803628159,1902
nat_030,מלצר נתיב החסד NH  C,נתיב החסד,נתיב,,מלצר 24,בני ברק,5152921.0,32.082063,34.838642,0.12997267793305736,1727
nat_031,הרב קוק נתיב החסד NH  @,נתיב החסד,נתיב,,קוק 11,בני ברק,5140505.0,32.08710092118283,34.82697655547927,-1.510859439822323,1921
nat_032,פרדו נתיב החסדNH C,נתיב החסד,נתיב,,פרדו 2,בני ברק,5154602.0,32.08547318389296,34.84478383687469,-0.3315818654839974,2083
nat_033,אשדוד - רשבי נתיב החסד NH C,נתיב החסד,נתיב,,רשבי 15,אשדוד,7765035.0,31.789186065594205,34.66495022336636,-0.14054562195679082,1758
nat_034,חבקוק נתיב החסד NH @,נתיב החסד,נתיב,,חבקוק 25,בני ברק,5136622.0,32.08755916143343,34.8378776522184,-1.3371577380853692,2628
nat_036,מודיעין עלית רשבי ברכל  NH  C,נתיב החסד,בר-כל,,"רשב""י 35",מודיעין מכבים רעות,7183335.0,31.9375537,35.0423449,0.1681545451657722,1282
nat_037,תורת חיים נתיב החסדC  NH,נתיב החסד,נתיב,,תורת חיים 1,בני ברק,5161327.0,32.075372,34.8383218,-0.3825155669439095,2217
nat_038,קלישר נתיב החסד NH    C,נתיב החסד,נתיב,,קלישר 17,בני ברק,5139001.0,32.0897434,34.8439689,-0.7807571970038086,2683
nat_039,נתניה - השוק נתיב החסד NH    @,נתיב החסד,נתיב,,שוהם 29,נתניה,5229531.0,32.3304193,34.859859,-1.8827743009759834,2242
nat_040,נ. המשפט קריית ספר ברכל NH    C,נתיב החסד,בר-כל,,נתיבות המשפט 40,מודיעין עילית,7182820.0,31.929559016967556,35.04458226885083,-0.7047349482223586,1753
nat_041,רבבה שירה מרקט W,נתיב החסד,שירה מרקט,,רבבה,רבבה,0.0,32.1179875,35.1281827,0.13146460877157576,2822
nat_042,לילנבוים נתניה נתיב החסד NH  W,נתיב החסד,נתיב,,לילנבלום 13,נתניה,4241218.0,32.32542501117881,34.85910436800883,-0.456564615048193,1386
nat_043,נתניה הארי נתיב החסד NH  @,נתיב החסד,נתיב,,"האר""י 18",נתניה,4252617.0,32.3119115,34.8578392,-1.9467924848254268,2249
nat_044,ירושלים פנים מאירות ברכל  NH  C,נתיב החסד,בר-כל,,פנים מאירות 8,ירושלים,9442353.0,31.797331,35.201356,0.2882699760627648,1673
nat_046,בית שמש נתיב החסד NH   @,נתיב החסד,נתיב,,מרים הנביאה 16,בית שמש,9442353.0,31.70142428299407,34.99289070801804,-0.3801241309322586,2534
nat_050,אחיסמך  נתיב החסד C,נתיב החסד,נתיב,,שבטי ישראל 18,לוד,7310500.0,31.9365986,34.8977799,0.07859162340133666,2220
nat_052,עפולה   נתיב החסד @,נתיב החסד,נתיב,,אבן גבירול 49,עפולה,1862573.0,32.6246775,35.3282503,-1.4508885988512263,2445
nat_053,הר יונה נתיב החסד C,נתיב החסד,נתיב,,האדמור מבעלזא 5 5,נוף הגליל,1709416.0,32.7257313,35.3413889,0.6006698656479593,2701
nat_054,עפולה פנקס 1 נתיב  החסד @,נתיב החסד,נתיב,,פנקס 1,עפולה,185530.0,32.6327996,35.3257854,-2.2111112432849427,1530
nat_055,זכרון יעקב  @ נתיב החסד,נתיב החסד,נתיב,,הלל יפה 14,זכרון יעקב,3092143.0,32.566168,34.958297,-1.6475986671045,2467
nat_056,נתניה שמואל הנציב  נתיב W,נתיב החסד,נתיב,,NaN,נתניה,0.0,32.3320378,34.8566145,-0.648238100029735,2504
nat_058,ארלוזורוב 50 צפת נתיב החסד,נתיב החסד,נתיב,58.0,ארלוזורוב 12,צפת,1322468.0,32.967076000071096,35.49396713764695,-0.6779852059054565,2536
nat_152,אקספרס מהדרין  ש. המלך און ליין D,נתיב החסד,אקספרס מהדרין,,שלמה המלך 8,בני ברק,5155201.0,32.0925514,34.856712,0.7069792109097971,2526
nat_210,"אופקים/הרצל 42, ברכלC  BAR",נתיב החסד,בר-כל,,הרצל,אופקים,8753007.0,31.3142639,34.6213328,-0.16464811735129573,2932
nat_212,"אשדוד ינאי 7,נתיב החסד  @",נתיב החסד,נתיב,,ינאי 7,אשדוד,7765467.0,31.788001367347672,34.664745194530454,-1.3900442698914455,2995
nat_213,"רחובות מדר 27, ברכל@ BAR",נתיב החסד,בר-כל,,מדר 27,אשדוד,7655270.0,31.804381,34.655314,-1.0229206545219325,3625
nat_215,"בן יאיר 35/אלעד, ברכל@ BAR",נתיב החסד,בר-כל,,פנחס בו יאיר 35,אלעד,4081932.0,32.0512288,34.9599866,-1.4078568758808598,3196
nat_216,"טרומפלדור 54/חיפה, נתיב החסדC NH",נתיב החסד,נתיב,,טרומפלדור 54,חיפה,3258231.0,32.7829305,35.0151513,0.07473885447359237,2507
nat_218,"גילה, בן אליעזר 47/ירושלים, ברכלM BAR",נתיב החסד,בר-כל,,אריה בן אליעזר 47,ירושלים,9382627.0,31.7352278,35.1966879,-1.5009146186931734,3891
nat_219,"שמעון הצדיק 7/אלעד, ברכל@ BAR",נתיב החסד,בר-כל,,שמעון הצדיק 7,אלעד,4083906.0,32.04776226300528,34.961333181052225,-1.2182069048537247,3425
nat_221,"שלמה המלך 4-6/ב""ב, ברכל @  BAR",נתיב החסד,בר-כל,,שלמה המלך 8,בני ברק,5155201.0,32.07974119643519,34.840728336874285,-1.21984113780109,3462
nat_224,"אבני נזר 18/קרית ספר , ברכל @    BAR",נתיב החסד,בר-כל,,אבני נזר 18,מודיעין עילית,7181018.0,31.9328485,35.0404097,-1.105466217614322,2385
nat_225,"חפץ חיים 10/קרית ספר, ברכלC BAR",נתיב החסד,בר-כל,,חפץ חיים 10,מודיעין עילית,7182010.0,31.931655,35.0442378,-0.5301344388296766,1799
nat_226,"אבוחצירא 20/ב""ב פרדס כץ, ברכלC   BAR",נתיב החסד,בר-כל,,אבוחצירא 20,בני ברק,5128511.0,32.09509691957626,34.83146330803931,-0.6534341847528643,2468
nat_228,"נחלת יעקב 10/רכסים, ברכלC   BAR",נתיב החסד,בר-כל,,נחלת יעקב 10,רכסים,2040000.0,32.753339860976475,35.09062553682107,-0.15928341119123757,2474
nat_229,"נ. המשפט 5/קרית ספר, ברכלC  BAR",נתיב החסד,בר-כל,,נתיבות המשפט 5,מודיעין עילית,7182903.0,31.933534123765334,35.04781018235579,-0.22016859302169445,2282
nat_230,"עמידר/רמת גן,לנדרס 1,  ברכלM BAR",נתיב החסד,בר-כל,,לנדרס 1,רמת גן,5226001.0,32.0692707,34.8386134,-1.426694741376452,4093
nat_231,"מסילת יוסף 21/קרית ספר (הקטן), ברכלC BAR",נתיב החסד,בר-כל,,מסילת יוסף 21,מודיעין עילית,168.0,31.926922714751846,35.04262133686618,-0.17434646664035316,1948
nat_232,"נתבות המשפט 64/קרית ספר, ברכל BAR C",נתיב החסד,בר-כל,,נתבות המשפט 40,מודיעין עילית,7182101.0,31.9293822,35.0446268,-0.5390514005507421,2069
nat_233,"מ. יוסף הגדול  34/קרית ספר, ברכל@ BAR",נתיב החסד,בר-כל,,מסילת יוסף 34,מודיעין עילית,7181728.0,31.930178964174047,35.04301210862617,-0.9008756797063319,3154
nat_234,"חשמונאים /הרמא 17, שירה מרקט W  BAR",נתיב החסד,שירה מרקט,,"הרמ""א 17",חשמונאים,7312700.0,31.926673,34.8503173,-0.5214935177203983,2700
nat_235,"ש. הצדיק 41/אלעד,ברכל BAR C",נתיב החסד,בר-כל,,שמעון הצדיק 41,אלעד,4083942.0,32.047707900031284,34.965964436872575,-1.1296721121783313,2483
nat_237,"אושיות רחובות/ליטני 37,  ברכל @",נתיב החסד,בר-כל,,מבצע לטיני 37,רחובות,7657107.0,31.883765545616576,34.82396092337146,-2.2151148190443757,2504
nat_238,"מתתיהו 10/ב""ב, ברכלC  BAR",נתיב החסד,בר-כל,,מתתיהו 10,בני ברק,5160512.0,32.0771592285551,34.841142109889645,-0.8548142498981098,2192
nat_240,"סורוצקין/מנחם משיב1, ברכל@ BAR",נתיב החסד,בר-כל,,מנחם משיב 39,ירושלים,9446518.0,31.800129757605585,35.206482481038705,-1.247089515329394,3067
nat_241,"י. הנשיא 23/ברכפלד, ברכלC BAR",נתיב החסד,בר-כל,,יהודה הנשיא 23,מודיעין עילית,7183712.0,31.939627179026782,35.042420479195016,-0.4499538564235724,2314
nat_242,"נווה יעקב /שאולי הכהן, ברכל BAR M",נתיב החסד,בר-כל,,משה שאולי הכהן 10,ירושלים,9749101.0,31.843499883423945,35.24642469394721,-1.2645389811105672,2762
nat_243,"אור הגנוז, ברכלC   BAR",נתיב החסד,בר-כל,,מושב אור הגנוז,אור הגנוז,1390900.0,33.0046971,35.4457811,0.1319929964793089,2570
nat_244,"צהל 13, מאור החיים/צפת, ברכל BAR @",נתיב החסד,בר-כל,,צהל 13,צפת,1344038.0,32.9648655,35.4923093,-1.5230966146593128,2685
nat_245,"נתבות /ז'בוטינסקי 10, ברכל@ BAR",נתיב החסד,בר-כל,,זבוטינסקי 10,נתיבות,3258231.0,31.425696,34.589046,-1.3569548026367033,2771
nat_246,בית שמש נחל שורק 11 נתיב החסד M NH,נתיב החסד,נתיב,,נחל שורק 11,בית שמש,9909114.0,31.7148882027195,34.99423972876387,-1.0853896735722726,3408
nat_247,"רמת אהרון /מאיר הכהן 2, ב""ב, ברכל@ BAR",נתיב החסד,בר-כל,,מאיר הכהן 2,בני ברק,5154450.0,32.08542961342595,34.840703028876064,-1.2721320906477063,3322
nat_248,"אבטליון 23/אלעד, ברכל BAR C",נתיב החסד,בר-כל,,אבטליון 23,אלעד,4080621.0,32.0464891,34.9495188,-0.7052559057292231,2088
nat_250,"מיכאל 16/חיפה, נתיב החסדC NH",נתיב החסד,נתיב,,מיכאל 16,חיפה,3365502.0,32.80461279847946,35.001962661119656,-0.3971374650203259,2588
nat_251,"בית שאן /הנגב 2, ברכלC BAR",נתיב החסד,בר-כל,,הנגב 2,בית שאן,1178001.0,32.4907636,35.4994606,-0.6652749575677155,2244
nat_253,"יהודה הנשיא 34/ברכפלד, ברכל @BAR",נתיב החסד,בר-כל,,יהודה הנשיא 34,מודיעין עילית,7183105.0,31.940654997931134,35.046129862721024,-1.2864933006663752,2704
nat_258,"השומר 56/ב""ב, ברכל BAR C",נתיב החסד,בר-כל,,השומר 53,בני ברק,5154421.0,32.08151372879919,34.82286645298849,-0.8820126695635724,2085
nat_260,"סוקולוב 6/ב""ב, ברכלית C  BAR",נתיב החסד,בר-כל,,סוקולוב 6,בני ברק,5135002.0,32.0901254,34.83489369999999,-1.0272948774311346,912
nat_261,"רימונים 1/רכסים, ברכל C   BAR",נתיב החסד,בר-כל,,רימונים 1,רכסים,2019600.0,32.74958670345447,35.10020135225481,-0.6794347921619772,2574
nat_262,"חדרה הגיבורים 52/, נתיב החסד NH M",נתיב החסד,נתיב,,הגיבורים 62,חדרה,3822412.0,32.4342377,34.92227,-1.863213860202585,2374
nat_266,"צפת /מרכז, מרדכי חדד ברכל@ BAR",נתיב החסד,בר-כל,,מרדכי חדד 1,צפת,1340601.0,32.9604911,35.4989242,-1.3216840410253372,2454
nat_267,"חתם סופר 19 ב""ב, ברכלית BAR  C",נתיב החסד,בר-כל,,חתם סופר 19,בני ברק,5131125.0,32.0890137,34.8279637,-0.2597911392945542,1341
nat_271,נתבות ברכל שדרות ירושלים @,נתיב החסד,בר-כל,,שדרות ירושלים 170,נתיבות,8774863.0,31.4223188,34.5705841,-2.004416438756672,1579
nat_273,נתבות - מזוז ברכל C,נתיב החסד,בר-כל,,מזוז 1,נתיבות,8781201.0,31.427459,34.581484,-1.0032164535890735,1862
nat_274,עמק האלה 43/אשקלון ברכל @,נתיב החסד,בר-כל,,עמק האלה 43,אשקלון,7888935.0,31.6468769,34.5696796,-2.073100072385299,2282
nat_275,"רמב""ם 16 מודיעין עילית ברכל  C",נתיב החסד,בר-כל,,רמבם 16,מודיעין עילית,7180224.0,31.929875090166853,35.046612736866216,-0.8359949205708908,1770
nat_276,רמת שלמה ירושלים  ברכל  @,נתיב החסד,בר-כל,,חזון איש 49,ירושלים,0.0,31.8079358,35.2231535,-1.685735950363128,2224
nat_300,שירה מרקט גבעת שמואל W,נתיב החסד,שירה מרקט,,הסיבים,פתח תקווה,0.0,32.0832123,34.8561618,-0.923114520504073,2550
nat_301,שירה מרקט פתח תקווה W,נתיב החסד,שירה מרקט,,ישעיהו המשורר 11,פתח תקווה,4931937.0,32.0682374,34.9085802,-0.5650701694531233,4322
nat_303,משכנות האומה שירה מרקט W,נתיב החסד,שירה מרקט,,אבא אבן 14,ירושלים,0.0,31.78613039999999,35.2048965,-0.39268440389190873,2868
nat_304,קרית מלאכי  כרמי הנדיב שירה C,נתיב החסד,שירה מרקט,,שדרות רוטשילד,קרית מלאכי,0.0,31.73127056599517,34.73687605816333,-0.2506942784961537,2362
nat_305,גון קנדי שירה מרקט,נתיב החסד,שירה מרקט,305.0,קנדי 36,ראש העין,4852054.0,32.095332347330036,34.9525647595023,-0.7657525793127073,1867
nat_306,ראש העין שירה מרקט,נתיב החסד,שירה מרקט,306.0,גרטי וקרל קורי 13,ראש העין,4841095.0,32.084059487775264,34.96996502016285,-0.942319424368069,3886
nat_307,כפר אורנים שירה מרקט,נתיב החסד,שירה מרקט,1.0,כפר אורנים,כפר אורנים,0.0,31.920846911176795,35.0372414625822,-1.1090787122528518,2246
nat_308,המצודה/אזור שירה  מרקט,נתיב החסד,שירה מרקט,1.0,המצודה 6,אזור,58000.0,32.029255017702255,34.799429166434045,-1.5527644734341381,1132
osh_001,מגדל העמק,אושר עד,אושר עד,1.0,האיצטדיון 11,מגדל העמק,2303401.0,32.6696574,35.2368042,-9.700573665617146,5007
osh_003,גבעת שאול,אושר עד,אושר עד,3.0,בית הדפוס 29,ירושלים,9548334.0,31.7852087,35.1828468,-8.97209597647734,5239
osh_005,קרית ביאליק,אושר עד,אושר עד,5.0,"הנס מולר 6, צור שלום",קרית ביאליק,2751206.0,32.8618235,35.098291,-9.326346061286744,5056
osh_006,כנות,אושר עד,אושר עד,6.0,אדום 24 פארק התעשיות כנות,כנות,7982500.0,31.8113771,34.7675852,-8.813510950910612,4587
osh_009,אשדוד,אושר עד,אושר עד,9.0,בעלי המלאכה 4,אשדוד,7761205.0,31.8123216,34.6635063,-9.018596861025323,5029
osh_010,פתח תקווה - סגולה,אושר עד,אושר עד,10.0,בן ציון גליס 30,פתח תקווה,4927930.0,32.1056568,34.8919915,-10.094977956686932,5277
osh_011,בני ברק,אושר עד,אושר עד,11.0,הקישון 11,בני ברק,5120314.0,32.0989129,34.8300771,-9.8041980704042,5047
osh_013,באר שבע,אושר עד,אושר עד,13.0,הקוצר 15 אזור תעשיה עמק שרה,באר שבע,8480904.0,31.213135783007726,34.810774460109904,-8.637696288312764,4885
osh_014,חדרה,אושר עד,אושר עד,14.0,"המסגר 22 אזה""ת הצפוני",חדרה,3850169.0,32.4493907,34.914005,-8.844021504381358,5080
osh_016,בית שמש - גליל,אושר עד,אושר עד,16.0,מורדי הגיטאות 6,בית שמש,9958206.0,31.747651,34.990749,-9.460722956378467,5220
osh_020,לוד,אושר עד,אושר עד,20.0,בת שבע 1 מתחם טלרד,לוד,7120101.0,31.9533935,34.8917808,-8.410426653174056,4968
osh_022,אשקלון בת הדר,אושר עד,אושר עד,22.0,בת הדר,אשקלון,7910300.0,31.648125,34.597146,-8.884146855844788,4747
osh_023,נתניה,אושר עד,אושר עד,23.0,שדרות תום לנטוס,נתניה,4276019.0,32.3036425,34.8696287,-8.945687800975605,5261
osh_024,תל אביב,אושר עד,אושר עד,24.0,קרמינצקי 3,תל אביב יפו,6789903.0,32.067096,34.7936383,-8.172328094516022,4922
osh_025,ראשון לציון,אושר עד,אושר עד,25.0,אצל 26,ראשון לציון,7570630.0,31.9722597,34.8093139,-9.14827543298292,5021
osh_026,תלפיות,אושר עד,אושר עד,26.0,פייר קניג 26 קניון הדר,ירושלים,9346934.0,31.7534343,35.213897,-8.903848740944749,5169
osh_028,שמגר,אושר עד,אושר עד,28.0,שמגר 16,ירושלים,9446116.0,31.7947479,35.208407,-10.223523853857946,4555
osh_029,קרית ים,אושר עד,אושר עד,29.0,גולדה מאיר 2,קרית ים,2905737.0,32.8560183,35.0776785,-8.83325058315034,4945
osh_030,חיפה,אושר עד,אושר עד,30.0,דרך בר יהודה 31,חיפה,3262724.0,32.8009038,35.013511,-8.956650864616284,5037
osh_031,כפר סבא,אושר עד,אושר עד,31.0,דרך הים 9,כפר סבא,4418001.0,32.18499,34.953063,-8.890176579908056,5116
osh_032,קרית אונו,אושר עד,אושר עד,32.0,שמירה אימבר גדיש 9,קרית אונו,5510101.0,32.035023,34.864173,-8.587653916028314,5216
ram_001,תלפיות,רמי לוי,רמי לוי,1.0,"האומן,15",ירושלים,0.0,31.7498264,35.2096023,-7.6369602694919205,8302
ram_002,בזק מחסני מזון,רמי לוי,רמי לוי,2.0,יד חרוצים 18,ירושלים,0.0,31.7510508,35.2153716,-7.897888637465013,7211
ram_003,רמי לוי בשכונה,רמי לוי,רמי לוי,3.0,90 דרך החורש,ירושלים,0.0,31.8092121,35.1941519,-9.500916683931585,4205
ram_005,רב מכר,רמי לוי,רמי לוי,5.0,הפרסה 3,ירושלים,0.0,31.7520269,35.2091884,-7.371497441960006,9460
ram_006,מישור אדומים,רמי לוי,רמי לוי,6.0,איתם 1,מישור אדומים,0.0,31.793032568625936,35.334513115197595,-7.425457941323283,9558
ram_008,שער בנימין,רמי לוי,רמי לוי,8.0,מרכז מסחרי מטה בנמין,ירושלים,0.0,31.8657346800454,35.2596698516709,-7.352930080019686,8778
ram_009,קסיטנה,רמי לוי,רמי לוי,9.0,א.ת באר טוביה,קרית מלאכי,0.0,31.7278229,34.754139,-7.569460345491386,9227
ram_010,מודיעין חדש,רמי לוי,רמי לוי,10.0,א.ת שילת,מודיעין מכבים רעות,0.0,31.921173,35.014572,-7.398349218357738,8780
ram_011,עפולה,רמי לוי,רמי לוי,11.0,יהושוע חנקין 14,עפולה,0.0,32.6036284,35.2930192,-7.643414871019565,8832
ram_012,ביתר עלית,רמי לוי,רמי לוי,12.0,ביתר עלית,ירושלים,0.0,31.69984809999999,35.107769,-7.901780427277504,6652
ram_013,גבעת שאול,רמי לוי,רמי לוי,13.0,בית הדפוס 13,ירושלים,0.0,31.7857605,35.1873851,-8.10626265947532,6748
ram_014,טבריה,רמי לוי,רמי לוי,14.0,צומת פוריה ביג,טבריה,0.0,32.7844835,35.4986223,-7.562697268272627,9119
ram_015,נשר,רמי לוי,רמי לוי,15.0,דרך השלום 13,חיפה,0.0,32.7701955,35.0473851,-7.639310305874885,8958
ram_016,רמת גן איילון,רמי לוי,רמי לוי,16.0,מבצע קדש 68,בני ברק,0.0,32.1013984,34.8311958,-7.510663855278258,8574
ram_017,ראש העין,רמי לוי,רמי לוי,17.0,א.ת לב הארץ,ראש העין,0.0,32.1072425,34.9555511,-7.370513780688402,8890
ram_019,אדמרליטי,רמי לוי,רמי לוי,19.0,חלוצי התעשיה 73,חיפה,0.0,32.8187067,35.0536682,-8.718390967347458,7506
ram_020,זכרון יעקב,רמי לוי,רמי לוי,20.0,מול זכרון,זכרון יעקב,0.0,32.569352,34.93345,-8.376974604725426,8782
ram_022,כנפי נשרים,רמי לוי,רמי לוי,22.0,כנפי נשרים 26,ירושלים,0.0,31.7882871,35.1850293,-7.360718036546707,7970
ram_023,גוש עציון,רמי לוי,רמי לוי,23.0,צומת גוש עציון,גוש עציון,0.0,31.6425423,35.15158,-7.374761698480904,8904
ram_024,נתניה,רמי לוי,רמי לוי,24.0,המחקר 3,נתניה,0.0,32.2927627,34.8623046,-7.546206218041386,9560
ram_025,מודעין ישפרו,רמי לוי,רמי לוי,25.0,מתחם ישפרו,מודיעין מכבים רעות,0.0,31.889053458316987,34.96044549373903,-7.630250206268546,8749
ram_026,אשדוד,רמי לוי,רמי לוי,26.0,היהלומים 8,אשדוד,0.0,31.8142964,34.6595852,-7.389210026779392,8992
ram_027,באר שבע,רמי לוי,רמי לוי,27.0,הע.ל עמק שרה,באר שבע,0.0,31.23328170126853,34.799941899372875,-7.65405202611354,8463
ram_028,עכו,רמי לוי,רמי לוי,28.0,בוליטמור 2,עכו,0.0,32.8990325,35.0914497,-7.661431485617822,8524
ram_029,פרדס חנה ביג,רמי לוי,רמי לוי,29.0,תדהר 1,פרדס חנה כרכור,0.0,32.4888176,34.9705182,-7.713376669569974,8956
ram_030,קדימה,רמי לוי,רמי לוי,30.0,הזרם 2,קדימה,0.0,32.2762888,34.9204034,-7.429550048790202,8919
ram_031,נתיבות,רמי לוי,רמי לוי,31.0,צומת בית הגדי,נתיבות,0.0,31.422839,34.607878,-7.424942892494381,8261
ram_032,נהריה,רמי לוי,רמי לוי,32.0,היוצרים א.ת צפוני,נהריה,0.0,33.0327904,35.1034588,-7.492327003716957,9194
ram_033,כפר סבא,רמי לוי,רמי לוי,33.0,גלגלי פלדה 2,כפר סבא,0.0,32.1728401,34.9275245,-7.440073997025204,9000
ram_034,פתח תקווה,רמי לוי,רמי לוי,34.0,הסיבים 37,פתח תקווה,0.0,32.0877037,34.8573341,-7.44530994599596,9133
ram_035,אשקלון,רמי לוי,רמי לוי,35.0,המתכנן 8,אשקלון,0.0,31.6355114,34.5528526,-7.594369892403449,8423
ram_036,כרמיאל,רמי לוי,רמי לוי,36.0,היוצרים 7,כרמיאל,2165233.0,32.9235,35.3080062,-7.56103535198978,9080
ram_037,נתניה חדש,רמי לוי,רמי לוי,37.0,האורזים 8,נתניה,0.0,32.322118237156204,34.87136195739262,-8.007159158585068,7267
ram_038,קרית שמונה,רמי לוי,רמי לוי,38.0,איזור תעשיה צפוני קרית שמונה,קרית שמונה,0.0,33.216187,35.587746,-7.919774692813905,7893
ram_040,יבנה,רמי לוי,רמי לוי,40.0,הקישון 9 קניון G,יבנה,0.0,31.885868,34.7338294,-7.758231038161523,8303
ram_041,רחובות,רמי לוי,רמי לוי,41.0,מוטי קינד 1,רחובות,7638507.0,31.89335419999999,34.7865316,-7.850488196150482,7862
ram_042,לוד,רמי לוי,רמי לוי,42.0,שד הציונות 1,לוד,7127710.0,31.94530289999999,34.8917808,-7.83526216480513,6855
ram_043,ראשון לציון,רמי לוי,רמי לוי,43.0,שד משה דיין,ראשון לציון,7565839.0,31.98476377570436,34.76957949454104,-7.5636952464801865,8138
ram_044,חדרה,רמי לוי,רמי לוי,44.0,השלום 1,חדרה,3846201.0,32.4555358,34.9052124,-7.437584937409068,9516
ram_045,בת ים,רמי לוי,רמי לוי,45.0,העמל 20,בת ים,5960705.0,32.0045095,34.7475226,-7.604858732934215,8333
ram_046,רעננה,רמי לוי,רמי לוי,46.0,החרושת 12,רעננה,4365706.0,32.194741,34.8812187,-7.34466363221403,9024
ram_048,עטרות,רמי לוי,רמי לוי,48.0,קניון עטרות,ירושלים,0.0,31.8534787,35.2175129,-7.538953226828763,9108
ram_049,בית שמש,רמי לוי,רמי לוי,49.0,יגאל אלון 4,בית שמש,9906204.0,31.756019391952368,34.986640894528605,-7.3131789097488005,8134
ram_050,חולון,רמי לוי,רמי לוי,50.0,תמנע 6,חולון,5881213.0,32.0239698,34.7983618,-7.349671003650925,9918
ram_053,אריאל,רמי לוי,רמי לוי,53.0,הבנאי 6,אריאל,0.0,32.1007198,35.1701331,-7.193440233500679,9279
ram_054,קרית גת,רמי לוי,רמי לוי,54.0,דרך הדרום 3 מרכז ביג,קרית גת,0.0,31.6038516,34.7722626,-7.606902343524575,8564
ram_055,רמת החייל,רמי לוי,רמי לוי,55.0,דבורה הנביאה 127,תל אביב יפו,8424408.0,32.1130943,34.8425025,-7.425559715104861,9696
ram_056,אשקלון צפון,רמי לוי,רמי לוי,56.0,צהל 99,אשקלון,0.0,31.6619129,34.5945205,-7.780331754493779,7602
ram_057,עזריאלי חיפה,רמי לוי,רמי לוי,57.0,משה פלימן 4,חיפה,3508416.0,32.7896594,34.9656482,-7.781764772224792,8358
ram_058,חדרה ויוה,רמי לוי,רמי לוי,58.0,תרנא 20,חדרה,0.0,32.4368339,34.9254335,-8.2378722409725,5060
ram_061,כרמי גת,רמי לוי,רמי לוי,61.0,כרמי גת,קרית גת,,31.604080015409,34.7722625952482,-7.679317424795632,8423
ram_062,צק פוסט,רמי לוי,רמי לוי,62.0,בר יהודה ישראל 111,חיפה,0.0,32.7705497,35.0478477,-7.6127441448664745,8848
ram_063,ביג באר שבע החדש,רמי לוי,רמי לוי,63.0,דרך חברון 21,באר שבע,8424408.0,31.243032289663315,34.8144199480922,-7.463738703778053,8960
ram_064,אור עקיבא,רמי לוי,רמי לוי,64.0,הכרמל 1,אור עקיבא,0.0,32.5180022290255,34.9164170712881,-8.181954385733372,5799
ram_066,מגדל העמק,רמי לוי,רמי לוי,66.0,כפר החורש,מגדל העמק,,32.6958230414412,35.2315663738441,-7.712741547817176,8156
ram_069,אופקים,רמי לוי,רמי לוי,69.0,מנחם בגין 2,אופקים,87585.0,31.849837621937873,34.843866481768934,-7.502276100349746,8752
ram_070,שדרות,רמי לוי,רמי לוי,70.0,משעול הלה 4,שדרות,0.0,31.526816295544855,34.60206307307781,-8.190309140218131,5072
ram_071,רמת בית שמש,רמי לוי,רמי לוי,71.0,שדרות נהר הירקון 38,בית שמש,0.0,31.7074303,34.9994121,-7.394421007328808,7131
ram_203,אילת,רמי לוי,רמי לוי,203.0,הזגג 11,אילת,8850713.0,29.5698833,34.9612922,-21.35110644415491,7618
ram_405,שווצריה ממתקים בש,רמי לוי,שוויצריה הקטנה,405.0,עזריאלי באר שבע,באר שבע,0.0,31.243881912138065,34.794618894501326,13.325707758736316,11
ram_700,בית הפירות פסגת זאב,רמי לוי,רמי לוי,700.0,הרוזמרין 33,ירושלים,0.0,31.7323116,35.200415,7.328838917955665,1718
ram_703,בית הפירות פת,רמי לוי,רמי לוי,703.0,(כתובת לא מצוינת),ירושלים,0.0,31.7488339422687,35.1978327989126,6.718782056758175,1845
ram_704,בית הפירות בית שמש,רמי לוי,רמי לוי,704.0,unknown,בית שמש,0.0,31.748987925058373,34.98618402336423,6.741922105137993,2232
ram_705,בית הפירות קרית יובל,רמי לוי,רמי לוי,705.0,אורוגוואי 1,ירושלים,0.0,31.7610863760781,35.1754852443161,7.367009722715059,2031
ram_708,עזריאלי אור יהודה,רמי לוי,רמי לוי,708.0,קניון עזריאלי אור יהודה מינוס 1,אור יהודה,0.0,32.025119,34.858117,5.400314909808781,1515
ram_709,שבט לוי אשדוד,רמי לוי,רמי לוי בשכונה,709.0,שבט לוי 14 רובע יב,אשדוד,0.0,31.7778244,34.636615,5.3312832189796495,1570
ram_710,אלי כהן אשקלון,רמי לוי,רמי לוי בשכונה,710.0,אלי כהן 43,אשקלון,0.0,31.669926,34.582204,5.713435539020648,1234
ram_711,רגר באר שבע,רמי לוי,רמי לוי בשכונה,711.0,יעקב כהן 12,באר שבע,0.0,31.254603,31.254603,5.404271728031203,1481
ram_712,מנחם בגין גבעת שמואל,רמי לוי,רמי לוי בשכונה,712.0,מנחם בגין 23,גבעת שמואל,0.0,32.07756,34.85361,4.346723074585237,1098
ram_713,בן גוריון גבעתיים,רמי לוי,רמי לוי בשכונה,713.0,בן גוריון 182,גבעתיים,0.0,32.0750352,34.8183712,6.228191489137103,3677
ram_714,מגדיאל הוד השרון,רמי לוי,רמי לוי בשכונה,714.0,מגדיאל 57,הוד השרון,0.0,32.1595098,34.90185185,5.485198469814611,2272
ram_715,סוקולוב הרצליה,רמי לוי,רמי לוי בשכונה,715.0,סוקולוב 56,הרצליה,0.0,32.1670426,34.846248,5.642316114365398,2438
ram_716,הרצל חדרה,רמי לוי,רמי לוי בשכונה,716.0,הרצל 27,חדרה,0.0,32.437384322,34.9190038,5.60534275589032,2438
ram_717,הנשיא חדרה,רמי לוי,רמי לוי בשכונה,717.0,הנשיא 2,חדרה,0.0,32.440883,34.91499,5.076820118171679,1610
ram_718,שוויצריה סוקולוב,רמי לוי,שוויצריה הקטנה,718.0,סוקולוב 84,חולון,0.0,32.0226326,34.77825519,4.848953372879733,934
ram_719,רוטשילד כפר סבא,רמי לוי,רמי לוי בשכונה,719.0,רוטשילד 39,כפר סבא,0.0,32.1743881,34.90785819,5.547777572124766,1705
ram_720,הרטום נתניה,רמי לוי,רמי לוי בשכונה,720.0,הרטום 40,נתניה,0.0,32.3105188,34.87186989,5.4516028465872655,1983
ram_721,שוויצריה ויצמן נתניה,רמי לוי,שוויצריה הקטנה,721.0,וייצמן 14,נתניה,0.0,32.329873159,34.859164426,6.123380512667934,2640
ram_722,חטיבה תשע עפולה,רמי לוי,סופר קופיקס,722.0,חטיבה תשע 34,7700,0.0,32.611977947,35.288221368,5.049575585220913,1403
ram_724,קניון אבנת פתח תקווה,רמי לוי,שוויצריה הקטנה,724.0,זבוטינסקי 72,פתח תקווה,0.0,32.09309438,34.8654668,5.648834666734505,2113
ram_725,שטמפפר פתח תקווה,רמי לוי,רמי לוי בשכונה,725.0,שטמפפר 37,פתח תקווה,0.0,32.0914146638,34.88715995,5.3260454221204245,1623
ram_726,רוטשילד פתח תקווה,רמי לוי,רמי לוי בשכונה,726.0,רוטשילד 182,פתח תקווה,0.0,32.0759584767,34.8854813,5.40927372692201,1758
ram_727,קיריון קרית ביאליק,רמי לוי,רמי לוי בשכונה,727.0,דרך עכו 192,קרית ביאליק,0.0,32.8429886,35.0923142,5.324263823675939,1525
ram_728,שבזי ראש העין,רמי לוי,רמי לוי בשכונה,728.0,שבזי 12,2640,0.0,32.0978894,34.9409454,4.190183303577154,1050
ram_729,קניון הבאר,רמי לוי,רמי לוי בשכונה,729.0,קניון הבאר,ראשון לציון,0.0,31.975858685645637,34.77402106570462,-12.138813300112945,1814
ram_733,בן יהודה תל אביב,רמי לוי,רמי לוי בשכונה,733.0,בן יהודה 23,תל אביב,0.0,32.0762671,34.7679687,5.905305029549827,2393
ram_734,אסתר המלכה תל אביב,רמי לוי,רמי לוי בשכונה,734.0,אסתר המלכה 4,תל אביב,0.0,32.0790473,34.7744319,6.007313577496293,2314
ram_735,החשמונאים תל אביב,רמי לוי,רמי לוי בשכונה,735.0,חשמונאים 100,תל אביב,0.0,32.0692075,34.786733,5.819250096065088,2297
ram_736,שוקן תל אביב,רמי לוי,רמי לוי בשכונה,736.0,שוקן 1,תל אביב,0.0,32.0547148,34.7722382,6.355249082089173,2798
ram_737,בן יהודה תל אביב,רמי לוי,רמי לוי בשכונה,737.0,בן יהודה 174,תל אביב,0.0,32.0875412,34.773397,5.060104996237433,1537
shefa_001,כף החיים,שפע ברכת השם,שפע ברכת השם,1.0,כף החיים 38,ביתר עילית,90537.0,31.6910075,35.10655,-1.6652759890575215,1694
shefa_002,בן ציון ברוק,שפע ברכת השם,שפע ברכת השם,2.0,בן ציון ברוק 7,ביתר עילית,90554.0,31.6980109,35.1008372,-1.4963940050349658,3382
shefa_003,עלי הכהן,שפע ברכת השם,שפע ברכת השם,3.0,עלי הכהן 21,ירושלים,95311.0,31.7962414,35.2145892,-1.5213779741342643,1541
shefa_005,"החיד""א",שפע ברכת השם,שפע ברכת השם,5.0,"החיד""א 11",ביתר עילית,90508.0,31.6962839,35.1177878,-1.5170635441232407,2565
shefa_006,יואל,שפע ברכת השם,שפע ברכת השם,6.0,יואל 14,ירושלים,95269.0,31.7898417,35.2208909,-1.8700653990941873,1947
shefa_007,שדרות האמוראים,שפע ברכת השם,שפע ברכת השם,7.0,שדרות האמוראים 16,בית שמש,0.0,31.7061264,34.9717522,-2.077934531614946,1472
shefa_017,אגן האיילות ג. זאב,שפע ברכת השם,שפע ברכת השם,17.0,אגן האיילות 41,גבעת זאב,90938.0,31.863743,35.151288,-1.1281553379276725,3234
shefa_018,מעזריטש,שפע ברכת השם,שפע ברכת השם,18.0,המגיד ממעזריטש 38,ביתר עילית,90560.0,31.7031567,35.1164547,-5.473397552102611,3631
shefa_019,כנסת יחזקאל,שפע ברכת השם,שפע ברכת השם,19.0,כנסת יחזקאל 6,ביתר עילית,90551.0,31.695791877589446,35.105061519258555,-1.8208334751074302,2312
shefa_022,בן איש חי בית שמש,שפע ברכת השם,שפע ברכת השם,22.0,בן איש חי 39,בית שמש,99420.0,31.7475851,35.0008014,-2.258474183550568,1654
shefa_023,כהנמן בני ברק,שפע ברכת השם,שפע ברכת השם,23.0,כהנמן 107,בני ברק,51553.0,32.079714,34.841909,-6.7740648829773145,5533
shefa_026,בבא סאלי,שפע ברכת השם,שפע ברכת השם,26.0,בבא סאלי 22,ביתר עילית,9052522.0,31.6928544,35.1096686,-5.458781568453319,3709
shefa_028,ר' עקיבא,שפע ברכת השם,שפע ברכת השם,28.0,ר' עקיבא 13,ביתר עילית,9050114.0,31.6979171,35.1224503,-1.6819378239556166,2700
shefa_029,הרב שך,שפע ברכת השם,שפע ברכת השם,29.0,הרב שך 34,ביתר עילית,9055353.0,31.6980109,35.1008372,-1.7205185233086577,2398
shefa_031,בית וגן,שפע ברכת השם,שפע ברכת השם,31.0,בית וגן 10,ירושלים,96463.0,31.7717609,35.1835784,-1.366413549678211,2907
shefa_032,תכלת מרדכי,שפע ברכת השם,שפע ברכת השם,32.0,תכלת מרדכי 1,ירושלים,94396.0,31.7934491,35.2054938,-0.2909740348928712,2402
shefa_034,עזרת תורה,שפע ברכת השם,שפע ברכת השם,34.0,עזרת תורה 28,ירושלים,95320.0,31.7988681,35.2142181,-0.4423435095416922,1962
shefa_036,תל ציון,שפע ברכת השם,שפע ברכת השם,36.0,אהבת ישראל 1,תל ציון,90622.0,31.8797998,35.2406234,-1.3814391032671682,2024
shefa_037,בן קיסמא בית שמש,שפע ברכת השם,שפע ברכת השם,37.0,ר' יוסי בן קיסמא 17,בית שמש,99579.0,31.7361289,34.9972326,-1.1332160538419342,2986
shefa_038,שמאי אלעד,שפע ברכת השם,שפע ברכת השם,38.0,שמאי 1,אלעד,40801.0,32.050593,34.950513,-0.8139274634524584,1540
shefa_039,מודיעין עילית,שפע ברכת השם,שפע ברכת השם,39.0,ר' עקיבא 5,מודיעין מכבים רעות,71838.0,31.9398081,35.0389123,-1.1139301175083787,2465
shefa_042,אופקים,שפע ברכת השם,שפע ברכת השם,42.0,ז'בוטינסקי 66,אופקים,0.0,31.317708,34.629061,-6.514887858701983,3640
shu_020,שלי רחובות- הרצל,שופרסל,שופרסל שלי,20.0,הרצל 183,רחובות,7626902.0,31.8989977,34.8099711,6.094989529994484,4071
shu_021,יש מרים ירושלים-  פארן,שופרסל,יש בשכונה,21.0,פארן 7 רמת אשכול,ירושלים,9780209.0,31.8006054,35.228641,-0.9719708204309084,3819
shu_022,שלי נתניה- סמילנסקי,שופרסל,שופרסל שלי,22.0,סמילנסקי 13,נתניה,4243111.0,32.3272194,34.8550823,6.027266518837813,4418
shu_023,שלי מיתר,שופרסל,שופרסל שלי,23.0,מרכז מסחרי מיתר,מיתר,8502500.0,31.327465,34.9391288,6.0669090703547734,4636
shu_024,שלי אשדוד- הנביאים,שופרסל,שופרסל שלי,24.0,הנביאים 3 רובע י,אשדוד,7747303.0,31.7835101,34.6474636,6.097321001665413,4091
shu_027,שלי רעננה- אחוזה,שופרסל,שופרסל שלי,27.0,אחוזה 82,רעננה,4320945.0,32.1797063,34.8791798,5.5654330844230255,3101
shu_028,"שלי ת""א- צה""ל",שופרסל,שופרסל שלי,28.0,"צה""ל 71, מרכ",תל אביב יפו,6935139.0,32.1227143,34.8295488,5.76593295168782,3401
shu_029,אקספרס האודם חריש,שופרסל,שופרסל אקספרס,29.0,האודם,חריש,0.0,32.46726065097,35.041493028267894,10.430605899491495,2699
shu_030,שלי רמת גן- קריניצי,שופרסל,שופרסל שלי,30.0,יוסף ספיר 9,רמת גן,5262209.0,32.05577321333753,34.84955919400675,5.724290682617044,2831
shu_032,שלי רמת גן- קסם,שופרסל,שופרסל שלי,32.0,הירדן 90,רמת גן,5224701.0,32.06140799872685,34.8281899387247,5.863089365796808,3989
shu_033,שלי חיפה- סטלה,שופרסל,שופרסל שלי,33.0,טשרניחובסקי/35,חיפה,3570323.0,32.7940463,34.989571,6.117879559296309,4314
shu_034,שלי רמת השרון- סוקולוב,שופרסל,שופרסל שלי,34.0,סוקולוב 48,רמת השרון,4723514.0,32.1436352,34.8378613,6.00686123204069,4140
shu_035,דיל אקסטרה באר-שבע ולפסו,שופרסל,שופרסל דיל,35.0,רח' וולפסון 13,באר שבע,8489721.0,31.2220096,34.8034019,-2.4239102396226877,6390
shu_036,"שלי כ""ס- רוטשילד",שופרסל,שופרסל שלי,36.0,רוטשילד 65,כפר סבא,4420131.0,32.1737383,34.9080277,6.102928039858626,3932
shu_038,שלי חיפה- דניה,שופרסל,שופרסל שלי,38.0,ליבריה 2 דניה,חיפה,3491370.0,32.768007,35.005274,5.807272828166579,3396
shu_039,"שלי ת""א- ברזיל",שופרסל,שופרסל שלי,39.0,ברזיל 15,תל אביב יפו,6946025.0,32.11181132483824,34.7963370541252,6.278797127095893,6166
shu_040,"שלי ב""ש- עומר",שופרסל,שופרסל שלי,40.0,רותם מרכ מסחרי ע,עומר,8496500.0,31.264479,34.8505942,5.7305174485414945,3414
shu_042,שלי ירושלים- ניות,שופרסל,שופרסל שלי,42.0,בורלא 1 שכ.ניות,ירושלים,9371401.0,31.768303,35.202846,6.004947465626972,4503
shu_043,שלי הוד השרון- הבנים,שופרסל,שופרסל שלי,43.0,הבנים 12,הוד השרון,4526814.0,32.156077,34.8922831,6.097364289436805,4071
shu_045,דיל ירושלים- תלפיות,שופרסל,שופרסל דיל,45.0,פייר קניג 35,ירושלים,9346943.0,31.753757040940155,35.21500114426202,-1.8144343676199934,5829
shu_049,"דיל ב""ש- הר בוקר",שופרסל,שופרסל דיל,49.0,הר בוקר  17,באר שבע,8489819.0,31.2726101,34.8105409,-2.4139339487643667,3797
shu_050,שלי מבשרת ציון,שופרסל,שופרסל שלי,50.0,שלום 75 שכונה ג,מבשרת ציון,9071425.0,31.8041219,35.1551013,6.031585418631655,3977
shu_051,אקספרס הרצליה,שופרסל,שופרסל אקספרס,51.0,צמרות 2,הרצליה,0.0,32.162413,34.844675,10.704383850200594,1604
shu_056,אקספרס  חריש הרימון,שופרסל,שופרסל אקספרס,56.0,האורן 47,חריש,0.0,32.459159742005724,35.04421448071977,10.517013635508295,1856
shu_057,שלי רמת השרון- אוסישקין,שופרסל,שופרסל שלי,57.0,אוסישקין 5,רמת השרון,4721005.0,32.1384018,34.8413326,6.081135358886184,4824
shu_061,אקספרס צור משה,שופרסל,שופרסל אקספרס,61.0,הערבה,צור משה,,32.2999732,34.9104653,10.573458245331928,2004
shu_062,יש חסד רכסים,שופרסל,יש חסד,62.0,הכלניות 49,רכסים,0.0,32.7547372,35.1034611,-10.14234823062444,3750
shu_065,"דיל ב""ש- צ'ורלי",שופרסל,שופרסל דיל,65.0,אורגים פינת ב.ג,באר שבע,84105.0,31.2539529,34.8148199,-1.7830415003250535,5766
shu_068,דיל כורדני,שופרסל,שופרסל דיל,68.0,ירושלים 1,קרית מוצקין,0.0,32.8590833060804,35.0928376822774,-1.9807904117609028,5075
shu_069,"שלי ת""א- רמת אביב ב",שופרסל,שופרסל שלי,69.0,טאגור 38,תל אביב יפו,6920340.0,32.107476,34.795951,6.2292579560696435,5358
shu_070,שלי רמת גן- מרום נווה,שופרסל,שופרסל שלי,70.0,"תרצה 19 ר""ג",רמת גן,5236431.0,32.071648,34.830577,6.30790927004665,5819
shu_071,יוניברס תל חנן  נשר,שופרסל,יוניברס,71.0,בר יהודה 147,נשר,3688306.0,32.7804467,35.0380194,-2.151363882010147,7388
shu_072,שלי רעות,שופרסל,שופרסל שלי,72.0,חבל מודיעין,מודיעין מכבים רעות,71908.0,31.887127426466417,35.018523115256244,6.137114113314171,4981
shu_073,יש חסד אשדוד,שופרסל,יש חסד,73.0,חנה סנש 9,אשדוד,7747303.0,31.7998277,34.6623938,-9.82826155535351,4418
shu_076,דיל אריאל,שופרסל,שופרסל דיל,76.0,רח' מוריה,אריאל,0.0,32.10235580000001,35.2061426,-1.8077735624239484,5393
shu_077,דיל  חריש,שופרסל,שופרסל דיל,77.0,דרך ארץ,חריש,0.0,32.470755701829056,35.03926815409079,-1.5871672101511087,6610
shu_078,יש הר נוף ירושלים-שאולזו,שופרסל,יש בשכונה,78.0,שאולזון 56,ירושלים,9540057.0,31.7861401,35.1737005,-0.9801295895132169,3595
shu_079,אקספרס חריש,שופרסל,שופרסל אקספרס,79.0,נחשול 30,חריש,3786100.0,32.4625603287282,35.046575814361255,10.286541127716715,1875
shu_080,"שלי ראשל""צ- נווה הדרים",שופרסל,שופרסל שלי,80.0,ברנשטיין 2,ראשון לציון,7550302.0,31.960039,34.817174,6.343448058290854,4484
shu_081,יש חסד מודיעין עלית דרום,שופרסל,יש חסד,81.0,שערי תשובה 3,מודיעין עילית,0.0,31.927326714471672,35.03835288104565,-10.356433608193322,4033
shu_082,אקספרס חולון,שופרסל,שופרסל אקספרס,82.0,שמריהו לוין 2,חולון,0.0,32.0180655,34.7706369,10.964405464880585,2746
shu_083,"דיל ב""ש- שאול המלך",שופרסל,שופרסל דיל,83.0,קניון שאול המלך,באר שבע,8446811.0,31.2621396,34.776395,-2.225518434408047,4675
shu_084,אקספרס בית חשמונאי,שופרסל,שופרסל אקספרס,84.0,אקספרס בית חשמונאי,ביתחשמונאי,0.0,31.889624,34.9173131,10.574291589891791,1718
shu_087,דיל רעננה- החרושת,שופרסל,שופרסל דיל,87.0,החרושת 8,רעננה,4365704.0,32.1931117,34.8816089,-1.7629643927302874,5942
shu_089,דיל עזריאלי - רמלה,שופרסל,שופרסל דיל,89.0,שמשון הגיבור 32,רמלה,72500.0,31.9257367,34.8638844,-1.9162948963552964,4851
shu_090,אקספרס גב ים באר שבע,שופרסל,שופרסל אקספרס,90.0,האנרגיה 77,באר שבע,0.0,31.2636026,34.8112207,10.4624194877217,1702
shu_091,דיל עמק חפר- אזור תעשיה,שופרסל,שופרסל דיל,91.0,א.ת. עמק חפר,חדרה,3877701.0,32.4013889,34.9019444,-2.240999701924414,6912
shu_092,דיל אשדוד- שבט לוי,שופרסל,שופרסל דיל,92.0,שבט לוי 12,אשדוד,0.0,31.778083,34.6356393,-2.092055221201679,4934
shu_093,שלי יהוד- סביונים,שופרסל,שופרסל שלי,93.0,דרך משה דיין 7,יהוד מונוסון,5645001.0,32.0303568,34.8782129,6.219432977455375,4134
shu_095,דיל חדרה- קניון אורות,שופרסל,שופרסל דיל,95.0,1ניון אורות,אור עקיבא,3060000.0,32.501976,34.9270172,-1.8104259024248257,5578
shu_096,דיל חדרה- הפרדס,שופרסל,שופרסל דיל,96.0,קניון גני הדרים,חדרה,3849207.0,32.41586814403237,34.95187903689265,-2.251672954798341,4120
shu_097,דיל קרית שמונה- מתחם ביג,שופרסל,שופרסל דיל,97.0,מתחם ביג,קרית שמונה,1162401.0,33.19169979999999,35.5707447,-1.9134964409020079,5374
shu_098,דיל קרית טבעון- אלונים,שופרסל,שופרסל דיל,98.0,חוצות אלונים,טבעון,3604701.0,32.7146161,35.1252205,-1.9720109327917508,5294
shu_101,שלי הוד השרון- ק מרגלית,שופרסל,שופרסל שלי,101.0,נחליאלי 2,הוד השרון,4535502.0,32.14339427602499,34.892095081057384,6.261043215886687,5421
shu_102,שלי פרדסיה- הנשיא,שופרסל,שופרסל שלי,102.0,הנשיא 1 צ.פרדסיה,פרדסיה,4281500.0,32.3044377,34.903248,5.918308892714564,3819
shu_103,שלי שוהם- מרכז מסחרי,שופרסל,שופרסל שלי,103.0,מרכז מסחרי,שוהם,6083530.0,31.9991264,34.9472744,6.248115252354678,5127
shu_104,"שלי פ""ת- גד מכנס",שופרסל,שופרסל שלי,104.0,רוטשילד 180,פתח תקווה,9435700.0,32.077118,34.886727,6.054503972814609,3850
shu_105,"דיל פ""ת- אליעזר פרדימן",שופרסל,שופרסל דיל,105.0,אליעזר פרידמן 9,פתח תקווה,4941916.0,32.0798866,34.9023987,-1.9397967170458044,5494
shu_106,יוניברס נס ציונה - הפטיש,שופרסל,יוניברס,106.0,"הפטיש 8,א.ת.",נס ציונה,7404730.0,31.9218546,34.7928326,-2.1268212794593793,7629
shu_109,שלי ראש העין- ז'בוטינסקי,שופרסל,שופרסל שלי,109.0,גבעת טל,ראש העין,4857301.0,32.0925903,34.9662017,6.400443718030272,5990
shu_110,"דיל הפארק ב""ש",שופרסל,שופרסל דיל,110.0,20 נחל פרת,באר שבע,,31.2307493,34.8230902,-2.1706331154305083,4317
shu_111,יש חסד טבריה עלית-לב האג,שופרסל,יש חסד,111.0,לב האגם 10,טבריה,14431.0,32.7795991,35.51695309999999,-10.513443456410979,4166
shu_113,"דיל ראשל""צ- גולדה מאיר",שופרסל,שופרסל דיל,113.0,גולדה מאיר 1,ראשון לציון,7549050.0,31.967552,34.7852707,-2.016033569391569,5431
shu_114,דיל ירושלים-גילה,שופרסל,שופרסל דיל,114.0,צביה ויצחק 17,ירושלים,9384014.0,31.73148,35.186812,-1.714824101846344,6077
shu_116,שלי גבעתיים- מכתש,שופרסל,שופרסל שלי,116.0,בורוכוב 54,גבעתיים,5322205.0,32.07962235584178,34.80999527078125,6.171216094126526,5019
shu_117,שלי תל אביב-איכילוב,שופרסל,שופרסל שלי,117.0,ויצמן 6,תל אביב יפו,6423914.0,32.08066989803344,34.790138601474546,6.088137930456078,5166
shu_118,דיל אילת  הסתת,שופרסל,שופרסל דיל,118.0,הסתת 15 א תעשיה,אילת,8850415.0,29.5683498,34.9597588,-15.741366901128215,6662
shu_119,דיל מודיעין- סנטר,שופרסל,שופרסל דיל,119.0,צאלון   21,מודיעין מכבים רעות,0.0,31.9060575,35.0171739,-2.282481326756104,4097
shu_121,דיל נהריה- לוחמי הגטאות,שופרסל,שופרסל דיל,121.0,לוחמי הגטאות 36,נהריה,2244744.0,33.0011199,35.09698059999999,-1.704919684508624,6137
shu_122,דיל יבנה- ברוש דרך הים,שופרסל,שופרסל דיל,122.0,דרך הים 3,יבנה,8157014.0,31.8643673,34.7264833,-1.6880566915317514,6071
shu_123,דיל חולון- גולדה,שופרסל,שופרסל דיל,123.0,גולדה מאיר  7,חולון,5839101.0,32.0128283,34.7790294,-1.8156319564529533,5895
shu_124,דיל בת ים- אורט ישראל,שופרסל,שופרסל דיל,124.0,אורט ישראל 25,בת ים,5959036.0,32.00892,34.746448,-2.534239679786974,6194
shu_127,אקספרס טירת הכרמל,שופרסל,שופרסל אקספרס,127.0,הדולפין 1,טירת הכרמל,0.0,32.762127,34.97298,10.954855160187531,1247
shu_128,דיל טירת הכרמל- נחום חת,שופרסל,שופרסל דיל,128.0,נחום חת 5,טירת הכרמל,35085.0,32.7830105,34.9601418,-2.09073748592863,7596
shu_129,דיל אקסטרה נתניה- המלאכה,שופרסל,שופרסל דיל אקסטרא,129.0,רח' המלאכה 32,נתניה,4250567.0,32.28540284693322,34.860423865721465,-1.8251414675203095,5554
shu_130,דיל נתניה- קלאוזנר עמליה,שופרסל,שופרסל דיל,130.0,קלאוזנר 1,נתניה,0.0,32.30877746903207,34.875715239875355,-2.006159878592045,5208
shu_131,אקספרס הוד השרון,שופרסל,שופרסל אקספרס,131.0,סוקולוב 37,הוד השרון,0.0,32.16571225904715,34.90176208105864,10.34075022867675,1620
shu_132,"דיל ת""א- השלום",שופרסל,שופרסל דיל,132.0,דרך מנחם בגין132,תל אביב יפו,6701101.0,32.0742161859877,34.79138306571004,-1.8631502750375806,5572
shu_133,"יש חסד ביתר עילית-  הר""ן",שופרסל,יש חסד,133.0,"הר""ן 6 פינת פנים המאירים",ביתר עילית,9056506.0,31.7043471,35.1175965,-10.729615078684317,3947
shu_134,יוניברס מודיעין- ישפרו סנטר,שופרסל,יוניברס,134.0,ישפרו סנטר,מודיעין מכבים רעות,0.0,31.889990997218607,34.96250670987946,-2.5062965702398694,6435
shu_135,יוניברס אשקלון- פאור סנטר,שופרסל,יוניברס,135.0,צומת כפר סילבר,אשקלון,7929500.0,31.6748007,34.6060214,-2.2045744634101276,7188
shu_139,דיל צפת-  דובק ויצמן,שופרסל,שופרסל דיל,139.0,ויצמן 20,צפת,1321736.0,32.9576669,35.4979823,-1.864155035675521,5536
shu_140,אקספרס תל חי,שופרסל,שופרסל אקספרס,140.0,תל חי 40,תל אביב יפו,0.0,32.07699716489422,34.77626703687426,10.348258009627564,1698
shu_141,דיל יוקנעם- שדרות רבין,שופרסל,שופרסל דיל,141.0,שדרות רבין 9,יקנעם,2060000.0,32.6424195,35.0924242,-1.7192810787270743,6338
shu_142,דיל זכרון- המייסדים,שופרסל,שופרסל דיל,142.0,המייסדים,זכרון יעקב,3095067.0,32.5730214,34.9540304,-1.6818777424146647,6112
shu_144,דיל שבירו כפר סבא,שופרסל,שופרסל דיל,144.0,רפפורט 6,כפר סבא,,32.1920475,34.8916444,-1.571973895625782,6727
shu_147,אקספרס זכרון,שופרסל,שופרסל אקספרס,147.0,ההנפה,זכרון יעקב,0.0,32.5686035,34.9551162,10.688710418450475,2197
shu_148,אקספרס מלצר רחובות,שופרסל,שופרסל אקספרס,148.0,מלצר 20,רחובות,0.0,31.90295469240869,34.82667939524262,10.476181307217681,1761
shu_150,"אקספרס רודנסקי ת""א",שופרסל,שופרסל אקספרס,150.0,רודנסקי 5,תל אביב יפו,,32.1206979,34.7927823,10.238257165527932,2036
shu_151,דיל רעננה- קניון רננים,שופרסל,שופרסל דיל,151.0,רח.המלאכה 2,רעננה,4366101.0,32.1974692,34.8791319,-1.563464258943282,6823
shu_152,דיל ערד-ישפרו המנוף,שופרסל,שופרסל דיל,152.0,המנוף 7,ערד,8909460.0,31.2482662,35.1958045,-1.9503723475028354,5025
shu_153,דיל אופקים- ז'בוטינסקי,שופרסל,שופרסל דיל,153.0,זבוטינסקי 25,אופקים,8759908.0,31.3182278,34.6253776,-2.025353232947896,4975
shu_155,דיל צור יגאל- מרכז מסחרי,שופרסל,שופרסל דיל,155.0,מרכז מסחרי,צור יגאל,4486400.0,32.2189326,34.9815343,-1.3857190717119776,6935
shu_159,דיל רמת הנשיא חיפה,שופרסל,שופרסל דיל,159.0,שלמה המלך 55,חיפה,0.0,32.8124983,34.9608358,-1.8698786415589772,5661
shu_163,דיל שדרות- הפלדה,שופרסל,שופרסל דיל,163.0,הפלדה קניון אחים,שדרות,80100.0,31.5207301,34.594066,-1.8189136766747516,5138
shu_164,שלי רמתגן- ביאליק,שופרסל,שופרסל שלי,164.0,רח. ביאליק 76,רמת גן,5244136.0,32.0857925,34.8115272,5.899605739401176,3601
shu_166,דיל אקסטרה  אשדוד- הבושם,שופרסל,שופרסל דיל אקסטרא,166.0,הבושם 7 א.ת. קלה,אשדוד,7761007.0,31.8180465,34.6622085,-2.1887691429345226,7159
shu_168,שלי אשדוד- כינרת,שופרסל,שופרסל שלי,168.0,"שכונת י""א כנרת",אשדוד,7770071.0,31.7844314,34.6340866,6.189898855828509,4323
shu_169,אקספרס באר שבע,שופרסל,שופרסל אקספרס,169.0,אפרים לרון 20,באר שבע,0.0,31.231108299883353,34.767196173445065,11.104576306428113,2228
shu_171,אקספרס אוסטשינסקי,שופרסל,שופרסל אקספרס,171.0,אוסטשינסקי 15,כפר סבא,0.0,32.1722128,34.9043166,10.42466159072112,2158
shu_173,דיל כפר יונה,שופרסל,שופרסל דיל,173.0,נעמישמר,כפר יונה,0.0,32.320644,34.93599,-1.7235674934321048,5682
shu_174,דיל ערד- קניון,שופרסל,שופרסל דיל,174.0,הקנאים 29,ערד,8902342.0,31.2597999,35.2088394,-1.7556914376097623,5839
shu_176,שערי רווחה ירושלים,שופרסל,שערי רווחה,176.0,לואיס ברנדס 3,ירושלים,,31.79217,35.2099448,-12.681196390650117,5388
shu_177,דיל מצפה רמון- בן גוריון,שופרסל,שופרסל דיל,177.0,מרכז מסחרי,מצפה רמון,8060000.0,30.612762,34.802429,-2.093047883110566,4384
shu_179,"שופרסל אקספרס הרוא""ה רמת גן",שופרסל,שופרסל אקספרס,179.0,"רח' הרוא""ה 152",רמת גן,,32.074360359422805,34.82492058105363,10.80577620722819,1902
shu_180,דיל ק.מוצקין- בן גוריון,שופרסל,שופרסל דיל,180.0,שד' בן גוריון 84,קרית מוצקין,2642439.0,32.8406715,35.0804138,-1.5916360620045702,6703
shu_181,דיל אשקלון- רמז,שופרסל,שופרסל דיל,181.0,דוד רמז 39,אשקלון,7853339.0,31.668009,34.5827367,-1.7179778748659147,6213
shu_182,דיל דימונה- גולדה מאיר,שופרסל,שופרסל דיל,182.0,גולדה מאיר 1,דימונה,86000.0,31.074295,35.032371,-2.49700845774355,6370
shu_183,דיל אשדוד- הרצל,שופרסל,שופרסל דיל,183.0,1 רח' הרצל,אשדוד,7745401.0,31.7936909,34.64089420000001,-2.0299199664710614,5080
shu_184,"דיל ראשל""צ- זבוטינסקי",שופרסל,שופרסל דיל,184.0,זבוטינסקי 16,ראשון לציון,,31.9615072,34.800662,-2.102675895460819,5238
shu_186,אקספרס התשבי,שופרסל,שופרסל אקספרס,186.0,התשבי 9,חיפה,0.0,32.81601250000001,34.9778335,10.246077723499868,1482
shu_187,דיל קניון מעלה אדומים,שופרסל,שופרסל דיל,187.0,דרך קדם 5,מעלה אדומים,0.0,31.7854062,35.3350838,-1.6869429286894646,6255
shu_188,דיל ירוחם- צבי בורנשטיין,שופרסל,שופרסל דיל,188.0,צבי בורנשטין,ירוחם,8050000.0,30.9883432,34.9272665,-1.8347789865974904,4716
shu_189,דיל פרדס חנה,שופרסל,שופרסל דיל,189.0,14 רחוב הבנים,פרדס חנה כרכור,0.0,32.4728028,34.9742001,-1.9252601210753275,5293
shu_190,דיל חצור- הגלילית,שופרסל,שופרסל דיל,190.0,קניון גליל עליון,חצור,1030000.0,32.9813889,35.5561111,-2.0697562201821573,5235
shu_193,"שלי ראשל""צ- מזרח",שופרסל,שופרסל שלי,193.0,שד' יעקב 50,ראשון לציון,7550903.0,31.95908129999999,34.8020886,6.131191994229156,4202
shu_195,יוניברס קריון- דרך עכו,שופרסל,יוניברס,195.0,דרך עכו  192,קרית ביאליק,2723211.0,32.842769822419335,35.09225064900311,-2.2361741387512257,7272
shu_203,דיל רמלה לוד- הצופית,שופרסל,שופרסל דיל,203.0,הצופית 40,רמלה,0.0,31.932199,34.8890965,-1.4613996650780638,6669
shu_205,דיל יהוד- אלטלף,שופרסל,שופרסל דיל,205.0,אלטלף 4 א.ת יהוד,יהוד מונוסון,5621604.0,32.0257949,34.9009857,-2.214974940709682,7019
shu_207,יש אור יהודה - אליהו סעדו,שופרסל,יש בשכונה,207.0,אליהו סעדון 128,אור יהודה,6039727.0,32.0257793,34.859212,-1.9566627376595616,2750
shu_208,דיל אילת נחל אורה,שופרסל,שופרסל דיל,208.0,ירושלים השלמה 52,אילת,0.0,29.564247303079448,34.94564769017903,-16.277043181009425,4425
shu_209,דיל אשקלון- רוטשילד,שופרסל,שופרסל דיל,209.0,אדמונד רוטשילד 8,אשקלון,7822602.0,31.687853873915714,34.57894650736695,-2.173101729757392,4385
shu_210,"יוניברס ראשל""צ- שמוטקין",שופרסל,יוניברס,210.0,שמוטקין 30,ראשון לציון,7536333.0,31.9764175,34.8121871,-2.2481105226874054,7203
shu_211,דיל כרמיאל- אזור התעשיה,שופרסל,שופרסל דיל,211.0,א.ת חוצות כרמיאל,כרמיאל,2165006.0,32.92901620038814,35.325641428071066,-2.359147263647542,6834
shu_212,שלי חיפה- ורדיה,שופרסל,שופרסל שלי,212.0,ורדיה 10,חיפה,3465710.0,32.7949865,34.9963889,5.835625176695503,3605
shu_214,דיל קרית גת- מלכי ישראל,שופרסל,שופרסל דיל,214.0,מלכי ישראל 178,קרית גת,8205002.0,31.603493329908446,34.75683013181416,-2.2570542030355574,6970
shu_215,דיל בית שאן-ירושלים הביר,שופרסל,שופרסל דיל,215.0,ירושלים הבירה,בית שאן,10900.0,32.4953548,35.4972484,-2.1201865731451357,4245
shu_216,שלי הודהשרון,שופרסל,שופרסל שלי,216.0,2 הנשיאים,הוד השרון,0.0,32.16455867150475,34.90719852153541,5.925053745702917,3667
shu_218,דיל עפולה- יצחק רבין,שופרסל,שופרסל דיל,218.0,שד' יצחק רבין 5,עפולה,1834171.0,32.6229362,35.3154373,-2.354430486188342,6501
shu_219,יש חסד בני ברק- עזרא,שופרסל,יש חסד,219.0,עזרה בני ברק,בני ברק,5155103.0,32.07937035994891,34.83843575221792,-10.021987285161345,4688
shu_222,"דיל רמות ב""ש ב'",שופרסל,שופרסל דיל,222.0,הערים התאומות 28,באר שבע,,31.2822648,34.80047930000001,-1.726020840183024,5937
shu_224,"אקספרס ראשל""צ-נווה דקלים",שופרסל,שופרסל אקספרס,224.0,נווה דקלים 44,ראשון לציון,,31.9793122,34.7610407,10.435007498768524,1599
shu_226,דיל כרמיאל,שופרסל,שופרסל דיל,226.0,ההגנה 2,כרמיאל,0.0,32.905123868823516,35.281619728131595,-2.11677630880065,4661
shu_227,דיל-איקאה קרית אתא,שופרסל,שופרסל דיל,227.0,דרך חיפה 52,קרית אתא,0.0,32.808657,35.075575,-1.6306889679651297,6455
shu_228,שלי בנימינה - הגביע,שופרסל,שופרסל שלי,228.0,הגביע 1,בנימינה,3056601.0,32.5175279,34.9403751,5.9716041809026,3603
shu_229,"דיל ת""א- יגאל אלון",שופרסל,שופרסל דיל,229.0,יגאל אלון 76,תל אביב יפו,6706701.0,32.0654728,34.793731,-1.8085783198528427,6026
shu_230,"שלי כ""ס- ויצמן",שופרסל,שופרסל שלי,230.0,ויצמן 29,כפר סבא,4435227.0,32.1744564,34.9117835,5.7564083450823675,2592
shu_231,אקספרס רעננה- רבקה גרובר,שופרסל,שופרסל אקספרס,231.0,רבקה גובר  7,רעננה,0.0,32.1939468,34.8503227,9.789361924869723,1862
shu_232,שלי צפת- מ.מסחר רמת רזים,שופרסל,שופרסל שלי,232.0,מרכז מסחרי רמת,צפת,1341219.0,32.9580793,35.498291,5.924172346929017,2646
shu_234,יש חסד רסידו,שופרסל,יש חסד,234.0,נהר הירדן,בית שמש,9902101.0,31.73639069999999,34.9929427,-10.169170762769323,3267
shu_236,אקספרס אילת שחמון,שופרסל,שופרסל אקספרס,236.0,ששת הימים 310,אילת,0.0,29.547332,34.935701,-8.19622371889714,3317
shu_238,דיל באר יעקב,שופרסל,שופרסל דיל,238.0,רח' שא - נס 17,באר יעקב,0.0,31.9419763693318,34.8339142712638,-2.0588160506454,4956
shu_239,אקספרס יפו- הדרור,שופרסל,שופרסל אקספרס,239.0,הדרור 2,תל אביב יפו,0.0,32.051084683019006,34.753867681052334,9.950004335473626,1609
shu_240,דיל רהט,שופרסל,שופרסל דיל,240.0,מרכז מסחרי רהט,רהט,8535700.0,31.39467,34.7538711,-1.3482900941783316,3587
shu_241,דיל בני ברק איילון,שופרסל,שופרסל דיל,241.0,"הלח""י 28",בני ברק,5120045.0,32.1029795757971,34.83670992523469,-2.2931304133621273,6878
shu_244,דיל גלילות רמת השרון,שופרסל,שופרסל דיל,244.0,צומת גלילות,רמת השרון,47100.0,32.1464078,34.8041896,-1.4510905037165687,7003
shu_245,דיל ירושלים- פסגת זאב,שופרסל,שופרסל דיל,245.0,שד' משה דין 106,ירושלים,9783701.0,31.824335677432572,35.23726816754773,-2.2918791956408135,4428
shu_247,שלי חולון- רבינוביץ,שופרסל,שופרסל שלי,247.0,רבינוביץ 58,חולון,5867256.0,31.9970439,34.773446,6.073220824773055,3667
shu_248,"דיל ב""ש- נווה מנחם",שופרסל,שופרסל דיל,248.0,החשמונאים 15,באר שבע,8452015.0,31.26761,34.760164,-1.8134341160159373,5856
shu_249,דיל נתניה- פולג,שופרסל,שופרסל דיל,249.0,גיבורי ישראל 5,נתניה,4250409.0,32.321458,34.853196,-1.570009008054225,6662
shu_250,קריית שמונה,שופרסל,שופרסל דיל,250.0,"צומת המצודות, קריית שמונה",קרית שמונה,1162401.0,33.22297820000001,35.576867,-1.9038615217067179,5300
shu_251,דיל עפולה- כורש,שופרסל,שופרסל דיל,251.0,כורש 5,עפולה,1831007.0,32.6099152,35.2937306,-2.5585175129071205,5703
shu_254,דיל כרמי גת,שופרסל,שופרסל דיל,254.0,1 אבני חושן,קרית גת,0.0,31.6250003420226,34.7761371119927,-2.5239689906775733,3476
shu_255,דיל כפר תבור,שופרסל,שופרסל דיל,255.0,4 רחוב הבזלת,כפר תבור,0.0,32.6949958,35.41860580000001,-2.114693066733446,4610
shu_259,"דיל גזית כ""ס- ויצמן",שופרסל,שופרסל דיל,259.0,ויצמן 300 מתחם G,כפר סבא,4439656.0,32.1725965,34.9295905,-2.3672122853283795,6858
shu_260,דיל ירושלים-קניון תלפיות,שופרסל,שופרסל דיל,260.0,האומן 17,ירושלים,9342111.0,31.75080622236997,35.20910448658995,-1.6397183148450098,5706
shu_262,שלי מזכרת בתיה- בגין,שופרסל,שופרסל שלי,262.0,שד' מנחם בגין 2,מזכרת בתיה,7680400.0,31.8501486,34.8405332,6.073747325624562,4000
shu_263,שופרסלאקספרס מקס ברוד,שופרסל,שופרסל אקספרס,263.0,רח' מקס ברוד 34,תל אביב יפו,0.0,32.1269193,34.8299441,9.952048914829515,2549
shu_265,אקספרס חולון - זלמן ארן,שופרסל,שופרסל אקספרס,265.0,זלמן ארן 1,חולון,0.0,32.0202794,34.7679239,10.572914698166842,1639
shu_266,שלי רזין אילת,שופרסל,שופרסל שלי,266.0,רח' שדרות התמרים 37,אילת,0.0,29.557669,34.951925,-9.537210191113514,4306
shu_267,דיל קצרין- חרמון,שופרסל,שופרסל דיל,267.0,חרמון 7 א ת.,קצרין,1290000.0,32.99083,35.7086193,-1.5205228134305069,5948
shu_269,"יוניברס פ""ת- סגולה",שופרסל,יוניברס,269.0,הרב מסעוד אשר20א,פתח תקווה,4900519.0,32.0999994,34.89518450000001,-2.1428783742861883,7382
shu_271,שלי רחובות- יעקובי,שופרסל,שופרסל שלי,271.0,פנחס יעקובי 1,רחובות,0.0,31.8820899,34.8147164,6.0987093360896685,4331
shu_272,שלי גבעתיים- ויצמן,שופרסל,שופרסל שלי,272.0,ויצמן 20,גבעתיים,5339005.0,32.0741055,34.8083823,6.054072133744369,4417
shu_274,"אקספרס ת""א- פלורנטין",שופרסל,שופרסל אקספרס,274.0,פלורנטין 27,תל אביב יפו,,32.0562844,34.7697156,10.5788597086279,2238
shu_276,"יוניברס אמט""ל רחובות",שופרסל,יוניברס,276.0,רח משה יתום  46,רחובות,76396.0,31.892102268699436,34.78972419823861,-2.4020130228467775,6956
shu_277,אקספרס.בני בנימין הרצליה,שופרסל,שופרסל אקספרס,277.0,בני בנימין 23,הרצליה,,32.1722076,34.8405805,10.234734000477637,2178
shu_278,"שלי פ""ת -העצמאות",שופרסל,שופרסל שלי,278.0,העצמאות 65,פתח תקווה,4937999.0,32.074364,34.8696498,6.117394714399105,4515
shu_279,"אקספרס-ת""א דרויאנוב",שופרסל,שופרסל אקספרס,279.0,רח' דרויאנוב 5,תל אביב יפו,,32.076927,34.771436,10.052020763615856,2297
shu_281,דיל מגדל העמק- המדע,שופרסל,שופרסל דיל,281.0,שד' מדע 77,מגדל העמק,0.0,32.678340618715644,35.24339289457904,-2.0193718910718457,4493
shu_282,דיל צומת גבעת מרדכי,שופרסל,שופרסל דיל,282.0,"רח' שחר 79, ירושלים.",ירושלים,7692000.0,31.7662887672684,35.1946045677783,-1.7525447856080119,6200
shu_283,"דיל קרית עקרון- ביל""ו",שופרסל,שופרסל דיל,283.0,"מ.תדיראן,ק.עקרון",רחובות,7692000.0,31.86123199999999,34.817667,-2.4862030301023457,6226
shu_284,שלי תל מונד- הדקל,שופרסל,שופרסל שלי,284.0,הדקל 49,תל מונד,4060049.0,32.2535587,34.9180425,5.791991114771558,3456
shu_285,"אקספרס סוקולוב פ""ת",שופרסל,שופרסל אקספרס,285.0,סוקולוב 26,פתח תקווה,,32.0913108,34.8933094,10.260923185613972,2396
shu_287,שלי גבעתיים-שביט,שופרסל,שופרסל שלי,287.0,עמישב 45,גבעתיים,5348832.0,32.061882315062036,34.80641679454527,5.816120438300642,3490
shu_288,יש רחובות- סירני,שופרסל,יש בשכונה,288.0,חיים סרני 1,רחובות,7626902.0,31.8933255,34.8215304,-1.0775295979034742,2949
shu_290,"דיל  פ""ת- יכין סנטר",שופרסל,שופרסל דיל,290.0,יצחק רבין 17,פתח תקווה,4951711.0,32.0878644,34.8597884,-1.4080290297378633,7226
shu_295,יש חסד בני ברק-שלמה המלך,שופרסל,יש חסד,295.0,שלמה המלך   12,בני ברק,5155205.0,32.0788954720735,34.840556679202564,-9.823990704804283,4109
shu_296,"אקספרס פ""ת רחל המשוררת",שופרסל,שופרסל אקספרס,296.0,רחל המשוררת 29,פתח תקווה,,32.0841111,34.8954469,10.534671376395064,1804
shu_297,יוניברס חדרה- ארבע האגודות,שופרסל,יוניברס,297.0,ארבע אגודות 1,חדרה,3843101.0,32.435374045372974,34.90872722155019,-2.4009015905628623,6714
shu_299,אקספרס הוד השרון,שופרסל,שופרסל אקספרס,299.0,חנקין 12,הוד השרון,0.0,32.159863731409594,34.90509873687872,10.158623468774833,1626
shu_300,יש חסד בארות יצחק- פאוור,שופרסל,יש חסד,300.0,בארות יצחק,בארות יצחק,0.0,32.0468299,34.90857150000001,-9.933792798042768,5388
shu_301,אקספרס אחי מאיר,שופרסל,שופרסל אקספרס,301.0,1 אחי מאיר,תל אביב יפו,0.0,32.1253734,34.7984514,12.55473176458173,2879
shu_302,שלי חיפה- קלר,שופרסל,שופרסל שלי,302.0,קלר 7,חיפה,3448314.0,32.802313,34.9831698,6.082420084876721,4374
shu_303,אקספרס טבעון - יהודה הנשיא,שופרסל,שופרסל אקספרס,303.0,יהודה הנשיא,קרית טבעון,3604701.0,32.7146161,35.1252205,10.42505391409255,2383
shu_305,"אקספרס ת""א- יהודה המכבי",שופרסל,שופרסל אקספרס,305.0,יהודה מכבי 81,תל אביב יפו,,32.094182,34.7928439,10.44495213491442,2428
shu_306,יש נוה שאנן חיפה- חניתה,שופרסל,יש בשכונה,306.0,רח' חניתה 64,חיפה,3244411.0,32.7900282,35.0136973,-1.9483962511569444,3114
shu_307,יש קרית אתא- זבולון,שופרסל,יש בשכונה,307.0,רח.זבולון 4,קרית אתא,2806007.0,32.805805,35.1030579,-1.7836807804567543,3385
shu_308,שלי קרית אתא- איינשטין,שופרסל,שופרסל שלי,308.0,איינשטיין 20,קרית אתא,2805152.0,32.809144,35.119773,5.916647271355451,3352
shu_310,שלי קרית חיים- דגניה,שופרסל,שופרסל שלי,310.0,ד.דגניה 14,קרית חיים,2621019.0,32.8287419,35.0601773,5.966988374158942,2304
shu_311,אקספרס רחובות- בוסתנאי,שופרסל,שופרסל אקספרס,311.0,בוסתנאי 14,רחובות,0.0,31.9035165,34.8122607,10.28167202438603,1949
shu_312,דיל חיפה- קרית אליעזר,שופרסל,שופרסל דיל,312.0,ככר מאירהוף,חיפה,35154.0,32.827336,34.982659,-1.7148062943909643,5862
shu_313,"שלי קרית חיים-אח""י אילת",שופרסל,שופרסל שלי,313.0,"שד.אח""י אילת 20",קרית חיים,2626907.0,32.821635,35.069351,6.040063552328501,3521
shu_314,יש חיפה- צרפת,שופרסל,יש בשכונה,314.0,דרך צרפת 11,חיפה,3559602.0,32.8204746,34.9593184,-2.5299921922801274,2582
shu_315,אקספרס כפר נטר,שופרסל,שופרסל אקספרס,315.0,ההדרים 17,כפר נטר,0.0,32.2735829,34.8740584,10.447549854543755,1489
shu_316,שלי קרית מוצקין-שד ויצמן,שופרסל,שופרסל שלי,316.0,ד.ויצמן 1,קרית מוצקין,2635101.0,32.8334852,35.0738389,6.138420765042412,3554
shu_317,אקספרס גבעת עדה,שופרסל,שופרסל אקספרס,317.0,חי 67,גבעת עדה,0.0,32.5172326,35.0065338,10.76800354030266,1866
shu_318,אקספרס חולון - וולפסון,שופרסל,שופרסל אקספרס,318.0,הלוחמים 62,חולון,0.0,32.0362056,34.7620058,9.877708773426633,1533
shu_319,שלי עכו- שפירא,שופרסל,שופרסל שלי,319.0,רח.משה שפירא 28,עכו,2440929.0,32.933052,35.082678,6.033981617198955,3277
shu_325,אקספרס ששת הימים נס ציונ,שופרסל,שופרסל אקספרס,325.0,ששת הימים 1,נס ציונה,0.0,31.936063,34.7964159,10.723607406642207,2129
shu_326,שלי נהריה- הגעתון,שופרסל,שופרסל שלי,326.0,רח.הרצל-שד.הגעתו,נהריה,2240029.0,33.0067252,35.0964972,6.239476856494622,4133
shu_327,אקספרס חיפה- ראול ולנברג,שופרסל,שופרסל אקספרס,327.0,ראול וולנברג 9,חיפה,3499009.0,32.7797806,34.9851863,10.380087058892416,1560
shu_329,יש  יוקנעם עילית- היובלים,שופרסל,יש בשכונה,329.0,מ.מסחרי יקנעם על,יוקנעם,20692.0,32.660225,35.104606,-2.22864215033928,2520
shu_330,שלי חיפה- נתיב חן,שופרסל,שופרסל שלי,330.0,"נתיב חן 1,נוה שא",חיפה,3224001.0,32.7959783,35.0099278,6.22009421634776,3985
shu_333,שלי חיפה- אורן,שופרסל,שופרסל שלי,333.0,רח.אורן 25 רוממה,חיפה,3473402.0,32.7848302,34.9965532,5.967335387006312,3674
shu_334,"אקספרס פ""ת - שפירא",שופרסל,שופרסל אקספרס,334.0,"קק""ל 35",פתח תקווה,,32.08055875140699,34.88719255221802,10.763607066512199,2119
shu_335,"אקספרס כ""ס- בן גוריון",שופרסל,שופרסל אקספרס,335.0,בן גוריון 35,כפר סבא,,32.17279784361976,34.907165994551235,10.439122691765258,1344
shu_336,שלי חיפה- רמות ספיר,שופרסל,שופרסל שלי,336.0,רח' גוט לוין 48,חיפה,3292240.0,32.7860722,35.0046155,6.068768233624052,4189
shu_338,אקספרס כוכב הצפון,שופרסל,שופרסל אקספרס,338.0,בוני העיר 9,תל אביב יפו,0.0,32.101499,34.785787,11.296339062568924,2489
shu_339,דיל טבריה- העמקים,שופרסל,שופרסל דיל,339.0,העמקים 1,טבריה,1420401.0,32.7892614,35.5351425,-1.785334654459828,5888
shu_340,"אקספרס ת""א- זריצקי",שופרסל,שופרסל אקספרס,340.0,זריצקי 4,תל אביב יפו,,32.1144509,34.7912523,10.359666390456319,2581
shu_341,"אקספרס רמת גן- הרוא""ה",שופרסל,שופרסל אקספרס,341.0,"הרוא""ה 131",רמת גן,,32.079230311202544,34.82516803268583,10.372382427004109,2787
shu_342,דיל כרמיאל- קניון לב,שופרסל,שופרסל דיל,342.0,מורד הגיא 100,כרמיאל,2192401.0,32.908214463079375,35.29371733536555,-1.948524910377532,4719
shu_343,שלי ראש העין- ברקן,שופרסל,שופרסל שלי,343.0,בזק 1 פינת ברקן,ראש העין,4863016.0,32.09353830000001,34.9738092,6.0418630806110905,4058
shu_344,דיל מעלות- דרך האלוף עוז,שופרסל,שופרסל דיל,344.0,קניון כוכב הצפון,מעלות תרשיחא,21020.0,33.0191612,35.2829704,-1.8104955735614334,5251
shu_347,אקספרס גדרה- דרך הפרחים,שופרסל,שופרסל אקספרס,347.0,דרך הפרחים 38,גדרה,0.0,31.809980934806497,34.78448505220345,10.612157001965654,1985
shu_348,"אקספרס פ""ת- קק""ל",שופרסל,שופרסל אקספרס,348.0,"קק""ל 2",פתח תקווה,,32.079448353771184,34.882942424751185,10.661881671008585,1709
shu_349,יש חסד צפת- כנען,שופרסל,יש חסד,349.0,הר כנען,צפת,13200.0,32.9715869,35.5050237,-10.334856906561344,4317
shu_350,דיל גבעת אולגה-הרב ניסים,שופרסל,שופרסל דיל,350.0,שד' ברוך בוארון1,גבעת אולגה,0.0,32.440414912915884,34.8832403579008,-1.9968237636697699,4553
shu_353,אקספרס יותם,שופרסל,שופרסל אקספרס,353.0,יותם 20,חיפה,0.0,32.7924878,34.9879275,10.863795378274984,1266
shu_354,"'אקספרס ת""א- קינג ג'ורג",שופרסל,שופרסל אקספרס,354.0,קינג ג'ורג' 58,תל אביב יפו,,32.0752118,34.7763521,11.353509718015298,986
shu_359,דיל חיפה- גרנד קניון,שופרסל,שופרסל דיל,359.0,שמחה גולן 54,חיפה,3299001.0,32.789635,35.0088946,-1.7304411349653244,6401
shu_360,"אקספרס מאירוביץ ראשל""צ",שופרסל,שופרסל אקספרס,360.0,מאירוביץ 17,ראשון לציון,,31.9586614,34.8083768,10.812938066012684,2350
shu_361,דיל מגדל העמק- א ת דרומי,שופרסל,שופרסל דיל,361.0,אזור התעשייה ב,מגדל העמק,2353021.0,32.6782684,35.2433929,-1.9758106837018463,5428
shu_362,אקספרס קרן היסוד ירושלים,שופרסל,שופרסל אקספרס,362.0,קרן היסוד 27,ירושלים,0.0,31.77341109999999,35.2201442,10.418098222340115,2035
shu_364,יש חסד בית וגן,שופרסל,יש חסד,364.0,1 זנגוויל,ירושלים,,31.76797599999999,35.1789844,-10.475595791961961,4442
shu_365,שלי פרדס חנה כרכור- קדמה,שופרסל,שופרסל שלי,365.0,דרך הקידמה צמרת,פרדס חנה כרכור,3707307.0,32.4748111,34.9976808,5.624012356701616,2687
shu_366,שלי כפר ורדים- מרכז מסחר,שופרסל,שופרסל שלי,366.0,מרכז מסחרי כפר ו,כפר ורדים,2451700.0,32.9955566,35.2755959,5.567273788700144,2541
shu_368,אקספרס-נשר מרגנית,שופרסל,שופרסל אקספרס,368.0,נשר המרגנית 1,חיפה,0.0,32.7721793,35.045039,11.026283945405073,1943
shu_369,שלי שוהם- תרשיש,שופרסל,שופרסל שלי,369.0,עמק איילון פינת,שוהם,6080001.0,31.9938747,34.9458434,5.871992735929335,3503
shu_371,שלי ברניצקי,שופרסל,שופרסל שלי,371.0,נתן ברניצקי 13,ראשון לציון,0.0,31.9589758,34.7994432,6.103466838954022,4327
shu_372,אקספרס בת ים- חשמונאים,שופרסל,שופרסל אקספרס,372.0,החשמונאים 41,בת ים,0.0,32.0184307,34.7511524,10.580824366655298,2973
shu_374,שלי הרצליה- הבנים,שופרסל,שופרסל שלי,374.0,הבנים 46,הרצליה,4637948.0,32.1629121,34.8505207,5.502089085958787,2555
shu_375,"אקספרס כ""ס- הגליל",שופרסל,שופרסל אקספרס,375.0,הגליל 58,כפר סבא,,32.1791943235464,34.9188273528995,10.721269878067787,2564
shu_376,אקספרס רעננה- משה דיין,שופרסל,שופרסל אקספרס,376.0,משה דיין 8,רעננה,0.0,32.1816708,34.8630715,10.49687941496484,2499
shu_377,אקספרס ירושלים- הדסה,שופרסל,שופרסל אקספרס,377.0,בית חולים הדסה,ירושלים,0.0,31.766161,35.1477105,10.530085260390337,2211
shu_379,אקספרס גבעתיים- כצנלסון,שופרסל,שופרסל אקספרס,379.0,כצנלסון 19,גבעתיים,0.0,32.0754177,34.8037801,10.911572910919398,1774
shu_380,"אקספרס ת""א- מרמורק",שופרסל,שופרסל אקספרס,380.0,מרמורק 10,תל אביב יפו,,32.0715654,34.7798863,10.286779664550423,1798
shu_382,"אקספרס פ""ת- היבנר",שופרסל,שופרסל אקספרס,382.0,היבנר 29,פתח תקווה,,32.0801654,34.8753501,10.763748652964257,2718
shu_384,אקספרס קרית ביאליק,שופרסל,שופרסל אקספרס,384.0,שדרות ירושלים 15,קרית ביאליק,0.0,32.82382747365335,35.081455223423,10.747386439378117,1996
shu_385,אקספרס מאיר יערי תל אביב,שופרסל,שופרסל אקספרס,385.0,מאיר יערי 19,תל אביב יפו,0.0,32.1000821,34.7888717,11.704575157927206,2585
shu_388,אקספרס דניה,שופרסל,שופרסל אקספרס,388.0,חיים הזז 5,חיפה,0.0,32.7669868,35.0133399,10.354070728394445,2078
shu_390,שופרסל אקספרס אם המושבות,שופרסל,שופרסל אקספרס,390.0,יעל רום 8,פתח תקווה,0.0,32.09828313966387,34.88080126756258,10.420670776509684,3293
shu_391,אקספרס אלקנה,שופרסל,שופרסל אקספרס,391.0,אלנקווה,אלנקווה,0.0,32.1114006079443,35.0359992054912,10.307824693840297,1747
shu_393,אקספרס להבים באר שבע,שופרסל,שופרסל אקספרס,393.0,שדרות הרימון,באר שבע,0.0,31.286821474663146,34.80024987934792,9.92204280476928,1441
shu_394,אקספרס הכרמל כפר סבא,שופרסל,שופרסל אקספרס,394.0,הגליל 31,כפר סבא,0.0,32.178432,34.9070416,10.418547862983855,2363
shu_396,דיל הקדר נתניה,שופרסל,שופרסל דיל,396.0,האורזים 2,נתניה,0.0,32.3226356,34.8734588,-1.8087198670616567,5803
shu_397,אקספרס פארק עפולה,שופרסל,שופרסל אקספרס,397.0,רובע יזרעאל,עפולה,0.0,32.6169255,35.3088978,10.427821687659677,3004
shu_398,אקספרס אגמים,שופרסל,שופרסל אקספרס,398.0,73 עמק יזרעאל,אשקלון,,31.6512292362506,34.5694450700742,10.616353113815169,1808
shu_400,אקספרס שבזי ראש העין,שופרסל,שופרסל אקספרס,400.0,שלמה שבזי 172,ראש העין,0.0,32.090304,34.947393,10.702810467334743,2080
shu_444,"אקספרס.ב""ש אביסרור",שופרסל,שופרסל אקספרס,444.0,רח' יעקב כהן 8,באר שבע,,31.253941682893537,34.797660267517294,10.569858052242687,2697
shu_445,אקספרס רחובות,שופרסל,שופרסל אקספרס,445.0,רח' יעקב 41,רחובות,0.0,31.8943652,34.8115292,10.426566229303281,1947
shu_448,שערי רווחה,שופרסל,שערי רווחה,448.0,25 ירמיהו,ירושלים,9446710.0,31.7919167,35.2045525,-13.188835653371637,4998
shu_477,אקספרס הציפורים מודיעין,שופרסל,שופרסל אקספרס,477.0,2 החסידה,מודיעין מכבים רעות,0.0,31.8960237,34.9964661,11.034040496561412,1992
shu_478,אקספרס גדרה,שופרסל,שופרסל אקספרס,478.0,דרך האילנות 41,גדרה,0.0,31.80472766049253,34.790687765695445,10.72973839193652,1549
shu_479,אקספרס בר אילן,שופרסל,שופרסל אקספרס,479.0,בר אילן 24,רעננה,0.0,32.0691989,34.8430876,10.416999684810147,1458
shu_489,אקספרס מודיעין,שופרסל,שופרסל אקספרס,489.0,26 חיים ויצמן,מודיעין מכבים רעות,0.0,31.904468370543306,34.98647625220851,10.804996545069557,1378
shu_496,יש חסד כנפי נשרים,שופרסל,יש חסד,496.0,כנפי נשרים 24,ירושלים,0.0,31.788167067102385,35.1864330945304,-10.56310049352256,4519
shu_579,אקספרס סביון,שופרסל,שופרסל אקספרס,579.0,1 השיקמה,סביון,0.0,32.0494274,34.875514,11.783719838828716,3387
shu_593,יש חסד באר טוביה,שופרסל,יש חסד,593.0,אזור התעשייה,באר טוביה,,31.7250778,34.7480523,-10.578101690754899,4345
shu_595,אקספרס בת חפר,שופרסל,שופרסל אקספרס,595.0,שדרות עמק חפר,בת חפר,,32.335781,35.0127258,10.219014360611624,2707
shu_596,אקספרס אבן גבירול,שופרסל,שופרסל אקספרס,596.0,124 אבן גבירול,תל אביב יפו,,32.0867596,34.7825374,10.548078720456708,2157
shu_598,אקספרס הירדן,שופרסל,שופרסל אקספרס,598.0,רמת גן הירדן 29,רמת גן,0.0,32.0611758,34.8281367,10.318181889871891,3389
shu_599,אקספרס ההסתדרות,שופרסל,שופרסל אקספרס,599.0,27 ההסתדרות,גבעתיים,,32.06134670000001,34.811789,10.181938644015498,2012
shu_606,יש חסד ביתשמש- מ. מסחרי,שופרסל,יש חסד,606.0,מרכז מסחרי רמה א,בית שמש,99090.0,31.7133116,34.98834739999999,-9.906670098121406,4412
shu_607,יש חסד מודיעין עלי-ק.ספר,שופרסל,יש חסד,607.0,אבני נזר 46,מודיעין עילית,0.0,31.93049477403838,35.038802594538126,-10.054218056137593,4946
shu_608,יש חסד ירושלים-קרית שאול,שופרסל,יש חסד,608.0,נאג'רה 2,ירושלים,0.0,31.78635334371882,35.17420437135221,-10.114189195461206,4355
shu_609,יש חסד אלעד-ניסים גאון,שופרסל,יש חסד,609.0,ניסים גאון 79,אלעד,0.0,32.052559,34.9512194,-10.100082454114293,3992
shu_610,יש חסד ירושלים- רמת שלמה,שופרסל,יש חסד,610.0,ברכת אברהם 22,ירושלים,0.0,31.811922,35.21672,-10.228853988034619,4476
shu_611,יש חסד בני ברק- השומר,שופרסל,יש חסד,611.0,השומר 10,בני ברק,5137705.0,32.081311688428755,34.8221120657104,-9.96033872503401,4790
shu_734,גוד מרקט גאולה חיפה,שופרסל,גוד מרקט,734.0,28 גאולה,חיפה,0.0,32.803091,34.997742,-1.2481137242290843,1852
shu_737,המפיץ סיטונאות באר שבע,שופרסל,סיטונאות,737.0,סולל בונה 11,באר שבע,8413301.0,31.223794819150186,34.803866724064996,-29.750357353980732,1698
shu_740,אקספרס שלמה המלך,שופרסל,שופרסל אקספרס,740.0,2 שלמה המלך,קרית אונו,,32.0541195,34.8592106,10.393213760422123,2039
shu_741,אקספרס יצחק רבין,שופרסל,שופרסל אקספרס,741.0,34 יצחק רבין,קרית אונו,,32.06453790711851,34.86149928877057,10.749245686687674,1709
shu_742,אקספרס נווה אביבים,שופרסל,שופרסל אקספרס,742.0,34 יהודה הנשיא,תל אביב יפו,,32.116576,34.798318,10.149524027153356,2543
shu_743,אקספרס קריית גת,שופרסל,שופרסל אקספרס,743.0,28 הגבורה,קרית גת,,31.607389496658673,34.75734010986436,10.210329792094486,1049
shu_744,אקספרס אשקלון,שופרסל,שופרסל אקספרס,744.0,עמק האלה 2,אשקלון,7888945.0,31.648012474139758,34.56171775477493,10.74721190707345,827
shu_753,"גוד מרקט רש""י ירושלים",שופרסל,גוד מרקט,753.0,"53 רש""י",ירושלים,,31.7877827,35.2126548,-0.6359864082908897,1597
shu_756,שלי באר יעקב,שופרסל,שופרסל שלי,1.0,יצחק שמיר 17,באר יעקב,0.0,31.953968128794696,34.841867198932086,5.776231655721568,2683
shu_757,אקספרס קריית אונו,שופרסל,שופרסל אקספרס,757.0,2 יצחק נבון,קרית אונו,0.0,32.0657036,34.8475653,10.534801089425391,1655
shu_765,יש חסד בן איש חי,שופרסל,יש חסד,765.0,43 בן איש חי,בית שמש,,31.747513,35.000494,-10.330241721385264,3369
shu_768,אקספרס קרניצי רמת גן,שופרסל,שופרסל אקספרס,768.0,קריניצי 61,רמת גן,0.0,32.08427572701742,34.81934136571052,10.347527105060479,1949
shu_771,גוד מרקט בני ברק,שופרסל,גוד מרקט,771.0,הרב כהנמן 64,בני ברק,0.0,32.0830437,34.8407225,-0.11074326942996277,2538
shu_772,גוד מרקט מאה שערים,שופרסל,גוד מרקט,772.0,מאה שערים 42,ירושלים,0.0,31.7883061,35.2184496,-0.8055232172368617,1231
shu_773,GOOD MARKET אהבת שלום בית שמש,שופרסל,גוד מרקט,773.0,אהבת שלום 9,בית שמש,0.0,31.696132388723946,34.58601843685368,-0.46585026045646266,2538
shu_777,אקספרס נרקיסים,שופרסל,שופרסל אקספרס,777.0,121 שדרות ירושליים,ראשון לציון,0.0,31.9601333067769,34.8286849124125,10.916755510750722,2655
shu_778,GOOD MARKET אהליאב ירושלים,שופרסל,גוד מרקט,778.0,אהליאב 21,ירושלים,2420531.0,31.791268,35.2006912,-0.294164795123047,2291
shu_779,אקספרס יבנה,שופרסל,שופרסל אקספרס,779.0,דרך ז'בוטינסקי,יבנה,0.0,31.8850261,34.7387102,10.790696477486193,2202
shu_780,אקספרס המעפיל רמת גן,שופרסל,שופרסל אקספרס,780.0,המעפיל,רמת גן,0.0,32.0899328,34.816317,10.806783966479015,2173
shu_789,גוד מרקט אופקים,שופרסל,גוד מרקט,789.0,עובדיה יוסף 10,אופקים,0.0,31.301025,34.6191484,-0.8463130927203678,2312
shu_790,דיל רמלה,שופרסל,שופרסל דיל,790.0,10 משה לוי,רמלה,0.0,31.932001462317743,34.85036447616337,-2.2977150481743513,3974
shu_840,גוד מרקט חריש,שופרסל,גוד מרקט,840.0,אלה 1,חריש,3760218.0,32.466111546030156,35.03822626645664,-1.5268737059113189,1579
shu_842,אקספרס מטודלה תל אביב,שופרסל,שופרסל אקספרס,842.0,30 מטודלה,תל אביב יפו,0.0,32.1106072,34.8267762,10.376993333045306,1709
shu_843,גוד מרקט בית שמש,שופרסל,גוד מרקט,843.0,55 המוראים,בית שמש,0.0,31.70280763489975,34.96980181242474,-0.4924972320056478,1792
shu_844,אקספרס נגבה רמת גן,שופרסל,שופרסל אקספרס,844.0,נגבה 8,רמת גן,0.0,32.0704448,34.8235178,10.890381926552415,2352
shu_845,אקספרס נחשון כפר סבא,שופרסל,שופרסל אקספרס,845.0,נחשון 10,כפר סבא,0.0,32.1747937,34.9057509,10.577624037009992,1322
shu_846,אקספרס אור ים,שופרסל,שופרסל אקספרס,846.0,34 דוד המלך,אור עקיבא,,32.4931195640387,34.9202669004772,10.378731480465563,1141
shu_854,דיל גבעת אלונים,שופרסל,שופרסל דיל,854.0,1 דוכיפת,קרית אתא,,32.813905,35.140975,-2.4573886642752845,3795
shuk_005,אשקלון צפוני,שוק העיר,שוק העיר,5.0,"א.ת. צפוני , הנחושתן 10",אשקלון,78322.0,31.669931391305703,34.59973636568817,1.0683990930738145,5014
shuk_006,אשקלון מכללה,שוק העיר,שוק העיר,6.0,אלי כהן 19,אשקלון,78323.0,31.6677169,34.5689582,3.00592898698105,4362
shuk_008,גבעת זאב,שוק העיר,שוק העיר,8.0,"שכונת נווה מנחם , רח' קרדון 10",גבעת זאב,90940.0,31.8624745,35.1758726,2.577948602819743,3561
shuk_009,קרית גת,שוק העיר,שוק העיר,9.0,דרך הדרום 13,קרית גת,82021.0,31.603857814533825,34.77492849637175,1.0253331827273422,5462
shuk_011,כפר סבא מזרח,שוק העיר,שוק העיר,11.0,אלי הורוביץ 26,כפר סבא,44500.0,32.1762728945437,34.9338708200083,1.1420569114038674,5753
shuk_012,בני ברק כהנמן,שוק העיר,שוק העיר,12.0,כהנמן 106,בני ברק,51553.0,32.07736361018211,34.842284638725495,0.06476793742290585,4914
shuk_013,רמלה רמבלס,שוק העיר,שוק העיר,13.0,דני מס 21,רמלה,72402.0,31.927974102594316,34.86672796570199,3.319663782404113,4994
shuk_014,חולון סיירים,שוק העיר,שוק העיר,14.0,המרכבה 73,חולון,58851.0,32.0027351,34.8052482,0.5101846521718192,4269
shuk_015,תימורים,שוק העיר,שוק העיר,15.0,"צומת תימורים, כביש 40 תחנת סדש 0",תימורים,79860.0,31.7189188,34.75541219999999,1.403435920975384,2311
shuk_016,אפרת,שוק העיר,שוק העיר,16.0,"זית שמן ,מתחם אפרת סנטר 1",אפרת,9045501.0,31.6570062,35.152073,1.039435052399528,4210
shuk_017,אשדוד סיטי,שוק העיר,שוק העיר,17.0,קניון הסיטי שדרות מנחם בגין 0,אשדוד,77454.0,31.790965640023586,34.63944693685878,1.08487550921031,5025
shuk_018,נתיבות,שוק העיר,שוק העיר,18.0,בעלי המלאכה 202,נתיבות,80200.0,31.4182904,34.5990992,-0.42102941176280984,4374
shuk_021,רעננה,שוק העיר,שוק העיר,21.0,אחוזה 128 0,רעננה,72402.0,32.1809757,34.873326,1.192242155802409,2581
shuk_025,חדרה,שוק העיר,שוק העיר,25.0,"רחוב היוצרים , ONE מתחם 1",חדרה,0.0,32.45121688682871,34.91278850082607,-0.7865043517709814,3193
stop_001,בית חירות,סטופ מרקט,סטופ מרקט,1.0,קניון אם הדרך,בית חירות,4029100.0,32.3830321,34.8674566,-0.7649104802891465,10400
stop_002,ארנה,סטופ מרקט,סטופ מרקט,2.0,קניון ארנה,הרצליה,4655502.0,32.1624641,34.7967872,-0.6955190379550444,10616
stop_003,קריות,סטופ מרקט,סטופ מרקט,3.0,שד ההסתדרות 271,קרית אתא,2620248.0,32.8123664,35.07064810000001,-0.8517110860968901,10428
stop_005,קסטרא,סטופ מרקט,סטופ מרקט,5.0,דרך משה פלימן 8,חיפה,3508418.0,32.7880209,34.9681521,-0.910719212287846,12042
stop_006,הוד השרון,סטופ מרקט,סטופ מרקט,6.0,רחוב הנגר 24,הוד השרון,4527713.0,32.1301231,34.8951759,-0.6879527858379683,11998
stop_007,איינשטיין,סטופ מרקט,סטופ מרקט,7.0,רחוב איינשטיין 139,חיפה,3460177.0,32.7772465,35.0005532,-0.958237028007407,7624
stop_008,סוהו נתניה,סטופ מרקט,סטופ מרקט,8.0,מפי 5,נתניה,4250489.0,32.2750205,34.86139290000001,-0.8325334418674479,11073
stop_010,ראשון לציון,סטופ מרקט,סטופ מרקט,10.0,ילדי טהרן 7,ראשון לציון,7565843.0,31.9856421,34.7676707,-2.0625587088376034,13219
stop_011,יוקנעם,סטופ מרקט,סטופ מרקט,11.0,רחוב הפטל 1,יקנעם,2064327.0,32.6381668,35.0819692,-2.2557808507118313,11234
stop_012,יהלום,סטופ מרקט,סטופ מרקט,12.0,שדרות לנטוס 10,נתניה,4276023.0,32.3105083969868,34.8701109793378,-2.8364379878954638,12037
tiv_003,אשדוד,טיב טעם,טיב טעם,3.0,ז'בוטינסקי 45 מתחם סטאר סנטר,אשדוד,7710901.0,31.8103602,34.6561539,6.4417072812488945,9067
tiv_006,בת ים,טיב טעם,טיב טעם,6.0,אהוד קינמון 14 בת-ים,בת ים,5959401.0,32.010677,34.74954,6.224327290690058,7747
tiv_007,אשקלון,טיב טעם,טיב טעם,7.0,התחיה 1 אשקלון,אשקלון,7858201.0,31.6575908,34.5888061,6.643554887309178,8809
tiv_010,כרמיאל,טיב טעם,טיב טעם,10.0,"מעלה כמון 3 מתחם ביג;
",כרמיאל,0.0,32.9269497,35.3225302,4.543069276539367,4966
tiv_012,חוצות המפרץ (קריות),טיב טעם,טיב טעם,12.0,"חרושת 10, מתחם חוצות המפרץ;
",קריות,2620114.0,32.8073578,35.0548125,5.957033594373392,6879
tiv_014,ראשון מזרח,טיב טעם,טיב טעם,14.0,המכבים 62 צומת בית דגן,ראשון לציון,7534503.0,32.000366,34.821606,7.308090920860711,12067
tiv_015,באר שבע חדש,טיב טעם,טיב טעם,15.0,יצחק נפחא 25 מתחם מבנה,באר שבע,8424403.0,31.247881,34.8119871,7.127079369484564,10704
tiv_017,מודיעין ישפרו,טיב טעם,טיב טעם,17.0,שדרות המלאכות 12 מודיעין,מודיעין מכבים רעות,7177870.0,31.890607696425178,34.96430879453595,4.356299181569257,3806
tiv_018,רחובות,טיב טעם,טיב טעם,18.0,אופנהימר 2 רחובות,רחובות,7670102.0,31.9093234,34.8052219,7.063113337724712,9585
tiv_019,רמת החייל,טיב טעם,טיב טעם,19.0,דבורה הנביאה 122,תל אביב יפו,6944019.0,32.1137123,34.8413772,7.504603465606369,10905
tiv_020,חולון עזריאלי,טיב טעם,טיב טעם,20.0,"רחוב הרוקמים 26 , חולון",חולון,5885849.0,32.0077686,34.7987551,4.994467058368339,5090
tiv_021,יהוד,טיב טעם,טיב טעם,21.0,אלטלף 1,יהוד מונוסון,5621601.0,32.0261789,34.89845620000001,4.652520778628317,4165
tiv_022,קניון דרורים,טיב טעם,טיב טעם,22.0,קניון דרורים,בני דרור,4581500.0,32.2604802,34.8940356,6.028442692461545,7143
tiv_023,קיסריה,טיב טעם,טיב טעם,23.0,דולב 14,קיסריה,3099514.0,32.5127785,34.905156,6.084808877811485,6717
tiv_024,הוד השרון,טיב טעם,טיב טעם,24.0,"סוקולוב 46, כיכר המושבה",הוד השרון,4528476.0,32.1687202,34.9019432,6.391104872196656,6759
tiv_025,צומת סביון,טיב טעם,טיב טעם,25.0,"השדרה האקדמית 4, בקעת אונו",סביון,0.0,32.035899,34.86504,5.952510537783689,6966
tiv_030,מפגש מזרע,טיב טעם,טיב טעם,30.0,קיבוץ מזרע 19312,עפולה,1931200.0,32.649879,35.286404,5.082027759515297,4754
tiv_051,דלי רעננה,טיב טעם,טיב טעם,51.0,אחוזה 269 פארק מול רעננה,רעננה,4355741.0,32.1836543,34.8530601,14.184667175375646,7343
tiv_052,הרצליה,טיב טעם,טיב טעם,52.0,בן גוריון 56 פינת בר כוכבא,הרצליה,4644612.0,32.1579238,34.8419268,6.630933789835342,7291
tiv_056,טופ דן,טיב טעם,טיב טעם,56.0,פנחס רוזן 72,תל אביב יפו,6951294.0,32.1147225,34.8263703,13.28615250390826,3277
tiv_057,"מאז""ה",טיב טעם,טיב טעם,57.0,"מאז""ה 40, ת""א",תל אביב יפו,6521423.0,32.0661436859079,34.7766338817315,12.651194069095789,2765
vic_001,גן-יבנה,ויקטורי,ויקטורי,1.0,הכישור 8,גן יבנה,7080000.0,31.7754364,34.7042045,0.41518600984660514,5828
vic_002,גדרה,ויקטורי,ויקטורי,2.0,פינס 3,גדרה,7056502.0,31.8165241,34.7777441,0.4120984769694901,5629
vic_003,שדרות,קרפור,קרפור היפר,3.0,סמטת הפלדה 3,שדרות,8710446.0,31.5213336,34.5947348,-0.07825230108209737,3884
vic_005,אורנית,ויקטורי,ויקטורי,5.0,הערבה 10,אורנית,4481300.0,32.1298842,34.995119,1.3214344618760303,4808
vic_008,אשדוד,ויקטורי,ויקטורי,8.0,דוד המלך 18,אשדוד,7748109.0,31.7760173,34.6417835,0.4929779465324474,2576
vic_009,הארבעה תא,ויקטורי,ויקטורי,9.0,הארבעה 6,תל אביב יפו,6473906.0,32.0703364,34.7831746,0.7729367566755762,4320
vic_010,לוד,ויקטורי,ויקטורי,10.0,יוספטל 23,לוד,7136823.0,31.9463438,34.8794005,0.1412422133901191,4731
vic_014,בית שמש,ויקטורי,ויקטורי,14.0,הרצל 7,בית שמש,9903113.0,31.7494502,34.987559,0.25820784537659586,4542
vic_016,פלורנטין,ויקטורי,ויקטורי,16.0,סלמה 53,תל אביב יפו,6606034.0,32.0551334,34.7672519,9.021355079603564,2938
vic_021,רמלה הולצברג,ויקטורי,ויקטורי,21.0,שמחה הולצברג 16,רמלה,72276.0,31.9334559,34.8540757,0.25582942748796905,4037
vic_022,חדרה בפארק,ויקטורי,ויקטורי,22.0,משמר הגבול,חדרה,3825104.0,32.4279153,34.93264,0.17030818516231544,4996
vic_023,ראשון פרס נובל,ויקטורי,ויקטורי,23.0,שמעון פרס 33,ראשון לציון,7579932.0,31.9682049,34.763876,0.6561932976979217,3493
vic_024,חדרה בקניון,ויקטורי,ויקטורי,24.0,שד רוטשילד 40,חדרה,3826850.0,32.4376562,34.9216738,0.255105761184991,4031
vic_025,עכו,ויקטורי,ויקטורי,25.0,שלום הגליל 1,עכו,2455301.0,32.9201965,35.0929603,0.11418156798649805,5439
vic_026,ראש העין,ויקטורי,ויקטורי,26.0,שבזי 26,ראש העין,4802126.0,32.0965466,34.9428615,0.5610398094753525,5412
vic_027,שער העליה,ויקטורי,ויקטורי,27.0,שלוסברג 1,חיפה,3584001.0,32.8173664,34.9586672,0.184421209266463,4999
vic_028,גני תקווה,ויקטורי,ויקטורי,28.0,הכרמל 20,גני תקווה,5591620.0,32.0592765,34.8797378,0.683265595124851,5556
vic_029,רמת גן,ויקטורי,ויקטורי,29.0,הרצל 42,רמת גן,5243130.0,32.0834004,34.815928,0.8566396571834937,5314
vic_030,אלקנה,ויקטורי,ויקטורי,30.0,שיר השירים 75/1,אלקנה,4481400.0,32.1132236,35.0274226,1.2623331957989088,4262
vic_031,סיטי רוטשילד,ויקטורי,ויקטורי סיטי,31.0,שד` רוטשילד 14,תל אביב יפו,66881.0,32.062815,34.7709504,8.51145078606556,1917
vic_034,מוצקין,ויקטורי,ויקטורי,34.0,שד ירושלים 1,קרית מוצקין,2623804.0,32.8040805,35.1058408,0.058352803599479315,6199
vic_035,סיטי אחד העם,ויקטורי,ויקטורי סיטי,35.0,אחד העם 54,תל אביב יפו,65202.0,32.0645392,34.7741588,9.069343643739371,2234
vic_037,קניון אשדוד,ויקטורי,ויקטורי,37.0,הטיילת 20,אשדוד,7722218.0,31.8105983,34.6409568,0.17127345361931973,5974
vic_038,מבשרת ציון,ויקטורי,ויקטורי,38.0,הראל 1,מבשרת ציון,9079129.0,31.8002473,35.149033,0.3881882552727107,6048
vic_039,חולון קוגל,ויקטורי,ויקטורי,39.0,קוגל 40,חולון,5825816.0,32.0233772,34.774054,0.47644988601439714,4667
vic_041,ברנע,ויקטורי,ויקטורי,41.0,רחבעם זאבי,אשקלון,7829304.0,31.6971812,34.5758953,1.151879966178252,4554
vic_044,לינקולן תל אביב,ויקטורי,ויקטורי,44.0,לינקולן 16,תל אביב יפו,6713408.0,32.0665637,34.782048,0.8580425250203638,4992
vic_045,רעננה אחוזה 158,ויקטורי,ויקטורי,45.0,אחוזה 158,רעננה,4330018.0,32.1818416,34.869891,0.7442482325764664,3945
vic_046,דימונה,ויקטורי,ויקטורי,46.0,המלאכה 3,דימונה,8621106.0,31.0615094,35.0241686,0.33863798738445355,5282
vic_047,אופקים,ויקטורי,ויקטורי,47.0,החידא 1,אופקים,8759102.0,31.3089715,34.6229422,0.10993257502060542,5827
vic_048,טירת הכרמל,ויקטורי,ויקטורי,48.0,קרן היסוד 2,טירת הכרמל,3902621.0,32.76855020000001,34.968224,0.24412386510310455,5717
vic_050,תל מונד,ויקטורי,ויקטורי,50.0,השקד 4,תל מונד,4060105.0,32.2577503,34.9186163,1.0369982798585327,4298
vic_051,מודיעין,ויקטורי,ויקטורי,51.0,מנחם בגין 21,מודיעין מכבים רעות,7178081.0,31.8798648,35.0186781,0.4667664522230308,5647
vic_052,אשקלון,ויקטורי,ויקטורי,52.0,בן צבי 8,אשקלון,7846117.0,31.6764381,34.576329,0.4761966488233681,5771
vic_053,רמת ישי,ויקטורי,ויקטורי,53.0,מרכז מסחרי,רמת ישי,3009503.0,32.704029,35.166003,0.7282359552319215,3989
vic_054,קרית מלאכי,ויקטורי,ויקטורי,54.0,זבוטינסקי 8,קרית מלאכי,8305115.0,31.7266667,34.745,0.7942308544222008,3864
vic_055,קרית גת,ויקטורי,ויקטורי,55.0,הגפן 3,קרית גת,8201807.0,31.6070835,34.7697747,0.19423542478443698,5852
vic_056,יבנה,ויקטורי,ויקטורי,56.0,המיסב 7,יבנה,8121307.0,31.864079,34.7414604,0.5282423688333475,5658
vic_057,סיטי מרגוזה,ויקטורי,ויקטורי סיטי,57.0,מרגוזה יהודה 16,תל אביב יפו,6813612.0,32.0519789,34.7554971,8.860890300498088,2342
vic_058,כפר יונה,ויקטורי,ויקטורי,58.0,הרצל 5,כפר יונה,4031452.0,32.3185475,34.9346133,0.9841663126124245,3759
vic_059,עפולה,ויקטורי,ויקטורי,59.0,מנחם בגין 79,עפולה,1830101.0,32.6039772,35.2979883,0.12342832699359653,6333
vic_060,חולון התנאים,ויקטורי,ויקטורי,60.0,התנאים 5,חולון,5858112.0,32.0058229,34.7640126,0.69686416798691,3095
vic_065,דיזנגוף,ויקטורי,ויקטורי,65.0,דיזנגוף 224,תל אביב יפו,6311519.0,32.0886661,34.7755775,0.8873994347034876,4070
vic_067,סיטי יהודה הלוי,ויקטורי,ויקטורי סיטי,67.0,יהודה הלוי 40,תל אביב יפו,65136.0,32.0616314,34.7720178,8.959646926193717,2161
vic_068,באר שבע,ויקטורי,ויקטורי,68.0,בן גוריון 15,באר שבע,8443944.0,31.2683491,34.7487449,0.12728986181952076,6089
vic_069,רעננה פארק,ויקטורי,ויקטורי,69.0,אחוזה 114,רעננה,4350108.0,32.18066943812175,34.87538659455173,0.08773890275742229,6174
vic_070,צור יצחק,ויקטורי,ויקטורי,70.0,דרך איילון 20,צור יצחק,4580800.0,32.241478,34.997998,0.3937811832518197,4996
vic_071,ראשון מזרח,ויקטורי,ויקטורי,71.0,צבי פרנק 39,ראשון לציון,7566088.0,31.9705226,34.8124462,0.39817671784710074,6123
vic_073,בית שאן,ויקטורי,ויקטורי,73.0,הגלבוע 1,בית שאן,1174001.0,32.4970754,35.4942557,-0.015023645693007678,4942
vic_074,שבעת הכוכבים,ויקטורי,ויקטורי,74.0,קניון שבעת הכוכבי,הרצליה,4650504.0,32.1647849,34.8242079,0.6289444642269464,6317
vic_075,סיטי ויצמן,ויקטורי,ויקטורי סיטי,75.0,ויצמן 53,תל אביב יפו,62091.0,32.0848954,34.789189,8.747309986768911,2881
vic_076,ויקטורי בת ים,ויקטורי,ויקטורי,76.0,העמל 11,בת ים,5959821.0,32.0068523571343,34.746092008760826,0.07320518131830005,6051
vic_077,לוד נתבג,ויקטורי,ויקטורי,77.0,פסח לב 2,לוד,7129320.0,31.9685149,34.8985361,0.12252937289852693,5688
vic_079,כפר סבא הירוקה,ויקטורי,ויקטורי,79.0,אנגל 78,כפר סבא,4465140.0,32.1982013,34.8903535,0.23757642959795372,5258
vic_080,סיטי אלנבי,ויקטורי,ויקטורי סיטי,80.0,אלנבי 65,תל אביב יפו,65134.0,32.0681025,34.7711272,9.352425995139741,2669
vic_081,פארק אפק רע,ויקטורי,ויקטורי,81.0,העמל 2,ראש העין,4809202.0,32.1081848,34.964138,0.616805184218615,6894
vic_082,נס ציונה,ויקטורי,ויקטורי,82.0,הפרדסים 1,נס ציונה,7400448.0,31.914131,34.7889942,0.47104633847138094,3268
vic_083,רחובות,ויקטורי,ויקטורי,83.0,אופנהיימר 10,רחובות,7670110.0,31.9100444,34.8074069,0.07928586846616996,6198
vic_084,עמק חפר,ויקטורי,ויקטורי,84.0,נחל אלכסנדר 3,מ.א. עמק חפר,4279900.0,32.40071493550128,34.899833725250886,-0.22546670341620803,4788
vic_086,טבעון,ויקטורי,ויקטורי,86.0,המרווה 1,טבעון,3653201.0,32.7306786,35.1447145,0.6146833969253646,4024
vic_087,צמח,ויקטורי,ויקטורי,87.0,צומת צמח מול כנרת,צמח,1510501.0,32.7029522,35.5850662,0.3958278413561748,5778
vic_088,איילון,ויקטורי,ויקטורי,88.0,אבא הילל 301,רמת גן,5259408.0,32.1013734,34.8268328,0.5158975457514653,7199
vic_089,מלחה,ויקטורי,ויקטורי,89.0,אגודת הספורט 1,ירושלים,9695989.0,31.751896775801,35.1879780995492,0.5851925144627601,7087
vic_090,נתניה,ויקטורי,ויקטורי,90.0,האורזים 4,נתניה,4201234.0,32.32099900575121,34.87106748106706,-0.2874530298314854,4000
vic_091,שוהם,ויקטורי,ויקטורי,91.0,עמק איילון 161,שוהם,6083646.0,32.0054259,34.9467393,0.7080197793241253,5178
vic_092,נתיבות,ויקטורי,ויקטורי,92.0,בעלי המלאכה 5,נתיבות,8776202.0,31.416317,34.5945039,0.4130161462435632,6229
vic_093,חריש,ויקטורי,ויקטורי,84.0,ספיר 1,חריש,3760623.0,32.46408714382093,35.04290957922363,0.2674540336068969,4681
vic_094,שמוטקין,ויקטורי,ויקטורי,94.0,משה בקר 32,ראשון לציון,0.0,31.978379,34.8105114,0.08823242990753855,6143
vic_095,אשקלון מרכז,ויקטורי,ויקטורי,95.0,בן גוריון 1,אשקלון,7828124.0,31.66286783622757,34.56188805626226,0.5710568851490363,6093
vic_096,קרית אתא,ויקטורי,ויקטורי,96.0,זבולון 14,קרית אתא,2806007.0,32.8052995,35.1024643,0.14101310325978839,4546
yoh_001,יוחננוף מפוח,יוחננוף,יוחננוף,1.0,"רחוב המפוח 11, אזור התעשיה",רחובות,0.0,31.886744,34.781055,-7.460885867369749,10205
yoh_004,בילו,יוחננוף,יוחננוף,4.0,צומת בילו,"כפר ביל""ו",0.0,31.8701392,34.8216302,-7.792593508491886,6806
yoh_009,נתיבות,יוחננוף,יוחננוף,9.0,"רחוב בעלי המלאכה 2, א.התעשיה",נתיבות,0.0,31.4182895,34.5973492,-7.908451497438853,5653
yoh_012,רמלה,יוחננוף,יוחננוף,12.0,שדרות ירושלים פינת נופי חמד,רמלה,0.0,31.9372787,34.8862915,-7.372894051505678,6471
yoh_013,חוצות המפרץ,יוחננוף,יוחננוף,13.0,החרושת 10 חוצות המפרץ,חיפה,0.0,32.8107072,35.0568101,-7.7047261731368835,7481
yoh_017,מודיעין ישפרו,יוחננוף,יוחננוף,17.0,המלאכות 101,מודיעין מכבים רעות,0.0,31.8905467,34.9613304,-7.641568890987073,7767
yoh_018,מודיעין כרמים,יוחננוף,יוחננוף,18.0,"תשר""י 34",מודיעין מכבים רעות,0.0,31.916163,35.009964,-4.40512263817644,5092
yoh_020,ירושלים תלפיות,יוחננוף,יוחננוף,20.0,האומן,ירושלים,0.0,31.7492504,35.2115478,-7.6922214699660145,7123
yoh_021,סגולה פתח תקווה,יוחננוף,יוחננוף,21.0,סגולה,פתח תקווה,0.0,32.10503,34.8943176,-7.799638638278279,6725
yoh_022,חדרה,יוחננוף,יוחננוף,22.0,"צה""ל 35",חדרה,0.0,32.4414918,34.930406,-7.644254250083618,7244
yoh_023,טבריה,יוחננוף,יוחננוף,23.0,unknown,טבריה,0.0,32.779228281584146,35.50293440000964,-7.940125442474563,6215
yoh_024,כפר סבא,יוחננוף,יוחננוף,24.0,unknown,כפר סבא,0.0,32.1669158,34.9284553,-7.61523106810825,7862
yoh_026,רמת השרון,יוחננוף,יוחננוף,26.0,חרושת 10,רמת השרון,0.0,32.1283385,34.8590274,-7.174658356472267,7488
yoh_027,יד אליהו,יוחננוף,יוחננוף,27.0,יגאל אלון 57,תל אביב יפו,0.0,32.0626068,34.79160299999999,-7.396500161392334,7006
yoh_030,נתניה,יוחננוף,יוחננוף,30.0,נתניה,נתניה,0.0,32.2868611,34.8664061,-7.702446925110225,7236
yoh_032,בן צבי תל אביב,יוחננוף,יוחננוף,32.0,דרך בן צבי 112,תל אביב יפו,0.0,32.0443009,34.7690582,-7.37707031659277,6769
yoh_033,איירפורט סיטי,יוחננוף,יוחננוף,33.0,איירפורט סיטי,איירפורט סיטי,0.0,31.9861295,34.914539,-4.173804446609335,6582
yoh_034,מבקיעים אשקלון,יוחננוף,יוחננוף,34.0,"מתחם גלובוס סנטר, מבקיעים",אשקלון,0.0,31.6262096,34.5823216,-7.935976386894924,6758
yoh_035,תל אביב נחלת יצחק,יוחננוף,יוחננוף,35.0,נחלת יצחק 20,תל אביב יפו,0.0,32.0739817,34.7981136,-4.294386004314403,4717
yoh_037,עפולה,יוחננוף,יוחננוף,37.0,קהילת ציון 30,עפולה,0.0,32.6065955,35.2974223,-8.253468345150509,5609
yoh_038,טבריה תחתית,יוחננוף,יוחננוף,38.0,יהודה הלוי 113,טבריה,0.0,32.79081408461976,35.53184441507727,-8.012253907133445,4520
yoh_040,באר שבע,יוחננוף,יוחננוף,40.0,דרך חברון 48,באר שבע,0.0,31.2416655,34.8092079,-7.830878752764077,7239
yoh_046,מישור אדומים,יוחננוף,יוחננוף,,חרובית 9,מעלה אדומים,,31.790271002655313,35.33159855220235,-7.8005414183224895,6615
yoh_048,אשדות יעקב,יוחננוף,יוחננוף,48.0,אשדות יעקב,אשדות יעקב,0.0,32.6620459,35.5715331,-4.606731501307842,3487
yoh_050,נתניה הדרים,יוחננוף,יוחננוף,50.0,האורזים 2,נתניה,0.0,32.3232133,34.8715049,-8.008690737481798,7010
yoh_053,רעננה,יוחננוף,יוחננוף,53.0,נווה זמר,רעננה,0.0,32.1931177,34.8654493,-4.3350710349446455,3720
yoh_054,תא - אחד העם,יוחננוף,יוחננוף,54.0,unknown,תל אביב יפו,0.0,32.06564,34.77591,-1.1155603186265954,1266
yoh_055,נתיבות מנהטן,יוחננוף,יוחננוף,55.0,אליהו אילוז 2,נתיבות,0.0,31.4124752,34.5728863,-8.28861330150205,3906
yoh_059,אור עקיבא -שקמים,יוחננוף,יוחננוף,59.0,השקמים 8,אור עקיבא,0.0,32.5046361,34.917818,-4.963278663585021,2706
yoh_060,בית שאן,יוחננוף,יוחננוף,,מנחם בגין 1 ,בית שאן,,32.498671,35.503976,-4.810047116031035,4176
zol_003,רמות עליית נוער,זול ובגדול,זול ובגדול,,עליית הנוער 5,ירושלים,,31.810066831198057,35.19970286209431,-1.8411308084307278,2393
zol_004,מאה שערים,זול ובגדול,זול ובגדול,,מאה שערים פינת חבקוק 21,ירושלים,,31.7883017,35.2207595,-1.722926616006047,3909
zol_006,הפסגה 39 החדש,זול ובגדול,זול ובגדול,,הפסגה 39 39,ירושלים,,31.7668152,35.1838443,-1.3220707339365176,3288
zol_007,הרב קוק,זול ובגדול,זול ובגדול,,הרב קוק 8 8,ירושלים,,31.782656716543883,35.22016991728373,-2.391270135700733,3773
zol_008,בית וגן חכמי,זול ובגדול,זול ובגדול,,יוסף חכמי 30 30,ירושלים,,31.762397628642,35.1908788227467,-2.0375592076036493,4960
zol_009,מעלה אדומים האבן,זול ובגדול,זול ובגדול,,האבן 15 אזור 07 15,מעלה אדומים,,31.779595939017558,35.313739981037656,-2.90293475180387,3054
zol_011,פסגת זאב הגדול,זול ובגדול,זול ובגדול,,יקותיאל אדם 2,ירושלים,,31.81985965462172,35.239033308052285,-2.546788700422487,6947
zol_012,הפסגה 16,זול ובגדול,זול ובגדול,,הפסגה 16,ירושלים,,31.7691712,35.1823198,-1.281994469454509,2555
zol_013,הר נוף,זול ובגדול,זול ובגדול,,שאולזון 57,ירושלים,,31.7834215,35.1736046,-1.5515071503922075,3380
zol_014,פ.זאב מרידור,זול ובגדול,זול ובגדול,,אליהו מרידור 2,ירושלים,,31.81651385861792,35.252714409875495,-2.6282614879765402,3741
zol_015,קרית יובל,זול ובגדול,זול ובגדול,,אורגוואי 31,ירושלים,,31.7548539,35.1776498,-2.1002343125234653,3753
zol_016,מחנה יהודה,זול ובגדול,זול ובגדול,,יפו 113,ירושלים,,31.7865467,35.21297819999999,-2.2261556818320933,4782
zol_018,אשקלון עתיקות,זול ובגדול,זול ובגדול,,יהודה הלוי 38,אשקלון,,31.6577971863612,34.562768265687566,-2.288610524707759,4371
zol_019,אשדוד,זול ובגדול,זול ובגדול,,"הרי הגולן  רובע י""א 12",אשדוד,,31.7809928,34.6316162,-2.3244128102568444,4547
zol_020,כפר עזר,זול ובגדול,זול ובגדול,,מרכז מסחרי השחף 20,כפר עזר,,31.736151,34.671447,-2.732450578442321,3478
zol_021,אשקלון סיטי,זול ובגדול,זול ובגדול,,בן גוריון 21,אשקלון,,31.66386110503333,34.56443119452367,-2.5951636747164746,3898
zol_023,רמות לואי ליפסקי,זול ובגדול,זול ובגדול,,לואי ליפסקי 39,ירושלים,,31.816404463204467,35.202911674605886,-1.4660237127287978,2755
zol_024,רמות ב',זול ובגדול,זול ובגדול,,צונדק 109,ירושלים,,31.81232996564091,35.19508772336755,-1.4982304567955416,3878
zol_025,מבשרת ציון,זול ובגדול,זול ובגדול,,החושן 3,מבשרת ציון,,31.8083301,35.1561336,-2.6010948828996723,4156
zol_027,ניות- הרצוג,זול ובגדול,זול ובגדול,,הרצוג 61,ירושלים,,31.7661241,35.2046833,-2.2604593099858192,5977
zol_028,מושב יתד,זול ובגדול,זול ובגדול,,אבשלום אזור תעשיה 0,יתד,,31.2057442,34.3269674,-2.233578062290127,4235
zol_030,נביאים,זול ובגדול,זול ובגדול,,הנביאים 84,ירושלים,,31.785392211654,35.2157297393941,-1.7917616794472764,3554
zol_031,מעלה אדומים העירית II,זול ובגדול,זול ובגדול,,העירית 1,מעלה אדומים,,31.769649797445435,35.3066171077935,-2.6650482470778574,2684
zol_032,הבקעה,זול ובגדול,זול ובגדול,,מפגש הבשקעה(מפגש יפית) 0,בקעת הירדן,,32.0558853,35.4694328,-2.1439831636592586,5965
zol_035,כל זול בר אילן,זול ובגדול,זול ובגדול,,בר אילן 5,ירושלים,,31.7939106,35.2153565,-1.187543094351324,3931
zol_036,אוהלי יוסף,זול ובגדול,זול ובגדול,,אוהלי יוסף 3,ירושלים,,31.7949501,35.2177594,-1.4577088305626598,4406
zol_037,הפלמח 38,זול ובגדול,זול ובגדול,,פלמח 38,ירושלים,,31.76680619999999,35.2094344,-2.4229418096101942,3551
zol_038,עוזיאל  111,זול ובגדול,זול ובגדול,,עוזיאל 111,ירושלים,,31.76470301441117,35.18883110802147,-1.7664751475184612,4228
zol_039,הרב אויירבך בית שמש,זול ובגדול,זול ובגדול,,הרב אויירבך 62,בית שמש,,31.7075214,34.995716,-1.4704274761288614,4936
zol_040,יפו 212,זול ובגדול,זול ובגדול,,יפו 212,ירושלים,,31.7883581,35.206359,-2.054718424468805,5702
zol_041,ארץ חפץ,זול ובגדול,זול ובגדול,,ארץ חפץ 106,ירושלים,,31.7957476,35.223376,-1.925941669096266,2026
zol_042,קליינמן,זול ובגדול,זול ובגדול,,קליימן 6,ירושלים,,31.7634976,35.1744974,-2.1362951857251224,3907
zol_089,פסגת זאב,זול ובגדול,זול ובגדול,,חיל האוויר 15,ירושלים,,31.83114302859639,35.246148378834036,0.03670863876588824,2804
