store_code,store_name,chainname,subchainname,storeid,address,city,zipcode,latitude,longitude,average_price_diff,popular_item_count
ampm_401,AM-PMדרך השלום,ampm,AM:PM,401.0,דרך השלום 53,גבעתיים,5345433.0,32.066902,34.803277,7.687348876639426,4641
ampm_402,AM-PMקרית ביאליק,ampm,AM:PM,402.0,נעמי שמר 10,קרית ביאליק,2751419.0,32.8493857,35.1054986,7.885052766757102,4875
ampm_403,AM-PM המושבה הגרמנית,ampm,AM:PM,403.0,בן גוריון 6,חיפה,3541416.0,32.82334041273907,34.99175345298348,7.964455494254406,4380
ampm_404,"AM-PMאח""י אילת חיפה",ampm,AM:PM,404.0,"אח""י אילת 22",חיפה,3541416.0,32.82334041273907,34.99175345298348,8.322381903883986,3658
ampm_501,Am-pm בן יהודה 30,ampm,AM:PM,501.0,בן יהודה 30,תל אביב יפו,6380407.0,32.0760792,34.7682159,8.155134887998013,3917
ampm_503,Am-pm ארלוזרוב,ampm,AM:PM,503.0,דיזנגוף 193,תל אביב יפו,6346232.0,32.0866177,34.7746403,8.23984155138406,3387
ampm_504,Am-pm נורדאו,ampm,AM:PM,504.0,בן יהודה 195,תל אביב יפו,6347312.0,32.0921006,34.7744633,7.983620062053711,4952
ampm_505,Am-pmאלנבי,ampm,AM:PM,505.0,אלנבי 115,תל אביב יפו,6581708.0,32.0624808,34.7736408,7.63172224639551,5051
ampm_506,Am-pm קינג גורג,ampm,AM:PM,506.0,קינג גורג 24,תל אביב יפו,6326709.0,32.0718846,34.7736551,8.017448138964518,4250
ampm_507,Am-pm 24 שנקין,ampm,AM:PM,507.0,שנקין 24,תל אביב יפו,6523132.0,32.0692713,34.7728342,7.891607862004927,4659
ampm_508,Am-pm  אבן גבירול,ampm,AM:PM,508.0,אבן גבירול 14,תל אביב יפו,6407716.0,32.0729348,34.7819905,8.273516586043627,3566
ampm_509,Am-pm זמנהוף,ampm,AM:PM,509.0,קינג גורג 99,תל אביב יפו,6433831.0,32.077532,34.7775964,8.208416006481357,4267
ampm_510,Am-pm לינקולן,ampm,AM:PM,510.0,לינקולן 9,תל אביב יפו,0.0,32.0670307,34.7818233,8.159929843433028,3776
ampm_511,Am-pm  הרצל,ampm,AM:PM,511.0,"הרצל 91,עובר להרצל 114)",תל אביב יפו,6655414.0,32.0549445,34.7709586,7.746263560235575,4299
ampm_512,Am-pm  כל-בו שלום,ampm,AM:PM,512.0,אחד העם 9,תל אביב יפו,6525101.0,32.0640664,34.7696096,7.475170189068032,5428
ampm_513,Am-pm פרנקל,ampm,AM:PM,513.0,פרנקל 15,תל אביב יפו,6608419.0,32.0572752,34.76826740000001,7.762304593733475,4602
ampm_514,Am-pm גורדון,ampm,AM:PM,514.0,דיזנגוף 136,תל אביב יפו,6346109.0,32.0821944,34.7739473,7.812735375069962,4711
ampm_517,"Am-pm זבוטינסקי ר""ג",ampm,AM:PM,517.0,זבוטינסקי 86,רמת גן,5244215.0,32.0879734,34.8144138,7.955230134741016,4433
ampm_518,"Am-pm זבוטינסקי ת""א",ampm,AM:PM,518.0,אבן גבירול 136,תל אביב יפו,6296601.0,32.0883128,34.782656,8.127595504028626,4601
ampm_519,Am-pm נחלת יצחק,ampm,AM:PM,519.0,נחלת יצחק,תל אביב יפו,6744809.0,32.075597,34.799186,7.675069000638399,4743
ampm_524,Am-pm בן יהודה 61,ampm,AM:PM,524.0,בן יהודה 61,תל אביב יפו,3275.0,32.0795508,34.7693743,8.558886082641486,3623
ampm_529,Am-pm בן גוריון,ampm,AM:PM,529.0,בן גוריון 119,בת ים,5956005.0,32.0813031,34.8205539,8.323686988262365,3622
ampm_531,Am-pmכצנלסון גבעתיים,ampm,AM:PM,531.0,כצנלסון 129,גבעתיים,5327314.0,32.0766339,34.8159154,7.763066174293656,4739
ampm_533,Am-pm י.ל פרץ,ampm,AM:PM,533.0,י.ל פרץ 29,תל אביב יפו,6685402.0,32.0593815,34.7759122,8.616051588778577,3429
ampm_534,Am-pm בוגרשוב,ampm,AM:PM,534.0,בוגרשוב 49,תל אביב יפו,6314513.0,32.0760008,34.7717635,8.214644192712711,3638
ampm_535,Am-pm שנקין59,ampm,AM:PM,535.0,שנקין 59,תל אביב יפו,6523313.0,32.0684191,34.7773662,8.079095730100029,3869
ampm_536,Am-pmזבוטינסקי 44,ampm,AM:PM,536.0,זבוטינסקי 44,רמת גן,5248504.0,32.0845621,34.8098643,7.924089947433613,4827
ampm_537,Am-pm סוקולוב הרצליה,ampm,AM:PM,537.0,סוקולוב 10,הרצליה,4649713.0,32.1668362,34.83977369999999,7.892133378936061,4444
ampm_540,Am-pm טברסקי,ampm,AM:PM,540.0,יצחק שדה 35,תל אביב יפו,6721309.0,32.0650742,34.7887382,8.038800733321038,3935
ampm_542,Am-pm שד יהודית,ampm,AM:PM,542.0,שד יהודית 16,תל אביב יפו,6701618.0,32.0699793,34.790122,7.939953277803038,4452
ampm_544,Am-pm ברודצקי,ampm,AM:PM,544.0,ברודצקי 15,תל אביב יפו,6905126.0,32.1065947,34.7973754,8.054474585320335,4562
ampm_545,Am-pm הנשיא הרצליה,ampm,AM:PM,545.0,הנשיא יצחק בן צבי 75,הרצליה,4639975.0,32.180388,34.8114628,7.636640389075237,5199
ampm_548,Am-pm נווה מונסון,ampm,AM:PM,548.0,רחוב השקד 30,יהוד מונוסון,6019000.0,32.0291382,34.873857,7.956086473551154,4648
ampm_549,Am-pm הוד השרון,ampm,AM:PM,549.0,סוקולוב 11,הוד השרון,0.0,32.1623925,34.9024585,8.091377096490472,4690
ampm_551,Am-pm הדר נס ציונה,ampm,AM:PM,551.0,השייטת 4,נס ציונה,7420812.0,31.9306019,34.7918755,8.208784425200829,4152
ampm_554,Am-pm ווינשל,ampm,AM:PM,554.0,וינשל 6,תל אביב יפו,6941331.0,32.1179986,34.8244931,7.869616829944213,4756
ampm_556,Am- pm עליית הנוער,ampm,AM:PM,556.0,עליית הנוער 27,גבעתיים,5340101.0,32.074846,34.801658,7.910020049691728,5072
ampm_557,Am-pm אבן גבירול 91,ampm,AM:PM,557.0,אבן גבירול 91,תל אביב יפו,6404619.0,32.0849352,34.7815376,8.995818768048473,2478
ampm_558,Am-pm המלכות,ampm,AM:PM,558.0,הרוגי המלכות 9 שיכון דן,תל אביב יפו,6971409.0,32.1096985,34.8335267,7.96224272512948,4601
ampm_560,AMPMיהודה הלוי,ampm,AM:PM,560.0,יהודה הלוי 114,תל אביב יפו,6527614.0,32.0708973,34.7820237,8.100800749406927,4211
ampm_563,Am-pm החשמונאים,ampm,AM:PM,563.0,החשמונאים 105,תל אביב יפו,6713320.0,32.0695981,34.7848105,7.852269975853777,4881
ampm_564,Am-pm אבא הלל,ampm,AM:PM,564.0,אבא הלל 25,רמת גן,5252215.0,32.08706220000001,34.8053883,7.742298410668723,5344
ampm_566,Am-pm קהילת סלוניקי,ampm,AM:PM,566.0,קהילת סלוניקי 11,תל אביב יפו,6951311.0,32.1132571,34.8245566,7.953579849402749,5103
ampm_568,Am-pmאלנבי 69,ampm,AM:PM,568.0,אלנבי 69,תל אביב יפו,6513408.0,32.0677788,34.771245,8.286295589027448,3772
ampm_570,AMPMהרצל 61,ampm,AM:PM,570.0,הרצל 61,תל אביב יפו,6655101.0,32.0576846,34.77095,8.561133633781264,2892
ampm_571,Am-pmבן גוריון בת ים,ampm,AM:PM,571.0,בן גוריון 47,בת ים,5932204.0,32.0891743,34.82280009999999,8.521939078456843,4048
ampm_576,AMPM ארלוזורוב 52,ampm,AM:PM,576.0,ארלוזורוב 52,רמת גן,5248183.0,32.081034,34.8090555,7.833481377728955,5032
ampm_577,AMPM אלנבי 56,ampm,AM:PM,577.0,אלנבי 56 תל אביב,תל אביב יפו,6382206.0,32.0706039,34.7699812,8.068578205605151,4139
ampm_578,AMPM הקסטל,ampm,AM:PM,578.0,אבן גבירול 161,תל אביב יפו,6203303.0,32.0919612,34.7828125,7.772423997655377,4492
ampm_579,AM-PM הקוממיות 16,ampm,AM:PM,579.0,הקוממיות 16,בת ים,967558.0,32.0070868,34.7412609,7.862268482338686,4542
ampm_580,AM-PM דניה,ampm,AM:PM,580.0,אנטוורפן 56,חיפה,3490101.0,32.7670184,34.9924911,8.296189145735305,3688
ampm_581,Am-pm-העצמאות,ampm,AM:PM,581.0,עצמאות 61,יבנה,3303331.0,31.8651287,34.7441294,8.315058200042495,4223
ampm_582,"טשרניחובסקי כ""ס",ampm,AM:PM,582.0,טשרניחובסקי 24,כפר סבא,4427112.0,32.1772118,34.8936729,7.75166966690383,4958
ampm_583,AM-PM קריית אונו,ampm,AM:PM,583.0,שלמה המלך 40,קרית אונו,5542136.0,32.0548391,34.8638919,8.061933662816466,4181
ampm_591,מוריה חיפה AM-PM,ampm,AM:PM,591.0,שדרות מוריה 128 - חיפה,חיפה,3461818.0,32.7880474,34.9859807,8.25131178416036,4494
ampm_594,AMPM חדרה,ampm,AM:PM,594.0,הרברט סמואל 1 חדרה,חדרה,3836261.0,32.438695,34.9109822,8.113717947219914,4217
ampm_595,AM-PMזבוטינסקי בת ים,ampm,AM:PM,595.0,זבוטינסקי 2 בת ים,בת ים,0.0,32.0206943,34.7399987,7.772549689330993,4694
ampm_596,AM-PM אילנות חיפה,ampm,AM:PM,596.0,אילנות 2 חיפה,חיפה,3432404.0,32.8079731,34.9758596,8.009737256884213,4464
ampm_597,AM-PM נרקיסים,ampm,AM:PM,597.0,שדרות ירושלים 155,תל אביב יפו,7500234.0,32.0402655,34.75648320000001,6.432572616192624,4402
ampm_599,AM-PM טירת הכרמל,ampm,AM:PM,599.0,מנחם בגין 53,טירת הכרמל,0.0,32.7498722,34.9666721,7.955802773182195,4438
car_002,מרקט אשקלון החאן,קרפור,קרפור מרקט,2.0,הרצל 33,אשקלון,7860132.0,31.6690874,34.586559,8.18042891145249,2111
car_004,אשקלון צפוני,קרפור,קרפור היפר,,הפנינים 28,אשקלון,7863636.0,31.6682664,34.6023671,-6.306154349562339,6995
car_006,אשדוד אורגים,קרפור,קרפור היפר,,האורגים 13,אשדוד,7760924.0,31.8122249,34.6563563,-6.540200151411965,5644
car_009,היפר רעננה רמה,קרפור,קרפור היפר,9.0,זרחין 12,רעננה,4320906.0,32.1958481,34.88363940000001,-6.294890386771015,7688
car_010,כפר סבא,קרפור,קרפור,10.0,השקמה 21,כפר סבא,4450012.0,32.176305,34.933172,-6.341263382365415,6981
car_012,פתח תקוה,קרפור,קרפור מרקט,12.0,בר כוכבא 63,פתח תקווה,4922055.0,32.096693,34.8856478,-2.9151430738663002,7000
car_015,היפר נתניה הפלדה,קרפור,קרפור היפר,15.0,הפלדה 13,נתניה,4237823.0,32.3184089,34.8785591,-6.315869054327436,5829
car_019,תל מונד,קרפור,קרפור,,בני דרור 8,תל נונד,4063134.0,32.261756,34.901082,-1.356099248643425,4445
car_026,מרקט ראש העין יהושע,קרפור,קרפור מרקט,26.0,יהושע בן נון 77,ראש העין,4804824.0,32.1047554,34.9425888,-1.9961041400904267,5931
car_030,קרפור מרקט אילת,קרפור,קרפור,30.0,חטיבת גולני 41,אילת,8852601.0,29.56601874337275,34.954978548384084,-20.139752372782908,4455
car_033,היפר בית שמש,קרפור,קרפור היפר,33.0,"שדרות יגאל אלון ,מרכז ביג",בית שמש,9906201.0,31.7564164,34.9902576,-6.225510012466143,7158
car_037,מרקט אור יהודה,קרפור,קרפור מרקט,37.0,המפעל 13,אור יהודה,0.0,32.0347675,34.8499789,-1.937097948891625,9005
car_041,מרקט אור עקיבא,קרפור,קרפור היפר,41.0,האילן 2 א.ת צפוני אור עקיבא,אור עקיבא,3063907.0,32.5146179,34.9232696,-6.693285077331487,5642
car_044,מרקט מעלות תרשיחא,קרפור,קרפור מרקט,44.0,שלמה שרירא 3 מעלות תרשיחא,מעלות תרשיחא,2120107.0,33.0216836,35.2802834,-2.014423764649212,5928
car_046,רמלה,קרפור,קרפור,46.0,קלאוזנר 10,רמלה,7243224.0,31.9229092,34.8779067,-2.011288419101459,4750
car_055,דליית אל כרמל,קרפור,קרפור היפר,55.0,דרך ראשית 672 כיכר חמוד אל-קארה,דלית אלכרמל,3005600.0,32.6955201,35.0514526,-2.231739841906115,2743
car_056,מרקט ערד,קרפור,קרפור מרקט,56.0,התעשיה 60,ערד,8909424.0,31.2481659,35.2011827,-6.661166607123885,5830
car_057,היפר בית שאן,קרפור,קרפור היפר,57.0,א.ת צפוני בית שאן,בית שאן,1177940.0,32.497103,35.497336,-6.536022309755724,5518
car_060,מרקט אשדוד,קרפור,קרפור מרקט,60.0,השייטים 9,אשדוד,7744140.0,31.800285,34.6415622,-1.1532653458487045,3534
car_061,נתניה בסיטי,קרפור,קרפור,61.0,"האר""י 12",נתניה,4628555.0,32.3119039,34.8565982,-0.8323866349533913,2736
car_062,בסיטי מודיעין,קרפור,קרפור סיטי,62.0,עמק החולה 76,מודיעין מכבים רעות,7170399.0,31.8962796,35.0112568,8.554983336700682,2232
car_063,קרפור קרית ראשון,קרפור,קרפור,,החלמונית 29,ראשון לציון,7542033.0,31.9696904,34.7832776,8.920198457819083,7281
car_064,סיטי הרצליה ליד הבית,קרפור,קרפור סיטי,64.0,רבי עקיבא 50,הרצליה,46422360.0,32.153352,34.8496839,8.373132356348473,1994
car_065,קרפור מרקט אשקלון,קרפור,קרפור מרקט,,קיבוץ גלויות 5,אשקלון,7834104.0,31.666314018445128,34.56677971519415,-2.1527564079910393,3079
car_067,סיטי חולון,קרפור,קרפור סיטי,67.0,המרגנית 2,חולון,5845909.0,32.00964386207322,34.778821579198784,9.066856732700572,3747
car_068,מרקט אשקלון ברנע,קרפור,קרפור מרקט,68.0,הודית לייפר מילר 6,אשקלון,7880811.0,31.69902796455685,34.583199940113595,8.479932324061382,1911
car_073,קרפור מרקט עתלית,קרפור,קרפור מרקט,73.0,רחוב הרדוף מרכז מסחרי,עתלית,3032706.0,32.6960656,34.9458283,8.724720852944717,3882
car_074,קרפור רמלה לוין,קרפור,קרפור מרקט,,אבא אחימאיר 1 קרית מנחם,רמלה,7228401.0,31.9189548,34.8694953,-1.178100719055397,2775
car_080,טבעון,קרפור,קרפור,80.0,"קק""ל 16 קרית טבעון",טבעון,3608208.0,32.7116459,35.1201256,7.854468859705949,2153
car_081,ראשון מערב,קרפור,קרפור מרקט,81.0,השירה העברית 10,ראשון לציון,7573105.0,31.97772708027238,34.76956833686881,8.838002094862064,2265
car_083,סיטי צור יצחק,קרפור,קרפור סיטי,83.0,א.ת מסחרי צור יצחק,צור יצחק,4580800.0,32.2415041,34.9972202,-1.401270469524458,3109
car_084,סיטי מתן,קרפור,קרפור סיטי,84.0,הדר 84,מתן,4585800.0,32.1590279,34.9733804,8.833285255061238,3629
car_085,סיטי מנחם בגין,קרפור,קרפור סיטי,85.0,מנחם בגין 152,תל אביב יפו,0.0,32.0794051,34.7950758,8.66146845056392,4280
car_089,סיטי תל אביב TLV,קרפור,קרפור סיטי,,קניון גינדי - רחוב קרליבך תל אביב,תל אביב יפו,6713208.0,32.0692273,34.7863364,9.181346071653149,6730
car_091,קרפור מרקט ריינס,קרפור,קרפור מרקט,,ריינס 6 שכונת קרית משה,ירושלים,9542731.0,31.8408456,35.2481814,-2.735557455469063,3195
car_092,קרית אתא קרפור מהדרי,קרפור,קרפור מהדרין,,העצמאות 42,קרית אתא,2807145.0,32.8036546,35.1041759,-2.469578934560519,4209
car_108,סיטי פנקס תל אביב,קרפור,קרפור סיטי,108.0,46-50 פנקס,תל אביב יפו,6226112.0,32.090765,34.788861,9.676029850648309,9327
car_116,סיטי ככר דיזנגוף,קרפור,קרפור סיטי,116.0,9 ככר דיזנגוף,תל אביב יפו,6428110.0,32.0983446,34.77493980000001,9.085300082582178,6729
car_117,סינמה סיטי,קרפור,קרפור היפר,117.0,סינמה סיטי באר שבע,באר שבע,3541416.0,31.234323996656695,34.799772831474684,-5.938530338000114,11049
car_118,קרפור חדרה דוד אלעזר,קרפור,קרפור,,דוד אלעזר 27,חדרה,3833128.0,32.4400939,34.9091025,-2.1070205815691456,7258
car_119,מרקט כרכור,קרפור,קרפור מרקט,119.0,"שדרות מחנה 80, מספר 4",פרדס חנה כרכור,0.0,32.46547413534561,34.98856952472133,-1.1302075894243462,7444
car_120,היפר אופקים,קרפור,קרפור היפר,120.0,בצלאל 1,אופקים,,31.318865510178096,34.629278389071956,-6.575935646182098,5635
car_1201,מגה יהלומים גבעתיים,קרפור,מגה,1201.0,1 כורזין,גבעתיים,5358301.0,32.05918965714699,34.81596990988867,-1.2998496430790967,5326
car_121,קרפור טמרה,קרפור,קרפור מרקט,121.0,טמרה,טמרה,1234456.0,32.85543142729637,35.18640762177128,-1.4404025298969878,4185
car_1228,תל כביר,קרפור,קרפור,1228.0,גרינבאום 45 תל כביר,תל אביב יפו,6810982.0,32.0404773,34.7658227,-1.8117706622574794,3869
car_123,מרקט בית שמש האמוראי,קרפור,קרפור מרקט,123.0,שדרות האמרואים 28,בית שמש,8713504.0,31.70741493158054,34.96692603908121,-2.265815625947354,6146
car_124,מרקט יבנה דואני,קרפור,קרפור מרקט,1.0,דואני 42,יבנה,7564312.0,31.87436402760722,34.73732356642603,-2.0673570533400323,6076
car_125,קרפור יבנה נאות שמיר,קרפור,קרפור מרקט,1.0,הרצל 19,יבנה,7080919.0,31.859517459941006,34.72168715796869,-1.244532717671848,7794
car_1252,קרפור אילת מעלה,קרפור,קרפור מרקט,,דרך יותם פינת רח ארגמן,אילת,8820206.0,29.55571120085781,34.94119398083048,-16.29310369168353,5931
car_126,היפר עפולה,קרפור,קרפור היפר,126.0,מנחם בגין 53,עפולה,1871338.0,32.60020237303198,35.29282357742796,-5.817626565694235,10898
car_127,היפר נתיבות מרכז,קרפור,קרפור היפר,1.0,בעלי מלאכה 3,נתיבות,8776202.0,31.418128767771762,34.59509801058291,-6.052253922689179,9953
car_128,היפר ירושלים תלפיות,קרפור,קרפור היפר,1.0,האומן 14,ירושלים,9342109.0,31.7507613153456,35.20996770874763,-5.995233485237246,10529
car_129,קרפור קרית שמונה,קרפור,קרפור מרקט,129.0,טשרניחובסקי 4,קרית שמונה,1103131.0,33.21086415546926,35.56873232415067,-6.221248168095061,8599
car_132,סיטי ויצמן תל אביב,קרפור,קרפור סיטי,132.0,20 ויצמן,תל אביב יפו,6423001.0,32.0831251,34.7893552,9.040482947232231,6398
car_140,סיטי גרינברג חיפה,קרפור,קרפור סיטי,140.0,20 א.צ גרינברג,חיפה,3475712.0,32.7754412,34.9915007,8.376721742312094,5136
car_1430,סיטי קניון קיראון,קרפור,קרפור סיטי,1430.0,שלמה המלך,קרית אונו,542335.0,32.0556897,34.86268950000001,9.108315915752087,4708
car_191,מגה ויצמן חולון,קרפור,מגה,191.0,48 סוקולוב,חולון,5832201.0,32.0182484,34.7707667,-1.4304601394880574,6690
car_2040,מגה כרמליה חיפה,קרפור,מגה,,אלכסנדר ינאי 3 חיפה,חיפה,3481603.0,32.797406,34.975196,8.124161710636944,2642
car_205,מרקט לה גרדיה תא,קרפור,קרפור מרקט,205.0,לה גרדיה 78,תל אביב יפו,6732506.0,32.0589248,34.8012154,-2.0825117925658856,5512
car_2070,סיטי כפר יונה דרום,קרפור,קרפור סיטי,2070.0,40 מנחם בגין,כפר יונה,4035736.0,32.3117945,34.9367876,9.082427154067073,4098
car_213,סיטי אבן גבירול תא,קרפור,קרפור סיטי,213.0,30 אבן גבירול,תל אביב יפו,6467807.0,32.0750419,34.7819586,9.324623592124528,8826
car_2150,קרפור מרקט אילת,קרפור,קרפור מרקט,2150.0,חטיבת גולני 43,אילת,88000.0,29.565905026747682,34.955755317253164,-20.131002087880763,5298
car_2180,מגה אבן יהודה,קרפור,מגה,2180.0,הדרים פינת המיסדים,אבן יהודה,4051113.0,32.2692212,34.89067910000001,8.799229131424324,4062
car_2190,מגה גני העיר רחובות,קרפור,מגה,,15 דרך ירושלים,רחובות,7663008.0,31.8802184,34.8206734,9.30722984581482,4004
car_221,מרקט מגדל נחום בת ים,קרפור,קרפור מרקט,221.0,65 שדרות העצמאות,בת ים,5939552.0,32.0283833,34.7488523,-1.2344658371038042,8592
car_2230,מרקט גני אביב לוד,קרפור,קרפור מרקט,2230.0,ארבע עונות 14,לוד,7145806.0,31.9590876,34.8803708,-1.9362560029000926,5834
car_2240,מרקט בית וגן ק.אתא,קרפור,קרפור מרקט,2240.0,10 העצמאות,קרית אתא,2807110.0,32.7983003,35.1027423,-1.4654407938535985,4371
car_2310,מרקט גן יבנה,קרפור,קרפור מרקט,2310.0,הרצל פ.קיבוץ גלויות,גן יבנה,7080901.0,31.7895298,34.7118682,-1.3750444328423033,3917
car_2320,סיטי קניון גבעתיים,קרפור,קרפור סיטי,2320.0,ויצמן פינת יצחק רבין,גבעתיים,5346903.0,32.0663446,34.8109297,9.799800631195932,6615
car_2330,סיטי אשדוד יב,קרפור,קרפור סיטי,2330.0,תמוז 14 מרכז מסחרי,אשדוד,7775114.0,31.7814535,34.6380512,8.721910459930035,4258
car_2410,מרקט עיר ימים נתניה,קרפור,קרפור מרקט,2410.0,שדרות בן גוריון,נתניה,4227231.0,32.2791567,34.8470676,-1.2855821660565974,5754
car_2470,ש. נאות חן חדרה,קרפור,קרפור,2470.0,הלל יפה 5 פינת סמילנסקי,חדרה,3820308.0,32.4339439,34.9158956,-2.7434485586963353,4389
car_2490,מגה כפר שלם,קרפור,מגה,2490.0,10 סנפיר,תל אביב יפו,6729801.0,32.0515996,34.8056166,8.975282125938016,3549
car_2518,מגה פארק הירקון,קרפור,מגה,,1 שלום אש,תל אביב יפו,6948307.0,32.100744,34.807026,9.080959553059968,3607
car_2530,מגה בת גלים,קרפור,מגה,2530.0,37 העליה השניה,חיפה,3501601.0,32.8318585,34.9792929,8.58357787598941,3577
car_2540,מרקט מודעין שמשוני,קרפור,קרפור מרקט,2540.0,עמק בית שאן פינת יחזקאל הנביא,מודיעין מכבים רעות,7171702.0,31.9120349,35.0018653,-2.2705467460036335,5581
car_256,מגה רמת יוסף בת ים,קרפור,מגה,256.0,20 מבצע סיני,בת ים,5951503.0,32.0206175,34.7568551,9.126369022324345,5379
car_2577,מגה לב נתניה,קרפור,מגה,2577.0,32 הרב קוק,נתניה,4226110.0,32.2950621,34.8505542,8.750048641774086,4096
car_2730,מגדל העמק,קרפור,קרפור,2730.0,ניצנים 39,מגדל העמק,2351330.0,32.6823717,35.2373076,-1.9504184338207233,3994
car_2740,מרקט שרונה רחובות,קרפור,קרפור מרקט,2740.0,מדר פינת דרך ירושלים,רחובות,7663101.0,31.8874564,34.8200824,-1.9195306494689375,5764
car_2750,"קרפור עמישב פ""ת",קרפור,קרפור מהדרין,,דרך מנחם בגין 96,פתח תקווה,4973295.0,32.069694,34.9142034,-2.456076335666962,4289
car_2840,מרקט אשדוד ח,קרפור,קרפור מרקט,2840.0,הרב לוין מ.מסחרי,אשדוד,7763804.0,31.7836627,34.6534113,-2.856390870885462,4245
car_2960,סיטי זכרון יעקב,קרפור,קרפור סיטי,2960.0,.10 חברה חשבונאית,זכרון יעקב,3094089.0,32.5661431,34.9424895,9.048744346915244,4749
car_2976,סיטי צפון באר שבע,קרפור,קרפור סיטי,2976.0,101 אברהם אבינו,באר שבע,8454001.0,31.2700224,34.7972186,8.905749813325773,2700
car_3020,בית אליעזר,קרפור,קרפור היפר,,חדרה,חדרה,3848221.0,32.4339559,34.9158064,9.28182426561104,2888
car_3050,מגה קניון כפר יונה,קרפור,מגה,3050.0,6 שרת,כפר יונה,4035806.0,32.3207607,34.9360101,8.842289374571747,3140
car_3174,סיטי גבעת שמואל,קרפור,קרפור סיטי,3174.0,האורנים,גבעת שמואל,54045301.0,32.0679616,34.8457903,8.57628564275257,2748
car_3180,מגה רמות צהלה,קרפור,מגה,3180.0,4-6 גרפית,תל אביב יפו,6930041.0,32.121315,34.830805,9.119673531005716,2808
car_3210,מגה לב אשקלון,קרפור,מגה,,שכונת שמשון,אשקלון,7864118.0,31.65515009416126,34.55664150563116,9.033184519039146,3590
car_3280,סיטי אלוני השרון,קרפור,קרפור סיטי,3280.0,תום לנטוס 26 ק.השרון,נתניה,4276001.0,32.30698939271339,34.86910161128421,8.536664301664288,3400
car_329,סיטי נאות רחל חולון,קרפור,קרפור סיטי,329.0,מגה בעיר,חולון,5836111.0,32.018338341531155,34.76472249454291,9.171509367296425,8560
car_3300,מגה שכונה ו באר שבע,קרפור,מגה,,קנ.אביה שד.שאול המלך,באר שבע,8479612.0,31.261528,34.784254,-2.064355857766318,4454
car_337,מגה נאות אפקה,קרפור,מגה,,15 לאה,תל אביב יפו,6941215.0,32.1202037931965,34.8203992233843,9.349733524791784,7660
car_3420,מגה אלנבי ירושלים,קרפור,מגה,,"בית""ר פינת ינובסקי",ירושלים,9338603.0,31.7554312561794,35.2243191828876,-1.43830748389646,4197
car_3440,סיטי מזכרת בתיה,קרפור,קרפור סיטי,3440.0,8 שדרות אליהו,מזכרת בתיה,7685448.0,31.8544885,34.8422381,8.699317293520235,3584
car_345,סיטי נאות שושנים חול,קרפור,קרפור סיטי,345.0,הסתדרות 104,חולון,5840006.0,32.0167759,34.7813891,8.897526414811468,6623
car_3506,סיטי גבעת סביון,קרפור,קרפור סיטי,3506.0,78 הגליל,גני תקווה,5591478.0,32.0570106,34.8686103,8.61555005721367,4310
car_353,סיטי הצרכנייה אשדוד,קרפור,קרפור סיטי,353.0,25 רוגוזין,אשדוד,7744003.0,31.8041835,34.6429239,9.09590162225832,7586
car_3580,סיטי רמות אלון חיפה,קרפור,קרפור סיטי,3580.0,29 יגאל אלון,חיפה,3298331.0,32.7732794,35.0130904,8.652452732499707,4061
car_3600,מגה בעיר- שטמפפר,קרפור,מגה,,"שטמפפר 73, פינת אבניאל פ""ת",פתח תקווה,4929078.0,32.093471,34.8902527,9.17827327161564,3362
car_3610,הרצל חיפה,קרפור,קרפור,,הרצל 97,חיפה,3321609.0,32.804778,35.0033715,-2.781318329120992,3453
car_3680,קרפור מרקט בית שמש,קרפור,קרפור מרקט,,נחל השורק 23,בית שמש,9909135.0,31.7145524,34.9886899,-2.376969146855332,4376
car_3700,מרקט נווה זאב בש,קרפור,קרפור מרקט,3700.0,64 יוהנה זבוטינסקי,באר שבע,8425842.0,31.2395415,34.7740533,-1.9317037021047894,5831
car_3740,מרקט אפרידר אשקלון,קרפור,קרפור מרקט,3740.0,5 שדרות ירושלים,אשקלון,761719.0,31.6778055,34.5753127,-2.137353861672379,3576
car_3850,סיטי בית הכרם ים,קרפור,קרפור סיטי,3850.0,אבי זהר,ירושלים,9626701.0,31.7753984,35.1875994,9.066364796589738,5481
car_3990,סיטי תל ברוך תא,קרפור,קרפור סיטי,3990.0,8 בקר,תל אביב יפו,6464316.0,32.1227035,34.816677,9.399484968212178,4505
car_400,רפור סיטי קניון כפר סבא (1030),קרפור,קרפור סיטי,400.0,כצנלסון 20,כפר סבא,4440522.0,32.17866029246674,34.90361539912085,9.15021213656255,8014
car_401,קרפור סיטי הוד השרון,קרפור,קרפור סיטי,401.0,שלום עליכם 1,הוד השרון,4500901.0,32.15934863573798,34.887957125952326,9.285300550093694,7118
car_402,קרפור סיטי דיזנגוף,קרפור,קרפור סיטי,402.0,דיזנגוף 65,תל אביב יפו,6433237.0,32.07590257397277,34.774601381768896,9.443185426843623,9557
car_403,קרפור סיטי הצרכנייה רמלה,קרפור,קרפור סיטי,403.0,שדרות הרצל 45,רמלה,7240613.0,31.931969207144462,34.869324564567385,-2.124501669368731,6063
car_405,קרפור סיטי נווה כרמית,קרפור,קרפור סיטי,405.0,זבוטינסקי 65,ארשון לציון,7521819.0,31.966792099340918,34.799095807509204,9.033267050233688,7940
car_407,קרפור בעיר חפץ חיים,קרפור,קרפור סיטי,407.0,הרצל 28,רחובות,4943519.0,31.881655487737174,34.81784746742578,9.136502854656845,8452
car_408,קרפור סיטי צמרות,קרפור,קרפור סיטי,408.0,ניסים אלוני,תל אביב יפו,6291924.0,32.08899725592976,34.797171246061765,9.331418901062236,8966
car_411,קרפור סיטי מגדלי דוד,קרפור,קרפור סיטי,411.0,אורי 12,תל אביב יפו,6495410.0,32.08148226444495,34.78546305293324,9.267290641217647,8011
car_4110,קרפור מרקט לב הרצליה,קרפור,קרפור מרקט,,בן גוריון 2,הרצליה,4678501.0,32.1666234,34.8422973,-1.2481481368467613,5000
car_4120,מגה הדר הרצליה,קרפור,מגה,,2 הדר,הרצליה,4629025.0,32.16757451108522,34.849346267566425,8.810545176558298,4040
car_413,קרפור סיטי מגדלי דוד,קרפור,קרפור סיטי,413.0,קפלן 13,קרפור סיטי בילינסון פתח תקווה,4943712.0,32.088539758490725,34.86884250600394,8.913413790118339,7149
car_4130,סיטי נווה אמירים,קרפור,קרפור סיטי,4130.0,82 בן גוריון,הרצליה,4644630.0,32.1545039,34.8421088,9.308223354443378,4856
car_414,קרפור סיטי מעוז אביב,קרפור,קרפור סיטי,414.0,בני אפרים 209,תל אביב יפו,6998421.0,32.111225011416536,34.81612726827828,9.415236232807725,5290
car_415,קרפור סיטי רמת אביב,קרפור,קרפור סיטי,415.0,אבא אחימאיר 35,תל אביב יפו,6949219.0,32.12482529093308,34.80448503759174,9.348039548272085,8881
car_4150,סיטי הרצליה פיתוח,קרפור,קרפור סיטי,4150.0,34 זהר טל,הרצליה,4674134.0,32.1708537,34.8028265,9.221508667684391,2673
car_416,קרפור היפר שדרות,קרפור,קרפור היפר,416.0,קניון פנינת הנגב שדרות,שדרות,8714517.0,31.52869307851911,34.60617883964183,-5.957653657836682,10831
car_4160,סיטי נוף ים הרצליה,קרפור,קרפור סיטי,4160.0,10 שער הים,הרצליה,4660610.0,32.1879828,34.8128297,9.131001374499546,2113
car_4170,מגה נוה עמל,קרפור,מגה,4170.0,19 כצנלסון,הרצליה,4629010.0,32.16909877756077,34.85627551781642,9.083180950718319,2559
car_4200,סיטי זרובבל ר.השרון,קרפור,קרפור סיטי,4200.0,33 סוקולוב,רמת השרון,4723602.0,32.141958,34.8365545,9.404836079110234,3149
car_4220,סיטי נס ציונה,קרפור,קרפור סיטי,4220.0,1 אבנר בן נר,נס ציונה,7422018.0,31.9220671,34.8099931,8.934373380271834,4243
car_4270,קרפור מרקט אלעד,קרפור,קרפור מרקט,,בן זכאי 32,אלעד,4080041.0,32.0475883,34.9556007,-2.6153201235439933,3560
car_4280,מרקט אודיטוריום חיפה,קרפור,קרפור מרקט,4280.0,134 שדרות הנשיא,חיפה,3464502.0,32.8032646,34.9858779,-1.3843180932422323,5033
car_4420,מגה אואזיס רמת גן,קרפור,מגה,,87 הרצל,רמת גן,5244346.0,32.087926882504064,34.81447435036713,8.82937820527625,4246
car_470,קרפור סיטי מגדלי כרמל,קרפור,קרפור סיטי,470.0,חנה סנש 20,חיפה,3385401.0,32.80119205548193,34.99636820693629,8.710012588411574,5242
car_493,"מגה הרוא""ה ר""ג",קרפור,מגה,493.0,"2 הרוא""ה",רמת גן,5243201.0,32.08362050582349,34.816014094546404,9.115921377499983,5577
car_515,"מגה רווה ר""ג - חדש",קרפור,מגה,515.0,113 עוזיאל,רמת גן,5234439.0,32.06848391881082,34.82197887252382,9.151415359564519,6933
car_5204,קוויק כפר סבא,קרפור,קוויק,5204.0,,כפר סבא,,32.17352634870429,34.89124840690674,8.938198991699448,1175
car_523,מגה דימונה,קרפור,מגה,,1 הנשיא,דימונה,8603401.0,31.069419,35.033363,9.174326574175124,6293
car_5304,כפא סבא @ קרפור,קרפור,קרפור,, כפר סבא,כפר סבא,4450012.0,32.1862357,34.9044103,-1.0921109958285549,4914
car_558,סיטי רמת החייל תא,קרפור,קרפור סיטי,558.0,7 ד.מ. מרכוס,תל אביב יפו,6988213.0,32.1141968,34.8356933,9.38269619112112,6179
car_580,סיטי עמק הברכה,קרפור,קרפור סיטי,580.0,עמק הברכה,תל אביב יפו,6745613.0,32.076308,34.7989587,9.407674430691074,5595
car_610,סיטי באר שבע,קרפור,קרפור סיטי,610.0,42 שדרות י-ם,באר שבע,8477116.0,31.24748704184297,34.780067818357125,8.559057314858482,5565
car_620,סיטי נתניה,קרפור,קרפור סיטי,620.0,29 ירושלים,נתניה,4230317.0,32.3242633652502,34.8550983080518,8.651859850662113,5227
car_698,סיטי בית אבות רמת א,קרפור,קרפור סיטי,698.0,2 שד.הארזים,רמת אפעל,5290366.0,32.0518163,34.8366946,8.6726280173286,3387
car_701,סיטי קרית אונו,קרפור,קרפור סיטי,701.0,57 הנשיא,קרית אונו,5557057.0,32.0605508,34.8559181,9.622349819308955,4710
car_752,מגה רמת אפעל מרכז מ,קרפור,מגה,,16 שד.האורנים,רמת אפעל,5290350.0,32.047236,34.835859,9.487639487021553,7186
car_820,מגה מרכז רעננה- חדש,קרפור,מגה,,114 אחוזה,רעננה,4345015.0,32.1818726,34.8699162,9.809351056486864,6025
car_830,קרפור גולן רעננה,קרפור,קרפור,,אחוזה 198,רעננה,4355801.0,32.1827356,34.8657024,-1.0120760283648833,3741
car_850,מגה מרכז מסחרי קרית,קרפור,מגה,,1 התקומה,רעננה,4353501.0,32.1923797,34.8745337,9.515756153222835,6483
car_870,סיטי ותיקים רעננה,קרפור,קרפור סיטי,870.0,11 ההסתדרות,רעננה,4345605.0,32.1860931,34.8763149,9.14476411383498,5229
car_906,סיטי מרכז נתניה,קרפור,קרפור סיטי,906.0,שטמפר,נתניה,4240223.0,32.3280827,34.8539921,9.165242401427852,6989
car_914,סיטי נווה אביבים תא,קרפור,קרפור סיטי,914.0,13 אופנהיימר,תל אביב יפו,6939513.0,32.1201658,34.7997804,9.294619817725167,8651
car_981,מגה אזורים נתניה,קרפור,מגה,,14 גרינבאום יצחק,נתניה,4246514.0,32.2950621,34.8505542,9.242628114005745,7247
cit_001,סיטי מרקט חולון,סיטי מרקט,סיטי מרקט,, שנקר 25 חולון,חולון,,32.0250605,34.7767805,3.9416908214702384,21128
cit_002,סיטי מרקט חולון,סיטי מרקט,סיטי מרקט,, ויצמן 45 חולון,חולון,,32.0185119,34.7709041,4.235358608375748,19337
cit_003,"סיטי מרקט פינה מתוקה חולון בע""מ",סיטי מרקט,סיטי מרקט,, הלוחמים 37 חולון,חולון,,32.0352345,34.7681902,-1.4122210671043443,14076
cit_005,"סיטי מרקט ברכאל חולון בע""מ",סיטי מרקט,סיטי מרקט,,  יוסף אהרונוביץ' 92 חולון,חולון,,32.0027073,34.7675277,2.546383382882017,26098
cit_007,"סיטי מרקט י.ח.ר הסתדרות חולון בע""מ",סיטי מרקט,סיטי מרקט,, ההסתדרות 106 חולון,חולון,,32.0169028,34.7814959,2.513210944666372,20501
cit_008,"סיטי מרקט טאוור בע""מ",סיטי מרקט,סיטי מרקט,, משה דיין 2 תל אביב,תל אביב יפו,,32.047187,34.799156,0.3362780929295694,24828
cit_009,"סיטי מרקט טווינס לח""י בע""מ",סיטי מרקט,סיטי מרקט,," לח""י 36 תל אביב",תל אביב יפו,,32.0471988,34.7916198,0.658775006335564,26653
cit_013,סיטי מרקט חנקין,סיטי מרקט,סיטי מרקט,, חנקין 95 חולון,חולון,,32.017657529515624,34.779005694542796,3.624522359835238,19302
cit_015,"סיטי מרקט ""השדרה"" חולון",סיטי מרקט,סיטי מרקט,," סיטי מרקט ""השדרה"" חולון בע""מ",חולון,,32.01340655723415,34.79232830226624,1.6218810610894931,26434
cit_016,"סיטי מרקט האצ""ל פינת ההגנה",סיטי מרקט,סיטי מרקט,," סיטי מרקט אצ""ל בע""מ",תל אביב יפו,,32.0536973,34.7911501,2.9561348504692924,28748
cit_017,"סיטי מרקט רוטשילד בע""מ",סיטי מרקט,סיטי מרקט,, הרצל 199 רחובות,רחובות,,31.9009739,34.8091372,1.5102152242487072,24541
cit_019,סיטי מרקט סוקולוב חולון ,סיטי מרקט,סיטי מרקט,, רח' סוקולוב 75 חולון,חולון,,32.0227368,34.7781832,-0.4932753477667765,25615
cit_020,"סיטי מרקט תל כביר בע""מ",סיטי מרקט,סיטי מרקט,," רח'  גרינבויים 41 ת""א",תל אביב יפו,,32.0409417,34.7656687,8.652775371412462,25062
cit_023,"סיטי מרקט מח""ל",סיטי מרקט,סיטי מרקט,," מח""ל 16 תל אביב",תל אביב יפו,,32.0493245,34.8024156,0.6892864069497867,24456
cit_024,"סיטי מרקט פרדס חנה כרכור בע""מ",סיטי מרקט,סיטי מרקט,, הדקלים 102 פרדס חנה,פרדס חנה כרכור,,32.4762448,34.9719941,1.7686348625338064,27071
cit_028,סיטי מרקט סוקולוב חולון - סניף 2,סיטי מרקט,סיטי מרקט,, סוקולוב 63,חולון,,32.022787,34.77719080000001,-1.032081296213917,25257
cit_029,סיטי מרקט עין גנים,סיטי מרקט,סיטי מרקט,, עין גנים 65 פתח תקווה,פתח תקווה,,32.0842895,34.8969894,1.7331654882015435,25679
cit_030,סיטי מרקט אשדוד,סיטי מרקט,סיטי מרקט,," י""ג 2 אשדוד",אשדוד,,31.7751344,34.6467917,0.5013735979052776,22440
cit_031,"מתוק בשוק הכרמל בע""מ",סיטי מרקט,סיטי מרקט,, דניאל 25 תל אביב,תל אביב יפו,,32.0675334,34.7666892,6.612680676639181,17826
cit_032,סיטי מרקט פרימיום,סיטי מרקט,סיטי מרקט,," רח רוטשילד 57 ראשל""צ",ראשון לציון,,31.9636024,34.7996966,5.3951382384232,27178
cit_033,סיטי מרקט עדן טאוור,סיטי מרקט,סיטי מרקט,, הקוממיות 2 בת ים,בת ים,,32.0060162,34.7428833,3.989421653567428,28026
cit_035,סיטי מרקט בכיכר חולון,סיטי מרקט,סיטי מרקט,, חנקין 95 חולון,חולון,,32.017657529515624,34.779005694542796,-1.3928466340992636,26626
cit_037,סיטי מרקט דב הוז,סיטי מרקט,סיטי מרקט,, דב הוז 45 חולון,חולון,,32.01977804348684,34.75380742337885,0.8199899133852853,26049
cit_038,סיטי מרקט ארגמן חולון,סיטי מרקט,סיטי מרקט,, אילת 36 חולון,חולון,,32.01778700000001,34.7647189,0.030191464323610133,27403
cit_040,"מתוק בשוק הכרמל בע""מ",סיטי מרקט,סיטי מרקט,, קלישר 3 תל אביב,תל אביב יפו,,32.067185,34.767289,-1.1623988701405572,6529
cit_057,סיטי מרקט סטרומה חולון,סיטי מרקט,סיטי מרקט,, סוקולוב 3 חולון,חולון,,32.0235888,34.7704492,1.1440080280556773,26595
dab_004,מגדל,דבאח,דבאח,4.0,צומת מגדל,טבריה,0.0,32.828281057575204,35.512656517985384,-2.476187677949651,10542
dab_007,עין המפרץ,דבאח,דבאח,7.0,עין המפרץ,עכו,0.0,32.89998057947385,35.09401635976399,-2.235044157144245,12396
dab_011,סופר דבאח מול,דבאח,דבאח,11.0,בעינה,בעינה,0.0,32.92557323359346,35.27890588539871,-2.1340554677044694,11192
dab_013,דבאח באר שבע,דבאח,דבאח,13.0,הירדן 1,באר שבע,0.0,31.224689620957736,34.8226100406733,-2.138808656127702,11257
dab_015,דבאח נצרת,דבאח,דבאח,15.0,נצרת,נצרת,0.0,32.722266444378455,35.2942881377122,-2.7014039984566995,11493
dab_019,דבאח צק פוסט,דבאח,דבאח,19.0,שדרות ההסתדרות,חיפה,0.0,32.79010482458676,35.029056397096156,-2.337885092213325,11813
fre_001,פרשמרקט גליל ים,פרש מרקט,פרש מרקט,1.0,קיבוץ גליל ים,קיבוץ גליל ים,,32.15899479999999,34.83383,9.550851519060464,9995
fre_002,פרשמרקט הנדיב,פרש מרקט,פרש מרקט,2.0,הנדיב 71 הרצליה,הרצליה,,32.17041800000001,34.8316479,9.495760489076849,10089
fre_003,היפר דודו שוק,פרש מרקט,פרש מרקט,3.0,הברון הירש 10 פתח תקווה,פתח תקווה,,32.089739729196566,34.881840765710805,3.910316776423403,5401
fre_004,פרשמרקט אזורי חו,פרש מרקט,פרש מרקט,4.0,אורי צבי גרינברג 25 תל אביב,תל אביב יפו,,32.1307046,34.7922211,15.16386882210188,4469
fre_005,פרשמרקט קריות זול-בי,פרש מרקט,פרש מרקט,5.0,קרן היסוד 5 קריית ביאליק,קרית ביאליק,,32.828485,35.083678,16.400043599679957,5720
fre_006,מחסני מזון טירת הכרמ,פרש מרקט,פרש מרקט,6.0,הלחי 8 טירת הכרמל,טירת הכרמל,,32.7670746,34.96735,3.716247162406194,7846
fre_008,טיפ טוב אשר ברש,פרש מרקט,פרש מרקט,8.0,רח'אשר ברש הרצליה,הרצליה,,32.172691,34.8391784,15.546606987082866,7592
fre_009,טיפ טוב גולומב,פרש מרקט,פרש מרקט,9.0,רח' גולומב 56 הרצליה,הרצליה,,32.1736163,34.8462806,15.513775575736817,5609
fre_010,היפר דודו באר יעקב,פרש מרקט,פרש מרקט,10.0,דרך צהל 22 אזור תעשיה,באר יעקב,,31.9471553,34.839398,3.7512648880379937,9492
fre_011,פרשמרקט יהוד,פרש מרקט,פרש מרקט,11.0,ויצמן 19 יהוד,יהוד מונוסון,,32.0305876,34.8921844,9.97080910353936,7056
fre_012,פרשמרקט רעננה,פרש מרקט,פרש מרקט,12.0,רח' הנשיאים 47 רעננה,רעננה,,32.1911989,34.8632777,9.49847254238234,7700
fre_013,מחסני מזון ק.שמואל,פרש מרקט,פרש מרקט,13.0,"רח' דב פרמר 14,חיפה",חיפה,,32.838104,35.0713437,4.037985648737729,8251
fre_014,מחסני מזון קרית אליע,פרש מרקט,פרש מרקט,14.0,כיכר מאירהוף 4 קריית אליעזר חיפה,חיפה,,32.8243974,34.98256870000001,3.7101606922232864,7057
fre_017,טיפ טוב רעננה שברץ,פרש מרקט,פרש מרקט,17.0,שברץ 22 רעננה,רעננה,,32.1823402,34.8825928,15.693173117365617,5196
fre_018,היפר דודו קרית ים,פרש מרקט,פרש מרקט,18.0,קרית ים האירוס 1,קרית ים,,32.843208,35.0710728,3.8243350120511512,10020
fre_019,מחסני מזון נווה גנים,פרש מרקט,פרש מרקט,19.0,"מ.מסחרי,נווה גנים דרך עכו 271",עכו,,32.8549323,35.09313350000001,9.841383309584698,9184
fre_020,היפר דודו המושבה,פרש מרקט,פרש מרקט,20.0,"מרדכי בן דרור 3,פ""ת",פתח תקווה,,32.09996643765314,34.888076048516474,9.917085705451338,9351
fre_021,מחסני מזון ביג אתא,פרש מרקט,פרש מרקט,21.0,מרכז ביג ק. אתא,קרית אתא,,32.8109024,35.0723357,3.6533523966381893,11704
fre_022,מחסני להב נתניה,פרש מרקט,פרש מרקט,22.0,קניון השרון נתניה,נתניה,,32.3261415,34.8618756,3.689404010224099,11335
fre_023,מחסני להב וולפסון,פרש מרקט,פרש מרקט,23.0,הלוחמים 1,חולון,,32.0346819,34.7715699,4.029357373318249,9218
fre_024,מחסני להב באר שבע,פרש מרקט,פרש מרקט,24.0,"גרנד קניון ב""ש קומה -2",באר שבע,,31.25055,34.7709754,3.9361652924493638,11870
fre_025,מחסני להב יבנה,פרש מרקט,פרש מרקט,25.0,הדוגית 16 יבנה,יבנה,,31.86640929999999,34.7358169,9.900388939677837,8907
fre_026,מחסני להב אשדוד,פרש מרקט,פרש מרקט,26.0,"שהם 2 רובע י""ז",אשדוד,,31.76659099999999,34.6308036,9.563402960231192,8455
fre_027,מחסני להב נוף הגליל,פרש מרקט,פרש מרקט,27.0,חרוד 1 נוף הגליל,נוף הגליל,,32.6931311,35.31652589999999,3.8903914269154845,9430
fre_028,מחסני להב סביניה,פרש מרקט,פרש מרקט,28.0,קרן היסוד 62 קרית ביאליק,קרית ביאליק,,32.8341667,35.0883333,9.686369707550137,9868
fre_029,מחסני להב רמז,פרש מרקט,פרש מרקט,29.0,זלמן שניאור1 רמות רמז חיפה,חיפה,,32.7760321,35.0084523,9.910956752619732,6751
fre_030,מחסני להב כצנלסון,פרש מרקט,פרש מרקט,30.0,כצנלסון 10 קרית אתא,קרית אתא,,32.8040328,35.108047,10.239833985259027,4883
fre_031,מחסני להב קרית ים,פרש מרקט,פרש מרקט,31.0,ברזילי 1 קרית ים,קרית ים,,32.8383097,35.0597549,10.292067448762614,7777
fre_032,פרשמרקט רמת אביב,פרש מרקט,פרש מרקט,32.0,אינשטיין 64 רמת אביב,תל אביב יפו,,32.1126597,34.7993318,15.325039736588849,8969
fre_035,סופר דוש קניון בת ים,פרש מרקט,פרש מרקט,35.0,יוספטל 92,בת ים,,32.01531163571578,34.75591489454263,3.8350365138010534,12832
fre_036,סופר דוש בתימון,פרש מרקט,פרש מרקט,36.0,ניסינבאום 35,בת ים,,32.012727,34.752099,3.8824125903411537,10997
fre_037,סופר דוש העצמאות,פרש מרקט,פרש מרקט,37.0,שדרות העצמאות 10,בת ים,,32.0218845,34.7412613,3.7545076428392465,8575
fre_039,סופר דוש חולון,פרש מרקט,פרש מרקט,39.0,דוד שלתיאל,חולון,,32.0027351,34.7724548,3.7753747917668763,10398
fre_040,פרשמרקט מרום נווה,פרש מרקט,פרש מרקט,40.0,לנדאו 7,רמת גן,,32.0714834,34.8280633,15.54567542939546,10188
fre_041,טיפ טופ בבלי,פרש מרקט,פרש מרקט,41.0,תלמוד בבלי 17,תל אביב יפו,,32.0942851,34.7983941,15.505807753953981,9446
fre_042,מחסני מזון פתח תקווה,פרש מרקט,פרש מרקט,42.0,",חייה פינשטיין 1",פתח תקווה,,32.1016883,34.8838958,9.514526432811328,10322
fre_043,מחסני מזון סיטי אשדו,פרש מרקט,פרש מרקט,43.0,", הבנים 3",אשדוד,,31.794757,34.6394161,10.269794071872113,5681
fre_044,מחסני מזון  טימול אש,פרש מרקט,פרש מרקט,44.0,גיא רוני 1,אשדוד,,31.7857265,34.6608164,3.9161229521061145,9368
fre_045,מחסני מזון כרמיאל,פרש מרקט,פרש מרקט,45.0,רמים 104,כרמיאל,,32.9187032,35.2938482,3.831352690912722,10273
fre_046,סופר כרמים,פרש מרקט,פרש מרקט,46.0,היקב 12,ראשון לציון,,31.9740224,34.7794211,16.658896717547318,6528
fre_047,חביב גבעת שמואל,פרש מרקט,פרש מרקט,47.0,יוני נתניהו 21,גבעת שמואל,,32.075145,34.854613,3.0783138973740307,6755
fre_048,חביב קרייתאונו,פרש מרקט,פרש מרקט,48.0,זידמן 2,קרית אונו,,32.0609114,34.8615647,2.9138519335988406,8634
fre_049,חביב כפר גנים,פרש מרקט,פרש מרקט,49.0,דוד אבידן 8,פתח תקווה,,32.0739173,34.8640708,3.0856889016667286,7731
fre_050,חביב  העצמאות,פרש מרקט,פרש מרקט,50.0,העצמאות 106,פתח תקווה,,32.0746321,34.8711504,3.1146668307719065,9130
fre_051,פרש מרקט עין דור,פרש מרקט,פרש מרקט,51.0,עין דור 6,ראשון לציון,,31.9683545,34.8242254,15.330410786322933,2122
kesh_002,נהריה,קשת טעמים,קשת טעמים,2.0,לוחמי הגטאות 9,נהריה,2244628.0,33.004259553684044,35.09811399710307,-1.64318391569113,9281
kesh_003,נשר,קשת טעמים,קשת טעמים,3.0,הזית 2,נשר,3675018.0,32.77340901555219,35.038830183602286,-1.1783579335342027,7834
kesh_004,הדר,קשת טעמים,קשת טעמים,4.0,שבתאי לוי 23-25,חיפה,3330421.0,32.814851194,34.99316333942602,-2.0389314179857188,8287
kesh_005,קרית אליעזר,קשת טעמים,קשת טעמים,5.0,תל אביב 11,חיפה,3330421.0,32.825348752189676,34.987175852919705,-2.5335678572947957,9780
kesh_008,נוף הגליל,קשת טעמים,קשת טעמים,8.0,עמל 1,נוף הגליל,1783011.0,32.70400980992161,35.32277494708437,-2.233937144535821,9061
kesh_010,כרמיאל גבעת רם,קשת טעמים,קשת טעמים,10.0,בציר 46,כרמיאל,2196081.0,32.91345585395408,35.27568772342614,-4.084442769229783,5639
kesh_011,יקנעם,קשת טעמים,קשת טעמים,11.0,הירדן 64ב,יקנעם,2068116.0,32.642659870801964,35.08612049359486,-3.5487449687960195,6328
kesh_013,ראשון לציון,קשת טעמים,קשת טעמים,13.0,ברשבסקי 33,ראשון לציון,7536376.0,31.974203906981604,34.81247404124857,-1.8684340811683258,12500
kesh_014,פולג,קשת טעמים,קשת טעמים,14.0,המלאכה 24,נתניה,4250563.0,32.28285046982538,34.85925007374893,-1.6769291659424905,14821
kesh_015,כרמיאל היוצרים,קשת טעמים,קשת טעמים,15.0,היוצרים 7,כרמיאל,2165233.0,32.92353227713128,35.308131725935944,-1.5005476108179632,11081
kesh_016,קרית חיים,קשת טעמים,קשת טעמים,16.0,אצטדיון 5,קרית חיים,2624805.0,32.82054429042673,35.05540992962999,-1.8079150840931146,12818
kesh_017,בילו,קשת טעמים,קשת טעמים,17.0,מרכז קניות נטו גבעת ברנר,גבעת ברנר,6094800.0,31.86116896860909,34.806258226037706,-2.468667586003258,12754
kesh_018,באר שבע,קשת טעמים,קשת טעמים,18.0,סולל בונה,באר שבע,8488435.0,31.223511247312256,34.802494668212546,-2.845299503893738,13440
kesh_019,כפר סבא,קשת טעמים,קשת טעמים,19.0,מרכז מסחרי שרונה דרך השרון 12,כפר סבא,4427125.0,32.173721474549104,34.89246717563624,-2.6439566710583837,12496
kesh_020,פתח תקווה,קשת טעמים,קשת טעמים,20.0,הרב פינטו מסעוד אשר 19,פתח תקווה,4900518.0,32.10107488639124,34.8939467287564,-2.118989479957852,12640
kesh_021,עכו,קשת טעמים,קשת טעמים,21.0,החרושת 2,עכו,2451705.0,32.923074348919016,35.08132152593573,-2.6673418237168773,9480
kesh_022,אשדוד,קשת טעמים,קשת טעמים,22.0,היהלומים 4,אשדוד,7761104.0,31.812104977285962,34.66133296712504,-2.4122628723933626,12739
kesh_023,עפולה,קשת טעמים,קשת טעמים,23.0,האומן 3,עפולה,1871303.0,32.59871148254221,35.29678067617779,-2.545555398401182,13012
kesh_024,ראשון לציון מערב,קשת טעמים,קשת טעמים,24.0,לחי 4, ראשון לציון,7570687.0,31.987319818947846,34.76554118362454,-3.226932328314301,13130
kesh_025,חדרה חדש,קשת טעמים,קשת טעמים,25.0,צהל 34,חדרה,3822043.0,32.44010633174728,34.931185182486445,-2.6052082787656627,12059
kesh_102,קולינריק קרית אונו,קשת טעמים,קולינריק,102.0,המייסדים 3,קרית אונו,5552103.0,32.05605073149467,34.857637624352805,-2.7723486034410763,4096
kesh_103,קולינריק חורב,קשת טעמים,קולינריק,103.0,חורב 15,חיפה,3434119.0,32.784383281327976,34.98699947452934,4.691886637909655,2229
kesh_104,קולינריק רמת גן,קשת טעמים,קולינריק,104.0,ביאליק 39 רמת גן,רמת גן,5246105.0,32.08331601304289,34.81421642399949,-1.983875810383724,5398
kesh_105,קולינריק מודיעין,קשת טעמים,קולינריק,105.0,דם המכבים 38,מודיעין,7178604.0,31.903905019724526,35.00663981056227,-2.3770935815528014,7974
king_001,אום אלפחם,"אלמשהדאוי קינג סטור בע""מ",1,1.0,שרפה 22 0,אום אל פחם,30010.0,32.535337467191674,35.15032876657477,1.350731142916947,5444
king_002,דבוריה,"אלמשהדאוי קינג סטור בע""מ",1,2.0,דרך אלשראר 0,דבוריה,16910.0,32.684411114285844,35.37560112843606,1.3014093868380785,4367
king_003,פרידיס,"אלמשהדאוי קינג סטור בע""מ",1,3.0,דירה 1 0,פוריידיס,30898.0,32.59507609752657,34.95059449489284,0.9131622868803513,4373
king_005,קלנסווה,"אלמשהדאוי קינג סטור בע""מ",1,5.0,unknown,קלנסווה,40640.0,32.29275699264535,34.984561167040106,1.132958344536689,5651
king_006,שפרעם,"אלמשהדאוי קינג סטור בע""מ",1,6.0,אלשכארה 19 0,שפרעם,20200.0,32.79349781382584,35.18205926336502,1.4439059675553045,6034
king_007,סכנין,"אלמשהדאוי קינג סטור בע""מ",1,7.0,אל ג'ליל 0,סחנין,30810.0,32.8622568594568,35.299330655823915,1.4868574317517502,5298
king_008,באר שבע,"אלמשהדאוי קינג סטור בע""מ",1,8.0,קישון  32 0,באר שבע,8413301.0,31.22504986858575,34.820718686561925,1.68174455555886,6465
king_009,טמרה,"אלמשהדאוי קינג סטור בע""מ",1,9.0,unknown,טמרה,30811.0,32.843728409445404,35.16466054432162,1.0915131511957907,4526
king_010,דליית אל כרמל,"אלמשהדאוי קינג סטור בע""מ",1,10.0,ואדי אלפש 0,דלית אלכרמל,30056.0,32.70020125616554,35.06034760492248,1.1780844377533508,5367
king_012,נוף הגליל דודג' סנטר,"אלמשהדאוי קינג סטור בע""מ",1,12.0,דרך העמק 4 0,נוף הגליל,17091.0,32.69431672462895,35.30593514401634,1.4386464950508595,6367
king_013,קאסם,"אלמשהדאוי קינג סטור בע""מ",1,13.0,"לב הארץ , אזור תעשייה 5",כפר קאסם,48810.0,32.11248707223854,34.950968899393374,1.5328013074741502,7392
king_014,כבאביר חיפה,"אלמשהדאוי קינג סטור בע""מ",1,14.0,הלבונה 7 0,חיפה,34386.0,32.80765853679794,34.967661347145835,0.494301038652173,4674
king_015,כרמיאל,"אלמשהדאוי קינג סטור בע""מ",1,15.0,היוצרים 15,כרמיאל,21626.0,32.925627302617286,35.31311100173124,1.471740363109838,6827
king_016,עכו,"אלמשהדאוי קינג סטור בע""מ",1,16.0,בן עמי 69,עכו,24120.0,32.92530898516703,35.082954561521056,1.2809606092627495,5892
king_017,יפיע,"אלמשהדאוי קינג סטור בע""מ",1,17.0,unknown,יפיע,16955.0,32.68263902793349,35.26844432168352,0.8280065451690328,4037
king_018,יפת-יפו תל אביב יום ביום,"אלמשהדאוי קינג סטור בע""מ",1,18.0,יפת 65 0,תל אביב יפו,16955.0,32.04745983221554,34.75949449965379,3.275764387812695,1852
king_019,רמלה,"אלמשהדאוי קינג סטור בע""מ",1,19.0,קריית הממשלה 0,רמלה,16955.0,31.9264127679687,34.8773091289276,1.0343586013081039,5785
king_026,רהט סבן,"אלמשהדאוי קינג סטור בע""מ",קינג סטור,26.0,רהט,רהט,0.0,31.380803552726793,34.7682228835883,1.2334909629111093,5811
king_027,בסמת טבעון,"אלמשהדאוי קינג סטור בע""מ",1,27.0,דרך יצחק רבין 0,בסמת טבעון,360080.0,32.73764664058847,35.15526394361279,0.9209567198174264,4357
king_028,מיני קינגסטור רהט,"אלמשהדאוי קינג סטור בע""מ",1,28.0,אלפג'ר 37 0,רהט,853570.0,31.381035146222693,34.76819147717613,0.20349128668375643,2335
king_029,טייבה,"אלמשהדאוי קינג סטור בע""מ",קינג סטור,29.0,טייבה,טייבה,0.0,32.26722838870415,35.006207004596895,0.7311776204967894,5080
king_030,קינג סטור כפר כנא,"אלמשהדאוי קינג סטור בע""מ",קינג סטור,30.0,כפר כנא,כפר כנא,0.0,32.753120611861085,35.34208918180074,1.3627556126864366,5079
king_031,צים סנטר נוף הגליל,"אלמשהדאוי קינג סטור בע""מ",1,31.0,שדרות מעלה יצחק 29 0,נוף הגליל,,32.717151795879445,35.33585663339202,1.3222930247777067,5364
king_200,ואדי אלגוז',"אלמשהדאוי קינג סטור בע""מ",1,200.0,חאלד אבן אל וליד 0,ירושלים,9740257.0,31.788600612044206,35.23685449939709,0.27290698446228484,3075
king_334,מיני קינגסטור דיר חנא,"אלמשהדאוי קינג סטור בע""מ",1,334.0,אלקודס 0,דיר חנא,249730.0,32.863352750915666,35.362873390744966,0.7133495158557106,2441
king_336,מיני קינגסטור קלנסווה,"אלמשהדאוי קינג סטור בע""מ",1,336.0,אלרשיד 0,קלנסווה,40640.0,32.29270257622829,34.98423930196307,-0.045535778810211404,2261
king_338,מיני קינג חיי אלוורוד,"אלמשהדאוי קינג סטור בע""מ",1,338.0,עומר אבן אל ח'טאב 0,נצרת,1601003.0,32.71391728714388,35.29908168356706,0.0078604555152126,2240
king_339,יפו מכללה יום ביום,"אלמשהדאוי קינג סטור בע""מ",1,339.0,unknown,תל אביב יפו,,32.04731790281415,34.759539537657645,3.497436862620799,1783
king_340,קינג סטור סחנין,"אלמשהדאוי קינג סטור בע""מ",קינג סטור,340.0,סחנין,סחנין,0.0,32.86292710102542,35.30519420888746,0.6146529277391818,2337
maa_001,רכס,מעיין אלפיים,מעיין אלפיים,1.0,דרוק 54,ירושלים,97428.0,31.7740173,35.2259714,-1.927766155118426,1470
maa_002,ים סוף מאה ואחד,מעיין אלפיים,מעיין אלפיים,2.0,ים סוף 101,ירושלים,97701.0,31.8006939,35.2182108,-2.591071240228672,3105
maa_003,סנהדריה,מעיין אלפיים,מעיין אלפיים,3.0,ים סוף 17,ירושלים,97701.0,31.8004489,35.2204259,-2.1323357034975268,3855
maa_004,פסגת זאב,מעיין אלפיים,מעיין אלפיים,4.0,מאיר גרשון 46,ירושלים,97860.0,31.8196612,35.2504526,-3.877750714346824,1285
maa_005,התאנה,מעיין אלפיים,מעיין אלפיים,5.0,התאנה 19,חריש,,32.460825,35.039119,-5.181493019241243,4069
maa_006,ירמיהו אחד,מעיין אלפיים,מעיין אלפיים,6.0,ירמיהו 1,ירושלים,95306.0,31.7934669,35.215038,-2.4740498419307375,2481
maa_007,משה דיין,מעיין אלפיים,מעיין אלפיים,7.0,שד' משה דיין 160,ירושלים,97816.0,31.8214674,35.2394853,-3.4429474433557186,2129
maa_008,פרי מגדים,מעיין אלפיים,מעיין אלפיים,8.0,פרי מגדים 19,מעלה אדומים,98480.0,31.77079149999999,35.2940167,-4.258170467557738,2332
maa_009,גבעת מרדכי,מעיין אלפיים,מעיין אלפיים,9.0,"שח""ל 58",ירושלים,93720.0,31.762951,35.197501,-2.7628450711318573,2779
maa_011,הר חומה,מעיין אלפיים,מעיין אלפיים,11.0,ברש רועי 1,ירושלים,93134.0,31.7259589,35.221951,-2.9308438369038403,2167
maa_013,מרכז כלל,מעיין אלפיים,מעיין אלפיים,13.0,אגריפס 40,ירושלים,94301.0,31.7837444,35.2143552,-3.3454992260085112,4422
maa_016,קרסו,מעיין אלפיים,מעיין אלפיים,16.0,הרכס 31,מעלה אדומים,98554.0,31.7824447,35.3113066,-6.659883176533122,3728
maa_017,הר חוצבים,מעיין אלפיים,מעיין אלפיים,17.0,המרפא 1,ירושלים,97774.0,31.800401,35.212041,-4.09948462141435,1877
maa_018,גילה,מעיין אלפיים,מעיין אלפיים,18.0,יהושוע ברוכי 2,ירושלים,93858.0,31.7376859,35.1774603,-2.529999945527172,1780
maa_020,הילל,מעיין אלפיים,מעיין אלפיים,20.0,הילל 16,ירושלים,94581.0,31.78017109999999,35.2175977,-3.575874500994793,2633
maa_021,שמואל הנביא,מעיין אלפיים,מעיין אלפיים,21.0,שמואל הנביא 35,ירושלים,97253.0,31.789996,35.224843,-1.5759426819943048,2399
maa_022,בית ישראל,מעיין אלפיים,מעיין אלפיים,22.0,בית ישראל 17,ירושלים,95190.0,31.7895097,35.2243603,-1.6116383820679185,2364
maa_023,"קק""ל",מעיין אלפיים,מעיין אלפיים,23.0,"קק""ל (רחביה) 12",ירושלים,92428.0,31.776883,35.2161714,-3.180200973052615,2047
maa_026,שער בנימין אזור תעשיה,מעיין אלפיים,מעיין אלפיים,26.0,אזור תעשיה שער בינימין 1,גבע בנימין,90632.0,31.865575,35.261645,-6.62501392650637,4594
maa_027,נופי הסלע,מעיין אלפיים,מעיין אלפיים,27.0,הצור 36,מעלה אדומים,98556.0,31.7866667,35.3127811,-2.9698209424586755,2562
maa_028,טבריה,מעיין אלפיים,מעיין אלפיים,28.0,מיכאל 7,טבריה,14369.0,32.781093,35.536758,-4.784836826912037,2857
maa_029,טופז,מעיין אלפיים,מעיין אלפיים,29.0,טופז 1,חריש,37604.0,32.4667806,35.0484118,-5.022554811393047,3973
maa_035,מגדל העמק,מעיין אלפיים,מעיין אלפיים,35.0,הזית 4,מגדל העמק,23011.0,32.6757994,35.2384784,-3.789519895024778,2775
maa_038,גן ורשא,מעיין אלפיים,מעיין אלפיים,38.0,רח רבי עקיבא 94,בני ברק,51460.0,32.0859521,34.8315349,-2.4331440589166453,2375
maa_039,סימטת אזר,מעיין אלפיים,מעיין אלפיים,39.0,העליה השניה 13,בני ברק,51331.0,32.0907813,34.8352474,-2.505934485541967,3044
maa_040,הרב קוק,מעיין אלפיים,מעיין אלפיים,40.0,הרב קוק 5,בני ברק,51405.0,32.08732594365195,34.82717660989021,-2.1860741473310425,2516
maa_041,רכסים,מעיין אלפיים,מעיין אלפיים,41.0,אזור תעשיה כפר חסידים 0,רכסים,20496.0,32.752262,35.094212,-5.035077191561994,2359
maa_043,השישה עשר,מעיין אלפיים,מעיין אלפיים,43.0,השישה עשר 39,ירושלים,97534.0,31.8287763,35.2445371,-3.273181396074464,1613
maa_044,שמעון חכם,מעיין אלפיים,מעיין אלפיים,44.0,חכם שמעון 14,ירושלים,95348.0,31.7956357,35.218633,-3.014487640424734,1929
maa_045,כיכר יהלום,מעיין אלפיים,מעיין אלפיים,45.0,כיכר יהלום 1,מעלה אדומים,98454.0,31.773363,35.29812,-4.8921294160176965,4083
maa_046,טבנקין,מעיין אלפיים,מעיין אלפיים,46.0,טבנקין (שכונה ה') 76,באר שבע,84745.0,31.254518,34.7734267,-4.250129459948921,3312
maa_047,יוחנן הורקנוס,מעיין אלפיים,מעיין אלפיים,47.0,יוחנן הורקנוס מרכז גלית 1,באר שבע,84557.0,31.26455099999999,34.7930447,-4.662954632861692,2902
maa_060,ברנפלד,מעיין אלפיים,מעיין אלפיים,60.0,ברנפלד 17,באר שבע,84585.0,31.2704307,34.7991725,-4.397770013149232,1226
maa_061,ויצמן,מעיין אלפיים,מעיין אלפיים,61.0,unknown,טבריה,,32.7937179387725,35.5321260240832,-3.1731498440022596,1726
maa_062,נווה יעקב (אביר יעקב),מעיין אלפיים,מעיין אלפיים,62.0,אביר יעקב (קמניץ) 2,ירושלים,,31.840017561462346,35.24992278289223,-2.3535176440121734,1934
maa_063,מורדות גילה,מעיין אלפיים,מעיין אלפיים,63.0,אבנר חי שאקי 27 גילה ירושלים 27,ירושלים,,31.7387367,35.1784273,-3.768179345353652,1151
maa_064,מעיין קרית ספר,מעיין אלפיים,מעיין אלפיים,64.0,שערי תשובה 14,מודיעין עילית,0.0,31.925853658879042,35.03971864417635,-5.178095474378875,1940
mah_011,11  עין יהב,מחסני השוק,מחסני השוק בסיטי,11.0,ד.נ.ערבה 86820,עין יהב,,30.6567034,35.2334266,-0.7920539957400634,4325
mah_015,"15  שכונה ט ב""ש",מחסני השוק,מחסני השוק בסיטי,15.0,שד` ירושלים 10,באר שבע,,31.245752,34.771617,-2.9135876598589263,6125
mah_016,"16 יעלים ב""ש",מחסני השוק,מחסני השוק בסיטי,16.0, ,באר שבע,,31.2509597,34.7796984,-3.5922215679822243,4328
mah_018,18 נוף הגליל,מחסני השוק,מחסני השוק,18.0, ,נוף הגליל,,32.7035785,35.3186256,-6.318153552373748,6750
mah_020,20 להבים,מחסני השוק,מחסני השוק,20.0,מרכז מסחרי להבים ,להבים,,31.3733931,34.8092845,-6.476633209933611,6728
mah_026,"26  רמות- ב""ש",מחסני השוק,מחסני השוק בסיטי,26.0,מנחם דידנר 18,באר שבע,,31.2804515,34.8041813,-3.2787614117123436,4712
mah_030,"30 נווה זאב- ב""ש",מחסני השוק,מחסני השוק בסיטי,30.0,מאפו 7,באר שבע,,31.23426599999999,34.768057,-0.9567226225448546,4427
mah_035,35 שלומי,מחסני השוק,מחסני השוק בסיטי,35.0,ההשראה 2,שלומי,,33.0754389,35.1450494,-3.8529589619768374,4539
mah_036,36 עפולה ביהח העמק,מחסני השוק,מחסני השוק בסיטי,36.0,יצחק רבין 21,פרדס חנה כרכור,1834111.0,32.621521714497554,35.317284101725456,-7.421453102238463,2204
mah_040,40 אופקים,מחסני השוק,מחסני השוק,40.0,יהדות דרום אפריקה 14,אופקים,87573.0,31.3152192,34.6247327,-6.672290611465487,6508
mah_041,41 אופקים אזור תעשיה,מחסני השוק,מחסני השוק,41.0,שדרות יהדות דרום אפריקה 14,אופקים,0.0,31.315346322776204,34.62468190467515,-7.028411486247493,3722
mah_044,44 ערד,מחסני השוק,מחסני השוק,,שמיר 5,ערד,,31.26125469999999,35.2152179,-6.251138770857418,6203
mah_045,45 מיתרים,מחסני השוק,מחסני השוק בסיטי,45.0,אזור תעשיה הר חרמ 1,מיתרים,,31.375119581811,35.0067509528218,-3.08072044087324,4463
mah_050,"50 רד""ק- ב""ש",מחסני השוק,מחסני השוק בסיטי,50.0,"רחבת רד""ק 28",באר שבע,,31.2521018,34.7867691,-0.7763430122136993,3933
mah_051,51 חיפה - נשר,מחסני השוק,מחסני השוק,51.0,דרך בר יהודה http 147,נשר,,32.7785192,35.0406357,-6.609316335164572,5973
mah_052,52 מודיעין,מחסני השוק,מחסני השוק בסיטי,52.0,עמק דותן 24,מודיעין מכבים רעות,,31.8991267,35.0209953,-3.482846228406683,5002
mah_054,54 רחובות - הנשיא,מחסני השוק,מחסני השוק בסיטי,54.0, ,רחובות,,31.8981815,34.8215989,-1.0653697273299894,4083
mah_055,55  יד בנימין,מחסני השוק,מחסני השוק בסיטי,55.0,מרכז מסחרי 1,יד בנימין,,31.792365,34.8241596,-5.163403628976402,4557
mah_058,"58 סניף אורגים- ב""ש",מחסני השוק,מחסני השוק,58.0,האורגים http://ww 1,באר שבע,,31.2543238,34.8183187,-5.708166646301604,8863
mah_059,59 יקנעם,מחסני השוק,מחסני השוק,59.0,התמר 1,יקנעם,,32.6592962,35.1045404,-6.764545118213629,5047
mah_060,60 דימונה,מחסני השוק,מחסני השוק,60.0,מרכז פרץ סנטר ,דימונה,,31.060612403611987,35.020142038359246,-6.41508378318845,7342
mah_061,61 דימונה ממשית,מחסני השוק,מחסני השוק,,תל לכיש 6,דימונה,,31.060269211788118,35.03529194277279,-6.777419618251167,4913
mah_065,65 קרית אתא,מחסני השוק,מחסני השוק בסיטי,65.0,חנקין 1,קרית אתא,28212.0,32.8125999,35.1053976,-3.2494624785007926,4433
mah_066,66 צופים,מחסני השוק,מחסני השוק בסיטי,66.0, ,צופים,,32.197318,35.008912,-1.1505848148722662,3100
mah_071,71 קריית מלאכי,מחסני השוק,מחסני השוק בסיטי,71.0,"צה""ל 1",קרית מלאכי,,31.793440697338085,34.63994849453074,-3.067856015509685,4529
mah_072,72 הפלמח (ג) אשדוד,מחסני השוק,מחסני השוק מהדרין,72.0,"הפלמ""ח 20",אשדוד,77376.0,31.800443512273272,34.66238003685925,-6.248654593458942,4331
mah_075,75 טבריה הדר,מחסני השוק,מחסני השוק,75.0,יהודה הלוי 113,טבריה,14246.0,32.7895736,35.5318199,-6.6029285252550585,4730
mah_076,76 צפת,מחסני השוק,מחסני השוק,76.0,לוחמי הגטאות 1,צפת,13401.0,32.964648,35.495997,-6.236692158553523,5711
mah_077,77 קרית גת,מחסני השוק,מחסני השוק,77.0,דרך הדרום http:// 1,קרית גת,82021.0,31.6022033,34.7729873,-6.599055521968225,6077
mah_078,78 כפר עציון,מחסני השוק,מחסני השוק,78.0, ,כפר עציון,,31.6543398,35.1177985,-6.513715702036361,4578
mah_080,"80 המשחררים-ב""ש",מחסני השוק,מחסני השוק בסיטי,80.0,דרך המשחררים 100,באר שבע,,31.2487005,34.7834716,-0.30311694140572026,149
mah_081,"81 מבצע עובדה- ב""ש",מחסני השוק,מחסני השוק בסיטי,81.0,מבצע עובדה 2,באר שבע,,31.2596827,34.78035,-0.4016429386489928,4161
mah_082,"82 קריה חרדית מהדרין ב""ש",מחסני השוק,מחסני השוק,82.0,טולדנו 12,באר שבע,8452311.0,31.267850394480696,34.778129334671746,-5.98363112568966,5767
mah_083,83 גבעת שמואל,מחסני השוק,מחסני השוק בסיטי,83.0, ,גבעת שמואל,,32.077607,34.8469088,-1.393252990269234,2710
mah_091,"91 זבוטינסקי- ת""א",מחסני השוק,מחסני השוק בסיטי,91.0,ז`בוטינסקי 128,רמת גן,52602.0,32.0903051,34.8211636,-0.8248943729554017,3424
mah_098,98 אילת,מחסני השוק,מחסני השוק,98.0,הספן 1,אילת,,29.5712356,34.9588279,-20.111414896718962,6424
mah_202,202 בית הכרם ירושלים,מחסני השוק,מחסני השוק בשבילך,202.0,כיכר דניה 1,ירושלים,,31.7804105,35.1885692,1.2682086163015505,6185
mah_203,"203 הפלמ""ח ירושלים",מחסני השוק,מחסני השוק בשבילך,203.0,הפלמח 42,ירושלים,,31.766256,35.2089708,1.5772849098820594,5342
mah_205,205 קרית מנחם ירושלים,מחסני השוק,מחסני השוק בשבילך,205.0,דהומי 6,ירושלים,,31.75671343154569,35.16596771028976,1.5399479333241237,3230
mah_207,207 גבעת זאב- ירושלים,מחסני השוק,מחסני השוק בשבילך,207.0,מרכז מסחרי 1,גבעת זאב,,31.867021509040047,35.14872410987831,0.9576957751465814,4004
mah_211,211 פסגת זאב ירושלים,מחסני השוק,מחסני השוק בשבילך,211.0,שדרקות משה דיין 1,ירושלים,,31.838138170183,35.23439430814793,1.3082609387091138,4133
mah_212,212 תלפיות מזרח ירושלים,מחסני השוק,מחסני השוק בשבילך,212.0,דב גרונר מרכז מסח 2,ירושלים,,31.749309,35.236047,1.1882126741490708,4243
mah_217,217 גבעת שפירא ירושלים,מחסני השוק,מחסני השוק בשבילך,217.0,ההגנה 19,ירושלים,97851.0,31.805577,35.238607,1.3007048679943043,4998
mah_218,218 נווה יעקב ירושלים,מחסני השוק,מחסני השוק מהדרין,218.0,מרכז מסחרי נווה י 1,ירושלים,,31.84122226967315,35.240681481028304,-0.1529092694614776,3896
mah_220,220 גבעת אורנים ירושלים,מחסני השוק,מחסני השוק בשבילך,220.0,שי עגנון 20,ירושלים,,31.76146,35.206462,-0.244401954763617,4783
mah_222,222 וולפסון ירושלים,מחסני השוק,מחסני השוק בשבילך,222.0, ,ירושלים,,31.756478,35.1660279,1.7269661182444112,5120
mah_223,223 פסגת זאב מזרח ירושלים,מחסני השוק,מחסני השוק בשבילך,223.0,מאיר גרשון פ.יוסף 3/1,ירושלים,,31.819819,35.245497,1.7375975117735916,5394
mah_230,230 קייזר מודיעין בשבילך,מחסני השוק,מחסני השוק בשבילך,230.0,גינת זבולון קייזר 24,מודיעין מכבים רעות,,31.9073565,34.9980728,1.6922666362669687,4877
mah_238,238 קריית ים שרת,מחסני השוק,מחסני השוק בשבילך,238.0,משה שרת 2,קרית ים,,32.851004,35.070244,1.6139772739729026,3488
mah_239,239 קצרין,מחסני השוק,מחסני השוק בשבילך,239.0,קניון לב קצרין 1,קצרין,,32.9938584,35.690649,1.6097701623475849,4045
mah_241,241 אורה -ירושלים,מחסני השוק,מחסני השוק בשבילך,241.0,הנריטה סולד 1,ירושלים,,31.75494,35.1605834,1.6847180479081807,5225
mah_242,242 אפרת,מחסני השוק,מחסני השוק בשבילך,242.0,מרכז מסחרי ג רחוב 1,אפרת,,31.6570062,35.152073,-3.11119051761378,2655
mah_244,244 יבנה,מחסני השוק,מחסני השוק בשבילך,244.0,האגוז 2,יבנה,,31.87535339999999,34.7350096,-0.5486544585490101,3124
mah_245,245 גדרה,מחסני השוק,מחסני השוק בשבילך,245.0,מנחם בגין 40,גדרה,,31.80367499999999,34.7848455,1.5496441268393149,8841
mah_246,246 חפץ חיים נתניה,מחסני השוק,מחסני השוק בשבילך,246.0,חפץ חיים 4,נתניה,,32.29564,34.845049,1.6439643492357998,3564
mah_247,247 לב יסמין נתניה,מחסני השוק,מחסני השוק בשבילך,247.0,פנחס ליבון 18,נתניה,,32.2833633823406,34.85369215470922,1.7925242587373742,4239
mah_250,250 עפולה מחסני השוק,מחסני השוק,מחסני השוק בסיטי,250.0,קפלן 10,עפולה,,32.6309394,35.3255424,-2.8218099536423393,7826
mah_260,260 אשדוד דב גור,מחסני השוק,מחסני השוק בשבילך,260.0,דב גור 27,אשדוד,,31.7920608,34.6552344,1.7836532871271755,3465
mah_261,"261 ראשל""צ",מחסני השוק,מחסני השוק בשבילך,261.0,השדה 12,ראשון לציון,,31.963084507575793,34.79458462152449,1.2467095907201444,3058
mah_262,262 ויצמן נתניה,מחסני השוק,מחסני השוק בשבילך,262.0,הרצוג 23,נתניה,,32.31999235476718,34.85523069548115,1.4233260410816757,4205
mah_263,263 בנימין נתניה,מחסני השוק,מחסני השוק בשבילך,263.0,שדרות בנימין 60,נתניה,,32.283226,34.8534622,1.9854335183896075,4773
mah_264,264 פולג נתניה,מחסני השוק,מחסני השוק בשבילך,264.0,אמנון ותמר 6,נתניה,,32.274935224934374,34.847958303019254,1.226840681315141,3905
mah_265,265 רחובות - גורודצקי,מחסני השוק,מחסני השוק בשבילך,265.0,גורודסקי 51,רחובות,,31.898435209318382,34.821684239149995,1.3227923336007505,4316
mah_267,267 צור הדסה-ירושלים,מחסני השוק,מחסני השוק בשבילך,267.0,רכסים 2,צור הדסה,,31.7130181,35.09893890000001,1.4280450527075692,4408
mah_268,268 נהריה מחסני השוק,מחסני השוק,מחסני השוק בשבילך,268.0,הזמיר 63,נהריה,,33.0030477,35.1062362,-1.1268869410551265,3461
mah_274,274 ברקת אילת מחסני השוק,מחסני השוק,מחסני השוק בסיטי,274.0, ,אילת,,29.5502464,34.9474577,-20.07418204340285,4249
mah_277,"277 הראשונים ראשל""צ",מחסני השוק,מחסני השוק בשבילך,277.0,הנחשול 30,ראשון לציון,,31.9845279685415,34.782646824255245,1.3436222740445107,4530
mah_289,289 ניצה  נתניה,מחסני השוק,מחסני השוק בשבילך,289.0,שדרות ניצה 8,נתניה,,32.3365629,34.852049,0.6724787522391865,2315
nat_001,רחובות C  NH ברכל,נתיב החסד,בר-כל,,פרץ 107,רחובות,7620420.0,31.88334859999999,34.8228706,-1.3121635774519365,1620
nat_004,עימנואל נתיב החסד NH   W,נתיב החסד,נתיב,,חתם סופר 1,עמנואל,4484500.0,32.160688,35.136036,-0.46140519163303767,3506
nat_006,קוטלר נתיב החסד NH   @,נתיב החסד,נתיב,,קוטלר 18,בני ברק,5135015.0,32.0863680638949,34.83476869454648,-2.1423910577332745,2512
nat_009,נויפלד נתיב החסד NH   @,נתיב החסד,נתיב,,נויפלד 15,בני ברק,5124223.0,32.097393065258785,34.840976809500035,-2.2201785943859242,3634
nat_015,ירמיהו נתיב החסדNH   @,נתיב החסד,נתיב,,ירמיהו 15,בני ברק,5124223.0,32.0886348,34.82649380000001,-2.2123814088089047,2634
nat_016,אלעד - הריף ברכל טוב @,נתיב החסד,בר-כל,,"הרי""ף 1",אלעד,4082801.0,32.054255626272635,34.96416952338069,-2.695718302830445,3004
nat_017,"קרית מלאכי, נתיב החסד    W",נתיב החסד,נתיב,,בן גוריון 88,קרית מלאכי,8303671.0,31.7308742,34.7366888,-1.313362075307891,1687
nat_019,גניחובסקי נתיב החסדNH   @,נתיב החסד,נתיב,,גניחובסקי 23,בני ברק,5124973.0,32.09915020481463,34.84008159454727,-2.609189412126616,2536
nat_020,בת ים נתיב החסד NH   @,נתיב החסד,נתיב,,ניסנבאום 25,בת ים,5124973.0,32.010398,34.7509205,-2.4478793122828586,2245
nat_024,חיפה מיכאל 9 נתיב החסד NH @,נתיב החסד,נתיב,,מיכאל 9,חיפה,3365411.0,32.80561398650624,35.00150540807827,-1.9934805494113164,2623
nat_025,אשדוד הלל נתיב החסד NH  C,נתיב החסד,נתיב,,הלל 8,אשדוד,7721204.0,31.7921316,34.6670249,-1.3138257051843554,2252
nat_026,אשדוד - הורקנוס 22 נתיב החסד NH C,נתיב החסד,נתיב,,הרקונס 22,אשדוד,7765222.0,31.79397960160267,34.66179343685891,-0.819095299320279,1873
nat_027,אשדוד הורקנוס 8 נתיב החסד NH C,נתיב החסד,נתיב,,הורקנוס 8,אשדוד,7765208.0,31.79152622371471,34.661071296381884,-0.8007664863435999,1755
nat_028,יגאל אלון נתיב החסד NH C,נתיב החסד,נתיב,,יגאל אלון 12,בני ברק,5123112.0,32.0973013,34.8362104,-0.8260553005273978,1781
nat_029,רשבם נתיב החסד  NH C,נתיב החסד,נתיב,,"רשב""ם 15",בני ברק,5160132.0,32.0788317,34.8354962,-1.5789869665393368,1760
nat_030,מלצר נתיב החסד NH  C,נתיב החסד,נתיב,,מלצר 24,בני ברק,5152921.0,32.082063,34.838642,-0.785879220821455,1565
nat_031,הרב קוק נתיב החסד NH  @,נתיב החסד,נתיב,,קוק 11,בני ברק,5140505.0,32.08710092118283,34.82697655547927,-2.2770323783730597,1766
nat_032,פרדו נתיב החסדNH C,נתיב החסד,נתיב,,פרדו 2,בני ברק,5154602.0,32.08547318389296,34.84478383687469,-0.8442865694842021,1813
nat_033,אשדוד - רשבי נתיב החסד NH C,נתיב החסד,נתיב,,רשבי 15,אשדוד,7765035.0,31.789186065594205,34.66495022336636,-0.7971657726978021,1755
nat_034,חבקוק נתיב החסד NH @,נתיב החסד,נתיב,,חבקוק 25,בני ברק,5136622.0,32.08755916143343,34.8378776522184,-2.2079277924432676,2427
nat_036,מודיעין עלית רשבי ברכל  NH  C,נתיב החסד,בר-כל,,"רשב""י 35",מודיעין מכבים רעות,7183335.0,31.9375537,35.0423449,-0.923916228993121,1335
nat_037,תורת חיים נתיב החסדC  NH,נתיב החסד,נתיב,,תורת חיים 1,בני ברק,5161327.0,32.075372,34.8383218,-1.345402797005395,2143
nat_038,קלישר נתיב החסד NH    C,נתיב החסד,נתיב,,קלישר 17,בני ברק,5139001.0,32.0897434,34.8439689,-1.4715677096373592,2626
nat_039,נתניה - השוק נתיב החסד NH    @,נתיב החסד,נתיב,,שוהם 29,נתניה,5229531.0,32.3304193,34.859859,-2.5866169800393153,2261
nat_040,נ. המשפט קריית ספר ברכל NH    C,נתיב החסד,בר-כל,,נתיבות המשפט 40,מודיעין עילית,7182820.0,31.929559016967556,35.04458226885083,-1.4201649166476091,1840
nat_041,רבבה שירה מרקט W,נתיב החסד,שירה מרקט,,רבבה,רבבה,0.0,32.1179875,35.1281827,-0.9426431305360525,2675
nat_042,לילנבוים נתניה נתיב החסד NH  W,נתיב החסד,נתיב,,לילנבלום 13,נתניה,4241218.0,32.32542501117881,34.85910436800883,-1.1388896513209577,1373
nat_043,נתניה הארי נתיב החסד NH  @,נתיב החסד,נתיב,,"האר""י 18",נתניה,4252617.0,32.3119115,34.8578392,-2.9174180106749974,2177
nat_044,ירושלים פנים מאירות ברכל  NH  C,נתיב החסד,בר-כל,,פנים מאירות 8,ירושלים,9442353.0,31.797331,35.201356,-0.7067198115746921,1556
nat_046,בית שמש נתיב החסד NH   @,נתיב החסד,נתיב,,מרים הנביאה 16,בית שמש,9442353.0,31.70142428299407,34.99289070801804,-1.1164912680284473,2426
nat_050,אחיסמך  נתיב החסד C,נתיב החסד,נתיב,,שבטי ישראל 18,לוד,7310500.0,31.9365986,34.8977799,-0.7396734719349776,2023
nat_052,עפולה   נתיב החסד @,נתיב החסד,נתיב,,אבן גבירול 49,עפולה,1862573.0,32.6246775,35.3282503,-2.5391095354375204,2352
nat_053,הר יונה נתיב החסד C,נתיב החסד,נתיב,,האדמור מבעלזא 5 5,נוף הגליל,1709416.0,32.7257313,35.3413889,-0.13948173752383858,2581
nat_054,עפולה פנקס 1 נתיב  החסד @,נתיב החסד,נתיב,,פנקס 1,עפולה,185530.0,32.6327996,35.3257854,-2.808321254660491,1376
nat_055,זכרון יעקב  @ נתיב החסד,נתיב החסד,נתיב,,הלל יפה 14,זכרון יעקב,3092143.0,32.566168,34.958297,-2.204671865782042,2469
nat_056,נתניה שמואל הנציב  נתיב W,נתיב החסד,נתיב,,NaN,נתניה,0.0,32.3320378,34.8566145,-1.5475193612192504,2510
nat_058,ארלוזורוב 50 צפת נתיב החסד,נתיב החסד,נתיב,58.0,ארלוזורוב 12,צפת,1322468.0,32.967076000071096,35.49396713764695,-2.052299699487044,2540
nat_059,רוזובסקי 6 אשדוד ברכל,נתיב החסד,ברכל,59.0,רוזובסקי 6,אשדוד,0.0,31.80320856431818,34.659660297099876,-2.730056054533195,1687
nat_060,מרים הנביאה 1,נתיב החסד,נתיב החסד,60.0,מרים הנביאה 1,בית שמש,0.0,31.704279962979477,34.99375844921326,-1.8623465314703576,1981
nat_152,אקספרס מהדרין  ש. המלך און ליין D,נתיב החסד,אקספרס מהדרין,,שלמה המלך 8,בני ברק,5155201.0,32.0925514,34.856712,-0.22459056554070211,2641
nat_210,"אופקים/הרצל 42, ברכלC  BAR",נתיב החסד,בר-כל,,הרצל,אופקים,8753007.0,31.3142639,34.6213328,-1.3679122563933994,2772
nat_212,"אשדוד ינאי 7,נתיב החסד  @",נתיב החסד,נתיב,,ינאי 7,אשדוד,7765467.0,31.788001367347672,34.664745194530454,-2.0509050569962928,2811
nat_213,"רחובות מדר 27, ברכל@ BAR",נתיב החסד,בר-כל,,מדר 27,אשדוד,7655270.0,31.804381,34.655314,-2.158270595458474,3175
nat_215,"בן יאיר 35/אלעד, ברכל@ BAR",נתיב החסד,בר-כל,,פנחס בו יאיר 35,אלעד,4081932.0,32.0512288,34.9599866,-2.0628136742800085,3087
nat_216,"טרומפלדור 54/חיפה, נתיב החסדC NH",נתיב החסד,נתיב,,טרומפלדור 54,חיפה,3258231.0,32.7829305,35.0151513,-1.0309156116922136,2435
nat_218,"גילה, בן אליעזר 47/ירושלים, ברכלM BAR",נתיב החסד,בר-כל,,אריה בן אליעזר 47,ירושלים,9382627.0,31.7352278,35.1966879,-2.6057908977897277,3762
nat_219,"שמעון הצדיק 7/אלעד, ברכל@ BAR",נתיב החסד,בר-כל,,שמעון הצדיק 7,אלעד,4083906.0,32.04776226300528,34.961333181052225,-2.2225813939916303,3342
nat_221,"שלמה המלך 4-6/ב""ב, ברכל @  BAR",נתיב החסד,בר-כל,,שלמה המלך 8,בני ברק,5155201.0,32.07974119643519,34.840728336874285,-2.13795236362742,3416
nat_224,"אבני נזר 18/קרית ספר , ברכל @    BAR",נתיב החסד,בר-כל,,אבני נזר 18,מודיעין עילית,7181018.0,31.9328485,35.0404097,-2.124335715690525,2180
nat_225,"חפץ חיים 10/קרית ספר, ברכלC BAR",נתיב החסד,בר-כל,,חפץ חיים 10,מודיעין עילית,7182010.0,31.931655,35.0442378,-1.1032318990824028,1622
nat_226,"אבוחצירא 20/ב""ב פרדס כץ, ברכלC   BAR",נתיב החסד,בר-כל,,אבוחצירא 20,בני ברק,5128511.0,32.09509691957626,34.83146330803931,-1.4225507798969343,2438
nat_228,"נחלת יעקב 10/רכסים, ברכלC   BAR",נתיב החסד,בר-כל,,נחלת יעקב 10,רכסים,2040000.0,32.753339860976475,35.09062553682107,-0.8859350915652716,2592
nat_229,"נ. המשפט 5/קרית ספר, ברכלC  BAR",נתיב החסד,בר-כל,,נתיבות המשפט 5,מודיעין עילית,7182903.0,31.933534123765334,35.04781018235579,-1.1841054541086613,2172
nat_230,"עמידר/רמת גן,לנדרס 1,  ברכלM BAR",נתיב החסד,בר-כל,,לנדרס 1,רמת גן,5226001.0,32.0692707,34.8386134,-2.3831308154419344,3974
nat_231,"מסילת יוסף 21/קרית ספר (הקטן), ברכלC BAR",נתיב החסד,בר-כל,,מסילת יוסף 21,מודיעין עילית,168.0,31.926922714751846,35.04262133686618,-1.3909688790050105,1881
nat_232,"נתבות המשפט 64/קרית ספר, ברכל BAR C",נתיב החסד,בר-כל,,נתבות המשפט 40,מודיעין עילית,7182101.0,31.9293822,35.0446268,-1.6718221722431017,1719
nat_233,"מ. יוסף הגדול  34/קרית ספר, ברכל@ BAR",נתיב החסד,בר-כל,,מסילת יוסף 34,מודיעין עילית,7181728.0,31.930178964174047,35.04301210862617,-1.753631851904789,2988
nat_234,"חשמונאים /הרמא 17, שירה מרקט W  BAR",נתיב החסד,שירה מרקט,,"הרמ""א 17",חשמונאים,7312700.0,31.926673,34.8503173,-1.7098370247354298,2807
nat_235,"ש. הצדיק 41/אלעד,ברכל BAR C",נתיב החסד,בר-כל,,שמעון הצדיק 41,אלעד,4083942.0,32.047707900031284,34.965964436872575,-2.0470977974694646,2331
nat_237,"אושיות רחובות/ליטני 37,  ברכל @",נתיב החסד,בר-כל,,מבצע לטיני 37,רחובות,7657107.0,31.883765545616576,34.82396092337146,-3.2347567128781534,2485
nat_238,"מתתיהו 10/ב""ב, ברכלC  BAR",נתיב החסד,בר-כל,,מתתיהו 10,בני ברק,5160512.0,32.0771592285551,34.841142109889645,-1.6056195075064204,2245
nat_240,"סורוצקין/מנחם משיב1, ברכל@ BAR",נתיב החסד,בר-כל,,מנחם משיב 39,ירושלים,9446518.0,31.800129757605585,35.206482481038705,-1.893010915711003,3150
nat_241,"י. הנשיא 23/ברכפלד, ברכלC BAR",נתיב החסד,בר-כל,,יהודה הנשיא 23,מודיעין עילית,7183712.0,31.939627179026782,35.042420479195016,-1.3491308644753697,2154
nat_242,"נווה יעקב /שאולי הכהן, ברכל BAR M",נתיב החסד,בר-כל,,משה שאולי הכהן 10,ירושלים,9749101.0,31.843499883423945,35.24642469394721,-2.1701700685039285,2614
nat_243,"אור הגנוז, ברכלC   BAR",נתיב החסד,בר-כל,,מושב אור הגנוז,אור הגנוז,1390900.0,33.0046971,35.4457811,-0.41446173579162304,2702
nat_244,"צהל 13, מאור החיים/צפת, ברכל BAR @",נתיב החסד,בר-כל,,צהל 13,צפת,1344038.0,32.9648655,35.4923093,-2.4435755471134737,2757
nat_245,"נתבות /ז'בוטינסקי 10, ברכל@ BAR",נתיב החסד,בר-כל,,זבוטינסקי 10,נתיבות,3258231.0,31.425696,34.589046,-2.343339593027862,2581
nat_246,בית שמש נחל שורק 11 נתיב החסד M NH,נתיב החסד,נתיב,,נחל שורק 11,בית שמש,9909114.0,31.7148882027195,34.99423972876387,-2.2637695597804943,3154
nat_247,"רמת אהרון /מאיר הכהן 2, ב""ב, ברכל@ BAR",נתיב החסד,בר-כל,,מאיר הכהן 2,בני ברק,5154450.0,32.08542961342595,34.840703028876064,-1.8791899132417547,3130
nat_248,"אבטליון 23/אלעד, ברכל BAR C",נתיב החסד,בר-כל,,אבטליון 23,אלעד,4080621.0,32.0464891,34.9495188,-1.4354688019367732,2043
nat_250,"מיכאל 16/חיפה, נתיב החסדC NH",נתיב החסד,נתיב,,מיכאל 16,חיפה,3365502.0,32.80461279847946,35.001962661119656,-1.0995154364092268,2613
nat_251,"בית שאן /הנגב 2, ברכלC BAR",נתיב החסד,בר-כל,,הנגב 2,בית שאן,1178001.0,32.4907636,35.4994606,-1.8499841561411638,2081
nat_253,"יהודה הנשיא 34/ברכפלד, ברכל @BAR",נתיב החסד,בר-כל,,יהודה הנשיא 34,מודיעין עילית,7183105.0,31.940654997931134,35.046129862721024,-1.928189261303172,2665
nat_258,"השומר 56/ב""ב, ברכל BAR C",נתיב החסד,בר-כל,,השומר 53,בני ברק,5154421.0,32.08151372879919,34.82286645298849,-1.3190477346431866,1993
nat_260,"סוקולוב 6/ב""ב, ברכלית C  BAR",נתיב החסד,בר-כל,,סוקולוב 6,בני ברק,5135002.0,32.0901254,34.83489369999999,-1.2686867507175674,863
nat_261,"רימונים 1/רכסים, ברכל C   BAR",נתיב החסד,בר-כל,,רימונים 1,רכסים,2019600.0,32.74958670345447,35.10020135225481,-1.3873870376669908,2581
nat_262,"חדרה הגיבורים 52/, נתיב החסד NH M",נתיב החסד,נתיב,,הגיבורים 62,חדרה,3822412.0,32.4342377,34.92227,-2.883440247412823,2226
nat_266,"צפת /מרכז, מרדכי חדד ברכל@ BAR",נתיב החסד,בר-כל,,מרדכי חדד 1,צפת,1340601.0,32.9604911,35.4989242,-2.119735607542058,2387
nat_267,"חתם סופר 19 ב""ב, ברכלית BAR  C",נתיב החסד,בר-כל,,חתם סופר 19,בני ברק,5131125.0,32.0890137,34.8279637,-1.0804670821089892,1242
nat_271,נתבות ברכל שדרות ירושלים @,נתיב החסד,בר-כל,,שדרות ירושלים 170,נתיבות,8774863.0,31.4223188,34.5705841,-2.5606860683380557,1472
nat_273,נתבות - מזוז ברכל C,נתיב החסד,בר-כל,,מזוז 1,נתיבות,8781201.0,31.427459,34.581484,-1.7903075282212964,1812
nat_274,עמק האלה 43/אשקלון ברכל @,נתיב החסד,בר-כל,,עמק האלה 43,אשקלון,7888935.0,31.6468769,34.5696796,-3.1484818474693377,2269
nat_275,"רמב""ם 16 מודיעין עילית ברכל  C",נתיב החסד,בר-כל,,רמבם 16,מודיעין עילית,7180224.0,31.929875090166853,35.046612736866216,-1.433745889101892,1921
nat_276,רמת שלמה ירושלים  ברכל  @,נתיב החסד,בר-כל,,חזון איש 49,ירושלים,0.0,31.8079358,35.2231535,-2.428244304527934,2154
nat_300,שירה מרקט גבעת שמואל W,נתיב החסד,שירה מרקט,,הסיבים,פתח תקווה,0.0,32.0832123,34.8561618,-2.276503864420365,2511
nat_301,שירה מרקט פתח תקווה W,נתיב החסד,שירה מרקט,,ישעיהו המשורר 11,פתח תקווה,4931937.0,32.0682374,34.9085802,-1.7999214739061609,4088
nat_303,משכנות האומה שירה מרקט W,נתיב החסד,שירה מרקט,,אבא אבן 14,ירושלים,0.0,31.78613039999999,35.2048965,-1.714084888319638,2652
nat_304,קרית מלאכי  כרמי הנדיב שירה C,נתיב החסד,שירה מרקט,,שדרות רוטשילד,קרית מלאכי,0.0,31.73127056599517,34.73687605816333,-1.3302689943782446,2138
nat_305,גון קנדי שירה מרקט,נתיב החסד,שירה מרקט,305.0,קנדי 36,ראש העין,4852054.0,32.095332347330036,34.9525647595023,-2.3436818794392136,1843
nat_306,ראש העין שירה מרקט,נתיב החסד,שירה מרקט,306.0,גרטי וקרל קורי 13,ראש העין,4841095.0,32.084059487775264,34.96996502016285,-2.118444220458411,3807
nat_307,כפר אורנים שירה מרקט,נתיב החסד,שירה מרקט,1.0,כפר אורנים,כפר אורנים,0.0,31.920846911176795,35.0372414625822,-2.520730135466383,1945
osh_001,מגדל העמק,אושר עד,אושר עד,1.0,האיצטדיון 11,מגדל העמק,2303401.0,32.6696574,35.2368042,-10.810739833921872,6572
osh_003,גבעת שאול,אושר עד,אושר עד,3.0,בית הדפוס 29,ירושלים,9548334.0,31.7852087,35.1828468,-9.882125110763068,6972
osh_005,קרית ביאליק,אושר עד,אושר עד,5.0,"הנס מולר 6, צור שלום",קרית ביאליק,2751206.0,32.8618235,35.098291,-9.57857302114409,6597
osh_006,כנות,אושר עד,אושר עד,6.0,אדום 24 פארק התעשיות כנות,כנות,7982500.0,31.8113771,34.7675852,-10.579541573587228,6172
osh_009,אשדוד,אושר עד,אושר עד,9.0,בעלי המלאכה 4,אשדוד,7761205.0,31.8123216,34.6635063,-9.570742581173054,6614
osh_010,פתח תקווה - סגולה,אושר עד,אושר עד,10.0,בן ציון גליס 30,פתח תקווה,4927930.0,32.1056568,34.8919915,-12.412158005294252,6950
osh_011,בני ברק,אושר עד,אושר עד,11.0,הקישון 11,בני ברק,5120314.0,32.0989129,34.8300771,-12.206597823907435,6620
osh_013,באר שבע,אושר עד,אושר עד,13.0,הקוצר 15 אזור תעשיה עמק שרה,באר שבע,8480904.0,31.213135783007726,34.810774460109904,-9.200642037123433,6522
osh_014,חדרה,אושר עד,אושר עד,14.0,"המסגר 22 אזה""ת הצפוני",חדרה,3850169.0,32.4493907,34.914005,-9.65886205309672,6501
osh_016,בית שמש - גליל,אושר עד,אושר עד,16.0,מורדי הגיטאות 6,בית שמש,9958206.0,31.747651,34.990749,-10.215893144696263,6934
osh_018,ביתר עילית,אושר עד,אושר עד,18.0,ביתר עילית,ביתר עילית,0.0,31.704385684599483,35.1165733934329,-10.269259342329947,6595
osh_019,עפולה,אושר עד,אושר עד,19.0,לסקוב,עפולה,0.0,32.62501598837555,35.31467838100988,-10.753606652934607,6232
osh_020,לוד,אושר עד,אושר עד,20.0,בת שבע 1 מתחם טלרד,לוד,7120101.0,31.9533935,34.8917808,-8.96447953908926,6457
osh_022,אשקלון בת הדר,אושר עד,אושר עד,22.0,בת הדר,אשקלון,7910300.0,31.648125,34.597146,-8.828245472020495,6207
osh_023,נתניה,אושר עד,אושר עד,23.0,שדרות תום לנטוס,נתניה,4276019.0,32.3036425,34.8696287,-8.878833068189067,6758
osh_024,תל אביב,אושר עד,אושר עד,24.0,קרמינצקי 3,תל אביב יפו,6789903.0,32.067096,34.7936383,-9.185439117251535,6543
osh_025,ראשון לציון,אושר עד,אושר עד,25.0,אצל 26,ראשון לציון,7570630.0,31.9722597,34.8093139,-10.002016630170608,6413
osh_026,תלפיות,אושר עד,אושר עד,26.0,פייר קניג 26 קניון הדר,ירושלים,9346934.0,31.7534343,35.213897,-9.896964250560853,7024
osh_028,שמגר,אושר עד,אושר עד,28.0,שמגר 16,ירושלים,9446116.0,31.7947479,35.208407,-10.947841960228802,6114
osh_029,קרית ים,אושר עד,אושר עד,29.0,גולדה מאיר 2,קרית ים,2905737.0,32.8560183,35.0776785,-9.007263480999814,6441
osh_030,חיפה,אושר עד,אושר עד,30.0,דרך בר יהודה 31,חיפה,3262724.0,32.8009038,35.013511,-9.76586807898154,6654
osh_031,כפר סבא,אושר עד,אושר עד,31.0,דרך הים 9,כפר סבא,4418001.0,32.18499,34.953063,-11.353659893105936,6761
osh_032,קרית אונו,אושר עד,אושר עד,32.0,שמירה אימבר גדיש 9,קרית אונו,5510101.0,32.035023,34.864173,-9.088689127313721,6728
ram_002,בזק מחסני מזון,רמי לוי,רמי לוי,2.0,יד חרוצים 18,ירושלים,0.0,31.7510508,35.2153716,-9.552077002476265,6834
ram_003,רמי לוי בשכונה,רמי לוי,רמי לוי,3.0,90 דרך החורש,ירושלים,0.0,31.8092121,35.1941519,-10.13296568069881,4155
ram_005,רב מכר,רמי לוי,רמי לוי,5.0,הפרסה 3,ירושלים,0.0,31.7520269,35.2091884,-8.842917495096756,8727
ram_006,מישור אדומים,רמי לוי,רמי לוי,6.0,איתם 1,מישור אדומים,0.0,31.793032568625936,35.334513115197595,-8.928119573853714,9312
ram_007,מבשרת,רמי לוי,רמי לוי,7.0,החוצבים 10,מבשרת ציון,0.0,31.7964782,35.1465644,-8.521980379987966,8474
ram_008,שער בנימין,רמי לוי,רמי לוי,8.0,מרכז מסחרי מטה בנמין,ירושלים,0.0,31.8657346800454,35.2596698516709,-8.795870730841084,8017
ram_009,קסיטנה,רמי לוי,רמי לוי,9.0,א.ת באר טוביה,קרית מלאכי,0.0,31.7278229,34.754139,-8.796254104314029,8517
ram_010,מודיעין חדש,רמי לוי,רמי לוי,10.0,א.ת שילת,מודיעין מכבים רעות,0.0,31.921173,35.014572,-8.702680860587796,8512
ram_011,עפולה,רמי לוי,רמי לוי,11.0,יהושוע חנקין 14,עפולה,0.0,32.6036284,35.2930192,-9.418682366562864,8232
ram_012,ביתר עלית,רמי לוי,רמי לוי,12.0,ביתר עלית,ירושלים,0.0,31.69984809999999,35.107769,-9.146378080442133,6172
ram_013,גבעת שאול,רמי לוי,רמי לוי,13.0,בית הדפוס 13,ירושלים,0.0,31.7857605,35.1873851,-9.516814995732423,6343
ram_014,טבריה,רמי לוי,רמי לוי,14.0,צומת פוריה ביג,טבריה,0.0,32.7844835,35.4986223,-9.081446304893234,8591
ram_015,נשר,רמי לוי,רמי לוי,15.0,דרך השלום 13,חיפה,0.0,32.7701955,35.0473851,-9.351613512670454,8335
ram_016,רמת גן איילון,רמי לוי,רמי לוי,16.0,מבצע קדש 68,בני ברק,0.0,32.1013984,34.8311958,-8.922411632336464,7932
ram_017,ראש העין,רמי לוי,רמי לוי,17.0,א.ת לב הארץ,ראש העין,0.0,32.1072425,34.9555511,-8.983002594573405,8399
ram_019,אדמרליטי,רמי לוי,רמי לוי,19.0,חלוצי התעשיה 73,חיפה,0.0,32.8187067,35.0536682,-10.06341631813015,7757
ram_020,זכרון יעקב,רמי לוי,רמי לוי,20.0,מול זכרון,זכרון יעקב,0.0,32.569352,34.93345,-9.85477844114215,8628
ram_022,כנפי נשרים,רמי לוי,רמי לוי,22.0,כנפי נשרים 26,ירושלים,0.0,31.7882871,35.1850293,-8.740091533227764,7522
ram_023,גוש עציון,רמי לוי,רמי לוי,23.0,צומת גוש עציון,גוש עציון,0.0,31.6425423,35.15158,-8.953167855670586,8326
ram_024,נתניה,רמי לוי,רמי לוי,24.0,המחקר 3,נתניה,0.0,32.2927627,34.8623046,-9.119559435194386,8875
ram_025,מודעין ישפרו,רמי לוי,רמי לוי,25.0,מתחם ישפרו,מודיעין מכבים רעות,0.0,31.889053458316987,34.96044549373903,-9.052459895535385,8579
ram_026,אשדוד,רמי לוי,רמי לוי,26.0,היהלומים 8,אשדוד,0.0,31.8142964,34.6595852,-8.848946951954591,8553
ram_027,באר שבע,רמי לוי,רמי לוי,27.0,הע.ל עמק שרה,באר שבע,0.0,31.23328170126853,34.799941899372875,-9.149684716038012,8359
ram_028,עכו,רמי לוי,רמי לוי,28.0,בוליטמור 2,עכו,0.0,32.8990325,35.0914497,-9.214728618950168,7899
ram_029,פרדס חנה ביג,רמי לוי,רמי לוי,29.0,תדהר 1,פרדס חנה כרכור,0.0,32.4888176,34.9705182,-8.91620715422884,8515
ram_030,קדימה,רמי לוי,רמי לוי,30.0,הזרם 2,קדימה,0.0,32.2762888,34.9204034,-9.146499440254617,8139
ram_031,נתיבות,רמי לוי,רמי לוי,31.0,צומת בית הגדי,נתיבות,0.0,31.422839,34.607878,-9.038642593549048,7729
ram_032,נהריה,רמי לוי,רמי לוי,32.0,היוצרים א.ת צפוני,נהריה,0.0,33.0327904,35.1034588,-9.133895598173053,8614
ram_033,כפר סבא,רמי לוי,רמי לוי,33.0,גלגלי פלדה 2,כפר סבא,0.0,32.1728401,34.9275245,-8.95263470234581,8511
ram_034,פתח תקווה,רמי לוי,רמי לוי,34.0,הסיבים 37,פתח תקווה,0.0,32.0877037,34.8573341,-8.918153010845236,8576
ram_035,אשקלון,רמי לוי,רמי לוי,35.0,המתכנן 8,אשקלון,0.0,31.6355114,34.5528526,-9.006309387536005,7680
ram_036,כרמיאל,רמי לוי,רמי לוי,36.0,היוצרים 7,כרמיאל,2165233.0,32.9235,35.3080062,-9.1443828002146,9048
ram_037,נתניה חדש,רמי לוי,רמי לוי,37.0,האורזים 8,נתניה,0.0,32.322118237156204,34.87136195739262,-9.110189429675831,8102
ram_038,קרית שמונה,רמי לוי,רמי לוי,38.0,איזור תעשיה צפוני קרית שמונה,קרית שמונה,0.0,33.216187,35.587746,-9.47323168219448,7705
ram_040,יבנה,רמי לוי,רמי לוי,40.0,הקישון 9 קניון G,יבנה,0.0,31.885868,34.7338294,-9.26257326097811,7778
ram_041,רחובות,רמי לוי,רמי לוי,41.0,מוטי קינד 1,רחובות,7638507.0,31.89335419999999,34.7865316,-9.29134457971147,7638
ram_042,לוד,רמי לוי,רמי לוי,42.0,שד הציונות 1,לוד,7127710.0,31.94530289999999,34.8917808,-8.980813238545384,7063
ram_043,ראשון לציון,רמי לוי,רמי לוי,43.0,שד משה דיין,ראשון לציון,7565839.0,31.98476377570436,34.76957949454104,-9.063671832512588,7520
ram_044,חדרה,רמי לוי,רמי לוי,44.0,השלום 1,חדרה,3846201.0,32.4555358,34.9052124,-9.033662175491386,8835
ram_045,בת ים,רמי לוי,רמי לוי,45.0,העמל 20,בת ים,5960705.0,32.0045095,34.7475226,-9.111550521304105,7790
ram_046,רעננה,רמי לוי,רמי לוי,46.0,החרושת 12,רעננה,4365706.0,32.194741,34.8812187,-8.808598887062526,8691
ram_048,עטרות,רמי לוי,רמי לוי,48.0,קניון עטרות,ירושלים,0.0,31.8534787,35.2175129,-9.052255741610475,8547
ram_049,בית שמש,רמי לוי,רמי לוי,49.0,יגאל אלון 4,בית שמש,9906204.0,31.756019391952368,34.986640894528605,-8.946163377928828,7728
ram_050,חולון,רמי לוי,רמי לוי,50.0,תמנע 6,חולון,5881213.0,32.0239698,34.7983618,-9.009929361805886,9233
ram_053,אריאל,רמי לוי,רמי לוי,53.0,הבנאי 6,אריאל,0.0,32.1007198,35.1701331,-8.488210262416914,8806
ram_054,קרית גת,רמי לוי,רמי לוי,54.0,דרך הדרום 3 מרכז ביג,קרית גת,0.0,31.6038516,34.7722626,-9.10152615266963,7951
ram_055,רמת החייל,רמי לוי,רמי לוי,55.0,דבורה הנביאה 127,תל אביב יפו,8424408.0,32.1130943,34.8425025,-9.023636458662427,9012
ram_056,אשקלון צפון,רמי לוי,רמי לוי,56.0,צהל 99,אשקלון,0.0,31.6619129,34.5945205,-9.293855410188836,7017
ram_057,עזריאלי חיפה,רמי לוי,רמי לוי,57.0,משה פלימן 4,חיפה,3508416.0,32.7896594,34.9656482,-9.483975719348377,7991
ram_058,חדרה ויוה,רמי לוי,רמי לוי,58.0,תרנא 20,חדרה,0.0,32.4368339,34.9254335,-9.402523872093271,5076
ram_059,רמלה,רמי לוי,רמי לוי,59.0,שדרות הרצל 91,רמלה,7243003.0,31.9263512,34.876961,-9.998652158228944,4710
ram_061,כרמי גת,רמי לוי,רמי לוי,61.0,כרמי גת,קרית גת,,31.604080015409,34.7722625952482,-9.43537888614012,7915
ram_062,צק פוסט,רמי לוי,רמי לוי,62.0,בר יהודה ישראל 111,חיפה,0.0,32.7705497,35.0478477,-9.201784832546151,8127
ram_063,ביג באר שבע החדש,רמי לוי,רמי לוי,63.0,דרך חברון 21,באר שבע,8424408.0,31.243032289663315,34.8144199480922,-9.103071509247329,8050
ram_064,אור עקיבא,רמי לוי,רמי לוי,64.0,הכרמל 1,אור עקיבא,0.0,32.5180022290255,34.9164170712881,-9.589891704440802,5664
ram_066,מגדל העמק,רמי לוי,רמי לוי,66.0,כפר החורש,מגדל העמק,,32.6958230414412,35.2315663738441,-9.163526279653508,7647
ram_068,רמי לוי יהלום נתניה,רמי לוי, רמי לוי לעסקים,68.0,יהלום,נתניה,0.0,32.3290985063897,34.86044690214812,-8.818524385077419,7046
ram_069,אופקים,רמי לוי,רמי לוי,69.0,מנחם בגין 2,אופקים,87585.0,31.849837621937873,34.843866481768934,-9.071325067446145,7820
ram_070,שדרות,רמי לוי,רמי לוי,70.0,משעול הלה 4,שדרות,0.0,31.526816295544855,34.60206307307781,-9.240359581097096,8670
ram_071,רמת בית שמש,רמי לוי,רמי לוי,71.0,שדרות נהר הירקון 38,בית שמש,0.0,31.7074303,34.9994121,-8.852227042829053,6417
ram_074,רמי לוי בית שאן,רמי לוי,רמי לוי,74.0,בית שאן,בית שאן,0.0,32.49803100835091,35.50451942226555,-9.465796697580195,4717
ram_203,אילת,רמי לוי,רמי לוי,203.0,הזגג 11,אילת,8850713.0,29.5698833,34.9612922,-22.595671210873206,7474
ram_700,בית הפירות פסגת זאב,רמי לוי,רמי לוי,700.0,הרוזמרין 33,ירושלים,0.0,31.7323116,35.200415,3.5328228654464646,1886
ram_703,בית הפירות פת,רמי לוי,רמי לוי,703.0,(כתובת לא מצוינת),ירושלים,0.0,31.7488339422687,35.1978327989126,2.9363022411854227,1925
ram_704,בית הפירות בית שמש,רמי לוי,רמי לוי,704.0,unknown,בית שמש,0.0,31.748987925058373,34.98618402336423,2.6597582933733857,2198
ram_705,בית הפירות קרית יובל,רמי לוי,רמי לוי,705.0,אורוגוואי 1,ירושלים,0.0,31.7610863760781,35.1754852443161,3.0369817293069525,1820
ram_708,עזריאלי אור יהודה,רמי לוי,רמי לוי,708.0,קניון עזריאלי אור יהודה מינוס 1,אור יהודה,0.0,32.025119,34.858117,1.7263452678523838,1764
ram_709,שבט לוי אשדוד,רמי לוי,רמי לוי בשכונה,709.0,שבט לוי 14 רובע יב,אשדוד,0.0,31.7778244,34.636615,2.343688729567465,2311
ram_710,אלי כהן אשקלון,רמי לוי,רמי לוי בשכונה,710.0,אלי כהן 43,אשקלון,0.0,31.669926,34.582204,1.946161956423155,1477
ram_711,רגר באר שבע,רמי לוי,רמי לוי בשכונה,711.0,יעקב כהן 12,באר שבע,0.0,31.254603,34.79755862431955,2.046853072948072,1550
ram_712,מנחם בגין גבעת שמואל,רמי לוי,רמי לוי בשכונה,712.0,מנחם בגין 23,גבעת שמואל,0.0,32.07756,34.85361,1.269386694518342,1092
ram_713,בן גוריון גבעתיים,רמי לוי,רמי לוי בשכונה,713.0,בן גוריון 182,גבעתיים,0.0,32.0750352,34.8183712,2.525818600890458,3823
ram_714,מגדיאל הוד השרון,רמי לוי,רמי לוי בשכונה,714.0,מגדיאל 57,הוד השרון,0.0,32.1595098,34.90185185,2.099459339043652,2344
ram_715,סוקולוב הרצליה,רמי לוי,רמי לוי בשכונה,715.0,סוקולוב 56,הרצליה,0.0,32.1670426,34.846248,1.517740995635598,2236
ram_716,הרצל חדרה,רמי לוי,רמי לוי בשכונה,716.0,הרצל 27,חדרה,0.0,32.437384322,34.9190038,2.18444765787557,1996
ram_717,הנשיא חדרה,רמי לוי,רמי לוי בשכונה,717.0,הנשיא 2,חדרה,0.0,32.440883,34.91499,1.3786016931149205,1715
ram_718,שוויצריה סוקולוב,רמי לוי,שוויצריה הקטנה,718.0,סוקולוב 84,חולון,0.0,32.0226326,34.77825519,1.5966846667945152,1237
ram_719,רוטשילד כפר סבא,רמי לוי,רמי לוי בשכונה,719.0,רוטשילד 39,כפר סבא,0.0,32.1743881,34.90785819,2.1071293708398926,2023
ram_720,הרטום נתניה,רמי לוי,רמי לוי בשכונה,720.0,הרטום 40,נתניה,0.0,32.3105188,34.87186989,1.9714585205014803,2045
ram_721,שוויצריה ויצמן נתניה,רמי לוי,שוויצריה הקטנה,721.0,וייצמן 14,נתניה,0.0,32.329873159,34.859164426,2.0433265998700847,3489
ram_722,חטיבה תשע עפולה,רמי לוי,סופר קופיקס,722.0,חטיבה תשע 34,7700,0.0,32.611977947,35.288221368,1.2651028552481611,1529
ram_723,רמי לוי פרדסיה,רמי לוי,רמי לוי בשכונה,723.0,הארז 32,פרדסיה,0.0,32.30571776866573,34.90780931643254,1.6031362216321012,2136
ram_724,קניון אבנת פתח תקווה,רמי לוי,שוויצריה הקטנה,724.0,זבוטינסקי 72,פתח תקווה,0.0,32.09309438,34.8654668,1.62235837356579,2172
ram_725,שטמפפר פתח תקווה,רמי לוי,רמי לוי בשכונה,725.0,שטמפפר 37,פתח תקווה,0.0,32.0914146638,34.88715995,1.7389753702309914,1562
ram_726,רוטשילד פתח תקווה,רמי לוי,רמי לוי בשכונה,726.0,רוטשילד 182,פתח תקווה,0.0,32.0759584767,34.8854813,1.4296194783940248,1765
ram_727,קיריון קרית ביאליק,רמי לוי,רמי לוי בשכונה,727.0,דרך עכו 192,קרית ביאליק,0.0,32.8429886,35.0923142,1.765237323525414,1606
ram_728,שבזי ראש העין,רמי לוי,רמי לוי בשכונה,728.0,שבזי 12,2640,0.0,32.0978894,34.9409454,1.118684190852953,1413
ram_729,קניון הבאר,רמי לוי,רמי לוי בשכונה,729.0,קניון הבאר,ראשון לציון,0.0,31.975858685645637,34.77402106570462,-11.077821896048519,2734
ram_730,רמי לוי רוטשילד ראשון לציון,רמי לוי,רמי לוי בשכונה,730.0,רוטשילד 45,ראשון לציון,0.0,31.963593884931356,34.80152142594321,1.6877660269100112,2267
ram_731,ביאליק רמת גן,רמי לוי,רמי לוי בשכונה,731.0,ביאליק 79,רמת גן,0.0,32.08595115438999,34.81007812224632,1.7137699121020367,2375
ram_732,רמי לוי אחוזה,רמי לוי,רמי לוי בשכונה,732.0, 83 אחוזה,רעננה,0.0,32.17979178887613,34.87857854504146,2.479307772933466,2220
ram_733,בן יהודה תל אביב,רמי לוי,רמי לוי בשכונה,733.0,בן יהודה 23,תל אביב,0.0,32.0762671,34.7679687,1.7140507354834678,2384
ram_734,אסתר המלכה תל אביב,רמי לוי,רמי לוי בשכונה,734.0,אסתר המלכה 4,תל אביב,0.0,32.0790473,34.7744319,1.835094436545332,2472
ram_735,החשמונאים תל אביב,רמי לוי,רמי לוי בשכונה,735.0,חשמונאים 100,תל אביב,0.0,32.0692075,34.786733,1.7596533669246253,2192
ram_736,שוקן תל אביב,רמי לוי,רמי לוי בשכונה,736.0,שוקן 1,תל אביב,0.0,32.0547148,34.7722382,2.4557487921568173,2939
sap_002,צומת פת,סופר ספיר,ספיר בשכונה,2.0,הרצוג 1,ירושלים,0.0,31.7571641,35.1981377,1.747565372326615,3420
sap_006,קרית יובל,סופר ספיר,סופר ספיר,6.0,שמריהו לוין 59,ירושלים,0.0,31.7682113,35.1721236,-2.073297383569598,5758
sap_013,פרדס חנה,סופר ספיר,סופר ספיר,13.0,המעלה 5,פרדס חנה כרכור,0.0,32.4727015,34.9723571,-2.3104045257578316,5502
sap_017,שוק אלנבי,סופר ספיר,ספיר בשכונה,17.0,אלנבי 117,חיפה,0.0,32.8216533,34.9813412,1.6733414997881908,3161
sap_020,צפת,סופר ספיר,סופר ספיר,20.0,ויצמן 10,צפת,0.0,32.957236,35.4970289,-1.8962295034214427,5308
sap_021,חצור,סופר ספיר,סופר ספיר,21.0,תל חי 1,חצור,0.0,32.9799732,35.546746,-2.0394991049841686,5718
sap_022,קרית שמונה,סופר ספיר,סופר ספיר,22.0,א.התעשיה הדרומי 0,קרית שמונה,0.0,33.20809,35.5699622,-9.200066736114437,6418
sap_026,בית הנציב ירושלים,סופר ספיר,ספיר בשכונה,26.0,דרך חברון 101,ירושלים,0.0,31.7546514,35.22191480000001,2.0353011902498905,5803
sap_027,טירת הכרמל,סופר ספיר,סופר ספיר,27.0,הרצל 1,טירת הכרמל,0.0,32.760128,34.9734687,-3.17872180066792,2522
sap_029,אליהו קורן י_ם,סופר ספיר,ד.מ.,29.0,אליהו קורן 25,ירושלים,0.0,31.7224617,35.2243614,-1.8090142490767795,4880
sap_038,ראש פינה,סופר ספיר,ספיר בשכונה,38.0,unknown,ראש פינה,0.0,32.9688682,35.5387001,1.7527034770939367,6046
sap_039,בר גיורא,סופר ספיר,ספיר בשכונה,39.0,מושב בר גיורה 0,בר גיורא,0.0,31.729683,35.073414,1.0269593162722195,1244
sap_040,נטו חיסכון ביתר עלית*,סופר ספיר,נטו חיסכון,40.0,שלום שבזי 16,ביתר עילית,0.0,31.698843,35.1280398,-8.663924425033025,7786
sap_042,סופר ספיר משמר הירדן,סופר ספיר,ספיר בשכונה,42.0,מרכז מסחרי 0,משמר הירדן,0.0,33.004575,35.598693,0.4705960793459111,2446
sap_043,נטו חיסכון מעלות*,סופר ספיר,נטו בשכונה,43.0,החרושת 8,מעלות תרשיחא,0.0,33.019962,35.277005,-6.255930238867686,6655
sap_044,יובל אורוגוואי,סופר ספיר,ספיר בשכונה,44.0,אורוגוואי 1,ירושלים,0.0,31.76077,35.1767008,-2.566916355922623,1508
sap_046,פרדס חנה סיטי,סופר ספיר,סופר ספיר,46.0,התחיה 4,פרדס חנה כרכור,0.0,32.4675312,34.9525153,-2.2994046173581224,5313
sap_047,חדרה סיטי,סופר ספיר,סופר ספיר,47.0,חטיבת הנחל 4,חדרה,0.0,32.4322069,34.9281808,-2.594797043019388,5594
sap_048,מודיעין סיטי,סופר ספיר,זכיין סופר ספיר,48.0,עמק האלה 80,מודיעין מכבים רעות,0.0,31.9139012,35.0063198,-2.2401006299677837,5728
sap_050,צור הדסה,סופר ספיר,ספיר בשכונה,50.0,הר כתרון פינת הדרים 8,צור הדסה,0.0,31.7201353,35.0890934,1.347997506523926,2505
sap_051,קרית ספר נטו מודיעין עלית*,סופר ספיר,נטו חיסכון,51.0,"רש""י פינת רמב""ן 0",מודיעין מכבים רעות,0.0,31.932477,35.042265,-9.256266327758292,5437
sap_052,נטו חיסכון טלזסטון,סופר ספיר,נטו חיסכון,52.0,התאנה 1,קרית יערים,,31.8033463729877,35.093073323205,-7.12497763487008,6452
sap_054,נטו חיסכון רמות*,סופר ספיר,סופר ספיר,54.0,unknown,ביתר עילית,0.0,31.6963901,35.1267852,-7.760770539331785,5198
sap_060,קדימה,סופר ספיר,ספיר בשכונה,60.0,שדרות יצחק בן צבי 71,קדימה,0.0,32.2731741,34.9111608,1.6348917869984392,3809
sap_066,סופר ספיר אזור,סופר ספיר,ספיר בשכונה,66.0,המצודה 8,אזור,0.0,32.0294393,34.7979679,1.6772620334998485,2724
sap_067,"סופר ספיר ראשל""צ",סופר ספיר,ספיר בשכונה,67.0,ז'בוטינסקי 18,ראשון לציון,0.0,31.9631612,34.8002367,1.7204774529845168,727
sap_071,יהוד  העצמאות,סופר ספיר,ספיר בשכונה,71.0,דרך העצמאות 16,יהוד מונוסון,0.0,32.028256,34.886825,1.0767784563497207,364
sap_072,קרית ים,סופר ספיר,זכיין,72.0,?,קרית ים,,32.8508851908705,35.0684598350589,2.0411484574476053,2752
sap_076,אריאל א סופר ספיר*,סופר ספיר,סופר ספיר,76.0,unknown,אריאל,0.0,,,-2.5300414134350975,5728
sap_077,סופר ספיר אריאל ב** ס.מ,סופר ספיר,סופר ספיר,77.0,78 הציונות,אריאל,,32.10505312648317,35.197090995519616,-2.6079264977203254,6509
sap_078,*זכיין - מעלה אדומים,סופר ספיר,זכיין,78.0,?,מעלה אדומים,,31.7773142278622,35.2979889841395,-2.7109920106457426,5668
sap_079,סופר ספיר אלפי מנשה* ס.מ,סופר ספיר,סופר ספיר,79.0,9 חלוצי התעשייה,אלפי מנשה,,32.16974814440643,34.9964681243577,-7.6289257452418555,5513
sap_080,סופר ספיר כוכב יעקב* ס.מ,סופר ספיר,סופר ספיר,80.0,טירת כסף,כוכב יעקב,,31.881291815380045,35.244820024345515,-2.4964705727695122,4856
sap_081,סופר ספיר בית אל,סופר ספיר,סופר ספיר,81.0,?,בית אל,,31.9415511718381,35.2228563636699,-2.1575385386908654,3438
sap_082,נטו חיסכון מודיעין עלית שד' יחזקאל* ס.מ,סופר ספיר,נטו חיסכון,82.0,שדרות יחזקאל,מודיעין עילית,,31.93773704525538,35.03706138028712,-8.990621579174453,5316
sap_083,נטו חיסכון מרכז רימון אלעד* ס.מ,סופר ספיר,נטו חיסכון,83.0,מרכז רימון,אלעד,,32.05550799072445,34.96053092250588,-9.38123828984882,5283
sap_084,נטו חיסכון בת ים* ס.מ,סופר ספיר,נטו חיסכון,84.0,12 ישראל וישנגרד,בת ים,,32.009741963756525,34.74862552352403,-8.819473151753975,7035
sap_085,נטו חיסכון באר שבע ס.מ*,סופר ספיר,נטו חיסכון,85.0,1 יצחק סלמה,באר שבע,,31.223458246658303,34.79943545315357,-9.821717300804867,6169
sap_094,צפת נטו חיסכון,סופר ספיר,נטו חיסכון,94.0,דרך השוקולד 8,צפת,0.0,32.9610392,35.4847954,-5.213411503464048,5333
sap_151,המכולת גני תקוה זכיין,סופר ספיר,ד.מ.,151.0,unknown,גני תקווה,0.0,32.060497,34.873121,20.18097256689598,1346
sap_152,המכולת בת ים זכיין גל אלקנטי,סופר ספיר,ד.מ.,152.0,הים 2,בת ים,0.0,32.0292037,34.7424679,19.891139866046675,1062
sap_155,המכולת גדרה,סופר ספיר,ד.מ.,155.0,unknown,גדרה,0.0,31.8120082,34.7774347,21.829417416564986,945
sap_156,המכולת רמת השרון זכיין,סופר ספיר,ד.מ.,156.0,unknown,רמת השרון,0.0,32.137793,34.840278,20.30981580601986,767
sap_157,המכולת אפקה זכיין,סופר ספיר,ד.מ.,157.0,unknown,תל אביב יפו,0.0,32.1158344088606,34.8220486260576,19.60334204741557,949
sap_158,המכולת פיכמן זכיין אושרה בן אבו,סופר ספיר,ד.מ.,158.0,unknown,חולון,0.0,32.0145311394675,34.7748662817301,18.978014583286566,1001
sap_159,המכולת כפר סבא זכיין,סופר ספיר,ד.מ.,159.0,unknown,כפר סבא,0.0,32.178195,34.90761,19.604285004343737,1233
sap_160,המכולת חולון,סופר ספיר,ד.מ.,160.0,unknown,חולון,0.0,32.0180655,34.7706369,18.795215711542404,1030
sap_161,זכיין המכולת נורדיה,סופר ספיר,ד.מ.,161.0,unknown,נורדיה,0.0,32.314656,34.896792,20.420680690990324,1363
sap_162,המכולת שורש זכיין,סופר ספיר,ד.מ.,162.0,unknown,שורש,0.0,31.7975793464517,35.065249009854,19.934400965489687,1097
sap_163,המכולת כרמל חיפה ס.מ,סופר ספיר,ד.מ.,163.0,לא צוין,חיפה,,32.80446696333459,34.98449028501187,19.636965710795746,789
sap_167,המכולת אבן יהודה,סופר ספיר,ד.מ.,167.0,לא צוין,אבן יהודה,,32.27171728948734,34.88250616947671,19.463788629955715,1060
sap_168,המכולת שלנו פרויטיאה בכפר בני דרור,סופר ספיר,ד.מ.,168.0,לא צוין,בני דרור,,32.2616912603859,34.896376515955204,18.43179176526037,1112
sap_260,שדרות,סופר ספיר,ד.מ.,260.0,הרב עובדיה יוסף 55,שדרות,0.0,31.5314072,34.6025854,0.05668659295635903,3918
sap_261,זכיין - סופר זול מהדרין אלעד נטו*,סופר ספיר,זכיין סופר ספיר,261.0,שמעיה 19,אלעד,0.0,32.04953,34.95075,-2.4072774657656186,2791
sap_262,זכיין אופקים,סופר ספיר,זכיין סופר ספיר,262.0,קהילת מטרו ווסט 33,אופקים,0.0,31.3067541,34.6197998,-0.172242952882368,2894
sap_264,קרית ים גאולה זכיין,סופר ספיר,זכיין סופר ספיר,264.0,גאולה כהן 4,קרית ים,0.0,32.8502059,35.0790875,-0.08339454060056117,4281
shefa_001,כף החיים,שפע ברכת השם,שפע ברכת השם,1.0,כף החיים 38,ביתר עילית,90537.0,31.6910075,35.10655,-2.715113727406582,1629
shefa_002,בן ציון ברוק,שפע ברכת השם,שפע ברכת השם,2.0,בן ציון ברוק 7,ביתר עילית,90554.0,31.6980109,35.1008372,-2.3470238119774884,3281
shefa_003,עלי הכהן,שפע ברכת השם,שפע ברכת השם,3.0,עלי הכהן 21,ירושלים,95311.0,31.7962414,35.2145892,-2.095850833079398,1395
shefa_005,"החיד""א",שפע ברכת השם,שפע ברכת השם,5.0,"החיד""א 11",ביתר עילית,90508.0,31.6962839,35.1177878,-2.6697459505008263,2554
shefa_006,יואל,שפע ברכת השם,שפע ברכת השם,6.0,יואל 14,ירושלים,95269.0,31.7898417,35.2208909,-2.631981709800805,2124
shefa_007,שדרות האמוראים,שפע ברכת השם,שפע ברכת השם,7.0,שדרות האמוראים 16,בית שמש,0.0,31.7061264,34.9717522,-2.7650622248073358,1695
shefa_017,אגן האיילות ג. זאב,שפע ברכת השם,שפע ברכת השם,17.0,אגן האיילות 41,גבעת זאב,90938.0,31.863743,35.151288,-1.9037437224803608,3002
shefa_018,מעזריטש,שפע ברכת השם,שפע ברכת השם,18.0,המגיד ממעזריטש 38,ביתר עילית,90560.0,31.7031567,35.1164547,-6.201131750646036,3646
shefa_019,כנסת יחזקאל,שפע ברכת השם,שפע ברכת השם,19.0,כנסת יחזקאל 6,ביתר עילית,90551.0,31.695791877589446,35.105061519258555,-2.8129133808687055,2260
shefa_022,בן איש חי בית שמש,שפע ברכת השם,שפע ברכת השם,22.0,בן איש חי 39,בית שמש,99420.0,31.7475851,35.0008014,-2.918042668434795,1458
shefa_023,כהנמן בני ברק,שפע ברכת השם,שפע ברכת השם,23.0,כהנמן 107,בני ברק,51553.0,32.079714,34.841909,-7.801661046327223,5447
shefa_026,בבא סאלי,שפע ברכת השם,שפע ברכת השם,26.0,בבא סאלי 22,ביתר עילית,9052522.0,31.6928544,35.1096686,-6.550160596486181,3687
shefa_028,ר' עקיבא,שפע ברכת השם,שפע ברכת השם,28.0,ר' עקיבא 13,ביתר עילית,9050114.0,31.6979171,35.1224503,-2.503427921322806,2588
shefa_029,הרב שך,שפע ברכת השם,שפע ברכת השם,29.0,הרב שך 34,ביתר עילית,9055353.0,31.6980109,35.1008372,-2.6836803810023824,2179
shefa_031,בית וגן,שפע ברכת השם,שפע ברכת השם,31.0,בית וגן 10,ירושלים,96463.0,31.7717609,35.1835784,-2.813223095636776,2809
shefa_032,תכלת מרדכי,שפע ברכת השם,שפע ברכת השם,32.0,תכלת מרדכי 1,ירושלים,94396.0,31.7934491,35.2054938,-0.8471260775436638,2303
shefa_034,עזרת תורה,שפע ברכת השם,שפע ברכת השם,34.0,עזרת תורה 28,ירושלים,95320.0,31.7988681,35.2142181,-1.1545353421643259,1894
shefa_036,תל ציון,שפע ברכת השם,שפע ברכת השם,36.0,אהבת ישראל 1,תל ציון,90622.0,31.8797998,35.2406234,-2.87016961487444,1990
shefa_037,בן קיסמא בית שמש,שפע ברכת השם,שפע ברכת השם,37.0,ר' יוסי בן קיסמא 17,בית שמש,99579.0,31.7361289,34.9972326,-2.414160991031792,2916
shefa_038,שמאי אלעד,שפע ברכת השם,שפע ברכת השם,38.0,שמאי 1,אלעד,40801.0,32.050593,34.950513,-2.0229026799617316,1253
shefa_039,מודיעין עילית,שפע ברכת השם,שפע ברכת השם,39.0,ר' עקיבא 5,מודיעין מכבים רעות,71838.0,31.9398081,35.0389123,-2.0766172386419,2277
shu_001,"שלי ת""א- בן יהודה",שופרסל,שופרסל שלי,1.0,בן יהודה 79,תל אביב יפו,6343504.0,32.0813121,34.7704048,4.775255221757098,4730
shu_003,שלי גבעתיים- סירקין,שופרסל,שופרסל שלי,3.0,סירקין 17,גבעתיים,5325101.0,32.0783522,34.8154036,4.944511793565469,3973
shu_004,שלי חיפה- כרמל,שופרסל,שופרסל שלי,4.0,שד' הנשיא 124 מר,חיפה,3463305.0,32.80263,34.983837,4.962798401925999,4913
shu_005,שלי ירושלים- יובל,שופרסל,שופרסל שלי,5.0,אורוגאי 3,ירושלים,9670102.0,31.760715229964752,35.17664214055967,4.958992449210736,4943
shu_007,"שלי ת""א- ארלוזורוב",שופרסל,שופרסל שלי,7.0,ארלוזרוב 53,תל אביב יפו,6264605.0,32.0860627,34.7787596,4.811216095144863,4865
shu_009,שלי נתניה- ויצמן,שופרסל,שופרסל שלי,9.0,שד' ויצמן 27,נתניה,4225012.0,32.3314167,34.8586214,5.027587438194627,4066
shu_011,"שלי ת""א- נורדאו",שופרסל,שופרסל שלי,11.0,אבן גבירול 157,תל אביב יפו,6203719.0,32.0915815108724,34.7825578835811,4.7935864102500725,3801
shu_012,יש בני ברק- ירושלים,שופרסל,יש בשכונה,12.0,ירושלים  70,בני ברק,5144404.0,32.0830544,34.8262388,-2.41757681122435,3808
shu_013,דיל בית שמש- העליה,שופרסל,שופרסל דיל,13.0,העליה 1,בית שמש,9902101.0,31.7526603,34.986746,-3.9935794635712267,6129
shu_014,דיל ברנע אשקלון,שופרסל,שופרסל דיל,14.0,שדרות ירושלים 122,אשקלון,0.0,31.688549,34.572634,-3.0798774145736543,5572
shu_015,"יש פ""ת- רוטשילד",שופרסל,יש בשכונה,15.0,רוטשילד 79,פתח תקווה,4947352.0,32.0863037,34.8822187,-2.466386382229041,3865
shu_017,שלי חיפה- חורב,שופרסל,שופרסל שלי,17.0,חורב 15,חיפה,3434119.0,32.7843377,34.9870127,4.986194428827562,5236
shu_018,דיל חולון-קרן היסוד,שופרסל,שופרסל דיל,18.0,קרן היסוד 1 ק.שר,חולון,5848930.0,32.0082068,34.7912443,-3.215292683879212,5278
shu_019,שלי חיפה- זיו,שופרסל,שופרסל שלי,19.0,כצנלסון/מנדל 67,חיפה,3276617.0,32.78046500000001,35.017019,5.0782340682347655,4795
shu_020,שלי רחובות- הרצל,שופרסל,שופרסל שלי,20.0,הרצל 183,רחובות,7626902.0,31.8989977,34.8099711,4.7924346860805125,4253
shu_021,יש מרים ירושלים-  פארן,שופרסל,יש בשכונה,21.0,פארן 7 רמת אשכול,ירושלים,9780209.0,31.8006054,35.228641,-2.0205186882035924,3587
shu_022,שלי נתניה- סמילנסקי,שופרסל,שופרסל שלי,22.0,סמילנסקי 13,נתניה,4243111.0,32.3272194,34.8550823,5.0162355517529456,4580
shu_023,שלי מיתר,שופרסל,שופרסל שלי,23.0,מרכז מסחרי מיתר,מיתר,8502500.0,31.327465,34.9391288,5.000017701820473,4778
shu_024,שלי אשדוד- הנביאים,שופרסל,שופרסל שלי,24.0,הנביאים 3 רובע י,אשדוד,7747303.0,31.7835101,34.6474636,5.179756018447727,4249
shu_027,שלי רעננה- אחוזה,שופרסל,שופרסל שלי,27.0,אחוזה 82,רעננה,4320945.0,32.1797063,34.8791798,4.582439274098098,3100
shu_028,"שלי ת""א- צה""ל",שופרסל,שופרסל שלי,28.0,"צה""ל 71, מרכ",תל אביב יפו,6935139.0,32.1227143,34.8295488,4.6213852865178415,3435
shu_029,אקספרס האודם חריש,שופרסל,שופרסל אקספרס,29.0,האודם,חריש,0.0,32.46726065097,35.041493028267894,9.57018901797364,2766
shu_030,שלי רמת גן- קריניצי,שופרסל,שופרסל שלי,30.0,יוסף ספיר 9,רמת גן,5262209.0,32.05577321333753,34.84955919400675,4.658553635785122,2859
shu_032,שלי רמת גן- קסם,שופרסל,שופרסל שלי,32.0,הירדן 90,רמת גן,5224701.0,32.06140799872491,34.82813629551786,4.905432961035566,4080
shu_033,שלי חיפה- סטלה,שופרסל,שופרסל שלי,33.0,טשרניחובסקי/35,חיפה,3570323.0,32.7940463,34.989571,4.994797569071308,4391
shu_034,שלי רמת השרון- סוקולוב,שופרסל,שופרסל שלי,34.0,סוקולוב 48,רמת השרון,4723514.0,32.1436352,34.8378613,4.7831309486403395,4085
shu_035,דיל אקסטרה באר-שבע ולפסו,שופרסל,שופרסל דיל,35.0,רח' וולפסון 13,באר שבע,8489721.0,31.2220096,34.8034019,-3.8348869715731158,6542
shu_036,"שלי כ""ס- רוטשילד",שופרסל,שופרסל שלי,36.0,רוטשילד 65,כפר סבא,4420131.0,32.1737383,34.9080277,5.12107741638346,3985
shu_038,שלי חיפה- דניה,שופרסל,שופרסל שלי,38.0,ליבריה 2 דניה,חיפה,3491370.0,32.768007,35.005274,4.596999009272422,3327
shu_039,"שלי ת""א- ברזיל",שופרסל,שופרסל שלי,39.0,ברזיל 15,תל אביב יפו,6946025.0,32.11181132483824,34.7963370541252,5.026642157904968,6267
shu_040,"שלי ב""ש- עומר",שופרסל,שופרסל שלי,40.0,רותם מרכ מסחרי ע,עומר,8496500.0,31.264479,34.8505942,4.996984024318026,3433
shu_042,שלי ירושלים- ניות,שופרסל,שופרסל שלי,42.0,בורלא 1 שכ.ניות,ירושלים,9371401.0,31.768303,35.202846,4.88303466213364,4558
shu_043,שלי הוד השרון- הבנים,שופרסל,שופרסל שלי,43.0,הבנים 12,הוד השרון,4526814.0,32.156077,34.8922831,5.0268726994358826,4165
shu_045,דיל ירושלים- תלפיות,שופרסל,שופרסל דיל,45.0,פייר קניג 35,ירושלים,9346943.0,31.753757040940155,35.21500114426202,-2.9839833759203964,6149
shu_049,"דיל ב""ש- הר בוקר",שופרסל,שופרסל דיל,49.0,הר בוקר  17,באר שבע,8489819.0,31.2726101,34.8105409,-3.650313555779181,3998
shu_050,שלי מבשרת ציון,שופרסל,שופרסל שלי,50.0,שלום 75 שכונה ג,מבשרת ציון,9071425.0,31.8041219,35.1551013,4.971711482979656,4230
shu_051,אקספרס הרצליה,שופרסל,שופרסל אקספרס,51.0,צמרות 2,הרצליה,0.0,32.162413,34.844675,9.35874065634323,1716
shu_056,אקספרס  חריש הרימון,שופרסל,שופרסל אקספרס,56.0,האורן 47,חריש,0.0,32.459159742005724,35.04421448071977,9.313886582083756,1908
shu_057,שלי רמת השרון- אוסישקין,שופרסל,שופרסל שלי,57.0,אוסישקין 5,רמת השרון,4721005.0,32.1384018,34.8413326,4.954428406698073,4913
shu_061,אקספרס צור משה,שופרסל,שופרסל אקספרס,61.0,הערבה,צור משה,,32.2999732,34.9104653,9.415398919174578,2080
shu_062,יש חסד רכסים,שופרסל,יש חסד,62.0,הכלניות 49,רכסים,0.0,32.7547372,35.1034611,-11.52817348832764,3628
shu_065,"דיל ב""ש- צ'ורלי",שופרסל,שופרסל דיל,65.0,אורגים פינת ב.ג,באר שבע,84105.0,31.2539529,34.8148199,-3.028847065953511,6006
shu_068,דיל כורדני,שופרסל,שופרסל דיל,68.0,ירושלים 1,קרית מוצקין,0.0,32.8590833060804,35.0928376822774,-3.2669075582286378,5128
shu_069,"שלי ת""א- רמת אביב ב",שופרסל,שופרסל שלי,69.0,טאגור 38,תל אביב יפו,6920340.0,32.107476,34.795951,5.028413892255747,5544
shu_070,שלי רמת גן- מרום נווה,שופרסל,שופרסל שלי,70.0,"תרצה 19 ר""ג",רמת גן,5236431.0,32.071648,34.830577,5.278110149019165,5841
shu_071,יוניברס תל חנן  נשר,שופרסל,יוניברס,71.0,בר יהודה 147,נשר,3688306.0,32.7804467,35.0380194,-3.546389936928815,7533
shu_072,שלי רעות,שופרסל,שופרסל שלי,72.0,חבל מודיעין,מודיעין מכבים רעות,71908.0,31.887127426466417,35.018523115256244,4.75423762770973,5013
shu_073,יש חסד אשדוד,שופרסל,יש חסד,73.0,חנה סנש 9,אשדוד,7747303.0,31.7998277,34.6623938,-11.267222984298513,4345
shu_076,דיל אריאל,שופרסל,שופרסל דיל,76.0,רח' מוריה,אריאל,0.0,32.10235580000001,35.2061426,-3.037817792381696,5467
shu_077,דיל  חריש,שופרסל,שופרסל דיל,77.0,דרך ארץ,חריש,0.0,32.470755701829056,35.03926815409079,-2.7958601187408365,6870
shu_078,יש הר נוף ירושלים-שאולזו,שופרסל,יש בשכונה,78.0,שאולזון 56,ירושלים,9540057.0,31.7861401,35.1737005,-2.148795499401238,3604
shu_079,אקספרס חריש,שופרסל,שופרסל אקספרס,79.0,נחשול 30,חריש,3786100.0,32.4625603287282,35.046575814361255,9.556564251843191,1952
shu_080,"שלי ראשל""צ- נווה הדרים",שופרסל,שופרסל שלי,80.0,ברנשטיין 2,ראשון לציון,7550302.0,31.960039,34.817174,5.274485392734487,4489
shu_081,יש חסד מודיעין עלית דרום,שופרסל,יש חסד,81.0,שערי תשובה 3,מודיעין עילית,0.0,31.927326714471672,35.03835288104565,-11.412208821828663,4093
shu_082,אקספרס חולון,שופרסל,שופרסל אקספרס,82.0,שמריהו לוין 2,חולון,0.0,32.0180655,34.7706369,9.67093698986173,2837
shu_083,"דיל ב""ש- שאול המלך",שופרסל,שופרסל דיל,83.0,קניון שאול המלך,באר שבע,8446811.0,31.2621396,34.776395,-3.345898370926356,4784
shu_084,אקספרס בית חשמונאי,שופרסל,שופרסל אקספרס,84.0,אקספרס בית חשמונאי,ביתחשמונאי,0.0,31.889624,34.9173131,9.207035227586607,1773
shu_087,דיל רעננה- החרושת,שופרסל,שופרסל דיל,87.0,החרושת 8,רעננה,4365704.0,32.1931117,34.8816089,-3.064943414863192,6032
shu_089,דיל עזריאלי - רמלה,שופרסל,שופרסל דיל,89.0,שמשון הגיבור 32,רמלה,72500.0,31.9257367,34.8638844,-3.253304259633226,5118
shu_090,אקספרס גב ים באר שבע,שופרסל,שופרסל אקספרס,90.0,האנרגיה 77,באר שבע,0.0,31.2636026,34.8112207,9.534963513066016,1867
shu_091,דיל עמק חפר- אזור תעשיה,שופרסל,שופרסל דיל,91.0,א.ת. עמק חפר,חדרה,3877701.0,32.4013889,34.9019444,-3.664485838870129,7059
shu_092,דיל אשדוד- שבט לוי,שופרסל,שופרסל דיל,92.0,שבט לוי 12,אשדוד,0.0,31.778083,34.6356393,-3.152338476134449,5067
shu_093,שלי יהוד- סביונים,שופרסל,שופרסל שלי,93.0,דרך משה דיין 7,יהוד מונוסון,5645001.0,32.0303568,34.8782129,4.936462537992235,4283
shu_095,דיל חדרה- קניון אורות,שופרסל,שופרסל דיל,95.0,1ניון אורות,אור עקיבא,3060000.0,32.501976,34.9270172,-2.897111187739742,5759
shu_096,דיל חדרה- הפרדס,שופרסל,שופרסל דיל,96.0,קניון גני הדרים,חדרה,3849207.0,32.41586814403237,34.95187903689265,-3.5556783127773595,4262
shu_097,דיל קרית שמונה- מתחם ביג,שופרסל,שופרסל דיל,97.0,מתחם ביג,קרית שמונה,1162401.0,33.19169979999999,35.5707447,-3.0665891874800613,5694
shu_098,דיל קרית טבעון- אלונים,שופרסל,שופרסל דיל,98.0,חוצות אלונים,טבעון,3604701.0,32.7146161,35.1252205,-3.2778029406612372,5327
shu_101,שלי הוד השרון- ק מרגלית,שופרסל,שופרסל שלי,101.0,נחליאלי 2,הוד השרון,4535502.0,32.14339427602499,34.892095081057384,4.9680543140496125,5364
shu_102,שלי פרדסיה- הנשיא,שופרסל,שופרסל שלי,102.0,הנשיא 1 צ.פרדסיה,פרדסיה,4281500.0,32.3044377,34.903248,5.010377134968344,3993
shu_103,שלי שוהם- מרכז מסחרי,שופרסל,שופרסל שלי,103.0,מרכז מסחרי,שוהם,6083530.0,31.9991264,34.9472744,5.033652910053304,5247
shu_104,"שלי פ""ת- גד מכנס",שופרסל,שופרסל שלי,104.0,רוטשילד 180,פתח תקווה,9435700.0,32.077118,34.886727,4.854834842136964,4057
shu_105,"דיל פ""ת- אליעזר פרדימן",שופרסל,שופרסל דיל,105.0,אליעזר פרידמן 9,פתח תקווה,4941916.0,32.0798866,34.9023987,-3.1916128971340196,5710
shu_106,יוניברס נס ציונה - הפטיש,שופרסל,יוניברס,106.0,"הפטיש 8,א.ת.",נס ציונה,7404730.0,31.9218546,34.7928326,-3.476414508894152,7621
shu_109,שלי ראש העין- ז'בוטינסקי,שופרסל,שופרסל שלי,109.0,גבעת טל,ראש העין,4857301.0,32.0925903,34.9662017,5.123347235799094,5845
shu_110,"דיל הפארק ב""ש",שופרסל,שופרסל דיל,110.0,20 נחל פרת,באר שבע,,31.2307493,34.8230902,-3.259274223376046,4636
shu_111,יש חסד טבריה עלית-לב האג,שופרסל,יש חסד,111.0,לב האגם 10,טבריה,14431.0,32.7795991,35.51695309999999,-11.460008189885075,4050
shu_113,"דיל ראשל""צ- גולדה מאיר",שופרסל,שופרסל דיל,113.0,גולדה מאיר 1,ראשון לציון,7549050.0,31.967552,34.7852707,-3.15282694422091,5404
shu_114,דיל ירושלים-גילה,שופרסל,שופרסל דיל,114.0,צביה ויצחק 17,ירושלים,9384014.0,31.73148,35.186812,-2.9213500775623515,6231
shu_116,שלי גבעתיים- מכתש,שופרסל,שופרסל שלי,116.0,בורוכוב 54,גבעתיים,5322205.0,32.07962235584178,34.80999527078125,4.964521084499425,5226
shu_117,שלי תל אביב-איכילוב,שופרסל,שופרסל שלי,117.0,ויצמן 6,תל אביב יפו,6423914.0,32.08066989803344,34.790138601474546,4.870085201594111,5359
shu_118,דיל אילת  הסתת,שופרסל,שופרסל דיל,118.0,הסתת 15 א תעשיה,אילת,8850415.0,29.5683498,34.9597588,-16.806944087701563,6942
shu_119,דיל מודיעין- סנטר,שופרסל,שופרסל דיל,119.0,צאלון   21,מודיעין מכבים רעות,0.0,31.9060575,35.0171739,-3.5025838454438354,4297
shu_121,דיל נהריה- לוחמי הגטאות,שופרסל,שופרסל דיל,121.0,לוחמי הגטאות 36,נהריה,2244744.0,33.0011199,35.09698059999999,-3.84955900545318,6312
shu_122,דיל יבנה- ברוש דרך הים,שופרסל,שופרסל דיל,122.0,דרך הים 3,יבנה,8157014.0,31.8643673,34.7264833,-2.8848822064315067,6200
shu_123,דיל חולון- גולדה,שופרסל,שופרסל דיל,123.0,גולדה מאיר  7,חולון,5839101.0,32.0128283,34.7790294,-3.01872027079406,5961
shu_124,דיל בת ים- אורט ישראל,שופרסל,שופרסל דיל,124.0,אורט ישראל 25,בת ים,5959036.0,32.00892,34.746448,-4.011727436057288,6235
shu_127,אקספרס טירת הכרמל,שופרסל,שופרסל אקספרס,127.0,הדולפין 1,טירת הכרמל,0.0,32.762127,34.97298,9.548359921124998,1363
shu_128,דיל טירת הכרמל- נחום חת,שופרסל,שופרסל דיל,128.0,נחום חת 5,טירת הכרמל,35085.0,32.7830105,34.9601418,-3.4013765943765386,7709
shu_129,דיל אקסטרה נתניה- המלאכה,שופרסל,שופרסל דיל אקסטרא,129.0,רח' המלאכה 32,נתניה,4250567.0,32.28540284693322,34.860423865721465,-3.980280969167117,6423
shu_130,דיל נתניה- קלאוזנר עמליה,שופרסל,שופרסל דיל,130.0,קלאוזנר 1,נתניה,0.0,32.30877746903207,34.875715239875355,-3.1211484721838536,5254
shu_131,אקספרס הוד השרון,שופרסל,שופרסל אקספרס,131.0,סוקולוב 37,הוד השרון,0.0,32.16571225904715,34.90176208105864,9.43541794738681,1595
shu_133,"יש חסד ביתר עילית-  הר""ן",שופרסל,יש חסד,133.0,"הר""ן 6 פינת פנים המאירים",ביתר עילית,9056506.0,31.7043471,35.1175965,-11.18563443445537,4019
shu_134,יוניברס מודיעין- ישפרו סנטר,שופרסל,יוניברס,134.0,ישפרו סנטר,מודיעין מכבים רעות,0.0,31.889990997218607,34.96250670987946,-3.954804586440425,6505
shu_135,יוניברס אשקלון- פאור סנטר,שופרסל,יוניברס,135.0,צומת כפר סילבר,אשקלון,7929500.0,31.6748007,34.6060214,-3.6805971178290164,7381
shu_139,דיל צפת-  דובק ויצמן,שופרסל,שופרסל דיל,139.0,ויצמן 20,צפת,1321736.0,32.9576669,35.4979823,-3.0688326502574697,5616
shu_140,אקספרס תל חי,שופרסל,שופרסל אקספרס,140.0,תל חי 40,תל אביב יפו,0.0,32.07699716489422,34.77626703687426,9.403399817972636,1844
shu_141,דיל יוקנעם- שדרות רבין,שופרסל,שופרסל דיל,141.0,שדרות רבין 9,יקנעם,2060000.0,32.6424195,35.0924242,-2.8810145512682284,6297
shu_142,דיל זכרון- המייסדים,שופרסל,שופרסל דיל,142.0,המייסדים,זכרון יעקב,3095067.0,32.5730214,34.9540304,-2.8565579324981076,6333
shu_144,דיל שבירו כפר סבא,שופרסל,שופרסל דיל,144.0,רפפורט 6,כפר סבא,,32.1920475,34.8916444,-2.928998545894771,6727
shu_147,אקספרס זכרון,שופרסל,שופרסל אקספרס,147.0,ההנפה,זכרון יעקב,0.0,32.5686035,34.9551162,9.150054797632771,2306
shu_148,אקספרס מלצר רחובות,שופרסל,שופרסל אקספרס,148.0,מלצר 20,רחובות,0.0,31.90295469240869,34.82667939524262,8.963380816989432,1893
shu_150,"אקספרס רודנסקי ת""א",שופרסל,שופרסל אקספרס,150.0,רודנסקי 5,תל אביב יפו,,32.1206979,34.7927823,9.007532978145042,2126
shu_151,דיל רעננה- קניון רננים,שופרסל,שופרסל דיל,151.0,רח.המלאכה 2,רעננה,4366101.0,32.1974692,34.8791319,-2.792112714475876,6860
shu_152,דיל ערד-ישפרו המנוף,שופרסל,שופרסל דיל,152.0,המנוף 7,ערד,8909460.0,31.2482662,35.1958045,-3.1662009810073246,5575
shu_153,דיל אופקים- ז'בוטינסקי,שופרסל,שופרסל דיל,153.0,זבוטינסקי 25,אופקים,8759908.0,31.3182278,34.6253776,-3.2394589142247225,5338
shu_155,דיל צור יגאל- מרכז מסחרי,שופרסל,שופרסל דיל,155.0,מרכז מסחרי,צור יגאל,4486400.0,32.2189326,34.9815343,-2.7959802229259596,7078
shu_159,דיל רמת הנשיא חיפה,שופרסל,שופרסל דיל,159.0,שלמה המלך 55,חיפה,0.0,32.8124983,34.9608358,-2.985718531803253,5765
shu_161,המפיץ סיטונאות אשדוד,שופרסל,סיטונאות,161.0,הבושם 16,אשדוד,,31.82112871642435,34.66168908205065,-30.004345902976095,1875
shu_163,דיל שדרות- הפלדה,שופרסל,שופרסל דיל,163.0,הפלדה קניון אחים,שדרות,80100.0,31.5207301,34.594066,-3.053592419302703,5538
shu_164,שלי רמתגן- ביאליק,שופרסל,שופרסל שלי,164.0,רח. ביאליק 76,רמת גן,5244136.0,32.0857925,34.8115272,4.85719496861682,3648
shu_166,דיל אקסטרה  אשדוד- הבושם,שופרסל,שופרסל דיל אקסטרא,166.0,הבושם 7 א.ת. קלה,אשדוד,7761007.0,31.8180465,34.6622085,-3.6634633215913546,7128
shu_168,שלי אשדוד- כינרת,שופרסל,שופרסל שלי,168.0,"שכונת י""א כנרת",אשדוד,7770071.0,31.7844314,34.6340866,5.114771824275323,4513
shu_169,אקספרס באר שבע,שופרסל,שופרסל אקספרס,169.0,אפרים לרון 20,באר שבע,0.0,31.231108299883353,34.767196173445065,9.57673259137404,2307
shu_171,אקספרס אוסטשינסקי,שופרסל,שופרסל אקספרס,171.0,אוסטשינסקי 15,כפר סבא,0.0,32.1722128,34.9043166,9.374425087252016,2185
shu_173,דיל כפר יונה,שופרסל,שופרסל דיל,173.0,נעמישמר,כפר יונה,0.0,32.320644,34.93599,-2.9660779417104743,5718
shu_174,דיל ערד- קניון,שופרסל,שופרסל דיל,174.0,הקנאים 29,ערד,8902342.0,31.2597999,35.2088394,-3.09407432139691,6077
shu_176,שערי רווחה ירושלים,שופרסל,שערי רווחה,176.0,לואיס ברנדס 3,ירושלים,,31.79217,35.2099448,-13.890580322750186,5531
shu_177,דיל מצפה רמון- בן גוריון,שופרסל,שופרסל דיל,177.0,מרכז מסחרי,מצפה רמון,8060000.0,30.612762,34.802429,-3.3917055705980097,4497
shu_179,"שופרסל אקספרס הרוא""ה רמת גן",שופרסל,שופרסל אקספרס,179.0,"רח' הרוא""ה 152",רמת גן,,32.074360359422805,34.82492058105363,9.7818157386197,1842
shu_180,דיל ק.מוצקין- בן גוריון,שופרסל,שופרסל דיל,180.0,שד' בן גוריון 84,קרית מוצקין,2642439.0,32.8406715,35.0804138,-2.7930693956411985,6791
shu_181,דיל אשקלון- רמז,שופרסל,שופרסל דיל,181.0,דוד רמז 39,אשקלון,7853339.0,31.668009,34.5827367,-3.0853224197100055,6410
shu_182,דיל דימונה- גולדה מאיר,שופרסל,שופרסל דיל,182.0,גולדה מאיר 1,דימונה,86000.0,31.074295,35.032371,-3.791634983861534,6490
shu_183,דיל אשדוד- הרצל,שופרסל,שופרסל דיל,183.0,1 רח' הרצל,אשדוד,7745401.0,31.7936909,34.64089420000001,-3.3183780037833643,5371
shu_184,"דיל ראשל""צ- זבוטינסקי",שופרסל,שופרסל דיל,184.0,זבוטינסקי 16,ראשון לציון,,31.9615072,34.800662,-3.3285378175741918,5295
shu_186,אקספרס התשבי,שופרסל,שופרסל אקספרס,186.0,התשבי 9,חיפה,0.0,32.81601250000001,34.9778335,8.664464315585768,1666
shu_187,דיל קניון מעלה אדומים,שופרסל,שופרסל דיל,187.0,דרך קדם 5,מעלה אדומים,0.0,31.771535222294382,35.29840181084888,-2.887043385770352,6432
shu_188,דיל ירוחם- צבי בורנשטיין,שופרסל,שופרסל דיל,188.0,צבי בורנשטין,ירוחם,8050000.0,30.9883432,34.9272665,-3.1253273027600432,4864
shu_189,דיל פרדס חנה,שופרסל,שופרסל דיל,189.0,14 רחוב הבנים,פרדס חנה כרכור,0.0,32.4728028,34.9742001,-3.1412601419177593,5473
shu_190,דיל חצור- הגלילית,שופרסל,שופרסל דיל,190.0,קניון גליל עליון,חצור,1030000.0,32.9813889,35.5561111,-3.083581094509603,5505
shu_193,"שלי ראשל""צ- מזרח",שופרסל,שופרסל שלי,193.0,שד' יעקב 50,ראשון לציון,7550903.0,31.95908129999999,34.8020886,5.121598496667756,4332
shu_195,יוניברס קריון- דרך עכו,שופרסל,יוניברס,195.0,דרך עכו  192,קרית ביאליק,2723211.0,32.842769822419335,35.09225064900311,-3.5333501491098875,7390
shu_199,דיל בת ים- בלפור,שופרסל,שופרסל דיל,199.0,בלפור 25,בת ים,0.0,32.0290122,34.745195,-0.5490331858030559,5729
shu_203,דיל רמלה לוד- הצופית,שופרסל,שופרסל דיל,203.0,הצופית 40,רמלה,0.0,31.932199,34.8890965,-3.7763286818066866,7086
shu_205,דיל יהוד- אלטלף,שופרסל,שופרסל דיל,205.0,אלטלף 4 א.ת יהוד,יהוד מונוסון,5621604.0,32.0257949,34.9009857,-3.814535638458156,7084
shu_207,יש אור יהודה - אליהו סעדו,שופרסל,יש בשכונה,207.0,אליהו סעדון 128,אור יהודה,6039727.0,32.0257793,34.859212,-3.326374391522357,2928
shu_208,דיל אילת נחל אורה,שופרסל,שופרסל דיל,208.0,ירושלים השלמה 52,אילת,0.0,29.564247303079448,34.94564769017903,-17.171483443803474,4507
shu_209,דיל אשקלון- רוטשילד,שופרסל,שופרסל דיל,209.0,אדמונד רוטשילד 8,אשקלון,7822602.0,31.687853873915714,34.57894650736695,-3.1538106255912335,4539
shu_210,"יוניברס ראשל""צ- שמוטקין",שופרסל,יוניברס,210.0,שמוטקין 30,ראשון לציון,7536333.0,31.9764175,34.8121871,-3.660750014271126,7292
shu_211,דיל כרמיאל- אזור התעשיה,שופרסל,שופרסל דיל,211.0,א.ת חוצות כרמיאל,כרמיאל,2165006.0,32.92901620038814,35.325641428071066,-3.6308193862358014,7031
shu_212,שלי חיפה- ורדיה,שופרסל,שופרסל שלי,212.0,ורדיה 10,חיפה,3465710.0,32.7949865,34.9963889,4.8570559505376405,3589
shu_214,דיל קרית גת- מלכי ישראל,שופרסל,שופרסל דיל,214.0,מלכי ישראל 178,קרית גת,8205002.0,31.603493329908446,34.75683013181416,-3.647314621656201,7056
shu_215,דיל בית שאן-ירושלים הביר,שופרסל,שופרסל דיל,215.0,ירושלים הבירה,בית שאן,10900.0,32.4953548,35.4972484,-3.5265105520789803,4350
shu_216,שלי הודהשרון,שופרסל,שופרסל שלי,216.0,2 הנשיאים,הוד השרון,0.0,32.16455867150475,34.90719852153541,4.854764327291858,3595
shu_218,דיל עפולה- יצחק רבין,שופרסל,שופרסל דיל,218.0,שד' יצחק רבין 5,עפולה,1834171.0,32.6229362,35.3154373,-3.795134162238792,6516
shu_219,יש חסד בני ברק- עזרא,שופרסל,יש חסד,219.0,עזרה בני ברק,בני ברק,5155103.0,32.07937035994891,34.83843575221792,-11.232054895885211,4586
shu_222,"דיל רמות ב""ש ב'",שופרסל,שופרסל דיל,222.0,הערים התאומות 28,באר שבע,,31.2822648,34.80047930000001,-2.9466471209152485,5974
shu_224,"אקספרס ראשל""צ-נווה דקלים",שופרסל,שופרסל אקספרס,224.0,נווה דקלים 44,ראשון לציון,,31.9793122,34.7610407,9.400850622850113,1639
shu_226,דיל כרמיאל,שופרסל,שופרסל דיל,226.0,ההגנה 2,כרמיאל,0.0,32.905123868823516,35.281619728131595,-3.2173777940535104,4859
shu_227,דיל-איקאה קרית אתא,שופרסל,שופרסל דיל,227.0,דרך חיפה 52,קרית אתא,0.0,32.808657,35.075575,-2.7964919223262,6706
shu_228,שלי בנימינה - הגביע,שופרסל,שופרסל שלי,228.0,הגביע 1,בנימינה,3056601.0,32.5175279,34.9403751,4.8345755854284205,3592
shu_229,"דיל ת""א- יגאל אלון",שופרסל,שופרסל דיל,229.0,יגאל אלון 76,תל אביב יפו,6706701.0,32.0654728,34.793731,-3.0503826247921504,6219
shu_230,"שלי כ""ס- ויצמן",שופרסל,שופרסל שלי,230.0,ויצמן 29,כפר סבא,4435227.0,32.1744564,34.9117835,4.6936916033883325,2657
shu_231,אקספרס רעננה- רבקה גרובר,שופרסל,שופרסל אקספרס,231.0,רבקה גובר  7,רעננה,0.0,32.1939468,34.8503227,9.050347510298257,2065
shu_232,שלי צפת- מ.מסחר רמת רזים,שופרסל,שופרסל שלי,232.0,מרכז מסחרי רמת,צפת,1341219.0,32.9580793,35.498291,4.991508324714593,2928
shu_234,יש חסד רסידו,שופרסל,יש חסד,234.0,נהר הירדן,בית שמש,9902101.0,31.73639069999999,34.9929427,-11.317534447990042,3392
shu_236,אקספרס אילת שחמון,שופרסל,שופרסל אקספרס,236.0,ששת הימים 310,אילת,0.0,29.547332,34.935701,-9.09903831998997,3405
shu_238,דיל באר יעקב,שופרסל,שופרסל דיל,238.0,רח' שא - נס 17,באר יעקב,0.0,31.9419763693318,34.8339142712638,-3.2911269333848083,4942
shu_239,אקספרס יפו- הדרור,שופרסל,שופרסל אקספרס,239.0,הדרור 2,תל אביב יפו,0.0,32.051084683019006,34.753867681052334,8.331643121917253,1645
shu_240,דיל רהט,שופרסל,שופרסל דיל,240.0,מרכז מסחרי רהט,רהט,8535700.0,31.39467,34.7538711,-2.666486270281511,3667
shu_241,דיל בני ברק איילון,שופרסל,שופרסל דיל,241.0,"הלח""י 28",בני ברק,5120045.0,32.1029795757971,34.83670992523469,-3.7610288296109586,6950
shu_244,דיל גלילות רמת השרון,שופרסל,שופרסל דיל,244.0,צומת גלילות,רמת השרון,47100.0,32.1464078,34.8041896,-3.7331990155076764,7039
shu_245,דיל ירושלים- פסגת זאב,שופרסל,שופרסל דיל,245.0,שד' משה דין 106,ירושלים,9783701.0,31.824335677432572,35.23726816754773,-3.229433212144422,4696
shu_247,שלי חולון- רבינוביץ,שופרסל,שופרסל שלי,247.0,רבינוביץ 58,חולון,5867256.0,31.9970439,34.773446,5.01503530353464,3877
shu_248,"דיל ב""ש- נווה מנחם",שופרסל,שופרסל דיל,248.0,החשמונאים 15,באר שבע,8452015.0,31.26761,34.760164,-2.967691671447772,5976
shu_249,דיל נתניה- פולג,שופרסל,שופרסל דיל,249.0,גיבורי ישראל 5,נתניה,4250409.0,32.321458,34.853196,-2.766099775603949,6760
shu_250,קריית שמונה,שופרסל,שופרסל דיל,250.0,"צומת המצודות, קריית שמונה",קרית שמונה,1162401.0,33.22297820000001,35.576867,-3.131253943679161,5397
shu_251,דיל עפולה- כורש,שופרסל,שופרסל דיל,251.0,כורש 5,עפולה,1831007.0,32.6099152,35.2937306,-3.907498036762935,5936
shu_254,דיל כרמי גת,שופרסל,שופרסל דיל,254.0,1 אבני חושן,קרית גת,0.0,31.6250003420226,34.7761371119927,-3.578490945942499,3607
shu_255,דיל כפר תבור,שופרסל,שופרסל דיל,255.0,4 רחוב הבזלת,כפר תבור,0.0,32.6949958,35.41860580000001,-3.358983205257627,4670
shu_259,"דיל גזית כ""ס- ויצמן",שופרסל,שופרסל דיל,259.0,ויצמן 300 מתחם G,כפר סבא,4439656.0,32.1725965,34.9295905,-3.8303972629033485,6804
shu_260,דיל ירושלים-קניון תלפיות,שופרסל,שופרסל דיל,260.0,האומן 17,ירושלים,9342111.0,31.75080622236997,35.20910448658995,-2.9217860384410272,6162
shu_262,שלי מזכרת בתיה- בגין,שופרסל,שופרסל שלי,262.0,שד' מנחם בגין 2,מזכרת בתיה,7680400.0,31.8501486,34.8405332,5.059217348970733,4127
shu_263,שופרסלאקספרס מקס ברוד,שופרסל,שופרסל אקספרס,263.0,רח' מקס ברוד 34,תל אביב יפו,0.0,32.1269193,34.8299441,8.875360709499118,2624
shu_265,אקספרס חולון - זלמן ארן,שופרסל,שופרסל אקספרס,265.0,זלמן ארן 1,חולון,0.0,32.0202794,34.7679239,8.969403139891678,1735
shu_266,שלי רזין אילת,שופרסל,שופרסל שלי,266.0,רח' שדרות התמרים 37,אילת,0.0,29.557669,34.951925,-10.617793241925623,4561
shu_267,דיל קצרין- חרמון,שופרסל,שופרסל דיל,267.0,חרמון 7 א ת.,קצרין,1290000.0,32.99083,35.7086193,-2.830403120366013,6143
shu_269,"יוניברס פ""ת- סגולה",שופרסל,יוניברס,269.0,הרב מסעוד אשר20א,פתח תקווה,4900519.0,32.0999994,34.89518450000001,-3.5567664410983437,7490
shu_271,שלי רחובות- יעקובי,שופרסל,שופרסל שלי,271.0,פנחס יעקובי 1,רחובות,0.0,31.8820899,34.8147164,5.128245899630414,4464
shu_272,שלי גבעתיים- ויצמן,שופרסל,שופרסל שלי,272.0,ויצמן 20,גבעתיים,5339005.0,32.0741055,34.8083823,4.9858483563089395,4331
shu_274,"אקספרס ת""א- פלורנטין",שופרסל,שופרסל אקספרס,274.0,פלורנטין 27,תל אביב יפו,,32.0562844,34.7697156,8.953962478386773,2321
shu_276,"יוניברס אמט""ל רחובות",שופרסל,יוניברס,276.0,רח משה יתום  46,רחובות,76396.0,31.892102268699436,34.78972419823861,-3.6067610265789454,7107
shu_277,אקספרס.בני בנימין הרצליה,שופרסל,שופרסל אקספרס,277.0,בני בנימין 23,הרצליה,,32.1722076,34.8405805,9.140904988173572,2130
shu_278,"שלי פ""ת -העצמאות",שופרסל,שופרסל שלי,278.0,העצמאות 65,פתח תקווה,4937999.0,32.074364,34.8696498,5.182268284258042,4641
shu_279,"אקספרס-ת""א דרויאנוב",שופרסל,שופרסל אקספרס,279.0,רח' דרויאנוב 5,תל אביב יפו,,32.076927,34.771436,8.900495049486528,2350
shu_281,דיל מגדל העמק- המדע,שופרסל,שופרסל דיל,281.0,שד' מדע 77,מגדל העמק,0.0,32.678340618715644,35.24339289457904,-3.4293244157248797,4668
shu_282,דיל צומת גבעת מרדכי,שופרסל,שופרסל דיל,282.0,"רח' שחר 79, ירושלים.",ירושלים,7692000.0,31.7662887672684,35.1946045677783,-3.068274032944558,6229
shu_283,"דיל קרית עקרון- ביל""ו",שופרסל,שופרסל דיל,283.0,"מ.תדיראן,ק.עקרון",רחובות,7692000.0,31.86123199999999,34.817667,-3.9309081700044772,6589
shu_284,שלי תל מונד- הדקל,שופרסל,שופרסל שלי,284.0,הדקל 49,תל מונד,4060049.0,32.2535587,34.9180425,4.784732774141417,3384
shu_285,"אקספרס סוקולוב פ""ת",שופרסל,שופרסל אקספרס,285.0,סוקולוב 26,פתח תקווה,,32.0913108,34.8933094,9.380162615694399,2334
shu_287,שלי גבעתיים-שביט,שופרסל,שופרסל שלי,287.0,עמישב 45,גבעתיים,5348832.0,32.061882315062036,34.80641679454527,4.783497810782077,3701
shu_288,יש רחובות- סירני,שופרסל,יש בשכונה,288.0,חיים סרני 1,רחובות,7626902.0,31.8933255,34.8215304,-2.221549368704259,3302
shu_290,"דיל  פ""ת- יכין סנטר",שופרסל,שופרסל דיל,290.0,יצחק רבין 17,פתח תקווה,4951711.0,32.0878644,34.8597884,-2.754089343198706,7412
shu_295,יש חסד בני ברק-שלמה המלך,שופרסל,יש חסד,295.0,שלמה המלך   12,בני ברק,5155205.0,32.0788954720735,34.840556679202564,-11.114106086607046,4049
shu_296,"אקספרס פ""ת רחל המשוררת",שופרסל,שופרסל אקספרס,296.0,רחל המשוררת 29,פתח תקווה,,32.0841111,34.8954469,8.936624436592188,1982
shu_297,יוניברס חדרה- ארבע האגודות,שופרסל,יוניברס,297.0,ארבע אגודות 1,חדרה,3843101.0,32.435374045372974,34.90872722155019,-3.7246919167480668,6830
shu_299,אקספרס הוד השרון,שופרסל,שופרסל אקספרס,299.0,חנקין 12,הוד השרון,0.0,32.159863731409594,34.90509873687872,9.390086549881378,1792
shu_300,יש חסד בארות יצחק- פאוור,שופרסל,יש חסד,300.0,בארות יצחק,בארות יצחק,0.0,32.0468299,34.90857150000001,-11.235794776665921,5349
shu_301,אקספרס אחי מאיר,שופרסל,שופרסל אקספרס,301.0,1 אחי מאיר,תל אביב יפו,0.0,32.1253734,34.7984514,10.796210986360254,2841
shu_302,שלי חיפה- קלר,שופרסל,שופרסל שלי,302.0,קלר 7,חיפה,3448314.0,32.802313,34.9831698,4.898182710437508,4428
shu_303,אקספרס טבעון - יהודה הנשיא,שופרסל,שופרסל אקספרס,303.0,יהודה הנשיא,קרית טבעון,3604701.0,32.7146161,35.1252205,9.179031533970921,2658
shu_305,"אקספרס ת""א- יהודה המכבי",שופרסל,שופרסל אקספרס,305.0,יהודה מכבי 81,תל אביב יפו,,32.094182,34.7928439,9.43127551581405,2621
shu_306,יש נוה שאנן חיפה- חניתה,שופרסל,יש בשכונה,306.0,רח' חניתה 64,חיפה,3244411.0,32.7900282,35.0136973,-3.1646312307313123,3345
shu_307,יש קרית אתא- זבולון,שופרסל,יש בשכונה,307.0,רח.זבולון 4,קרית אתא,2806007.0,32.805805,35.1030579,-3.061345253987017,3489
shu_308,שלי קרית אתא- איינשטין,שופרסל,שופרסל שלי,308.0,איינשטיין 20,קרית אתא,2805152.0,32.809144,35.119773,4.831108102484332,3407
shu_310,שלי קרית חיים- דגניה,שופרסל,שופרסל שלי,310.0,ד.דגניה 14,קרית חיים,2621019.0,32.8287419,35.0601773,4.3705583612778645,2379
shu_311,אקספרס רחובות- בוסתנאי,שופרסל,שופרסל אקספרס,311.0,בוסתנאי 14,רחובות,0.0,31.9035165,34.8122607,9.535387291425975,2023
shu_312,דיל חיפה- קרית אליעזר,שופרסל,שופרסל דיל,312.0,ככר מאירהוף,חיפה,35154.0,32.827336,34.982659,-3.1011338868463616,5985
shu_313,"שלי קרית חיים-אח""י אילת",שופרסל,שופרסל שלי,313.0,"שד.אח""י אילת 20",קרית חיים,2626907.0,32.821635,35.069351,5.037011389768306,3812
shu_314,יש חיפה- צרפת,שופרסל,יש בשכונה,314.0,דרך צרפת 11,חיפה,3559602.0,32.8204746,34.9593184,-3.461441177145502,2681
shu_315,אקספרס כפר נטר,שופרסל,שופרסל אקספרס,315.0,ההדרים 17,כפר נטר,0.0,32.2735829,34.8740584,9.298338937763802,1655
shu_316,שלי קרית מוצקין-שד ויצמן,שופרסל,שופרסל שלי,316.0,ד.ויצמן 1,קרית מוצקין,2635101.0,32.8334852,35.0738389,4.884752384902829,3699
shu_317,אקספרס גבעת עדה,שופרסל,שופרסל אקספרס,317.0,חי 67,גבעת עדה,0.0,32.5172326,35.0065338,9.124604409151257,2007
shu_318,אקספרס חולון - וולפסון,שופרסל,שופרסל אקספרס,318.0,הלוחמים 62,חולון,0.0,32.0362056,34.7620058,8.374874113467891,1607
shu_319,שלי עכו- שפירא,שופרסל,שופרסל שלי,319.0,רח.משה שפירא 28,עכו,2440929.0,32.933052,35.082678,4.9308218379951665,3642
shu_320,דיל האגס,שופרסל,שופרסל דיל,320.0,מנגו 2,אשדוד,,31.771243919412953,34.63870361059071,-3.5863089323199895,4143
shu_325,אקספרס ששת הימים נס ציונ,שופרסל,שופרסל אקספרס,325.0,ששת הימים 1,נס ציונה,0.0,31.936063,34.7964159,9.435103648010243,2196
shu_326,שלי נהריה- הגעתון,שופרסל,שופרסל שלי,326.0,רח.הרצל-שד.הגעתו,נהריה,2240029.0,33.0067252,35.0964972,5.057225350288306,4234
shu_327,אקספרס חיפה- ראול ולנברג,שופרסל,שופרסל אקספרס,327.0,ראול וולנברג 9,חיפה,3499009.0,32.7797806,34.9851863,8.95229899228886,1681
shu_329,יש  יוקנעם עילית- היובלים,שופרסל,יש בשכונה,329.0,מ.מסחרי יקנעם על,יוקנעם,20692.0,32.660225,35.104606,-3.0702329354087246,2754
shu_330,שלי חיפה- נתיב חן,שופרסל,שופרסל שלי,330.0,"נתיב חן 1,נוה שא",חיפה,3224001.0,32.7959783,35.0099278,5.031430098050768,4109
shu_333,שלי חיפה- אורן,שופרסל,שופרסל שלי,333.0,רח.אורן 25 רוממה,חיפה,3473402.0,32.7848302,34.9965532,4.846845572438192,3863
shu_334,"אקספרס פ""ת - שפירא",שופרסל,שופרסל אקספרס,334.0,"קק""ל 35",פתח תקווה,,32.08055875140699,34.88719255221802,9.346307965125318,2233
shu_335,"אקספרס כ""ס- בן גוריון",שופרסל,שופרסל אקספרס,335.0,בן גוריון 35,כפר סבא,,32.17279784361976,34.907165994551235,8.701745317953696,1484
shu_336,שלי חיפה- רמות ספיר,שופרסל,שופרסל שלי,336.0,רח' גוט לוין 48,חיפה,3292240.0,32.7860722,35.0046155,4.934308617035997,4328
shu_338,אקספרס כוכב הצפון,שופרסל,שופרסל אקספרס,338.0,בוני העיר 9,תל אביב יפו,0.0,32.101499,34.785787,10.149395705104014,2500
shu_339,דיל טבריה- העמקים,שופרסל,שופרסל דיל,339.0,העמקים 1,טבריה,1420401.0,32.7892614,35.5351425,-3.1359799384721225,6270
shu_340,"אקספרס ת""א- זריצקי",שופרסל,שופרסל אקספרס,340.0,זריצקי 4,תל אביב יפו,,32.1144509,34.7912523,9.084608463355687,2703
shu_341,"אקספרס רמת גן- הרוא""ה",שופרסל,שופרסל אקספרס,341.0,"הרוא""ה 131",רמת גן,,32.079230311202544,34.82516803268583,9.145626312334493,2733
shu_342,דיל כרמיאל- קניון לב,שופרסל,שופרסל דיל,342.0,מורד הגיא 100,כרמיאל,2192401.0,32.908214463079375,35.29371733536555,-3.356191259412322,4951
shu_343,שלי ראש העין- ברקן,שופרסל,שופרסל שלי,343.0,בזק 1 פינת ברקן,ראש העין,4863016.0,32.09353830000001,34.9738092,4.849788243650319,4032
shu_344,דיל מעלות- דרך האלוף עוז,שופרסל,שופרסל דיל,344.0,קניון כוכב הצפון,מעלות תרשיחא,21020.0,33.0191612,35.2829704,-2.9779472843399146,5644
shu_347,אקספרס גדרה- דרך הפרחים,שופרסל,שופרסל אקספרס,347.0,דרך הפרחים 38,גדרה,0.0,31.809980934806497,34.78448505220345,9.285464796405499,2121
shu_348,"אקספרס פ""ת- קק""ל",שופרסל,שופרסל אקספרס,348.0,"קק""ל 2",פתח תקווה,,32.079448353771184,34.882942424751185,9.273880148179812,1746
shu_349,יש חסד צפת- כנען,שופרסל,יש חסד,349.0,הר כנען,צפת,13200.0,32.9715869,35.5050237,-11.308912248223697,4204
shu_350,דיל גבעת אולגה-הרב ניסים,שופרסל,שופרסל דיל,350.0,שד' ברוך בוארון1,גבעת אולגה,0.0,32.440414912915884,34.8832403579008,-3.2601017379096078,4927
shu_353,אקספרס יותם,שופרסל,שופרסל אקספרס,353.0,יותם 20,חיפה,0.0,32.7924878,34.9879275,9.308480854107428,1305
shu_354,"'אקספרס ת""א- קינג ג'ורג",שופרסל,שופרסל אקספרס,354.0,קינג ג'ורג' 58,תל אביב יפו,,32.0752118,34.7763521,9.44304100032829,1121
shu_357,שלי צורן קדימה- לב השרון,שופרסל,שופרסל שלי,357.0,דרך לב השרון 422,צורן,4282300.0,32.2879702,34.9458451,-0.3692435704733055,6323
shu_359,דיל חיפה- גרנד קניון,שופרסל,שופרסל דיל,359.0,שמחה גולן 54,חיפה,3299001.0,32.789635,35.0088946,-2.9186697935977697,6503
shu_360,"אקספרס מאירוביץ ראשל""צ",שופרסל,שופרסל אקספרס,360.0,מאירוביץ 17,ראשון לציון,,31.9586614,34.8083768,9.201033038751468,2456
shu_361,דיל מגדל העמק- א ת דרומי,שופרסל,שופרסל דיל,361.0,אזור התעשייה ב,מגדל העמק,2353021.0,32.6782684,35.2433929,-3.1221393324651405,5555
shu_362,אקספרס קרן היסוד ירושלים,שופרסל,שופרסל אקספרס,362.0,קרן היסוד 27,ירושלים,0.0,31.77341109999999,35.2201442,8.85890780711951,2012
shu_364,יש חסד בית וגן,שופרסל,יש חסד,364.0,1 זנגוויל,ירושלים,,31.76797599999999,35.1789844,-11.697766933231753,4500
shu_365,שלי פרדס חנה כרכור- קדמה,שופרסל,שופרסל שלי,365.0,דרך הקידמה צמרת,פרדס חנה כרכור,3707307.0,32.4748111,34.9976808,4.4877779494522745,2708
shu_366,שלי כפר ורדים- מרכז מסחר,שופרסל,שופרסל שלי,366.0,מרכז מסחרי כפר ו,כפר ורדים,2451700.0,32.9955566,35.2755959,4.806701187607663,2666
shu_368,אקספרס-נשר מרגנית,שופרסל,שופרסל אקספרס,368.0,נשר המרגנית 1,חיפה,0.0,32.7721793,35.045039,9.770662465002207,1804
shu_369,שלי שוהם- תרשיש,שופרסל,שופרסל שלי,369.0,עמק איילון פינת,שוהם,6080001.0,31.9938747,34.9458434,4.829589439210475,3621
shu_371,שלי ברניצקי,שופרסל,שופרסל שלי,371.0,נתן ברניצקי 13,ראשון לציון,0.0,31.9589758,34.7994432,4.976363078404217,4560
shu_372,אקספרס בת ים- חשמונאים,שופרסל,שופרסל אקספרס,372.0,החשמונאים 41,בת ים,0.0,32.0184307,34.7511524,9.32344072087072,3159
shu_374,שלי הרצליה- הבנים,שופרסל,שופרסל שלי,374.0,הבנים 46,הרצליה,4637948.0,32.1629121,34.8505207,4.5272448973672805,2622
shu_375,"אקספרס כ""ס- הגליל",שופרסל,שופרסל אקספרס,375.0,הגליל 58,כפר סבא,,32.1791943235464,34.9188273528995,9.361981998657361,2683
shu_376,אקספרס רעננה- משה דיין,שופרסל,שופרסל אקספרס,376.0,משה דיין 8,רעננה,0.0,32.1816708,34.8630715,9.584049653949371,2641
shu_377,אקספרס ירושלים- הדסה,שופרסל,שופרסל אקספרס,377.0,בית חולים הדסה,ירושלים,0.0,31.766161,35.1477105,9.198126006405777,2332
shu_379,אקספרס גבעתיים- כצנלסון,שופרסל,שופרסל אקספרס,379.0,כצנלסון 19,גבעתיים,0.0,32.0754177,34.8037801,9.373441490593242,1729
shu_380,"אקספרס ת""א- מרמורק",שופרסל,שופרסל אקספרס,380.0,מרמורק 10,תל אביב יפו,,32.0715654,34.7798863,9.152517992064576,1755
shu_382,"אקספרס פ""ת- היבנר",שופרסל,שופרסל אקספרס,382.0,היבנר 29,פתח תקווה,,32.0801654,34.8753501,9.281001799695243,2862
shu_384,אקספרס קרית ביאליק,שופרסל,שופרסל אקספרס,384.0,שדרות ירושלים 15,קרית ביאליק,0.0,32.82382747365335,35.081455223423,9.979319781152926,2138
shu_385,אקספרס מאיר יערי תל אביב,שופרסל,שופרסל אקספרס,385.0,מאיר יערי 19,תל אביב יפו,0.0,32.1000821,34.7888717,10.27016521350417,2612
shu_388,אקספרס דניה,שופרסל,שופרסל אקספרס,388.0,חיים הזז 5,חיפה,0.0,32.7669868,35.0133399,9.045619858807141,2198
shu_390,שופרסל אקספרס אם המושבות,שופרסל,שופרסל אקספרס,390.0,יעל רום 8,פתח תקווה,0.0,32.09828313966387,34.88080126756258,9.050187258348531,3435
shu_391,אקספרס אלקנה,שופרסל,שופרסל אקספרס,391.0,אלנקווה,אלנקווה,0.0,32.1114006079443,35.0359992054912,8.823093383861826,1782
shu_393,אקספרס להבים באר שבע,שופרסל,שופרסל אקספרס,393.0,שדרות הרימון,באר שבע,0.0,31.286821474663146,34.80024987934792,8.622153922761777,1433
shu_394,אקספרס הכרמל כפר סבא,שופרסל,שופרסל אקספרס,394.0,הגליל 31,כפר סבא,0.0,32.178432,34.9070416,9.080601305775335,2525
shu_396,דיל הקדר נתניה,שופרסל,שופרסל דיל,396.0,האורזים 2,נתניה,0.0,32.3226356,34.8734588,-3.142118300895798,5859
shu_397,אקספרס פארק עפולה,שופרסל,שופרסל אקספרס,397.0,רובע יזרעאל,עפולה,0.0,32.6169255,35.3088978,9.465850611348229,2980
shu_398,אקספרס אגמים,שופרסל,שופרסל אקספרס,398.0,73 עמק יזרעאל,אשקלון,,31.6512292362506,34.5694450700742,9.43849150978554,1989
shu_400,אקספרס שבזי ראש העין,שופרסל,שופרסל אקספרס,400.0,שלמה שבזי 172,ראש העין,0.0,32.090304,34.947393,9.251478789335238,2036
shu_444,"אקספרס.ב""ש אביסרור",שופרסל,שופרסל אקספרס,444.0,רח' יעקב כהן 8,באר שבע,,31.253941682893537,34.797660267517294,9.14899368382134,2858
shu_445,אקספרס רחובות,שופרסל,שופרסל אקספרס,445.0,רח' יעקב 41,רחובות,0.0,31.8943652,34.8115292,9.507581699436484,2043
shu_448,שערי רווחה,שופרסל,שערי רווחה,448.0,25 ירמיהו,ירושלים,9446710.0,31.7919167,35.2045525,-14.616862446620779,5315
shu_477,אקספרס הציפורים מודיעין,שופרסל,שופרסל אקספרס,477.0,2 החסידה,מודיעין מכבים רעות,0.0,31.8960237,34.9964661,9.46855476562119,2022
shu_478,אקספרס גדרה,שופרסל,שופרסל אקספרס,478.0,דרך האילנות 41,גדרה,0.0,31.80472766049253,34.790687765695445,9.246780848191097,1557
shu_479,אקספרס בר אילן,שופרסל,שופרסל אקספרס,479.0,בר אילן 24,רעננה,0.0,32.0691989,34.8430876,8.834375984194164,1580
shu_489,אקספרס מודיעין,שופרסל,שופרסל אקספרס,489.0,26 חיים ויצמן,מודיעין מכבים רעות,0.0,31.904468370543306,34.98647625220851,9.6265622321257,1485
shu_496,יש חסד כנפי נשרים,שופרסל,יש חסד,496.0,כנפי נשרים 24,ירושלים,0.0,31.788167067102385,35.1864330945304,-11.65459966891659,4469
shu_499,יש חסד עפולה עילית,שופרסל,יש חסד,499.0,24 פנחס רוזן,עפולה,0.0,32.6328414,35.325233,-9.684383121280725,5686
shu_511,אקספרס רסקו נצרת,שופרסל,שופרסל אקספרס,511.0,מרכז רסקו רח' עצמון,נוף הגליל,,32.708921802513444,35.32491528608056,9.161017163345942,2386
shu_579,אקספרס סביון,שופרסל,שופרסל אקספרס,579.0,1 השיקמה,סביון,0.0,32.0494274,34.875514,10.554414228302358,3552
shu_593,יש חסד באר טוביה,שופרסל,יש חסד,593.0,אזור התעשייה,באר טוביה,,31.7250778,34.7480523,-11.843392488793727,4305
shu_595,אקספרס בת חפר,שופרסל,שופרסל אקספרס,595.0,שדרות עמק חפר,בת חפר,,32.335781,35.0127258,9.016988496835678,2861
shu_596,אקספרס אבן גבירול,שופרסל,שופרסל אקספרס,596.0,124 אבן גבירול,תל אביב יפו,,32.0867596,34.7825374,9.66664512338476,2289
shu_598,אקספרס הירדן,שופרסל,שופרסל אקספרס,598.0,רמת גן הירדן 29,רמת גן,0.0,32.066218553953874,34.82872183969157,9.422081618999453,3499
shu_599,אקספרס ההסתדרות,שופרסל,שופרסל אקספרס,599.0,27 ההסתדרות,גבעתיים,,32.06134670000001,34.811789,9.019283162186634,2166
shu_606,יש חסד ביתשמש- מ. מסחרי,שופרסל,יש חסד,606.0,מרכז מסחרי רמה א,בית שמש,99090.0,31.7133116,34.98834739999999,-10.822590590103559,4179
shu_607,יש חסד מודיעין עלי-ק.ספר,שופרסל,יש חסד,607.0,אבני נזר 46,מודיעין עילית,0.0,31.93049477403838,35.038802594538126,-11.353742446091672,4957
shu_608,יש חסד ירושלים-קרית שאול,שופרסל,יש חסד,608.0,נאג'רה 2,ירושלים,0.0,31.78635334371882,35.17420437135221,-11.347486986910287,4386
shu_609,יש חסד אלעד-ניסים גאון,שופרסל,יש חסד,609.0,ניסים גאון 79,אלעד,0.0,32.052559,34.9512194,-11.55810756238508,4004
shu_610,יש חסד ירושלים- רמת שלמה,שופרסל,יש חסד,610.0,ברכת אברהם 22,ירושלים,0.0,31.811922,35.21672,-11.250619222602658,4409
shu_611,יש חסד בני ברק- השומר,שופרסל,יש חסד,611.0,השומר 10,בני ברק,5137705.0,32.081311688428755,34.8221120657104,-10.99752430982601,4753
shu_734,גוד מרקט גאולה חיפה,שופרסל,גוד מרקט,734.0,28 גאולה,חיפה,0.0,32.803091,34.997742,-2.1994044660036898,1899
shu_737,המפיץ סיטונאות באר שבע,שופרסל,סיטונאות,737.0,סולל בונה 11,באר שבע,8413301.0,31.223794819150186,34.803866724064996,-30.882980949023967,1870
shu_740,אקספרס שלמה המלך,שופרסל,שופרסל אקספרס,740.0,2 שלמה המלך,קרית אונו,,32.0541195,34.8592106,9.435491523491976,2278
shu_741,אקספרס יצחק רבין,שופרסל,שופרסל אקספרס,741.0,34 יצחק רבין,קרית אונו,,32.06453790711851,34.86149928877057,9.642997049002396,1677
shu_743,אקספרס קריית גת,שופרסל,שופרסל אקספרס,743.0,28 הגבורה,קרית גת,,31.607389496658673,34.75734010986436,8.755804191169423,1158
shu_744,אקספרס אשקלון,שופרסל,שופרסל אקספרס,744.0,עמק האלה 2,אשקלון,7888945.0,31.648012474139758,34.56171775477493,9.548142974573052,995
shu_750,גוד מרקט שירת הים,שופרסל,גוד מרקט,750.0,10 שירת הים,ירושלים,,31.817648,35.2002417,0.08107377902656983,3109
shu_752,אקספרס כפר סבא דוכיפת,שופרסל,שופרסל אקספרס,752.0,5 דוכיפת,כפר סבא,0.0,32.18498595594647,34.929354702553866,11.97831360699725,2968
shu_753,"גוד מרקט רש""י ירושלים",שופרסל,גוד מרקט,753.0,"53 רש""י",ירושלים,,31.7877827,35.2126548,-2.2215589925961234,1602
shu_756,שלי באר יעקב,שופרסל,שופרסל שלי,1.0,יצחק שמיר 17,באר יעקב,0.0,31.953968128794696,34.841867198932086,4.831386987302445,2836
shu_757,אקספרס קריית אונו,שופרסל,שופרסל אקספרס,757.0,2 יצחק נבון,קרית אונו,0.0,32.0657036,34.8475653,8.977970023529258,1431
shu_765,יש חסד בן איש חי,שופרסל,יש חסד,765.0,43 בן איש חי,בית שמש,,31.747513,35.000494,-11.445228577500654,3386
shu_768,אקספרס קרניצי רמת גן,שופרסל,שופרסל אקספרס,768.0,קריניצי 61,רמת גן,0.0,32.08427572701742,34.81934136571052,9.125282725633799,2046
shu_771,גוד מרקט בני ברק,שופרסל,גוד מרקט,771.0,הרב כהנמן 64,בני ברק,0.0,32.0830437,34.8407225,-1.5037991752657036,2487
shu_772,גוד מרקט מאה שערים,שופרסל,גוד מרקט,772.0,מאה שערים 42,ירושלים,0.0,31.7883061,35.2184496,-2.2243642855353163,1120
shu_773,GOOD MARKET אהבת שלום בית שמש,שופרסל,גוד מרקט,773.0,אהבת שלום 9,בית שמש,0.0,31.696132388723946,34.58601843685368,-1.3075198005221165,2572
shu_777,אקספרס נרקיסים,שופרסל,שופרסל אקספרס,777.0,121 שדרות ירושליים,ראשון לציון,0.0,31.9601333067769,34.8286849124125,9.467526004894538,2671
shu_778,GOOD MARKET אהליאב ירושלים,שופרסל,גוד מרקט,778.0,אהליאב 21,ירושלים,2420531.0,31.791268,35.2006912,-1.5886749685547312,2277
shu_779,אקספרס יבנה,שופרסל,שופרסל אקספרס,779.0,דרך ז'בוטינסקי,יבנה,0.0,31.8850261,34.7387102,9.61545052587809,2210
shu_780,אקספרס המעפיל רמת גן,שופרסל,שופרסל אקספרס,780.0,המעפיל,רמת גן,0.0,32.0899328,34.816317,9.594173798775005,2184
shu_789,גוד מרקט אופקים,שופרסל,גוד מרקט,789.0,עובדיה יוסף 10,אופקים,0.0,31.301025,34.6191484,-2.3197462672937976,2351
shu_790,דיל רמלה,שופרסל,שופרסל דיל,790.0,10 משה לוי,רמלה,0.0,31.932001462317743,34.85036447616337,-3.4865048213417626,4103
shu_840,גוד מרקט חריש,שופרסל,גוד מרקט,840.0,אלה 1,חריש,3760218.0,32.466111546030156,35.03822626645664,-2.2070949313140575,1713
shu_842,אקספרס מטודלה תל אביב,שופרסל,שופרסל אקספרס,842.0,30 מטודלה,תל אביב יפו,0.0,32.1106072,34.8267762,9.199316577864872,1675
shu_843,גוד מרקט בית שמש,שופרסל,גוד מרקט,843.0,55 המוראים,בית שמש,0.0,31.70280763489975,34.96980181242474,-1.695951772910446,1884
shu_844,אקספרס נגבה רמת גן,שופרסל,שופרסל אקספרס,844.0,נגבה 8,רמת גן,0.0,32.0704448,34.8235178,9.143822873876184,2613
shu_845,אקספרס נחשון כפר סבא,שופרסל,שופרסל אקספרס,845.0,נחשון 10,כפר סבא,0.0,32.1747937,34.9057509,9.634445481633659,1357
shu_846,אקספרס אור ים,שופרסל,שופרסל אקספרס,846.0,34 דוד המלך,אור עקיבא,,32.4931195640387,34.9202669004772,9.899928496747082,1217
shu_854,דיל גבעת אלונים,שופרסל,שופרסל דיל,854.0,1 דוכיפת,קרית אתא,,32.813905,35.140975,-3.5468307546652165,3805
shuk_004,רמות,שוק העיר,שוק העיר,4.0,שד' גולדן מאיר 255,רמות,97733.0,31.8169201,35.1950949,-1.1605501782110903,5578
shuk_005,אשקלון צפוני,שוק העיר,שוק העיר,5.0,"א.ת. צפוני , הנחושתן 10",אשקלון,78322.0,31.669931391305703,34.59973636568817,-0.3776262005165404,5068
shuk_006,אשקלון מכללה,שוק העיר,שוק העיר,6.0,אלי כהן 19,אשקלון,78323.0,31.6677169,34.5689582,1.138898110704738,4276
shuk_008,גבעת זאב,שוק העיר,שוק העיר,8.0,"שכונת נווה מנחם , רח' קרדון 10",גבעת זאב,90940.0,31.8624745,35.1758726,1.0658829460563923,3365
shuk_009,קרית גת,שוק העיר,שוק העיר,9.0,דרך הדרום 13,קרית גת,82021.0,31.603857814533825,34.77492849637175,-0.6013992825903473,5165
shuk_011,כפר סבא מזרח,שוק העיר,שוק העיר,11.0,אלי הורוביץ 26,כפר סבא,44500.0,32.1762728945437,34.9338708200083,-0.5402379886598323,5415
shuk_012,בני ברק כהנמן,שוק העיר,שוק העיר,12.0,כהנמן 106,בני ברק,51553.0,32.07736361018211,34.842284638725495,-1.3670606853426956,4767
shuk_013,רמלה רמבלס,שוק העיר,שוק העיר,13.0,דני מס 21,רמלה,72402.0,31.927974102594316,34.86672796570199,1.3804105936239879,4945
shuk_014,חולון סיירים,שוק העיר,שוק העיר,14.0,המרכבה 73,חולון,58851.0,32.0027351,34.8052482,-1.3990718558659196,4018
shuk_015,תימורים,שוק העיר,שוק העיר,15.0,"צומת תימורים, כביש 40 תחנת סדש 0",תימורים,79860.0,31.7189188,34.75541219999999,0.37416459826355924,2210
shuk_016,אפרת,שוק העיר,שוק העיר,16.0,"זית שמן ,מתחם אפרת סנטר 1",אפרת,9045501.0,31.6570062,35.152073,-0.30669760006343677,4259
shuk_017,אשדוד סיטי,שוק העיר,שוק העיר,17.0,קניון הסיטי שדרות מנחם בגין 0,אשדוד,77454.0,31.790965640023586,34.63944693685878,-0.6663874382768824,4803
shuk_018,נתיבות,שוק העיר,שוק העיר,18.0,בעלי המלאכה 202,נתיבות,80200.0,31.4182904,34.5990992,-1.6557917572103296,4165
shuk_021,רעננה,שוק העיר,שוק העיר,21.0,אחוזה 128 0,רעננה,72402.0,32.1809757,34.873326,0.040712608302314025,2385
shuk_025,חדרה,שוק העיר,שוק העיר,25.0,"רחוב היוצרים , ONE מתחם 1",חדרה,0.0,32.45121688682871,34.91278850082607,-2.338051589749931,3053
stop_001,בית חירות,סטופ מרקט,סטופ מרקט,1.0,קניון אם הדרך,בית חירות,4029100.0,32.3830321,34.8674566,-1.4894131015411858,12862
stop_002,ארנה,סטופ מרקט,סטופ מרקט,2.0,קניון ארנה,הרצליה,4655502.0,32.1624641,34.7967872,-1.346708836064543,13161
stop_003,קריות,סטופ מרקט,סטופ מרקט,3.0,שד ההסתדרות 271,קרית אתא,2620248.0,32.8123664,35.07064810000001,-1.5618759836752274,12659
stop_004,יגור,סטופ מרקט,סטופ מרקט,4.0,קיבוץ,יגור,3006500.0,32.7499389,35.0697517,-1.6312632411446295,14627
stop_005,קסטרא,סטופ מרקט,סטופ מרקט,5.0,דרך משה פלימן 8,חיפה,3508418.0,32.7880209,34.9681521,-1.5173120642553806,14840
stop_006,הוד השרון,סטופ מרקט,סטופ מרקט,6.0,רחוב הנגר 24,הוד השרון,4527713.0,32.1301231,34.8951759,-1.4632151594039027,14615
stop_007,איינשטיין,סטופ מרקט,סטופ מרקט,7.0,רחוב איינשטיין 139,חיפה,3460177.0,32.7772465,35.0005532,-1.5293564598968377,9661
stop_008,סוהו נתניה,סטופ מרקט,סטופ מרקט,8.0,מפי 5,נתניה,4250489.0,32.2750205,34.86139290000001,-1.7158021864800945,13642
stop_010,ראשון לציון,סטופ מרקט,סטופ מרקט,10.0,ילדי טהרן 7,ראשון לציון,7565843.0,31.9856421,34.7676707,-2.821554300453473,15411
stop_011,יוקנעם,סטופ מרקט,סטופ מרקט,11.0,רחוב הפטל 1,יקנעם,2064327.0,32.6381668,35.0819692,-2.8859160002440967,12980
stop_012,יהלום,סטופ מרקט,סטופ מרקט,12.0,שדרות לנטוס 10,נתניה,4276023.0,32.3105083969868,34.8701109793378,-3.4504830726974376,13874
tiv_002,נתניה,טיב טעם,טיב טעם,2.0,בני גאון 2 נתניה,נתניה,4250489.0,32.274064,34.8625877,6.324465840044547,16339
tiv_007,אשקלון,טיב טעם,טיב טעם,7.0,התחיה 1 אשקלון,אשקלון,7858201.0,31.6575908,34.5888061,5.537932833407731,8563
tiv_010,כרמיאל,טיב טעם,טיב טעם,10.0,"מעלה כמון 3 מתחם ביג;
",כרמיאל,0.0,32.9269497,35.3225302,3.9399092068922816,5026
tiv_012,חוצות המפרץ (קריות),טיב טעם,טיב טעם,12.0,"חרושת 10, מתחם חוצות המפרץ;
",קריות,2620114.0,32.8073578,35.0548125,4.775871774331959,7217
tiv_014,ראשון מזרח,טיב טעם,טיב טעם,14.0,המכבים 62 צומת בית דגן,ראשון לציון,7534503.0,32.000366,34.821606,5.968703028268838,11753
tiv_015,באר שבע חדש,טיב טעם,טיב טעם,15.0,יצחק נפחא 25 מתחם מבנה,באר שבע,8424403.0,31.247881,34.8119871,5.811277098316249,10405
tiv_017,מודיעין ישפרו,טיב טעם,טיב טעם,17.0,שדרות המלאכות 12 מודיעין,מודיעין מכבים רעות,7177870.0,31.890607696425178,34.96430879453595,3.2871074257473123,3520
tiv_018,רחובות,טיב טעם,טיב טעם,18.0,אופנהימר 2 רחובות,רחובות,7670102.0,31.9093234,34.8052219,5.526063994776166,9555
tiv_019,רמת החייל,טיב טעם,טיב טעם,19.0,דבורה הנביאה 122,תל אביב יפו,6944019.0,32.1137123,34.8413772,5.77023475768322,10533
tiv_020,חולון עזריאלי,טיב טעם,טיב טעם,20.0,"רחוב הרוקמים 26 , חולון",חולון,5885849.0,32.0077686,34.7987551,3.811253709303776,4988
tiv_021,יהוד,טיב טעם,טיב טעם,21.0,אלטלף 1,יהוד מונוסון,5621601.0,32.0261789,34.89845620000001,3.7065155476036096,3946
tiv_022,קניון דרורים,טיב טעם,טיב טעם,22.0,קניון דרורים,בני דרור,4581500.0,32.2604802,34.8940356,4.731992981926863,6977
tiv_023,קיסריה,טיב טעם,טיב טעם,23.0,דולב 14,קיסריה,3099514.0,32.5127785,34.905156,4.835232560455652,6354
tiv_024,הוד השרון,טיב טעם,טיב טעם,24.0,"סוקולוב 46, כיכר המושבה",הוד השרון,4528476.0,32.1687202,34.9019432,4.775701365739644,6507
tiv_025,צומת סביון,טיב טעם,טיב טעם,25.0,"השדרה האקדמית 4, בקעת אונו",סביון,0.0,32.035899,34.86504,4.641002427458648,6440
tiv_030,מפגש מזרע,טיב טעם,טיב טעם,30.0,קיבוץ מזרע 19312,עפולה,1931200.0,32.649879,35.286404,4.317651935312911,4677
tiv_051,דלי רעננה,טיב טעם,טיב טעם,51.0,אחוזה 269 פארק מול רעננה,רעננה,4355741.0,32.1836543,34.8530601,12.547997073916385,6968
tiv_052,הרצליה,טיב טעם,טיב טעם,52.0,בן גוריון 56 פינת בר כוכבא,הרצליה,4644612.0,32.1579238,34.8419268,5.116333484004295,6841
tiv_056,טופ דן,טיב טעם,טיב טעם,56.0,פנחס רוזן 72,תל אביב יפו,6951294.0,32.1147225,34.8263703,11.828643556302213,3146
tiv_057,"מאז""ה",טיב טעם,טיב טעם,57.0,"מאז""ה 40, ת""א",תל אביב יפו,6521423.0,32.0661436859079,34.7766338817315,11.071710612251545,2664
tiv_058,בן-יהודה 130,טיב טעם,טיב טעם,58.0,בן יהודה 130 פינת בן גוריון,תל אביב יפו,6340144.0,32.0849868,34.7726424,10.873926179970022,2394
tiv_059,בן יהודה 181,טיב טעם,טיב טעם,59.0,בן יהודה 181,תל אביב יפו,6347210.0,32.0904228,34.7739418,10.45913297585986,2256
tiv_061,חשמונאים 91,טיב טעם,טיב טעם,61.0,חשמונאים 91,תל אביב יפו,6713308.0,32.0697233,34.7833787,11.561947728884489,3590
tiv_063,אבן גבירול 64,טיב טעם,טיב טעם,63.0,אבן גבירול 64,תל אביב יפו,6495201.0,32.0797764,34.7815765,10.926152997531771,2771
tiv_068,סירקין 13,טיב טעם,טיב טעם,68.0,סירקין 13,גבעתיים,5325007.0,32.0780044,34.8146964,11.616532852749689,3523
tiv_070,יפו,טיב טעם,טיב טעם,70.0,שדרות ירושלים 4,תל אביב יפו,6802102.0,32.0564932,34.7596358,10.725143627728055,3182
tiv_071,פרישמן 13 תל אביב,טיב טעם,טיב טעם,71.0,פרישמן 13,תל אביב יפו,6357813.0,32.07999780000001,34.7693294,10.640809926854011,2891
tiv_073,פנקס 2,טיב טעם,טיב טעם,73.0,"אבן גבירול 164, ת""א;
",תל אביב יפו,6296615.0,32.0797764,34.7815765,10.472852500009235,2414
tiv_074,ארלוזורוב,טיב טעם,טיב טעם,74.0,ארלוזורוב 149,תל אביב יפו,6299502.0,32.0831578,34.7929363,10.342657763920325,2081
tiv_075,יהודה מכבי,טיב טעם,טיב טעם,75.0,יהודה מכבי 69,תל אביב יפו,6230024.0,32.0940317,34.7918134,10.633920090298272,2782
tiv_079,חולון סיטי קוגל,טיב טעם,טיב טעם,79.0,שדרות לוי אשכול 30,חולון,5825901.0,32.0331352,34.775143,10.892213176180364,2946
tiv_080,יגאל אלון דלי,טיב טעם,טיב טעם,80.0,יגאל אלון 94,תל אביב יפו,6789139.0,32.0683632,34.7948052,11.525331524913922,4905
tiv_082,דלי כורזין גבעתיים,טיב טעם,טיב טעם,82.0,תפוצות ישראל 6 גבעתיים,גבעתיים,5358323.0,32.0598632,34.8147344,11.416753570783353,3860
tiv_083,מרכז כיתן,טיב טעם,טיב טעם,83.0,רחוב פנחס רוזן 65-67,תל אביב יפו,0.0,32.1143404,34.8250777,11.081120819671131,2932
tiv_084,דלי איינשטיין,טיב טעם,טיב טעם,84.0,איינשטיין 10 תל אביב,תל אביב יפו,6910110.0,32.1120215,34.7872142,11.422235360846487,3548
tiv_085,בית הדובדבן - אונו,טיב טעם,טיב טעם,85.0,רחוב הדובדבן 7-9 קרית אונו,קרית אונו,0.0,32.068757,34.8645057,3.2667428545050274,3399
tiv_087,מונטיפיורטי פתח תקוה,טיב טעם,טיב טעם,87.0,רחוב רוטישילד 57,פתח תקווה,6416202.0,32.0893762,34.8812585,2.6846857327834392,2367
tiv_088,רמת אפעל,טיב טעם,טיב טעם,88.0,דרך שיבא 16,רמת אפעל,0.0,32.0510148,34.8401689,11.606797362919352,3314
tiv_089,קינג גורג,טיב טעם,טיב טעם,89.0,קינג גורג 8,תל אביב יפו,6357808.0,32.0705158,34.7717569,11.140123591763125,2581
tiv_091,המסגר,טיב טעם,טיב טעם,91.0,המסגר 37,תל אביב יפו,6721426.0,32.0652137,34.785848,10.75144526980419,3135
tiv_092,מחניים,טיב טעם,טיב טעם,92.0,מחניים 4,חיפה,0.0,32.8035359,34.9862052,2.2998907339027297,2919
tiv_156,עדן גן העיר,טיב טעם,טיב טעם,156.0,אבן גבירול 71,תל אביב יפו,6416202.0,32.0797764,34.7815765,4.123256106188012,5036
tiv_502,ליקוט נתניה,טיב טעם,טיב טעם,502.0,https://www.tivtaam.co.il/,נתניה,0.0,32.321458,34.853196,5.1427888616951,6533
tiv_503,ליקוט טיב טעם אשדוד,טיב טעם,טיב טעם,503.0,https://www.tivtaam.co.il/,אשדוד,0.0,31.8103602,34.6561539,4.721085347156211,5450
tiv_512,ליקוט טיב טעם קריות,טיב טעם,טיב טעם,512.0,https://www.tivtaam.co.il/,חיפה,0.0,32.8073578,35.0548125,4.501483589956478,4929
tiv_514,ליקוט ראשון מזרח,טיב טעם,טיב טעם,514.0,https://www.tivtaam.co.il/,ראשון לציון,0.0,31.95908129999999,34.8020886,5.572665702905724,8903
tiv_515,ליקוט טיב באר שבע,טיב טעם,טיב טעם,515.0,https://www.tivtaam.co.il/,באר שבע,0.0,31.2521018,34.7867691,4.1148583704159964,3825
tiv_519,ליקוט רמת החייל,טיב טעם,טיב טעם,519.0,https://www.tivtaam.co.il/,רמת החייל,0.0,32.1133727,34.8366371,5.624112146690736,7888
tiv_523,ליקוט קיסריה,טיב טעם,טיב טעם,523.0,https://www.tivtaam.co.il/,קיסריה,0.0,32.5154686,34.9062798,4.364827859864313,2
vic_048,טירת הכרמל,ויקטורי,ויקטורי,48.0,קרן היסוד 2,טירת הכרמל,3902621.0,32.76855020000001,34.968224,-1.639616794883397,5235
vic_065,דיזנגוף,ויקטורי,ויקטורי,65.0,דיזנגוף 224,תל אביב יפו,6311519.0,32.0886661,34.7755775,-0.8779163524732767,3908
vic_067,סיטי יהודה הלוי,ויקטורי,ויקטורי סיטי,67.0,יהודה הלוי 40,תל אביב יפו,65136.0,32.0616314,34.7720178,7.361520213515848,2027
vic_068,באר שבע,ויקטורי,ויקטורי,68.0,בן גוריון 15,באר שבע,8443944.0,31.2683491,34.7487449,-1.568496690740698,5867
vic_069,רעננה פארק,ויקטורי,ויקטורי,69.0,אחוזה 114,רעננה,4350108.0,32.18066943812175,34.87538659455173,-1.4236829795575754,5603
vic_070,צור יצחק,ויקטורי,ויקטורי,70.0,דרך איילון 20,צור יצחק,4580800.0,32.241478,34.997998,-1.5671282604041143,4639
vic_071,ראשון מזרח,ויקטורי,ויקטורי,71.0,צבי פרנק 39,ראשון לציון,7566088.0,31.9705226,34.8124462,-1.1836074053079328,5688
vic_073,בית שאן,ויקטורי,ויקטורי,73.0,הגלבוע 1,בית שאן,1174001.0,32.4970754,35.4942557,-1.8997501356398605,4196
vic_074,שבעת הכוכבים,ויקטורי,ויקטורי,74.0,קניון שבעת הכוכבי,הרצליה,4650504.0,32.1647849,34.8242079,-1.3417048722367906,5784
vic_075,סיטי ויצמן,ויקטורי,ויקטורי סיטי,75.0,ויצמן 53,תל אביב יפו,62091.0,32.0848954,34.789189,7.085030139743818,2755
vic_076,ויקטורי בת ים,ויקטורי,ויקטורי,76.0,העמל 11,בת ים,5959821.0,32.0068523571343,34.746092008760826,-1.7715692893915105,5514
vic_077,לוד נתבג,ויקטורי,ויקטורי,77.0,פסח לב 2,לוד,7129320.0,31.9685149,34.8985361,-1.771218534398423,5076
vic_079,כפר סבא הירוקה,ויקטורי,ויקטורי,79.0,אנגל 78,כפר סבא,4465140.0,32.1982013,34.8903535,-1.6630992304866108,4384
vic_080,סיטי אלנבי,ויקטורי,ויקטורי סיטי,80.0,אלנבי 65,תל אביב יפו,65134.0,32.0681025,34.7711272,7.695140157255336,2861
vic_081,פארק אפק רע,ויקטורי,ויקטורי,81.0,העמל 2,ראש העין,4809202.0,32.1081848,34.964138,-1.0629063078922871,6360
vic_082,נס ציונה,ויקטורי,ויקטורי,82.0,הפרדסים 1,נס ציונה,7400448.0,31.914131,34.7889942,-0.8299019634643525,2899
vic_083,רחובות,ויקטורי,ויקטורי,83.0,אופנהיימר 10,רחובות,7670110.0,31.9100444,34.8074069,-1.5003235540658952,5972
vic_084,עמק חפר,ויקטורי,ויקטורי,84.0,נחל אלכסנדר 3,מ.א. עמק חפר,4279900.0,32.40071493550128,34.899833725250886,-1.9755372110171603,4104
vic_086,טבעון,ויקטורי,ויקטורי,86.0,המרווה 1,טבעון,3653201.0,32.7306786,35.1447145,-0.8373667771133858,3527
vic_087,צמח,ויקטורי,ויקטורי,87.0,צומת צמח מול כנרת,צמח,1510501.0,32.7029522,35.5850662,-1.3365125325059644,5561
vic_088,איילון,ויקטורי,ויקטורי,88.0,אבא הילל 301,רמת גן,5259408.0,32.1013734,34.8268328,-1.1825191425622594,6918
vic_089,מלחה,ויקטורי,ויקטורי,89.0,אגודת הספורט 1,ירושלים,9695989.0,31.751896775801,35.1879780995492,-1.2732049085174029,6598
vic_090,נתניה,ויקטורי,ויקטורי,90.0,האורזים 4,נתניה,4201234.0,32.32099900575121,34.87106748106706,-2.2123072831609427,3239
vic_091,שוהם,ויקטורי,ויקטורי,91.0,עמק איילון 161,שוהם,6083646.0,32.0054259,34.9467393,-1.224576528612825,4965
vic_092,נתיבות,ויקטורי,ויקטורי,92.0,בעלי המלאכה 5,נתיבות,8776202.0,31.416317,34.5945039,-1.3005273704792266,5465
vic_093,חריש,ויקטורי,ויקטורי,84.0,ספיר 1,חריש,3760623.0,32.46408714382093,35.04290957922363,-1.540569002105875,4093
vic_094,שמוטקין,ויקטורי,ויקטורי,94.0,משה בקר 32,ראשון לציון,0.0,31.978379,34.8105114,-1.6233371703608088,5736
vic_095,אשקלון מרכז,ויקטורי,ויקטורי,95.0,בן גוריון 1,אשקלון,7828124.0,31.66286783622757,34.56188805626226,-1.2371599382095126,5790
vic_096,קרית אתא,ויקטורי,ויקטורי,96.0,זבולון 14,קרית אתא,2806007.0,32.8052995,35.1024643,-1.7359721761223186,4060
yoh_001,יוחננוף מפוח,יוחננוף,יוחננוף,1.0,"רחוב המפוח 11, אזור התעשיה",רחובות,0.0,31.886744,34.781055,-9.397329655577348,6239
yoh_004,בילו,יוחננוף,יוחננוף,4.0,צומת בילו,"כפר ביל""ו",0.0,31.8701392,34.8216302,-9.462650417225094,6864
yoh_005,אשדוד,יוחננוף,יוחננוף,5.0,"זבוטינסקי 27, סטאר סנטר",אשדוד,0.0,31.8112446,34.6540808,-9.216409069234446,7676
yoh_007,עקרון,יוחננוף,יוחננוף,7.0,המלך חסן 1,קרית עקרון,0.0,31.8601944,34.8145379,-9.31059922374594,9897
yoh_008,אחד העם,יוחננוף,יוחננוף,8.0,רחוב אחד העם 19,רחובות,0.0,31.8979797,34.8111,-4.980017536172791,4347
yoh_009,נתיבות,יוחננוף,יוחננוף,9.0,"רחוב בעלי המלאכה 2, א.התעשיה",נתיבות,0.0,31.4182895,34.5973492,-9.252052221510622,6203
yoh_012,רמלה,יוחננוף,יוחננוף,12.0,שדרות ירושלים פינת נופי חמד,רמלה,0.0,31.9372787,34.8862915,-8.747064378175402,6869
yoh_013,חוצות המפרץ,יוחננוף,יוחננוף,13.0,החרושת 10 חוצות המפרץ,חיפה,0.0,32.8107072,35.0568101,-9.480809558429632,7258
yoh_015,אור יהודה,יוחננוף,יוחננוף,15.0,רחוב הפלדה 1,אור יהודה,0.0,32.0327584,34.85099350000001,-5.620012723174763,3708
yoh_016,גן יבנה,יוחננוף,יוחננוף,16.0,דרך מנחם בגין פינת המגנים 57,גן יבנה,0.0,31.7952094,34.7046109,-5.022178932792435,6340
yoh_017,מודיעין ישפרו,יוחננוף,יוחננוף,17.0,המלאכות 101,מודיעין מכבים רעות,0.0,31.8905467,34.9613304,-9.215920340343558,7611
yoh_018,מודיעין כרמים,יוחננוף,יוחננוף,18.0,"תשר""י 34",מודיעין מכבים רעות,0.0,31.916163,35.009964,-5.382606683049593,5089
yoh_019,אור יהודה גדול,יוחננוף,יוחננוף,19.0,אור יהודה,אור יהודה,0.0,32.0327584,34.85099350000001,-9.214205260699718,7555
yoh_020,ירושלים תלפיות,יוחננוף,יוחננוף,20.0,האומן,ירושלים,0.0,31.7492504,35.2115478,-9.460185992155951,6712
yoh_022,חדרה,יוחננוף,יוחננוף,22.0,"צה""ל 35",חדרה,0.0,32.4414918,34.930406,-9.197730674092135,7736
yoh_023,טבריה,יוחננוף,יוחננוף,23.0,unknown,טבריה,0.0,32.779228281584146,35.50293440000964,-9.697078301732459,6307
yoh_024,כפר סבא,יוחננוף,יוחננוף,24.0,unknown,כפר סבא,0.0,32.1669158,34.9284553,-9.207342780340086,7851
yoh_025,נס ציונה,יוחננוף,יוחננוף,25.0,נס ציונה,נס ציונה,0.0,31.930427,34.7973195,-5.324409887055451,5198
yoh_026,רמת השרון,יוחננוף,יוחננוף,26.0,חרושת 10,רמת השרון,0.0,32.1283385,34.8590274,-8.845215253633526,7179
yoh_027,יד אליהו,יוחננוף,יוחננוף,27.0,יגאל אלון 57,תל אביב יפו,0.0,32.0626068,34.79160299999999,-8.813957398418733,6970
yoh_028,ראשלצ רמת אליהו,יוחננוף,יוחננוף,28.0,משורר השואה 15,ראשון לציון,0.0,31.9828662,34.7923622,-9.613187943581643,6090
yoh_029,בת ים,יוחננוף,יוחננוף,29.0,בת ים,בת ים,0.0,32.0135807,34.7516713,-5.313032956765055,6168
yoh_030,נתניה,יוחננוף,יוחננוף,30.0,נתניה,נתניה,0.0,32.2868611,34.8664061,-9.295704521685698,7255
yoh_031,מרכז סנטרו רחובות,יוחננוף,יוחננוף,31.0,רחובות,רחובות,0.0,31.8942716,34.7900746,-9.255297222213134,7880
yoh_032,בן צבי תל אביב,יוחננוף,יוחננוף,32.0,דרך בן צבי 112,תל אביב יפו,0.0,32.0443009,34.7690582,-8.651893488492108,7025
yoh_033,איירפורט סיטי,יוחננוף,יוחננוף,33.0,איירפורט סיטי,איירפורט סיטי,0.0,31.9861295,34.914539,-5.185859731388788,6599
yoh_034,מבקיעים אשקלון,יוחננוף,יוחננוף,34.0,"מתחם גלובוס סנטר, מבקיעים",אשקלון,0.0,31.6262096,34.5823216,-9.358547135910113,6980
yoh_035,תל אביב נחלת יצחק,יוחננוף,יוחננוף,35.0,נחלת יצחק 20,תל אביב יפו,0.0,32.0739817,34.7981136,-4.957686314985899,4636
yoh_036,חדרה צפוני,יוחננוף,יוחננוף,36.0,דן שכטמן 10,חדרה,0.0,32.4407789,34.8949244,-9.6143755928812,7003
yoh_037,עפולה,יוחננוף,יוחננוף,37.0,קהילת ציון 30,עפולה,0.0,32.6065955,35.2974223,-9.95823496441112,5860
yoh_038,טבריה תחתית,יוחננוף,יוחננוף,38.0,יהודה הלוי 113,טבריה,0.0,32.79081408461976,35.53184441507727,-9.628640755770002,4537
yoh_039,קרית שמונה,יוחננוף,יוחננוף,39.0,שדרות תל חי 93,קרית שמונה,0.0,33.1971022,35.5694944,-9.977380777374197,5932
yoh_040,באר שבע,יוחננוף,יוחננוף,40.0,דרך חברון 48,באר שבע,0.0,31.2416655,34.8092079,-9.644657966533446,7088
yoh_041,אשקלון ברנע,יוחננוף,יוחננוף,41.0,אריה טגר 45,אשקלון,0.0,31.70115169999999,34.5798745,-5.070947830716438,5339
yoh_042,קניון הבאר,יוחננוף,יוחננוף,42.0,מורשת ישראל 15,ראשון לציון,0.0,31.9756564,34.7742545,-5.427898656924802,4217
yoh_046,מישור אדומים,יוחננוף,יוחננוף,,מישור אדומים,מעלה אדומים,,31.787103766782728,35.338269248029206,-9.584452813052334,6679
yoh_048,אשדות יעקב,יוחננוף,יוחננוף,48.0,אשדות יעקב,אשדות יעקב,0.0,32.6620459,35.5715331,-5.18888007558997,3550
yoh_050,נתניה הדרים,יוחננוף,יוחננוף,50.0,האורזים 2,נתניה,0.0,32.3232133,34.8715049,-9.646876467152701,6892
yoh_052,גדרה,יוחננוף,יוחננוף,,אברהם דורון 1,גדרה,,31.8120082,34.7774347,-9.48305850599247,6928
yoh_053,רעננה,יוחננוף,יוחננוף,53.0,נווה זמר,רעננה,0.0,32.1931177,34.8654493,-5.035938977321732,3754
yoh_054,תא - אחד העם,יוחננוף,יוחננוף,54.0,unknown,תל אביב יפו,0.0,32.06564,34.77591,0.5656850166942415,1598
yoh_055,נתיבות מנהטן,יוחננוף,יוחננוף,55.0,אליהו אילוז 2,נתיבות,0.0,31.4124752,34.5728863,-9.683691766444749,3990
yoh_059,אור עקיבא -שקמים,יוחננוף,יוחננוף,59.0,השקמים 8,אור עקיבא,0.0,32.5046361,34.917818,-5.657615350300007,2915
yoh_060,בית שאן,יוחננוף,יוחננוף,,מנחם בגין 1 ,בית שאן,,32.498671,35.503976,-6.155051674626397,4223
yud_201,סופר יודה בוגרשוב,סופר יודה,סופר יודה,201.0,בוגרשוב 19,תל אביב יפו,,32.0771605,34.7695307,16.035593059772168,4497
yud_202,סופר יודה אלנבי,סופר יודה,סופר יודה,202.0,אלנבי 27,תל אביב יפו,,32.0726617,34.768942,15.988825883262303,6203
yud_203,נחלת בנימין,סופר יודה,סופר יודה,203.0,נחלת בנימין 39,תל אביב יפו,,32.0656229,34.7707929,15.401008189776766,5614
yud_204,סופר יודה הרצל,סופר יודה,סופר יודה,204.0,unknown,תל אביב יפו,,32.0657053,34.7707807,16.138858744078213,6238
yud_205,סופר יודה ישעיהו,סופר יודה,סופר יודה,205.0,ישעיהו 1,תל אביב יפו,,32.0950571,34.7786353,16.26567634149444,7947
yud_207,סופר יודה ריינס,סופר יודה,סופר יודה,207.0,ריינס 62,תל אביב יפו,,32.0831294,34.776354,15.294215732706002,4262
yud_208,סופר יודה קינג גורג,סופר יודה,סופר יודה,208.0,קינג ג'ורג' 41,תל אביב יפו,,32.0734079,34.7748745,15.84036177442405,6098
yud_209,סופר יודה אינשטיין,סופר יודה,סופר יודה,209.0,אלברט איינשטיין 7,תל אביב יפו,,32.1124317,34.7872747,15.442888685497532,6241
yud_210,סופר יודה יהודה מכבי,סופר יודה,סופר יודה,210.0,יהודה מכבי 72,תל אביב יפו,,32.0943112,34.7941808,16.164282633024232,5938
yud_211,סופר יודה בארט,סופר יודה,סופר יודה,211.0,אהרן בארט 6,תל אביב יפו,,32.113998,34.7992671,16.023749081694326,6260
yud_212,סופר יודה אבן גבירול,סופר יודה,סופר יודה,212.0,אבן גבירול 76,תל אביב יפו,,32.08125659797374,34.781550836874516,15.782401245822593,5959
yud_213,סופר יודה בית אלעל,סופר יודה,סופר יודה,213.0,בן יהודה 32,תל אביב יפו,,32.0763898,34.7684482,15.551652404757299,6220
yud_214,סופר יודה פינסקר,סופר יודה,סופר יודה,214.0,פינסקר 59,תל אביב יפו,,32.076951,34.7727164,15.68143621657841,5226
yud_215,דיזנגוף 100,סופר יודה,סופר יודה,215.0,דיזנגוף 100,תל אביב יפו,,32.0793963,34.7740011,15.619149555012095,6843
yud_216,יודה המשתלה,סופר יודה,סופר יודה,216.0,משה וילנסקי 15,תל אביב יפו,,32.1284381,34.8312511,15.694775036656173,6702
yud_217,סופר יודה כיכר רבין,סופר יודה,סופר יודה,217.0,אבן גבירול 76,תל אביב יפו,,32.0833001,34.7811735,15.620889333285415,6211
yud_230,סופר יודה חולון,סופר יודה,סופר יודה,230.0,גאולים 46,חולון,,32.0145852,34.783314,17.007645164340545,5435
yud_231,סופר יודה אשלים,סופר יודה,סופר יודה,231.0,התמזורת 29 ראשון לציון,ראשון לציון,,31.9656037,34.7751115,17.089739062845208,5642
yud_232,הרצליה,סופר יודה,סופר יודה,232.0,ויצמן 20,הרצליה,,32.16545610000001,34.8369438,16.17549327212915,4886
yud_233,רמת השרון,סופר יודה,סופר יודה,233.0,אוסישקין 43,רמת השרון,,32.1417054,34.8427125,16.158310915746693,4695
yud_235,אבן יהודה,סופר יודה,סופר יודה,235.0,המייסדים 61,אבן יהודה,,32.2695107,34.8875316,15.91102085929424,6680
yud_236,צור יצחק,סופר יודה,סופר יודה,236.0,נחל איילון,צור יצחק,,32.2404566,34.9976979,15.621548300700287,5339
yud_237,סופר יודה געש,סופר יודה,סופר יודה,237.0,זבוטינסקי 63,פתח תקווה,,32.0917549,34.8594302,16.295969380596322,4249
zol_003,רמות עליית נוער,זול ובגדול,זול ובגדול,,עליית הנוער 5,ירושלים,,31.810066831198057,35.19970286209431,-3.335848408369147,2682
zol_004,מאה שערים,זול ובגדול,זול ובגדול,,מאה שערים פינת חבקוק 21,ירושלים,,31.7883017,35.2207595,-2.7718703959338478,3743
zol_006,הפסגה 39 החדש,זול ובגדול,זול ובגדול,,הפסגה 39 39,ירושלים,,31.7668152,35.1838443,-2.9218250665093346,3001
zol_007,הרב קוק,זול ובגדול,זול ובגדול,,הרב קוק 8 8,ירושלים,,31.782656716543883,35.22016991728373,-4.277507624679658,3523
zol_008,בית וגן חכמי,זול ובגדול,זול ובגדול,,יוסף חכמי 30 30,ירושלים,,31.762397628642,35.1908788227467,-3.4279484100959574,4676
zol_009,מעלה אדומים האבן,זול ובגדול,זול ובגדול,,האבן 15 אזור 07 15,מעלה אדומים,,31.779595939017558,35.313739981037656,-3.972372431669615,2940
zol_011,פסגת זאב הגדול,זול ובגדול,זול ובגדול,,יקותיאל אדם 2,ירושלים,,31.81985965462172,35.239033308052285,-3.9470355799491426,6715
zol_012,הפסגה 16,זול ובגדול,זול ובגדול,,הפסגה 16,ירושלים,,31.7691712,35.1823198,-2.424797635284429,2467
zol_013,הר נוף,זול ובגדול,זול ובגדול,,שאולזון 57,ירושלים,,31.7834215,35.1736046,-2.5578460720527647,3378
zol_014,פ.זאב מרידור,זול ובגדול,זול ובגדול,,אליהו מרידור 2,ירושלים,,31.81651385861792,35.252714409875495,-4.111245445521506,3947
zol_015,קרית יובל,זול ובגדול,זול ובגדול,,אורגוואי 31,ירושלים,,31.7548539,35.1776498,-3.8224479752983225,3654
zol_016,מחנה יהודה,זול ובגדול,זול ובגדול,,יפו 113,ירושלים,,31.7865467,35.21297819999999,-3.5522121243395683,4334
zol_018,אשקלון עתיקות,זול ובגדול,זול ובגדול,,יהודה הלוי 38,אשקלון,,31.6577971863612,34.562768265687566,-3.946169279117895,4209
zol_019,אשדוד,זול ובגדול,זול ובגדול,,"הרי הגולן  רובע י""א 12",אשדוד,,31.7809928,34.6316162,-3.7137316908498765,4281
zol_020,כפר עזר,זול ובגדול,זול ובגדול,,מרכז מסחרי השחף 20,כפר עזר,,31.736151,34.671447,-4.06735272197377,3487
zol_021,אשקלון סיטי,זול ובגדול,זול ובגדול,,בן גוריון 21,אשקלון,,31.66386110503333,34.56443119452367,-4.157132859012528,3968
zol_023,רמות לואי ליפסקי,זול ובגדול,זול ובגדול,,לואי ליפסקי 39,ירושלים,,31.816404463204467,35.202911674605886,-2.6773684008961545,2571
zol_024,רמות ב',זול ובגדול,זול ובגדול,,צונדק 109,ירושלים,,31.81232996564091,35.19508772336755,-2.60512670608996,3365
zol_025,מבשרת ציון,זול ובגדול,זול ובגדול,,החושן 3,מבשרת ציון,,31.8083301,35.1561336,-4.105211072189944,4164
zol_027,ניות- הרצוג,זול ובגדול,זול ובגדול,,הרצוג 61,ירושלים,,31.7661241,35.2046833,-4.0289006094087485,5938
zol_028,מושב יתד,זול ובגדול,זול ובגדול,,אבשלום אזור תעשיה 0,יתד,,31.2057442,34.3269674,-3.946263355671696,4010
zol_030,נביאים,זול ובגדול,זול ובגדול,,הנביאים 84,ירושלים,,31.785392211654,35.2157297393941,-3.4573505247816887,3384
zol_031,מעלה אדומים העירית II,זול ובגדול,זול ובגדול,,העירית 1,מעלה אדומים,,31.769649797445435,35.3066171077935,-3.842530918854995,2603
zol_032,הבקעה,זול ובגדול,זול ובגדול,,מפגש הבשקעה(מפגש יפית) 0,בקעת הירדן,,32.0558853,35.4694328,-3.885829586075939,5692
zol_035,כל זול בר אילן,זול ובגדול,זול ובגדול,,בר אילן 5,ירושלים,,31.7939106,35.2153565,-2.607261779862423,3695
zol_036,אוהלי יוסף,זול ובגדול,זול ובגדול,,אוהלי יוסף 3,ירושלים,,31.7949501,35.2177594,-2.3439988789065205,4509
zol_037,הפלמח 38,זול ובגדול,זול ובגדול,,פלמח 38,ירושלים,,31.76680619999999,35.2094344,-4.062693117005576,3612
zol_038,עוזיאל  111,זול ובגדול,זול ובגדול,,עוזיאל 111,ירושלים,,31.76470301441117,35.18883110802147,-2.738016541194595,4009
zol_039,הרב אויירבך בית שמש,זול ובגדול,זול ובגדול,,הרב אויירבך 62,בית שמש,,31.7075214,34.995716,-2.7062859589275408,4716
zol_040,יפו 212,זול ובגדול,זול ובגדול,,יפו 212,ירושלים,,31.7883581,35.206359,-3.4504059250047425,5468
zol_041,ארץ חפץ,זול ובגדול,זול ובגדול,,ארץ חפץ 106,ירושלים,,31.7957476,35.223376,-2.653174451743014,2032
zol_042,קליינמן,זול ובגדול,זול ובגדול,,קליימן 6,ירושלים,,31.7634976,35.1744974,-3.6116184027242872,3793
zol_089,פסגת זאב,זול ובגדול,זול ובגדול,,חיל האוויר 15,ירושלים,,31.83114302859639,35.246148378834036,-1.2544697308042756,2847
